ticker,date,open_price,close_price,high_price,low_price,volume
AAPL,2021-01-04,133.520004,129.410004,133.610001,126.760002,143301900
AAPL,2021-01-05,128.889999,131.009995,131.740005,128.429993,97664900
AAPL,2021-01-06,127.720001,126.599998,131.050003,126.379997,155088000
AAPL,2021-01-07,128.360001,130.919998,131.630005,127.860001,109578200
AAPL,2021-01-08,132.429993,132.050003,132.630005,130.229996,105158200
AAPL,2021-01-11,129.190002,128.979996,130.169998,128.5,100384500
AAPL,2021-01-12,128.5,128.800003,129.690002,126.860001,91951100
AAPL,2021-01-13,128.759995,130.889999,131.449997,128.490005,88636800
AAPL,2021-01-14,130.800003,128.910004,131.0,128.759995,90221800
AAPL,2021-01-15,128.779999,127.139999,130.220001,127.0,111598500
AAPL,2021-01-19,127.779999,127.830002,128.710007,126.940002,90757300
AAPL,2021-01-20,128.660004,132.029999,132.490005,128.550003,104319500
AAPL,2021-01-21,133.800003,136.869995,139.669998,133.589996,120150900
AAPL,2021-01-22,136.279999,139.070007,139.850006,135.020004,114459400
AAPL,2021-01-25,143.070007,142.919998,145.089996,136.539993,157611700
AAPL,2021-01-26,143.600006,143.160004,144.300003,141.369995,98390600
AAPL,2021-01-27,143.429993,142.059998,144.300003,140.410004,140843800
AAPL,2021-01-28,139.520004,137.089996,141.990005,136.699997,142621100
AAPL,2021-01-29,135.830002,131.960007,136.740005,130.210007,177523800
AAPL,2021-02-01,133.75,134.139999,135.380005,130.929993,106239800
AAPL,2021-02-02,135.729996,134.990005,136.309998,134.610001,83305400
AAPL,2021-02-03,135.759995,133.940002,135.770004,133.610001,89880900
AAPL,2021-02-04,136.300003,137.389999,137.399994,134.589996,84183100
AAPL,2021-02-05,137.350006,136.759995,137.419998,135.860001,75693800
AAPL,2021-02-08,136.029999,136.910004,136.960007,134.919998,71297200
AAPL,2021-02-09,136.619995,136.009995,137.880005,135.850006,76774200
AAPL,2021-02-10,136.479996,135.389999,136.990005,134.399994,73046600
AAPL,2021-02-11,135.899994,135.130005,136.389999,133.770004,64280000
AAPL,2021-02-12,134.350006,135.369995,135.529999,133.690002,60145100
AAPL,2021-02-16,135.490005,133.190002,136.009995,132.789993,80576300
AAPL,2021-02-17,131.25,130.839996,132.220001,129.470001,97918500
AAPL,2021-02-18,129.199997,129.710007,130.0,127.410004,96856700
AAPL,2021-02-19,130.240005,129.869995,130.710007,128.800003,87668800
AAPL,2021-02-22,128.009995,126.0,129.720001,125.599998,103916400
AAPL,2021-02-23,123.760002,125.860001,126.709999,118.389999,158273000
AAPL,2021-02-24,124.940002,125.349998,125.559998,122.230003,111039900
AAPL,2021-02-25,124.68,120.989998,126.459999,120.540001,148199500
AAPL,2021-02-26,122.589996,121.260002,124.849998,121.199997,164560400
AAPL,2021-03-01,123.75,127.790001,127.93,122.790001,116307900
AAPL,2021-03-02,128.410004,125.120003,128.720001,125.010002,102260900
AAPL,2021-03-03,124.809998,122.059998,125.709999,121.839996,112966300
AAPL,2021-03-04,121.75,120.129997,123.599998,118.620003,178155000
AAPL,2021-03-05,120.980003,121.419998,121.940002,117.57,153766600
AAPL,2021-03-08,120.93,116.360001,121.0,116.209999,154376600
AAPL,2021-03-09,119.029999,121.089996,122.059998,118.790001,129525800
AAPL,2021-03-10,121.690002,119.980003,122.169998,119.449997,111943300
AAPL,2021-03-11,122.540001,121.959999,123.209999,121.260002,103026500
AAPL,2021-03-12,120.400002,121.029999,121.169998,119.160004,88105100
AAPL,2021-03-15,121.410004,123.989998,124.0,120.419998,92403800
AAPL,2021-03-16,125.699997,125.57,127.220001,124.720001,115227900
AAPL,2021-03-17,124.050003,124.760002,125.860001,122.339996,111932600
AAPL,2021-03-18,122.879997,120.529999,123.18,120.32,121229700
AAPL,2021-03-19,119.900002,119.989998,121.43,119.68,185549500
AAPL,2021-03-22,120.330002,123.389999,123.870003,120.260002,111912300
AAPL,2021-03-23,123.330002,122.540001,124.239998,122.139999,95467100
AAPL,2021-03-24,122.82,120.089996,122.900002,120.07,88530500
AAPL,2021-03-25,119.540001,120.589996,121.660004,119.0,98844700
AAPL,2021-03-26,120.349998,121.209999,121.480003,118.919998,94071200
AAPL,2021-03-29,121.650002,121.389999,122.580002,120.730003,80819200
AAPL,2021-03-30,120.110001,119.900002,120.400002,118.860001,85671900
AAPL,2021-03-31,121.650002,122.150002,123.519997,121.150002,118323800
AAPL,2021-04-01,123.660004,123.0,124.18,122.489998,75089100
AAPL,2021-04-05,123.870003,125.900002,126.160004,123.07,88651200
AAPL,2021-04-06,126.5,126.209999,127.129997,125.650002,80171300
AAPL,2021-04-07,125.830002,127.900002,127.919998,125.139999,83466700
AAPL,2021-04-08,128.949997,130.360001,130.389999,128.520004,88844600
AAPL,2021-04-09,129.800003,133.0,133.039993,129.470001,106686700
AAPL,2021-04-12,132.520004,131.240005,132.850006,130.630005,91420000
AAPL,2021-04-13,132.440002,134.429993,134.660004,131.929993,91266500
AAPL,2021-04-14,134.940002,132.029999,135.0,131.660004,87222800
AAPL,2021-04-15,133.820007,134.5,135.0,133.639999,89347100
AAPL,2021-04-16,134.300003,134.160004,134.669998,133.279999,84922400
AAPL,2021-04-19,133.509995,134.839996,135.470001,133.339996,94264200
AAPL,2021-04-20,135.020004,133.110001,135.529999,131.809998,94812300
AAPL,2021-04-21,132.360001,133.5,133.75,131.300003,68847100
AAPL,2021-04-22,133.039993,131.940002,134.149994,131.410004,84566500
AAPL,2021-04-23,132.160004,134.320007,135.119995,132.160004,78657500
AAPL,2021-04-26,134.830002,134.720001,135.059998,133.559998,66905100
AAPL,2021-04-27,135.009995,134.389999,135.410004,134.110001,66015800
AAPL,2021-04-28,134.309998,133.580002,135.020004,133.080002,107760100
AAPL,2021-04-29,136.470001,133.479996,137.070007,132.449997,151101000
AAPL,2021-04-30,131.779999,131.460007,133.559998,131.070007,109839500
AAPL,2021-05-03,132.039993,132.539993,134.070007,131.830002,75135100
AAPL,2021-05-04,131.190002,127.849998,131.490005,126.699997,137564700
AAPL,2021-05-05,129.199997,128.100006,130.449997,127.970001,84000900
AAPL,2021-05-06,127.889999,129.740005,129.75,127.129997,78128300
AAPL,2021-05-07,130.850006,130.210007,131.259995,129.479996,78973300
AAPL,2021-05-10,129.410004,126.849998,129.539993,126.809998,88071200
AAPL,2021-05-11,123.5,125.910004,126.269997,122.769997,126142800
AAPL,2021-05-12,123.400002,122.769997,124.639999,122.25,112172300
AAPL,2021-05-13,124.580002,124.970001,126.150002,124.260002,105861300
AAPL,2021-05-14,126.25,127.449997,127.889999,125.849998,81918000
AAPL,2021-05-17,126.82,126.269997,126.93,125.169998,74244600
AAPL,2021-05-18,126.559998,124.849998,126.989998,124.779999,63342900
AAPL,2021-05-19,123.160004,124.690002,124.919998,122.860001,92612000
AAPL,2021-05-20,125.230003,127.309998,127.720001,125.099998,76857100
AAPL,2021-05-21,127.82,125.43,128.0,125.209999,79295400
AAPL,2021-05-24,126.010002,127.099998,127.940002,125.940002,63092900
AAPL,2021-05-25,127.82,126.900002,128.320007,126.32,72009500
AAPL,2021-05-26,126.959999,126.849998,127.389999,126.419998,56575900
AAPL,2021-05-27,126.440002,125.279999,127.639999,125.080002,94625600
AAPL,2021-05-28,125.57,124.610001,125.800003,124.550003,71311100
AAPL,2021-06-01,125.080002,124.279999,125.349998,123.940002,67637100
AAPL,2021-06-02,124.279999,125.059998,125.239998,124.050003,59278900
AAPL,2021-06-03,124.68,123.540001,124.849998,123.129997,76229200
AAPL,2021-06-04,124.07,125.889999,126.160004,123.849998,75169300
AAPL,2021-06-07,126.169998,125.900002,126.32,124.830002,71057600
AAPL,2021-06-08,126.599998,126.739998,128.460007,126.209999,74403800
AAPL,2021-06-09,127.209999,127.129997,127.75,126.519997,56877900
AAPL,2021-06-10,127.019997,126.110001,128.190002,125.940002,71186400
AAPL,2021-06-11,126.529999,127.349998,127.440002,126.099998,53522400
AAPL,2021-06-14,127.82,130.479996,130.539993,127.07,96906500
AAPL,2021-06-15,129.940002,129.639999,130.600006,129.389999,62746300
AAPL,2021-06-16,130.369995,130.149994,130.889999,128.460007,91815000
AAPL,2021-06-17,129.800003,131.789993,132.550003,129.649994,96721700
AAPL,2021-06-18,130.710007,130.460007,131.509995,130.240005,108953300
AAPL,2021-06-21,130.300003,132.300003,132.410004,129.210007,79663300
AAPL,2021-06-22,132.130005,133.979996,134.080002,131.619995,74783600
AAPL,2021-06-23,133.770004,133.699997,134.320007,133.229996,60214200
AAPL,2021-06-24,134.449997,133.410004,134.639999,132.929993,68711000
AAPL,2021-06-25,133.460007,133.110001,133.889999,132.809998,70783700
AAPL,2021-06-28,133.410004,134.779999,135.25,133.350006,62111300
AAPL,2021-06-29,134.800003,136.330002,136.490005,134.350006,64556100
AAPL,2021-06-30,136.169998,136.960007,137.410004,135.869995,63261400
AAPL,2021-07-01,136.600006,137.270004,137.330002,135.759995,52485800
AAPL,2021-07-02,137.899994,139.960007,140.0,137.75,78852600
AAPL,2021-07-06,140.070007,142.020004,143.149994,140.070007,108181800
AAPL,2021-07-07,143.539993,144.570007,144.889999,142.660004,104911600
AAPL,2021-07-08,141.580002,143.240005,144.059998,140.669998,105575500
AAPL,2021-07-09,142.75,145.110001,145.649994,142.649994,99890800
AAPL,2021-07-12,146.210007,144.5,146.320007,144.0,76299700
AAPL,2021-07-13,144.029999,145.639999,147.460007,143.630005,100827100
AAPL,2021-07-14,148.100006,149.149994,149.570007,147.679993,127050800
AAPL,2021-07-15,149.240005,148.479996,150.0,147.089996,106820300
AAPL,2021-07-16,148.460007,146.389999,149.759995,145.880005,93251400
AAPL,2021-07-19,143.75,142.449997,144.070007,141.669998,121434600
AAPL,2021-07-20,143.460007,146.149994,147.100006,142.960007,96350000
AAPL,2021-07-21,145.529999,145.399994,146.130005,144.630005,74993500
AAPL,2021-07-22,145.940002,146.800003,148.199997,145.809998,77338200
AAPL,2021-07-23,147.550003,148.559998,148.720001,146.919998,71447400
AAPL,2021-07-26,148.270004,148.990005,149.830002,147.699997,72434100
AAPL,2021-07-27,149.119995,146.770004,149.210007,145.550003,104818600
AAPL,2021-07-28,144.809998,144.979996,146.970001,142.539993,118931200
AAPL,2021-07-29,144.690002,145.639999,146.550003,144.580002,56699500
AAPL,2021-07-30,144.380005,145.860001,146.330002,144.110001,70440600
AAPL,2021-08-02,146.360001,145.520004,146.949997,145.25,62880000
AAPL,2021-08-03,145.809998,147.360001,148.039993,145.179993,64786600
AAPL,2021-08-04,147.270004,146.949997,147.789993,146.279999,56368300
AAPL,2021-08-05,146.979996,147.059998,147.839996,146.169998,46397700
AAPL,2021-08-06,146.350006,146.139999,147.110001,145.630005,54126800
AAPL,2021-08-09,146.199997,146.089996,146.699997,145.520004,48908700
AAPL,2021-08-10,146.440002,145.600006,147.710007,145.300003,69023100
AAPL,2021-08-11,146.050003,145.860001,146.720001,145.529999,48493500
AAPL,2021-08-12,146.190002,148.889999,149.050003,145.839996,72282600
AAPL,2021-08-13,148.970001,149.100006,149.440002,148.270004,59375000
AAPL,2021-08-16,148.539993,151.119995,151.190002,146.470001,103296000
AAPL,2021-08-17,150.229996,150.190002,151.679993,149.089996,92229700
AAPL,2021-08-18,149.800003,146.360001,150.720001,146.149994,86326000
AAPL,2021-08-19,145.029999,146.699997,148.0,144.5,86960300
AAPL,2021-08-20,147.440002,148.190002,148.5,146.779999,60549600
AAPL,2021-08-23,148.309998,149.710007,150.190002,147.889999,60131800
AAPL,2021-08-24,149.449997,149.619995,150.860001,149.149994,48606400
AAPL,2021-08-25,149.809998,148.360001,150.320007,147.800003,58991300
AAPL,2021-08-26,148.350006,147.539993,149.119995,147.509995,48597200
AAPL,2021-08-27,147.479996,148.600006,148.75,146.830002,55802400
AAPL,2021-08-30,149.0,153.119995,153.490005,148.610001,90956700
AAPL,2021-08-31,152.660004,151.830002,152.800003,151.289993,86453100
AAPL,2021-09-01,152.830002,152.509995,154.979996,152.339996,80313700
AAPL,2021-09-02,153.869995,153.649994,154.720001,152.399994,71115500
AAPL,2021-09-03,153.759995,154.300003,154.630005,153.089996,57808700
AAPL,2021-09-07,154.970001,156.690002,157.259995,154.389999,82278300
AAPL,2021-09-08,156.979996,155.110001,157.039993,153.979996,74420200
AAPL,2021-09-09,155.490005,154.070007,156.110001,153.949997,57305700
AAPL,2021-09-10,155.0,148.970001,155.479996,148.699997,140893200
AAPL,2021-09-13,150.630005,149.550003,151.419998,148.75,102404300
AAPL,2021-09-14,150.350006,148.119995,151.070007,146.910004,109296300
AAPL,2021-09-15,148.559998,149.029999,149.440002,146.369995,83281300
AAPL,2021-09-16,148.440002,148.789993,148.970001,147.220001,68034100
AAPL,2021-09-17,148.820007,146.059998,148.820007,145.759995,129868800
AAPL,2021-09-20,143.800003,142.940002,144.839996,141.270004,123478900
AAPL,2021-09-21,143.929993,143.429993,144.600006,142.779999,75834000
AAPL,2021-09-22,144.449997,145.850006,146.429993,143.699997,76404300
AAPL,2021-09-23,146.649994,146.830002,147.080002,145.639999,64838200
AAPL,2021-09-24,145.660004,146.919998,147.470001,145.559998,53477900
AAPL,2021-09-27,145.470001,145.369995,145.960007,143.820007,74150700
AAPL,2021-09-28,143.25,141.910004,144.75,141.690002,108972300
AAPL,2021-09-29,142.470001,142.830002,144.449997,142.029999,74602000
AAPL,2021-09-30,143.660004,141.5,144.380005,141.279999,89056700
AAPL,2021-10-01,141.899994,142.649994,142.919998,139.110001,94639600
AAPL,2021-10-04,141.759995,139.139999,142.210007,138.270004,98322000
AAPL,2021-10-05,139.490005,141.110001,142.240005,139.360001,80861100
AAPL,2021-10-06,139.470001,142.0,142.149994,138.369995,83221100
AAPL,2021-10-07,143.059998,143.289993,144.220001,142.720001,61732700
AAPL,2021-10-08,144.029999,142.899994,144.179993,142.559998,58773200
AAPL,2021-10-11,142.270004,142.809998,144.809998,141.809998,64452200
AAPL,2021-10-12,143.229996,141.509995,143.25,141.039993,73035900
AAPL,2021-10-13,141.240005,140.910004,141.399994,139.199997,78762700
AAPL,2021-10-14,142.110001,143.759995,143.880005,141.509995,69907100
AAPL,2021-10-15,143.770004,144.839996,144.899994,143.509995,67940300
AAPL,2021-10-18,143.449997,146.550003,146.839996,143.160004,85589200
AAPL,2021-10-19,147.009995,148.759995,149.169998,146.550003,76378900
AAPL,2021-10-20,148.699997,149.259995,149.75,148.119995,58418800
AAPL,2021-10-21,148.809998,149.479996,149.639999,147.869995,61421000
AAPL,2021-10-22,149.690002,148.690002,150.179993,148.639999,58883400
AAPL,2021-10-25,148.679993,148.639999,149.369995,147.619995,50720600
AAPL,2021-10-26,149.330002,149.320007,150.839996,149.009995,60893400
AAPL,2021-10-27,149.360001,148.850006,149.729996,148.490005,56094900
AAPL,2021-10-28,149.820007,152.570007,153.169998,149.720001,100077900
AAPL,2021-10-29,147.220001,149.800003,149.940002,146.410004,124953200
AAPL,2021-11-01,148.990005,148.960007,149.699997,147.800003,74588300
AAPL,2021-11-02,148.660004,150.020004,151.570007,148.649994,69122000
AAPL,2021-11-03,150.389999,151.490005,151.970001,149.820007,54511500
AAPL,2021-11-04,151.580002,150.960007,152.429993,150.639999,60394600
AAPL,2021-11-05,151.889999,151.279999,152.199997,150.059998,65463900
AAPL,2021-11-08,151.410004,150.440002,151.570007,150.160004,55020900
AAPL,2021-11-09,150.199997,150.809998,151.429993,150.059998,56787900
AAPL,2021-11-10,150.020004,147.919998,150.130005,147.850006,65187100
AAPL,2021-11-11,148.960007,147.869995,149.429993,147.679993,41000000
AAPL,2021-11-12,148.429993,149.990005,150.399994,147.479996,63804000
AAPL,2021-11-15,150.369995,150.0,151.880005,149.429993,59222800
AAPL,2021-11-16,149.940002,151.0,151.490005,149.339996,59256200
AAPL,2021-11-17,151.0,153.490005,155.0,150.990005,88807000
AAPL,2021-11-18,153.710007,157.869995,158.669998,153.050003,137827700
AAPL,2021-11-19,157.649994,160.550003,161.020004,156.529999,117305600
AAPL,2021-11-22,161.679993,161.020004,165.699997,161.0,117467900
AAPL,2021-11-23,161.119995,161.410004,161.800003,159.059998,96041900
AAPL,2021-11-24,160.75,161.940002,162.139999,159.639999,69463600
AAPL,2021-11-26,159.570007,156.809998,160.449997,156.360001,76959800
AAPL,2021-11-29,159.369995,160.240005,161.190002,158.789993,88748200
AAPL,2021-11-30,159.990005,165.300003,165.520004,159.919998,174048100
AAPL,2021-12-01,167.479996,164.770004,170.300003,164.529999,152052500
AAPL,2021-12-02,158.740005,163.759995,164.199997,157.800003,136739200
AAPL,2021-12-03,164.020004,161.839996,164.960007,159.720001,118023100
AAPL,2021-12-06,164.289993,165.320007,167.880005,164.279999,107497000
AAPL,2021-12-07,169.080002,171.179993,171.580002,168.339996,120405400
AAPL,2021-12-08,172.130005,175.080002,175.960007,170.699997,116998900
AAPL,2021-12-09,174.910004,174.559998,176.75,173.919998,108923700
AAPL,2021-12-10,175.210007,179.449997,179.630005,174.690002,115402700
AAPL,2021-12-13,181.119995,175.740005,182.130005,175.529999,153237000
AAPL,2021-12-14,175.25,174.330002,177.740005,172.210007,139380400
AAPL,2021-12-15,175.110001,179.300003,179.5,172.309998,131063300
AAPL,2021-12-16,179.279999,172.259995,181.139999,170.75,150185800
AAPL,2021-12-17,169.929993,171.139999,173.470001,169.690002,195432700
AAPL,2021-12-20,168.279999,169.75,170.580002,167.460007,107499100
AAPL,2021-12-21,171.559998,172.990005,173.199997,169.119995,91185900
AAPL,2021-12-22,173.039993,175.639999,175.860001,172.149994,92135300
AAPL,2021-12-23,175.850006,176.279999,176.850006,175.270004,68356600
AAPL,2021-12-27,177.089996,180.330002,180.419998,177.070007,74919600
AAPL,2021-12-28,180.160004,179.289993,181.330002,178.529999,79144300
AAPL,2021-12-29,179.330002,179.380005,180.630005,178.139999,62348900
AAPL,2021-12-30,179.470001,178.199997,180.570007,178.089996,59773000
AAPL,2021-12-31,178.089996,177.570007,179.229996,177.259995,64062300
ADBE,2021-01-04,500.299988,485.339996,500.790009,476.279999,3612900
ADBE,2021-01-05,485.880005,485.690002,486.079987,479.200012,2010100
ADBE,2021-01-06,474.100006,466.309998,475.869995,466.0,4156600
ADBE,2021-01-07,471.0,477.73999,479.640015,468.25,2901200
ADBE,2021-01-08,480.0,485.100006,485.540009,477.209991,2266100
ADBE,2021-01-11,481.98999,474.23999,482.589996,471.299988,2382400
ADBE,2021-01-12,474.410004,471.649994,475.0,464.0,2964900
ADBE,2021-01-13,472.0,472.049988,477.850006,469.299988,2105900
ADBE,2021-01-14,472.410004,463.269989,473.549988,462.200012,3508300
ADBE,2021-01-15,462.5,458.079987,467.880005,457.48999,3200400
ADBE,2021-01-19,461.170013,456.5,461.589996,453.339996,4419200
ADBE,2021-01-20,462.730011,469.730011,472.390015,458.769989,3859000
ADBE,2021-01-21,470.26001,472.019989,474.690002,466.100006,2768700
ADBE,2021-01-22,472.5,472.440002,476.350006,470.609985,2534300
ADBE,2021-01-25,474.51001,473.440002,477.700012,463.980011,2697400
ADBE,2021-01-26,473.730011,476.279999,477.220001,467.76001,2363100
ADBE,2021-01-27,470.98999,460.0,473.670013,455.070007,3586400
ADBE,2021-01-28,459.070007,465.670013,475.019989,459.070007,3000700
ADBE,2021-01-29,462.170013,458.769989,465.0,455.109985,3061100
ADBE,2021-02-01,462.279999,470.0,474.799988,459.820007,2554800
ADBE,2021-02-02,473.649994,484.929993,487.369995,472.549988,3022000
ADBE,2021-02-03,487.089996,481.920013,488.850006,479.170013,2146900
ADBE,2021-02-04,484.220001,489.380005,489.880005,481.920013,2005100
ADBE,2021-02-05,490.920013,492.119995,495.100006,488.0,1675000
ADBE,2021-02-08,494.26001,493.76001,497.859985,489.209991,1727000
ADBE,2021-02-09,495.0,496.049988,497.950012,492.01001,1571500
ADBE,2021-02-10,499.170013,492.670013,499.98999,490.269989,1764500
ADBE,2021-02-11,494.529999,496.619995,497.0,491.079987,1609800
ADBE,2021-02-12,495.160004,498.839996,499.359985,491.76001,1450600
ADBE,2021-02-16,500.029999,501.640015,506.51001,497.600006,1845900
ADBE,2021-02-17,495.410004,491.230011,495.549988,485.51001,2112000
ADBE,2021-02-18,486.320007,488.369995,489.799988,480.0,1803200
ADBE,2021-02-19,487.160004,479.119995,488.649994,476.100006,2720700
ADBE,2021-02-22,470.480011,467.329987,472.100006,466.660004,2510500
ADBE,2021-02-23,461.019989,467.799988,471.440002,450.119995,4164300
ADBE,2021-02-24,463.48999,476.619995,477.350006,460.290009,3390600
ADBE,2021-02-25,471.23999,459.160004,476.309998,456.01001,3252500
ADBE,2021-02-26,462.799988,459.670013,467.320007,456.01001,3154500
ADBE,2021-03-01,465.679993,469.570007,470.5,462.649994,2358600
ADBE,2021-03-02,473.029999,466.589996,473.799988,463.459991,2211000
ADBE,2021-03-03,463.220001,448.450012,464.679993,448.089996,2808100
ADBE,2021-03-04,446.450012,439.059998,457.529999,437.630005,4486400
ADBE,2021-03-05,444.880005,440.829987,444.950012,423.709991,4615000
ADBE,2021-03-08,439.76001,421.200012,440.98999,420.779999,3885100
ADBE,2021-03-09,437.839996,439.179993,442.75,436.0,3926400
ADBE,2021-03-10,445.730011,437.01001,448.459991,436.820007,2747300
ADBE,2021-03-11,448.140015,451.059998,454.070007,447.309998,2762200
ADBE,2021-03-12,443.450012,444.299988,445.890015,438.600006,2183100
ADBE,2021-03-15,444.399994,447.589996,447.790009,437.769989,2508400
ADBE,2021-03-16,452.01001,450.540009,457.410004,449.670013,2618800
ADBE,2021-03-17,445.440002,451.01001,453.940002,441.019989,2502700
ADBE,2021-03-18,443.160004,439.179993,446.859985,438.5,2931200
ADBE,2021-03-19,439.179993,441.5,444.5,438.140015,3923800
ADBE,2021-03-22,444.859985,452.410004,457.820007,444.859985,2944300
ADBE,2021-03-23,457.350006,460.200012,466.880005,456.410004,5317000
ADBE,2021-03-24,464.76001,451.51001,465.609985,448.339996,5214100
ADBE,2021-03-25,448.329987,450.98999,456.869995,445.410004,3201500
ADBE,2021-03-26,450.25,469.089996,469.769989,449.049988,3615900
ADBE,2021-03-29,469.029999,469.320007,472.0,462.5,3141900
ADBE,2021-03-30,462.579987,465.459991,469.089996,461.5,2436300
ADBE,2021-03-31,469.700012,475.369995,482.410004,468.700012,3155900
ADBE,2021-04-01,483.119995,483.339996,487.040009,480.709991,2664700
ADBE,2021-04-05,483.690002,491.619995,495.51001,480.5,2982500
ADBE,2021-04-06,492.320007,491.339996,495.589996,487.570007,1878300
ADBE,2021-04-07,492.980011,493.410004,494.850006,487.890015,1576800
ADBE,2021-04-08,500.160004,499.839996,504.600006,498.140015,2026000
ADBE,2021-04-09,498.369995,504.040009,504.440002,492.600006,1886900
ADBE,2021-04-12,499.290009,506.029999,506.940002,498.440002,1584600
ADBE,2021-04-13,506.850006,514.859985,517.26001,506.779999,2195400
ADBE,2021-04-14,514.0,510.630005,517.780029,509.130005,1956400
ADBE,2021-04-15,515.669983,523.25,524.590027,515.099976,2122300
ADBE,2021-04-16,524.210022,525.080017,525.440002,518.549988,2031600
ADBE,2021-04-19,523.130005,516.169983,524.0,514.440002,1917700
ADBE,2021-04-20,515.289978,514.210022,517.289978,510.600006,1677500
ADBE,2021-04-21,515.02002,512.340027,515.47998,509.549988,1678100
ADBE,2021-04-22,508.079987,507.290009,512.77002,504.059998,2084600
ADBE,2021-04-23,508.790009,515.840027,517.5,508.399994,2257500
ADBE,2021-04-26,513.570007,515.700012,516.309998,510.25,1387500
ADBE,2021-04-27,518.0,517.320007,519.159973,511.350006,1944000
ADBE,2021-04-28,515.23999,515.47998,519.130005,510.019989,1472200
ADBE,2021-04-29,518.109985,516.090027,520.450012,510.619995,1592500
ADBE,2021-04-30,514.130005,508.339996,515.049988,507.149994,1950500
ADBE,2021-05-03,510.970001,503.459991,511.73999,501.119995,1458600
ADBE,2021-05-04,499.470001,490.700012,499.470001,484.829987,2528900
ADBE,2021-05-05,495.690002,486.690002,498.630005,484.440002,1875300
ADBE,2021-05-06,485.670013,483.609985,485.670013,475.920013,2537100
ADBE,2021-05-07,496.0,488.730011,499.149994,485.779999,1632300
ADBE,2021-05-10,487.540009,479.380005,489.040009,478.630005,1970900
ADBE,2021-05-11,471.029999,485.190002,486.910004,468.5,2293700
ADBE,2021-05-12,477.190002,472.089996,480.98999,469.570007,2399500
ADBE,2021-05-13,478.01001,474.160004,480.459991,471.76001,1996500
ADBE,2021-05-14,481.630005,486.559998,488.329987,478.690002,1857100
ADBE,2021-05-17,487.029999,482.73999,487.869995,478.109985,1581000
ADBE,2021-05-18,484.630005,480.619995,488.320007,480.459991,1395100
ADBE,2021-05-19,473.019989,480.470001,480.869995,472.0,2047500
ADBE,2021-05-20,483.679993,491.670013,495.359985,482.609985,1991100
ADBE,2021-05-21,494.190002,488.070007,496.230011,487.130005,1567800
ADBE,2021-05-24,494.640015,497.829987,499.98999,492.01001,1846900
ADBE,2021-05-25,499.019989,505.079987,505.600006,498.869995,2322500
ADBE,2021-05-26,506.269989,506.980011,509.5,504.630005,1695600
ADBE,2021-05-27,505.0,498.279999,505.0,497.450012,2957300
ADBE,2021-05-28,506.079987,504.579987,511.369995,504.190002,1924800
ADBE,2021-06-01,504.540009,495.910004,506.0,492.309998,2189000
ADBE,2021-06-02,495.179993,495.769989,501.820007,493.089996,1761300
ADBE,2021-06-03,492.399994,493.140015,496.76001,487.339996,1539100
ADBE,2021-06-04,498.730011,504.5,506.5,497.720001,1644200
ADBE,2021-06-07,504.98999,509.470001,509.779999,502.0,1768500
ADBE,2021-06-08,511.149994,509.200012,516.289978,508.070007,1747800
ADBE,2021-06-09,513.98999,514.679993,518.320007,512.47998,1702400
ADBE,2021-06-10,513.98999,535.52002,536.409973,513.01001,3152400
ADBE,2021-06-11,529.75,541.26001,541.849976,529.75,2871300
ADBE,2021-06-14,545.039978,556.950012,561.359985,543.25,3522600
ADBE,2021-06-15,554.98999,548.460022,555.0,547.22998,2424800
ADBE,2021-06-16,548.460022,543.330017,553.98999,535.719971,2842000
ADBE,2021-06-17,539.98999,551.359985,552.719971,538.75,3566400
ADBE,2021-06-18,569.960022,565.590027,570.0,556.390015,6762000
ADBE,2021-06-21,565.98999,567.349976,570.190002,560.349976,2625900
ADBE,2021-06-22,568.51001,575.73999,576.309998,567.0,2370400
ADBE,2021-06-23,577.98999,574.22998,579.799988,570.710022,1616700
ADBE,2021-06-24,575.900024,578.26001,580.969971,574.960022,1835000
ADBE,2021-06-25,578.640015,579.659973,582.0,577.059998,2133500
ADBE,2021-06-28,582.710022,588.799988,589.409973,581.0,1714000
ADBE,2021-06-29,586.780029,590.75,591.340027,583.900024,1204800
ADBE,2021-06-30,590.75,585.640015,592.23999,585.0,1704200
ADBE,2021-07-01,583.330017,584.72998,587.780029,581.349976,1646100
ADBE,2021-07-02,588.669983,593.070007,594.080017,587.960022,1744600
ADBE,2021-07-06,595.869995,596.900024,600.659973,592.47998,1657400
ADBE,2021-07-07,600.0,605.77002,607.669983,597.400024,2022500
ADBE,2021-07-08,595.640015,605.950012,607.299988,593.330017,1846600
ADBE,2021-07-09,601.429993,604.5,605.950012,597.440002,2145200
ADBE,2021-07-12,606.0,600.200012,607.419983,596.47998,1696200
ADBE,2021-07-13,600.559998,605.01001,609.330017,598.419983,1435600
ADBE,2021-07-14,608.140015,608.830017,611.299988,604.01001,1376900
ADBE,2021-07-15,608.400024,606.169983,609.950012,602.650024,1618100
ADBE,2021-07-16,608.710022,606.099976,611.619995,603.659973,1249700
ADBE,2021-07-19,602.75,602.049988,610.690002,598.140015,2046600
ADBE,2021-07-20,605.390015,608.719971,612.75,598.47998,1675700
ADBE,2021-07-21,605.719971,612.26001,612.580017,603.320007,1381000
ADBE,2021-07-22,614.580017,623.679993,623.950012,614.580017,1477900
ADBE,2021-07-23,625.76001,625.869995,631.640015,622.0,2030400
ADBE,2021-07-26,624.179993,620.799988,625.869995,619.72998,1389800
ADBE,2021-07-27,621.0,618.280029,623.919983,610.640015,1540300
ADBE,2021-07-28,620.98999,620.919983,626.0,617.570007,1468100
ADBE,2021-07-29,617.039978,621.700012,625.669983,617.039978,1068900
ADBE,2021-07-30,619.030029,621.630005,622.799988,617.289978,1403400
ADBE,2021-08-02,625.869995,618.75,627.599976,612.929993,1466800
ADBE,2021-08-03,620.22998,621.280029,624.700012,614.0,1067300
ADBE,2021-08-04,622.469971,625.679993,627.080017,617.619995,1306800
ADBE,2021-08-05,626.98999,632.080017,632.469971,623.0,1158200
ADBE,2021-08-06,629.27002,631.380005,631.840027,625.169983,1127700
ADBE,2021-08-09,634.97998,629.219971,634.97998,626.919983,1118900
ADBE,2021-08-10,630.47998,621.73999,633.299988,620.599976,1540100
ADBE,2021-08-11,623.76001,626.030029,627.419983,621.650024,1328300
ADBE,2021-08-12,626.0,634.349976,636.640015,624.039978,1163100
ADBE,2021-08-13,634.48999,637.309998,638.429993,632.349976,932800
ADBE,2021-08-16,637.030029,636.940002,638.02002,628.190002,1105500
ADBE,2021-08-17,636.549988,635.01001,637.0,630.219971,1346300
ADBE,2021-08-18,632.799988,626.77002,637.140015,626.049988,1386500
ADBE,2021-08-19,624.880005,637.659973,642.549988,623.630005,1693700
ADBE,2021-08-20,639.840027,647.340027,652.0,634.530029,1434000
ADBE,2021-08-23,645.869995,656.859985,658.5,645.52002,1652400
ADBE,2021-08-24,659.140015,657.23999,660.0,653.400024,866400
ADBE,2021-08-25,658.609985,656.799988,661.059998,651.640015,1047900
ADBE,2021-08-26,653.590027,652.390015,657.909973,649.349976,1619200
ADBE,2021-08-27,652.52002,658.52002,662.609985,651.859985,1142300
ADBE,2021-08-30,659.780029,665.98999,667.669983,659.780029,1341500
ADBE,2021-08-31,667.900024,663.700012,667.900024,660.460022,1877800
ADBE,2021-09-01,664.51001,665.890015,668.960022,662.0,1261200
ADBE,2021-09-02,669.820007,664.640015,669.849976,661.669983,1402400
ADBE,2021-09-03,664.429993,666.590027,673.880005,664.299988,1640300
ADBE,2021-09-07,667.349976,661.390015,668.869995,656.549988,1382300
ADBE,2021-09-08,660.150024,663.219971,664.080017,657.099976,1367700
ADBE,2021-09-09,664.840027,661.679993,667.460022,659.929993,1110200
ADBE,2021-09-10,666.179993,658.940002,668.869995,658.200012,1204200
ADBE,2021-09-13,663.039978,645.150024,663.599976,640.23999,2242500
ADBE,2021-09-14,646.0,645.01001,649.580017,642.460022,2150200
ADBE,2021-09-15,652.320007,661.080017,663.309998,650.97998,2009300
ADBE,2021-09-16,657.530029,665.109985,666.469971,654.710022,2046100
ADBE,2021-09-17,663.210022,654.47998,665.0,652.039978,3553200
ADBE,2021-09-20,646.039978,641.289978,653.929993,633.049988,2637400
ADBE,2021-09-21,646.880005,645.890015,650.950012,640.299988,2449300
ADBE,2021-09-22,624.789978,626.080017,628.940002,615.059998,5689600
ADBE,2021-09-23,632.289978,630.840027,633.820007,627.02002,2985500
ADBE,2021-09-24,628.0,622.710022,629.030029,618.219971,2809000
ADBE,2021-09-27,615.799988,603.650024,616.659973,602.72998,4152200
ADBE,2021-09-28,596.309998,578.77002,596.309998,578.330017,5108900
ADBE,2021-09-29,585.450012,577.700012,586.549988,576.070007,2726800
ADBE,2021-09-30,580.640015,575.719971,586.190002,573.23999,2743600
ADBE,2021-10-01,577.52002,577.469971,581.469971,568.609985,2915300
ADBE,2021-10-04,574.590027,558.48999,576.799988,552.140015,3977000
ADBE,2021-10-05,563.909973,566.700012,570.289978,559.210022,2337800
ADBE,2021-10-06,561.23999,570.309998,572.159973,560.210022,2043200
ADBE,2021-10-07,578.460022,578.960022,586.150024,576.190002,2648500
ADBE,2021-10-08,581.299988,576.859985,583.609985,575.52002,2050700
ADBE,2021-10-11,574.5,573.070007,582.280029,571.5,1410600
ADBE,2021-10-12,579.159973,580.690002,584.219971,574.419983,1740200
ADBE,2021-10-13,585.26001,591.119995,593.539978,582.659973,2142300
ADBE,2021-10-14,600.0,607.51001,609.440002,596.969971,2500900
ADBE,2021-10-15,611.690002,610.090027,612.25,607.549988,1960100
ADBE,2021-10-18,610.650024,622.830017,623.469971,607.570007,1905100
ADBE,2021-10-19,625.26001,636.070007,639.390015,625.26001,2470000
ADBE,2021-10-20,639.280029,632.369995,641.289978,630.169983,1497200
ADBE,2021-10-21,632.0,638.659973,639.169983,629.0,1586600
ADBE,2021-10-22,640.429993,643.580017,644.429993,634.450012,1786500
ADBE,2021-10-25,644.469971,646.969971,649.619995,639.070007,1629400
ADBE,2021-10-26,650.909973,642.5,659.190002,642.099976,2154000
ADBE,2021-10-27,644.47998,640.080017,648.809998,639.809998,1629900
ADBE,2021-10-28,638.0,639.280029,642.48999,633.27002,2085000
ADBE,2021-10-29,637.77002,650.359985,651.309998,637.0,1927700
ADBE,2021-11-01,651.049988,640.200012,654.0,634.780029,2215800
ADBE,2021-11-02,641.119995,640.400024,647.73999,639.22998,1770000
ADBE,2021-11-03,645.52002,655.179993,656.5,640.0,1970700
ADBE,2021-11-04,659.440002,674.080017,676.080017,657.75,2480600
ADBE,2021-11-05,676.73999,662.719971,677.76001,661.109985,2517600
ADBE,2021-11-08,666.559998,666.02002,668.25,661.400024,1497200
ADBE,2021-11-09,667.690002,667.919983,669.659973,663.0,1128000
ADBE,2021-11-10,663.200012,647.5,665.809998,645.859985,2038200
ADBE,2021-11-11,649.609985,643.169983,652.570007,642.099976,1271100
ADBE,2021-11-12,649.01001,657.599976,658.469971,647.159973,1286500
ADBE,2021-11-15,658.369995,659.72998,663.669983,655.190002,1077600
ADBE,2021-11-16,659.140015,671.030029,673.73999,658.98999,1422000
ADBE,2021-11-17,671.76001,670.669983,672.73999,662.840027,1221900
ADBE,2021-11-18,670.619995,670.960022,676.549988,665.080017,1493800
ADBE,2021-11-19,681.26001,688.369995,699.5,678.909973,3090900
ADBE,2021-11-22,696.280029,673.570007,699.539978,672.659973,2284700
ADBE,2021-11-23,662.700012,665.159973,667.570007,648.609985,2502800
ADBE,2021-11-24,655.830017,668.320007,668.869995,647.140015,2426800
ADBE,2021-11-26,670.25,662.099976,684.0,659.679993,2204000
ADBE,2021-11-29,668.0,687.48999,691.359985,665.77002,2728800
ADBE,2021-11-30,687.219971,669.849976,694.890015,667.830017,4703600
ADBE,2021-12-01,676.0,657.409973,678.780029,656.280029,2831800
ADBE,2021-12-02,655.950012,671.880005,674.849976,653.619995,2675400
ADBE,2021-12-03,658.099976,616.530029,662.090027,604.299988,6741800
ADBE,2021-12-06,617.469971,622.039978,625.900024,605.72998,3170000
ADBE,2021-12-07,644.190002,649.960022,655.219971,640.049988,3943500
ADBE,2021-12-08,647.299988,653.099976,654.650024,641.609985,2416200
ADBE,2021-12-09,650.919983,632.570007,655.719971,630.880005,2550700
ADBE,2021-12-10,638.130005,654.450012,654.969971,635.099976,2873000
ADBE,2021-12-13,652.77002,658.299988,675.210022,650.97998,3829400
ADBE,2021-12-14,635.359985,614.859985,636.0,599.099976,5934200
ADBE,2021-12-15,615.960022,630.330017,631.25,604.619995,4288800
ADBE,2021-12-16,578.400024,566.090027,591.580017,556.150024,10961200
ADBE,2021-12-17,566.090027,556.640015,566.98999,545.140015,7999200
ADBE,2021-12-20,545.609985,549.77002,557.27002,543.5,3441100
ADBE,2021-12-21,550.909973,557.52002,559.890015,538.049988,4104700
ADBE,2021-12-22,560.299988,563.97998,564.919983,552.23999,4526200
ADBE,2021-12-23,568.960022,569.619995,572.570007,566.159973,2147700
ADBE,2021-12-27,575.039978,577.679993,580.880005,572.090027,1980100
ADBE,2021-12-28,582.840027,569.359985,582.880005,568.349976,2107800
ADBE,2021-12-29,573.330017,569.289978,576.960022,562.780029,2484200
ADBE,2021-12-30,570.570007,570.530029,578.98999,566.039978,1564600
ADBE,2021-12-31,570.0,567.059998,570.169983,565.070007,1581400
AMC,2021-01-04,22.0,20.100000381469727,22.0,20.0,2987380
AMC,2021-01-05,19.899999618530273,19.799999237060547,20.299999237060547,19.100000381469727,2814830
AMC,2021-01-06,20.299999237060547,20.100000381469727,22.299999237060547,19.700000762939453,6736330
AMC,2021-01-07,20.799999237060547,20.5,21.100000381469727,20.200000762939453,2615050
AMC,2021-01-08,20.899999618530273,21.399999618530273,22.100000381469727,20.700000762939453,3955330
AMC,2021-01-11,21.600000381469727,22.0,22.700000762939453,21.5,4169580
AMC,2021-01-12,22.399999618530273,22.899999618530273,23.899999618530273,22.399999618530273,4154920
AMC,2021-01-13,23.299999237060547,21.799999237060547,23.799999237060547,21.299999237060547,4584770
AMC,2021-01-14,22.200000762939453,21.799999237060547,23.200000762939453,21.299999237060547,4963880
AMC,2021-01-15,22.0,23.299999237060547,25.5,21.799999237060547,16235640
AMC,2021-01-19,28.0,30.600000381469727,32.0,25.700000762939453,25627600
AMC,2021-01-20,32.900001525878906,29.700000762939453,33.400001525878906,27.5,18186220
AMC,2021-01-21,30.0,29.799999237060547,30.600000381469727,28.5,6482380
AMC,2021-01-22,29.100000381469727,35.099998474121094,37.400001525878906,28.100000381469727,26827340
AMC,2021-01-25,47.099998474121094,44.20000076293945,48.79999923706055,38.5,44323810
AMC,2021-01-26,50.900001525878906,49.599998474121094,51.900001525878906,43.70000076293945,45685020
AMC,2021-01-27,203.39999389648438,199.0,203.60000610351562,110.0999984741211,122234250
AMC,2021-01-28,119.80000305175781,86.30000305175781,165.0,65.0999984741211,59122390
AMC,2021-01-29,143.10000610351562,132.60000610351562,160.0,116.0,60219330
AMC,2021-02-01,170.0,133.0,172.5,129.10000610351562,43460800
AMC,2021-02-02,94.80000305175781,78.19999694824219,101.0,60.0,46277590
AMC,2021-02-03,88.5,89.69999694824219,97.69999694824219,78.9000015258789,22140510
AMC,2021-02-04,87.0,70.9000015258789,87.4000015258789,70.0,16298580
AMC,2021-02-05,71.69999694824219,68.30000305175781,82.69999694824219,65.19999694824219,19709760
AMC,2021-02-08,68.80000305175781,61.79999923706055,68.9000015258789,57.5,12817150
AMC,2021-02-09,58.099998474121094,55.0,58.099998474121094,52.599998474121094,10258810
AMC,2021-02-10,57.099998474121094,58.0,65.9000015258789,54.5,15281080
AMC,2021-02-11,56.20000076293945,56.099998474121094,58.5,54.70000076293945,5592040
AMC,2021-02-12,57.20000076293945,55.900001525878906,59.70000076293945,55.20000076293945,4677300
AMC,2021-02-16,60.29999923706055,56.5,60.5,54.900001525878906,6116570
AMC,2021-02-17,55.79999923706055,55.5,56.20000076293945,53.20000076293945,3884900
AMC,2021-02-18,58.400001525878906,55.099998474121094,62.5,54.599998474121094,13054080
AMC,2021-02-19,55.400001525878906,57.0,57.70000076293945,55.099998474121094,4024910
AMC,2021-02-22,59.29999923706055,65.5,66.80000305175781,57.5,17340900
AMC,2021-02-23,69.69999694824219,77.0,78.5999984741211,60.099998474121094,26487640
AMC,2021-02-24,72.30000305175781,90.9000015258789,98.30000305175781,69.9000015258789,37688180
AMC,2021-02-25,108.9000015258789,82.9000015258789,110.0,78.5,44571740
AMC,2021-02-26,81.9000015258789,80.0999984741211,90.0999984741211,76.30000305175781,13702800
AMC,2021-03-01,88.5999984741211,91.80000305175781,94.5,84.19999694824219,14358650
AMC,2021-03-02,91.4000015258789,89.30000305175781,94.0,85.0999984741211,7813540
AMC,2021-03-03,89.5,85.80000305175781,91.4000015258789,85.0,5565190
AMC,2021-03-04,82.5,80.30000305175781,85.9000015258789,75.0,7782260
AMC,2021-03-05,80.80000305175781,80.5,82.69999694824219,76.30000305175781,5973410
AMC,2021-03-08,85.30000305175781,92.9000015258789,94.80000305175781,83.0999984741211,11434380
AMC,2021-03-09,93.80000305175781,105.0,107.69999694824219,92.19999694824219,15041560
AMC,2021-03-10,110.19999694824219,98.5,124.69999694824219,95.0999984741211,26191860
AMC,2021-03-11,106.5,102.80000305175781,108.69999694824219,99.0,8393360
AMC,2021-03-12,101.5999984741211,111.5999984741211,114.0,99.4000015258789,11114670
AMC,2021-03-15,121.80000305175781,140.39999389648438,144.89999389648438,118.5,27771330
AMC,2021-03-16,136.1999969482422,130.1999969482422,136.1999969482422,123.4000015258789,12596760
AMC,2021-03-17,132.39999389648438,135.60000610351562,136.60000610351562,130.0,7805360
AMC,2021-03-18,143.39999389648438,140.0,145.39999389648438,135.6999969482422,12141800
AMC,2021-03-19,141.39999389648438,139.3000030517578,141.8000030517578,132.8000030517578,15320600
AMC,2021-03-22,131.5,124.9000015258789,131.89999389648438,117.5999984741211,8876010
AMC,2021-03-23,114.5999984741211,106.5999984741211,119.30000305175781,103.69999694824219,8792320
AMC,2021-03-24,108.19999694824219,90.19999694824219,112.0999984741211,89.30000305175781,8185070
AMC,2021-03-25,89.5999984741211,109.4000015258789,113.19999694824219,89.5,13119280
AMC,2021-03-26,112.69999694824219,102.4000015258789,115.30000305175781,100.0999984741211,8463310
AMC,2021-03-29,103.19999694824219,103.5,107.5999984741211,100.9000015258789,3733070
AMC,2021-03-30,103.0999984741211,103.5,105.19999694824219,97.5999984741211,3902050
AMC,2021-03-31,104.0,102.0999984741211,104.69999694824219,100.5,2983230
AMC,2021-04-01,102.30000305175781,93.5999984741211,102.5999984741211,91.5,7747390
AMC,2021-04-05,101.0,106.0999984741211,112.5,97.19999694824219,9608230
AMC,2021-04-06,104.0,102.0,105.0,100.0,4406700
AMC,2021-04-07,100.69999694824219,98.5,101.80000305175781,98.5,2880430
AMC,2021-04-08,100.0999984741211,97.9000015258789,100.0999984741211,95.0,3340870
AMC,2021-04-09,96.0,94.19999694824219,97.4000015258789,92.4000015258789,2925460
AMC,2021-04-12,94.4000015258789,86.19999694824219,94.9000015258789,85.0999984741211,5126980
AMC,2021-04-13,86.5999984741211,88.4000015258789,91.19999694824219,83.0999984741211,4404910
AMC,2021-04-14,90.0,93.5,98.0999984741211,89.0,5116630
AMC,2021-04-15,98.80000305175781,99.0,102.30000305175781,95.80000305175781,4519890
AMC,2021-04-16,100.0,93.30000305175781,100.30000305175781,90.9000015258789,4069670
AMC,2021-04-19,94.80000305175781,96.5999984741211,98.0999984741211,93.80000305175781,3281430
AMC,2021-04-20,97.0,92.80000305175781,97.0999984741211,90.0999984741211,2700890
AMC,2021-04-21,92.5,97.80000305175781,98.0999984741211,91.4000015258789,2359820
AMC,2021-04-22,99.5,99.9000015258789,106.5,97.9000015258789,4992350
AMC,2021-04-23,100.9000015258789,101.5999984741211,103.80000305175781,99.5999984741211,2746560
AMC,2021-04-26,106.9000015258789,115.0,119.5999984741211,105.69999694824219,7859290
AMC,2021-04-27,116.80000305175781,114.5999984741211,122.19999694824219,112.19999694824219,5162980
AMC,2021-04-28,108.5,108.5,113.9000015258789,106.5,3972050
AMC,2021-04-29,109.5,102.0,110.4000015258789,100.9000015258789,3778290
AMC,2021-04-30,100.69999694824219,100.30000305175781,101.80000305175781,98.80000305175781,2774100
AMC,2021-05-03,101.0999984741211,97.0999984741211,101.19999694824219,96.0999984741211,3125120
AMC,2021-05-04,96.30000305175781,93.9000015258789,97.5,90.5,3522240
AMC,2021-05-05,94.0999984741211,91.69999694824219,95.69999694824219,90.80000305175781,2760870
AMC,2021-05-06,93.30000305175781,90.0,94.0,89.30000305175781,3958630
AMC,2021-05-07,93.19999694824219,95.0999984741211,97.9000015258789,91.4000015258789,3824500
AMC,2021-05-10,99.0,97.4000015258789,101.5,95.5999984741211,4101530
AMC,2021-05-11,99.30000305175781,100.5,104.80000305175781,96.0,4960100
AMC,2021-05-12,100.30000305175781,103.19999694824219,106.30000305175781,100.19999694824219,5442350
AMC,2021-05-13,108.80000305175781,127.69999694824219,142.0,106.4000015258789,29652500
AMC,2021-05-14,133.10000610351562,129.8000030517578,143.39999389648438,125.69999694824219,20758990
AMC,2021-05-17,136.6999969482422,139.5,143.8000030517578,133.89999389648438,15893310
AMC,2021-05-18,142.5,140.3000030517578,146.6999969482422,135.6999969482422,17248840
AMC,2021-05-19,129.5,126.4000015258789,133.10000610351562,121.4000015258789,8902410
AMC,2021-05-20,125.9000015258789,125.5,129.89999389648438,120.30000305175781,6141970
AMC,2021-05-21,126.0999984741211,120.80000305175781,128.39999389648438,120.5,5393770
AMC,2021-05-24,123.80000305175781,136.8000030517578,139.60000610351562,121.69999694824219,11331920
AMC,2021-05-25,136.10000610351562,164.10000610351562,166.6999969482422,135.5,21364410
AMC,2021-05-26,177.60000610351562,195.60000610351562,199.5,172.60000610351562,37906410
AMC,2021-05-27,186.10000610351562,265.20001220703125,297.6000061035156,183.10000610351562,70554570
AMC,2021-05-28,318.1000061035156,261.20001220703125,367.20001220703125,241.6999969482422,66062360
AMC,2021-06-01,318.8999938964844,320.3999938964844,335.29998779296875,285.29998779296875,50869460
AMC,2021-06-02,375.20001220703125,625.5,726.2000122070312,355.8999938964844,76646250
AMC,2021-06-03,581.0,513.4000244140625,688.0,376.6000061035156,59814220
AMC,2021-06-04,487.8999938964844,479.1000061035156,574.7999877929688,460.3999938964844,33771010
AMC,2021-06-07,523.7999877929688,550.0,596.7999877929688,515.0,34909490
AMC,2021-06-08,571.5999755859375,550.5,606.2000122070312,527.7000122070312,21449030
AMC,2021-06-09,522.0,493.3999938964844,533.9000244140625,481.20001220703125,15036130
AMC,2021-06-10,479.29998779296875,428.1000061035156,515.0,397.1000061035156,22486060
AMC,2021-06-11,446.79998779296875,494.0,496.0,420.1000061035156,21800660
AMC,2021-06-14,518.2999877929688,570.0,605.5,515.2000122070312,30146730
AMC,2021-06-15,583.9000244140625,590.4000244140625,647.0999755859375,567.2999877929688,28558210
AMC,2021-06-16,561.4000244140625,551.7999877929688,573.4000244140625,518.5999755859375,16645070
AMC,2021-06-17,540.0,607.2999877929688,638.2999877929688,529.7999877929688,30357600
AMC,2021-06-18,612.5999755859375,592.5999755859375,649.5999755859375,568.5,24364590
AMC,2021-06-21,613.4000244140625,556.9000244140625,630.0999755859375,534.2999877929688,18587610
AMC,2021-06-22,541.0,582.7000122070312,587.4000244140625,510.5,16949410
AMC,2021-06-23,570.4000244140625,583.0,611.0,568.0,11629180
AMC,2021-06-24,579.7999877929688,567.0,587.5999755859375,556.5999755859375,8035120
AMC,2021-06-25,557.5,540.5999755859375,562.9000244140625,529.7000122070312,7759690
AMC,2021-06-28,551.0,581.0999755859375,593.5999755859375,543.2999877929688,9931020
AMC,2021-06-29,590.5999755859375,564.2999877929688,610.0,561.7999877929688,6360410
AMC,2021-06-30,560.0,566.7999877929688,581.7999877929688,546.5,5902060
AMC,2021-07-01,568.5999755859375,542.2000122070312,577.0999755859375,525.2999877929688,5754990
AMC,2021-07-02,527.7000122070312,519.5999755859375,532.5,477.70001220703125,9027150
AMC,2021-07-06,534.5999755859375,499.6000061035156,550.7000122070312,497.0,6237030
AMC,2021-07-07,477.0,450.70001220703125,489.8999938964844,428.0,9532020
AMC,2021-07-08,409.5,479.3999938964844,497.8999938964844,387.6000061035156,14507820
AMC,2021-07-09,483.70001220703125,461.8999938964844,489.20001220703125,458.20001220703125,5785860
AMC,2021-07-12,442.8999938964844,426.1000061035156,465.5,420.70001220703125,6298640
AMC,2021-07-13,405.70001220703125,393.5,421.3999938964844,387.0,8680730
AMC,2021-07-14,388.0,334.29998779296875,391.29998779296875,332.3999938964844,13783070
AMC,2021-07-15,322.0,360.0,374.0,321.3999938964844,19958450
AMC,2021-07-16,378.29998779296875,349.6000061035156,385.5,343.0,12682570
AMC,2021-07-19,329.5,346.20001220703125,353.3999938964844,311.5,11289130
AMC,2021-07-20,351.3999938964844,430.8999938964844,443.8999938964844,351.29998779296875,16867340
AMC,2021-07-21,418.0,407.79998779296875,465.5,401.1000061035156,15802370
AMC,2021-07-22,401.6000061035156,372.3999938964844,417.3999938964844,371.5,9398590
AMC,2021-07-23,377.79998779296875,369.8999938964844,384.0,346.8999938964844,8547480
AMC,2021-07-26,383.20001220703125,402.8999938964844,408.5,375.70001220703125,9797760
AMC,2021-07-27,399.8999938964844,380.1000061035156,403.0,370.6000061035156,5528890
AMC,2021-07-28,374.1000061035156,389.0,395.6000061035156,360.79998779296875,7102140
AMC,2021-07-29,380.0,381.29998779296875,402.5,374.70001220703125,5944620
AMC,2021-07-30,375.3999938964844,370.20001220703125,391.8999938964844,367.8999938964844,5299620
AMC,2021-08-02,375.79998779296875,352.0,384.79998779296875,350.1000061035156,5906170
AMC,2021-08-03,351.6000061035156,335.8999938964844,352.1000061035156,327.79998779296875,6174010
AMC,2021-08-04,344.29998779296875,298.3999938964844,352.3999938964844,298.1000061035156,8549660
AMC,2021-08-05,310.79998779296875,335.1000061035156,341.20001220703125,289.1000061035156,10856510
AMC,2021-08-06,334.20001220703125,327.0,335.79998779296875,315.70001220703125,5285880
AMC,2021-08-09,326.79998779296875,338.0,353.79998779296875,323.5,8105460
AMC,2021-08-10,369.0,317.5,371.6000061035156,314.3999938964844,11618150
AMC,2021-08-11,315.79998779296875,315.5,319.1000061035156,294.0,6968430
AMC,2021-08-12,309.1000061035156,330.70001220703125,341.0,307.5,7105000
AMC,2021-08-13,322.0,334.70001220703125,344.79998779296875,318.79998779296875,5799080
AMC,2021-08-16,338.5,356.8999938964844,361.79998779296875,327.1000061035156,8650660
AMC,2021-08-17,349.8999938964844,371.6000061035156,387.79998779296875,345.8999938964844,8686890
AMC,2021-08-18,373.20001220703125,365.5,387.0,364.8999938964844,5794800
AMC,2021-08-19,365.8999938964844,338.20001220703125,367.79998779296875,333.29998779296875,4792060
AMC,2021-08-20,339.0,344.1000061035156,346.0,322.0,5543260
AMC,2021-08-23,350.29998779296875,367.79998779296875,379.29998779296875,344.0,7531930
AMC,2021-08-24,371.8999938964844,442.6000061035156,482.0,363.5,22848960
AMC,2021-08-25,449.0,439.6000061035156,483.0,431.70001220703125,20927150
AMC,2021-08-26,427.8999938964844,403.1000061035156,447.79998779296875,400.70001220703125,10971020
AMC,2021-08-27,400.1000061035156,408.3999938964844,415.79998779296875,393.8999938964844,7250740
AMC,2021-08-30,417.79998779296875,433.29998779296875,457.1000061035156,412.79998779296875,10837090
AMC,2021-08-31,441.6000061035156,471.29998779296875,471.6000061035156,440.5,12765960
AMC,2021-09-01,471.6000061035156,436.8999938964844,478.5,430.5,8277240
AMC,2021-09-02,438.70001220703125,443.79998779296875,449.0,423.70001220703125,6784880
AMC,2021-09-03,435.3999938964844,440.20001220703125,448.0,424.70001220703125,5210950
AMC,2021-09-07,450.0,478.29998779296875,479.29998779296875,448.79998779296875,10213370
AMC,2021-09-08,470.29998779296875,474.0,494.0,457.29998779296875,9737290
AMC,2021-09-09,462.29998779296875,485.20001220703125,490.0,453.6000061035156,8596090
AMC,2021-09-10,491.5,501.6000061035156,517.0,489.5,9015270
AMC,2021-09-13,518.2000122070312,516.9000244140625,527.9000244140625,503.5,7511100
AMC,2021-09-14,509.0,473.0,515.5,469.6000061035156,6585030
AMC,2021-09-15,464.29998779296875,468.3999938964844,477.3999938964844,437.70001220703125,7621420
AMC,2021-09-16,464.79998779296875,460.3999938964844,486.8999938964844,459.5,5758190
AMC,2021-09-17,461.0,442.0,463.79998779296875,442.0,6854900
AMC,2021-09-20,419.5,402.8999938964844,433.29998779296875,385.29998779296875,7080760
AMC,2021-09-21,409.70001220703125,388.20001220703125,414.8999938964844,376.5,6469630
AMC,2021-09-22,385.0,400.79998779296875,405.70001220703125,377.3999938964844,5244130
AMC,2021-09-23,410.6000061035156,399.79998779296875,418.5,398.5,4127110
AMC,2021-09-24,398.1000061035156,400.1000061035156,405.20001220703125,392.5,3255590
AMC,2021-09-27,401.20001220703125,393.0,406.29998779296875,392.1000061035156,3122550
AMC,2021-09-28,389.0,369.8999938964844,391.29998779296875,368.79998779296875,3952330
AMC,2021-09-29,372.5,355.3999938964844,382.6000061035156,353.70001220703125,4300780
AMC,2021-09-30,351.8999938964844,380.6000061035156,417.79998779296875,337.3999938964844,10281980
AMC,2021-10-01,394.1000061035156,384.6000061035156,401.29998779296875,377.5,6591900
AMC,2021-10-04,389.0,367.70001220703125,390.29998779296875,363.29998779296875,3994320
AMC,2021-10-05,368.6000061035156,370.6000061035156,381.0,361.8999938964844,3770280
AMC,2021-10-06,363.6000061035156,368.29998779296875,376.5,356.3999938964844,3545050
AMC,2021-10-07,367.79998779296875,381.3999938964844,385.5,366.0,3770430
AMC,2021-10-08,379.20001220703125,371.8999938964844,387.79998779296875,370.6000061035156,2964310
AMC,2021-10-11,368.5,372.5,386.6000061035156,363.0,3735140
AMC,2021-10-12,372.5,368.20001220703125,375.70001220703125,362.20001220703125,2522340
AMC,2021-10-13,367.20001220703125,379.1000061035156,381.5,361.20001220703125,3348450
AMC,2021-10-14,378.0,400.70001220703125,411.0,377.5,6768820
AMC,2021-10-15,402.0,407.3999938964844,417.8999938964844,397.79998779296875,4652470
AMC,2021-10-18,408.0,430.29998779296875,436.29998779296875,404.8999938964844,5009630
AMC,2021-10-19,429.6000061035156,408.0,444.3999938964844,407.3999938964844,5276920
AMC,2021-10-20,406.5,408.79998779296875,417.5,403.0,3122000
AMC,2021-10-21,408.8999938964844,392.3999938964844,419.3999938964844,388.0,3397760
AMC,2021-10-22,373.1000061035156,366.0,376.70001220703125,359.6000061035156,4632420
AMC,2021-10-25,362.29998779296875,368.29998779296875,378.5,357.79998779296875,3090540
AMC,2021-10-26,365.29998779296875,360.5,374.0,357.79998779296875,2767480
AMC,2021-10-27,363.29998779296875,347.6000061035156,367.8999938964844,345.79998779296875,2590410
AMC,2021-10-28,350.8999938964844,352.29998779296875,360.70001220703125,348.6000061035156,2381220
AMC,2021-10-29,353.3999938964844,353.70001220703125,366.29998779296875,345.29998779296875,3284150
AMC,2021-11-01,356.5,370.70001220703125,371.8999938964844,353.8999938964844,3405460
AMC,2021-11-02,376.20001220703125,387.8999938964844,388.0,366.29998779296875,4436170
AMC,2021-11-03,409.8999938964844,407.8999938964844,442.1000061035156,388.79998779296875,8219800
AMC,2021-11-04,403.8999938964844,400.5,413.0,391.1000061035156,2855370
AMC,2021-11-05,411.6000061035156,417.0,419.70001220703125,399.29998779296875,4007700
AMC,2021-11-08,424.79998779296875,450.6000061035156,459.5,417.70001220703125,7034780
AMC,2021-11-09,424.29998779296875,399.29998779296875,426.0,392.5,3789350
AMC,2021-11-10,387.8999938964844,382.8999938964844,408.70001220703125,380.5,3246360
AMC,2021-11-11,380.0,394.6000061035156,402.0,375.0,3047410
AMC,2021-11-12,396.0,400.0,404.3999938964844,391.20001220703125,2362310
AMC,2021-11-15,403.5,426.79998779296875,432.29998779296875,402.1000061035156,3991880
AMC,2021-11-16,419.70001220703125,426.0,444.29998779296875,412.29998779296875,3838820
AMC,2021-11-17,423.3999938964844,421.29998779296875,440.0,420.20001220703125,2332200
AMC,2021-11-18,423.8999938964844,404.1000061035156,424.0,397.79998779296875,2526200
AMC,2021-11-19,402.0,408.70001220703125,413.79998779296875,396.6000061035156,2069230
AMC,2021-11-22,415.1000061035156,412.3999938964844,429.8999938964844,402.8999938964844,2883180
AMC,2021-11-23,412.5,391.6000061035156,420.29998779296875,380.70001220703125,2738650
AMC,2021-11-24,391.3999938964844,388.8999938964844,393.29998779296875,375.5,1827080
AMC,2021-11-26,362.8999938964844,376.29998779296875,381.6000061035156,361.29998779296875,1973180
AMC,2021-11-29,382.6000061035156,368.3999938964844,384.29998779296875,359.20001220703125,2406380
AMC,2021-11-30,367.70001220703125,339.3999938964844,370.5,327.5,4135480
AMC,2021-12-01,347.1000061035156,285.70001220703125,349.3999938964844,268.5,6329610
AMC,2021-12-02,292.70001220703125,302.79998779296875,312.20001220703125,270.1000061035156,5490130
AMC,2021-12-03,308.29998779296875,290.1000061035156,310.6000061035156,253.10000610351562,6618860
AMC,2021-12-06,281.0,287.8999938964844,304.70001220703125,271.5,4506740
AMC,2021-12-07,300.29998779296875,310.3999938964844,316.79998779296875,295.0,4792710
AMC,2021-12-08,307.79998779296875,323.5,339.20001220703125,297.70001220703125,4624150
AMC,2021-12-09,317.5,294.6000061035156,329.5,293.1000061035156,3655680
AMC,2021-12-10,293.5,274.3999938964844,299.29998779296875,260.0,5885890
AMC,2021-12-13,274.8999938964844,232.39999389648438,276.29998779296875,224.60000610351562,8419980
AMC,2021-12-14,209.10000610351562,245.0,251.1999969482422,208.0,10704580
AMC,2021-12-15,246.0,246.60000610351562,252.8000030517578,225.3000030517578,5320820
AMC,2021-12-16,253.5,244.5,258.70001220703125,240.8000030517578,4370240
AMC,2021-12-17,243.89999389648438,291.20001220703125,307.1000061035156,236.5,14475310
AMC,2021-12-20,289.6000061035156,297.0,307.0,281.1000061035156,6693820
AMC,2021-12-21,294.0,303.0,322.29998779296875,290.5,4685250
AMC,2021-12-22,299.3999938964844,286.79998779296875,304.79998779296875,280.3999938964844,3698380
AMC,2021-12-23,288.6000061035156,285.20001220703125,294.29998779296875,268.20001220703125,3700590
AMC,2021-12-27,283.5,287.0,293.8999938964844,270.1000061035156,3078560
AMC,2021-12-28,281.79998779296875,277.20001220703125,297.3999938964844,275.8999938964844,3158810
AMC,2021-12-29,277.5,279.5,283.5,266.20001220703125,3098340
AMC,2021-12-30,279.1000061035156,289.3999938964844,301.8999938964844,276.79998779296875,3605640
AMZN,2021-01-04,163.5,159.331497,163.600006,157.201004,88228000
AMZN,2021-01-05,158.300507,160.925507,161.169006,158.253006,53110000
AMZN,2021-01-06,157.324005,156.919006,159.875504,156.557999,87896000
AMZN,2021-01-07,157.850006,158.108002,160.427002,157.75,70290000
AMZN,2021-01-08,159.0,159.134995,159.531998,157.110001,70754000
AMZN,2021-01-11,157.400497,155.710495,157.819,155.5,73668000
AMZN,2021-01-12,156.0,156.041504,157.106995,154.300003,70292000
AMZN,2021-01-13,156.421997,158.294495,159.497498,156.104004,66424000
AMZN,2021-01-14,158.376007,156.373505,158.899994,156.029495,61418000
AMZN,2021-01-15,156.151001,155.212494,157.127502,154.758499,84880000
AMZN,2021-01-19,155.350006,156.037994,157.25,154.800003,66102000
AMZN,2021-01-20,159.099503,163.169006,163.990005,158.75,106196000
AMZN,2021-01-21,164.649994,165.349503,167.427505,164.4785,98722000
AMZN,2021-01-22,165.2155,164.611496,166.095505,164.158005,56438000
AMZN,2021-01-25,166.425003,164.699997,168.194504,162.157501,74996000
AMZN,2021-01-26,164.817993,166.306503,166.899994,164.143494,59104000
AMZN,2021-01-27,167.074493,161.628998,167.326004,160.354004,93204000
AMZN,2021-01-28,161.751999,161.880997,165.084,161.434494,62984000
AMZN,2021-01-29,161.5,160.309998,161.849503,159.227493,85872000
AMZN,2021-02-01,162.117996,167.143997,167.513,161.751495,83204000
AMZN,2021-02-02,169.0,169.0,171.386993,168.056503,141972000
AMZN,2021-02-03,171.250504,165.626495,171.699997,165.431,141776000
AMZN,2021-02-04,166.5,166.550003,167.350006,163.887497,73414000
AMZN,2021-02-05,165.949997,167.607498,168.850006,165.135498,72416000
AMZN,2021-02-08,167.925003,166.147003,168.25,165.199997,65148000
AMZN,2021-02-09,165.624496,165.25,166.899994,164.891998,44070000
AMZN,2021-02-10,165.699997,164.328995,165.897507,162.699997,63032000
AMZN,2021-02-11,164.600006,163.106506,164.600006,162.403,46028000
AMZN,2021-02-12,162.5,163.885498,164.012497,161.665497,46706000
AMZN,2021-02-16,162.702499,163.447495,165.414993,162.679504,51494000
AMZN,2021-02-17,163.179993,165.432007,166.045502,162.975006,65950000
AMZN,2021-02-18,164.121002,166.411499,166.899994,163.697006,60548000
AMZN,2021-02-19,166.411499,162.494995,166.675003,162.287506,86104000
AMZN,2021-02-22,160.406494,159.037003,161.615997,158.613007,70314000
AMZN,2021-02-23,156.351501,159.725006,160.236496,154.679993,93544000
AMZN,2021-02-24,158.337494,157.976501,158.561493,156.268997,60226000
AMZN,2021-02-25,156.837006,152.858002,158.912994,152.388,90676000
AMZN,2021-02-26,154.759995,154.6465,156.121994,151.835007,85518000
AMZN,2021-03-01,156.394501,157.307007,157.477997,154.899506,54582000
AMZN,2021-03-02,157.173492,154.726501,158.175995,154.356003,51916000
AMZN,2021-03-03,154.059006,150.25,155.389008,149.75,79774000
AMZN,2021-03-04,150.600006,148.878494,152.906494,147.2715,109632000
AMZN,2021-03-05,150.25,150.022995,150.449997,144.050003,107772000
AMZN,2021-03-08,150.75,147.597504,153.229507,147.565506,83700000
AMZN,2021-03-09,150.899506,153.142502,154.548004,150.257507,80600000
AMZN,2021-03-10,154.922501,152.882004,155.822998,151.502502,60250000
AMZN,2021-03-11,155.2005,155.679504,156.589005,154.1465,55528000
AMZN,2021-03-12,153.75,154.474503,154.949005,152.274994,48438000
AMZN,2021-03-15,153.7285,154.084,154.112,151.604507,58272000
AMZN,2021-03-16,155.248505,154.593002,156.445496,153.792999,50776000
AMZN,2021-03-17,153.660995,156.786499,158.652496,153.511002,62372000
AMZN,2021-03-18,155.050003,151.399506,155.831497,151.25,72992000
AMZN,2021-03-19,151.461502,153.748001,153.864502,150.831497,92508000
AMZN,2021-03-22,153.392502,155.543503,156.328995,153.002502,58044000
AMZN,2021-03-23,156.350006,156.875,159.100006,156.042496,76346000
AMZN,2021-03-24,157.552002,154.3535,158.015503,154.257507,59180000
AMZN,2021-03-25,153.649506,152.313004,155.488998,151.856995,71270000
AMZN,2021-03-26,152.203003,152.601501,152.832993,149.800003,66258000
AMZN,2021-03-29,152.772003,153.786499,154.5625,151.422501,54920000
AMZN,2021-03-30,153.500504,152.764496,153.649994,151.699997,46752000
AMZN,2021-03-31,153.203003,154.703995,155.966507,153.125,61878000
AMZN,2021-04-01,155.897003,158.050003,158.121994,155.777496,58806000
AMZN,2021-04-05,158.649994,161.336502,161.798004,158.061996,66698000
AMZN,2021-04-06,161.1875,161.190994,162.365494,160.852005,50756000
AMZN,2021-04-07,161.690002,163.969498,165.180496,161.182495,66924000
AMZN,2021-04-08,165.544998,164.964996,166.225006,164.600006,56242000
AMZN,2021-04-09,165.235001,168.610001,168.610001,164.445007,86830000
AMZN,2021-04-12,167.760498,168.969498,169.751999,167.557495,65636000
AMZN,2021-04-13,170.042496,170.0,171.600006,169.781494,66316000
AMZN,2021-04-14,170.201996,166.649994,170.206497,166.300003,62904000
AMZN,2021-04-15,168.550003,168.954498,169.850006,167.600006,64672000
AMZN,2021-04-16,169.0,169.972,170.339996,167.779495,63720000
AMZN,2021-04-19,169.516495,168.600494,171.796494,168.007996,54508000
AMZN,2021-04-20,168.679993,166.734497,169.149506,165.800003,52460000
AMZN,2021-04-21,165.800003,168.100998,168.143005,165.190506,44224000
AMZN,2021-04-22,168.584,165.451996,168.643494,165.072495,51612000
AMZN,2021-04-23,165.955002,167.044006,168.75,165.425003,63856000
AMZN,2021-04-26,167.399994,170.449997,171.422501,166.546997,97614000
AMZN,2021-04-27,172.173492,170.871506,173.0,169.900497,76542000
AMZN,2021-04-28,171.740005,172.925003,174.494003,171.25,92638000
AMZN,2021-04-29,175.255005,173.565506,175.722504,171.75,153648000
AMZN,2021-04-30,176.255997,173.371002,177.699997,173.125,140186000
AMZN,2021-05-03,174.236496,169.324493,174.332504,168.634995,117510000
AMZN,2021-05-04,167.809494,165.593506,168.399002,163.606506,108788000
AMZN,2021-05-05,166.942993,163.526993,167.735001,163.218002,74226000
AMZN,2021-05-06,163.5,165.318497,165.720001,162.360001,88954000
AMZN,2021-05-07,165.954498,164.580505,166.544495,164.453506,94206000
AMZN,2021-05-10,164.115997,159.524506,164.149994,159.5,116772000
AMZN,2021-05-11,156.813995,161.195496,161.899994,156.3685,92396000
AMZN,2021-05-12,159.25,157.597,160.397003,156.654999,98728000
AMZN,2021-05-13,159.273499,158.073502,160.192001,156.649994,67018000
AMZN,2021-05-14,159.278,161.145004,161.442993,159.149994,66500000
AMZN,2021-05-17,162.296494,163.519501,164.637497,161.729507,74478000
AMZN,2021-05-18,164.628998,161.613998,165.600006,161.518494,56568000
AMZN,2021-05-19,159.75,161.589996,161.737503,159.199997,53594000
AMZN,2021-05-20,162.220001,162.384003,162.983994,161.809006,52664000
AMZN,2021-05-21,162.5,160.154007,162.834503,159.850494,82098000
AMZN,2021-05-24,160.774994,162.249496,162.897507,160.524994,48456000
AMZN,2021-05-25,163.333496,162.952499,163.990997,160.688004,65222000
AMZN,2021-05-26,163.729507,163.257996,164.786499,162.925507,47680000
AMZN,2021-05-27,162.800003,161.505493,163.018005,161.501999,51224000
AMZN,2021-05-28,162.100006,161.153503,162.399506,160.985001,46596000
AMZN,2021-06-01,162.175003,160.932495,162.548996,160.453003,48600000
AMZN,2021-06-02,161.154999,161.699493,161.75,160.399994,40290000
AMZN,2021-06-03,160.211502,159.350494,160.722,159.201508,47966000
AMZN,2021-06-04,160.600006,160.311005,161.050003,159.940506,44994000
AMZN,2021-06-07,159.866501,159.900497,160.399994,158.610001,44316000
AMZN,2021-06-08,161.130493,163.205505,163.976501,160.900497,68334000
AMZN,2021-06-09,163.643494,164.057495,164.878998,163.535004,49110000
AMZN,2021-06-10,164.100494,167.482498,167.550003,164.057495,69530000
AMZN,2021-06-11,167.482498,167.341507,168.328995,166.672501,56348000
AMZN,2021-06-14,167.341507,169.193497,169.25,166.774994,51394000
AMZN,2021-06-15,169.199997,169.156494,169.849503,168.155502,48524000
AMZN,2021-06-16,169.600006,170.762497,171.317505,168.026505,84056000
AMZN,2021-06-17,170.158997,174.462006,174.860001,170.050003,102730000
AMZN,2021-06-18,173.999496,174.345001,175.350006,173.685501,104954000
AMZN,2021-06-21,173.820999,172.697998,174.100006,171.699997,65542000
AMZN,2021-06-22,172.903,175.272003,176.188995,172.804504,66902000
AMZN,2021-06-23,175.25,175.190994,176.050003,174.160004,56266000
AMZN,2021-06-24,175.382004,172.453995,176.242996,171.542496,76640000
AMZN,2021-06-25,173.199997,170.072998,173.240997,169.709,78820000
AMZN,2021-06-28,170.800003,172.194504,172.399994,170.675507,44856000
AMZN,2021-06-29,171.940994,172.406998,172.801498,171.151505,41968000
AMZN,2021-06-30,172.052994,172.007996,173.580002,171.75,48080000
AMZN,2021-07-01,171.730499,171.648499,172.850006,170.470993,40742000
AMZN,2021-07-02,172.582001,175.548996,175.585999,171.845993,63388000
AMZN,2021-07-06,176.505493,183.787003,184.274002,176.449997,134896000
AMZN,2021-07-07,185.869003,184.828995,186.710007,183.945496,106562000
AMZN,2021-07-08,182.177994,186.570496,187.999496,181.056,103612000
AMZN,2021-07-09,186.126007,185.966995,187.399994,184.669998,74964000
AMZN,2021-07-12,187.199997,185.927505,187.864502,184.839493,51432000
AMZN,2021-07-13,185.104996,183.867996,188.654007,183.565994,76918000
AMZN,2021-07-14,185.442505,184.084,185.882996,183.041504,65932000
AMZN,2021-07-15,184.710007,181.559998,184.770004,181.046005,63706000
AMZN,2021-07-16,181.665497,178.681503,182.302994,178.522995,80874000
AMZN,2021-07-19,176.628998,177.479507,177.510498,174.957993,75692000
AMZN,2021-07-20,178.365997,178.6595,179.600006,175.899994,65114000
AMZN,2021-07-21,178.819,179.259995,179.322495,177.182007,46380000
AMZN,2021-07-22,179.361496,181.901505,182.001007,179.113495,65308000
AMZN,2021-07-23,182.0,182.832001,183.305496,181.102005,48726000
AMZN,2021-07-26,183.658493,184.990997,185.604004,182.362503,58002000
AMZN,2021-07-27,184.925003,181.319504,184.925003,179.307495,82638000
AMZN,2021-07-28,181.688995,181.516006,182.921005,180.050003,59988000
AMZN,2021-07-29,181.387497,179.996002,181.897507,179.000504,110400000
AMZN,2021-07-30,167.397507,166.379501,168.406998,165.348999,199312000
AMZN,2021-08-02,167.654999,166.574005,167.945999,165.850006,67078000
AMZN,2021-08-03,167.035995,168.311996,169.550003,164.988495,83146000
AMZN,2021-08-04,168.967499,167.735992,169.444,167.278,43678000
AMZN,2021-08-05,167.811005,168.7995,169.449997,167.046005,48670000
AMZN,2021-08-06,168.75,167.246994,168.75,166.451996,52752000
AMZN,2021-08-09,167.180496,167.093506,167.744003,166.425995,42964000
AMZN,2021-08-10,167.250504,166.033997,167.899994,165.75,48252000
AMZN,2021-08-11,166.572495,164.605499,166.884995,163.889496,58944000
AMZN,2021-08-12,164.5,165.175003,165.725494,163.483505,46282000
AMZN,2021-08-13,165.283493,164.698502,165.303497,164.149994,41134000
AMZN,2021-08-16,164.149994,164.949493,165.0,160.556503,66394000
AMZN,2021-08-17,163.875,162.098007,164.024506,161.283997,67758000
AMZN,2021-08-18,162.099503,160.061005,162.705002,160.0,56086000
AMZN,2021-08-19,159.701004,159.387497,161.649994,159.123001,75658000
AMZN,2021-08-20,160.193497,159.997498,160.390503,158.787994,67168000
AMZN,2021-08-23,160.595001,163.293503,164.044998,160.500504,65362000
AMZN,2021-08-24,164.0,165.289001,165.774506,163.729004,51036000
AMZN,2021-08-25,165.4935,164.959,166.050003,164.307495,33606000
AMZN,2021-08-26,164.949997,165.800003,166.600006,164.800003,41976000
AMZN,2021-08-27,166.661499,167.481506,167.615997,165.6875,48048000
AMZN,2021-08-30,167.871506,171.078506,172.25,167.761002,63844000
AMZN,2021-08-31,171.240005,173.539505,173.628998,169.779495,87128000
AMZN,2021-09-01,174.820007,173.949997,176.350006,173.761993,72598000
AMZN,2021-09-02,174.738007,173.156006,175.598007,172.75,58474000
AMZN,2021-09-03,172.600006,173.902496,174.133499,171.822006,51514000
AMZN,2021-09-07,173.899994,175.464493,176.404495,173.847,54758000
AMZN,2021-09-08,175.582504,176.274994,177.281494,174.783493,61068000
AMZN,2021-09-09,176.300995,174.207993,177.499496,174.018494,54384000
AMZN,2021-09-10,175.091507,173.457504,175.422501,173.145493,47946000
AMZN,2021-09-13,174.139999,172.858505,174.897995,171.899994,51380000
AMZN,2021-09-14,173.777496,172.5,174.3405,171.885498,38738000
AMZN,2021-09-15,172.126007,173.789505,174.270996,170.100494,59150000
AMZN,2021-09-16,172.998001,174.412003,174.627502,172.307007,51672000
AMZN,2021-09-17,174.420502,173.126007,174.870499,172.606506,92332000
AMZN,2021-09-20,169.800003,167.786499,170.949997,165.250504,93382000
AMZN,2021-09-21,168.75,167.181503,168.985001,166.619507,55618000
AMZN,2021-09-22,167.550003,169.002502,169.449997,167.052505,48228000
AMZN,2021-09-23,169.002502,170.800003,171.447998,169.002502,47588000
AMZN,2021-09-24,170.100494,171.276001,171.462997,169.669998,42324000
AMZN,2021-09-27,168.574997,170.289993,170.778503,166.980499,72690000
AMZN,2021-09-28,167.885498,165.798004,168.459503,164.505005,88616000
AMZN,2021-09-29,166.105499,165.056,167.565002,164.893494,51246000
AMZN,2021-09-30,165.800003,164.251999,166.392502,163.699493,56848000
AMZN,2021-10-01,164.4505,164.162994,165.458496,162.796997,56712000
AMZN,2021-10-04,163.969498,159.488998,163.999496,158.8125,90462000
AMZN,2021-10-05,160.225006,161.050003,163.036499,160.123001,65384000
AMZN,2021-10-06,160.676498,163.100494,163.216995,159.931,50660000
AMZN,2021-10-07,164.576996,165.121506,166.287506,164.153,48182000
AMZN,2021-10-08,165.850006,164.431,166.071503,164.410004,39964000
AMZN,2021-10-11,163.75,162.315002,164.629501,161.904999,40684000
AMZN,2021-10-12,162.850006,162.366501,163.376495,161.813995,36392000
AMZN,2021-10-13,163.485504,164.214005,164.419006,163.054504,48402000
AMZN,2021-10-14,165.122498,164.992996,165.630005,164.539001,42190000
AMZN,2021-10-15,165.570999,170.451004,170.520996,165.199997,103598000
AMZN,2021-10-18,169.417999,172.337006,172.458496,169.255005,63482000
AMZN,2021-10-19,171.714493,172.207504,172.734497,171.100006,47722000
AMZN,2021-10-20,172.632996,170.753006,173.143005,170.018494,42796000
AMZN,2021-10-21,170.712494,171.750504,172.014008,170.149994,37628000
AMZN,2021-10-22,171.050003,166.777496,171.492004,166.565002,62782000
AMZN,2021-10-25,166.75,166.018494,167.389999,164.884995,44520000
AMZN,2021-10-26,167.475494,168.803497,170.806,167.199005,53966000
AMZN,2021-10-27,169.399994,169.624496,171.850006,168.572495,54044000
AMZN,2021-10-28,170.104996,172.328506,173.949997,169.300003,114174000
AMZN,2021-10-29,165.001007,168.621506,168.740997,163.666,129722000
AMZN,2021-11-01,168.089996,165.905502,168.792999,164.600998,72178000
AMZN,2021-11-02,165.750504,165.637497,166.556,164.177505,52552000
AMZN,2021-11-03,165.449997,169.199997,169.746002,164.876007,67944000
AMZN,2021-11-04,168.5,173.850006,174.931503,168.25,107060000
AMZN,2021-11-05,173.850006,175.949493,178.3125,173.848999,99940000
AMZN,2021-11-08,176.162003,174.449005,178.949997,174.393005,61480000
AMZN,2021-11-09,175.762497,178.811493,179.688507,175.071503,85898000
AMZN,2021-11-10,178.193497,174.102493,180.272507,173.154495,80548000
AMZN,2021-11-11,175.649994,173.625,177.162003,173.373505,45288000
AMZN,2021-11-12,174.25,176.257507,177.036499,172.352493,53788000
AMZN,2021-11-15,176.850006,177.283997,179.694,176.290497,58594000
AMZN,2021-11-16,176.949997,177.035004,178.824997,176.257507,44342000
AMZN,2021-11-17,178.235992,177.449997,179.362503,177.267502,51206000
AMZN,2021-11-18,178.317505,184.802994,185.210007,178.050003,114070000
AMZN,2021-11-19,185.634506,183.828506,188.107498,183.785995,98734000
AMZN,2021-11-22,183.819,178.628494,185.673004,178.375,96844000
AMZN,2021-11-23,179.251999,179.001999,181.052505,176.385498,73804000
AMZN,2021-11-24,178.133499,179.020493,180.682007,176.842499,46560000
AMZN,2021-11-26,180.104996,175.227997,181.675003,175.207504,59826000
AMZN,2021-11-29,177.382004,178.078506,179.800003,176.574997,65312000
AMZN,2021-11-30,178.175003,175.3535,179.288498,174.600494,80022000
AMZN,2021-12-01,177.25,172.186005,177.994003,172.080002,74916000
AMZN,2021-12-02,173.0,171.867996,174.634995,171.1875,64726000
AMZN,2021-12-03,172.75,169.489502,173.4935,166.929993,80712000
AMZN,2021-12-06,169.649994,171.3685,173.695496,166.934494,68860000
AMZN,2021-12-07,174.600006,176.164505,177.499496,173.334503,66410000
AMZN,2021-12-08,176.150497,176.158005,177.179993,174.750504,45254000
AMZN,2021-12-09,175.75,174.171005,176.969498,174.139496,46062000
AMZN,2021-12-10,175.417007,172.212006,175.927002,170.5,60690000
AMZN,2021-12-13,172.0,169.567505,172.100006,169.130005,62170000
AMZN,2021-12-14,167.550003,169.091507,169.498993,166.440002,55976000
AMZN,2021-12-15,168.598007,173.315002,173.600006,165.195007,75794000
AMZN,2021-12-16,173.3685,168.871002,174.166,168.160507,60876000
AMZN,2021-12-17,167.710495,170.017502,170.898499,165.613495,85542000
AMZN,2021-12-20,166.850006,167.078995,167.874496,165.600006,57372000
AMZN,2021-12-21,167.850494,170.417007,170.716507,165.647507,55956000
AMZN,2021-12-22,169.270004,171.037003,172.050003,168.500504,55036000
AMZN,2021-12-23,170.427994,171.068497,171.975006,170.149994,36788000
AMZN,2021-12-27,171.037003,169.669495,172.942993,169.2155,58688000
AMZN,2021-12-28,170.182495,170.660995,172.175995,169.135498,54638000
AMZN,2021-12-29,170.839996,169.201004,171.212006,168.600494,35754000
AMZN,2021-12-30,169.699997,168.644501,170.888,168.524002,37584000
AMZN,2021-12-31,168.955994,166.716995,169.350006,166.558502,47830000
CRM,2021-01-04,222.639999,220.309998,223.75,215.720001,10319900
CRM,2021-01-05,219.490005,221.520004,223.0,217.990005,8657200
CRM,2021-01-06,218.0,216.149994,220.460007,215.779999,9789800
CRM,2021-01-07,217.029999,217.979996,220.660004,216.5,8443100
CRM,2021-01-08,220.0,222.039993,222.320007,219.220001,7301700
CRM,2021-01-11,219.630005,218.25,220.580002,216.229996,7199000
CRM,2021-01-12,218.0,215.520004,218.300003,214.089996,10736000
CRM,2021-01-13,217.0,218.179993,218.899994,215.529999,6839200
CRM,2021-01-14,218.229996,215.600006,219.5,215.550003,6548000
CRM,2021-01-15,216.169998,213.139999,217.869995,212.990005,8525600
CRM,2021-01-19,215.350006,216.759995,217.279999,213.699997,7753800
CRM,2021-01-20,221.990005,223.440002,224.639999,219.970001,9857700
CRM,2021-01-21,223.690002,222.169998,224.740005,220.820007,6785900
CRM,2021-01-22,224.899994,225.770004,227.789993,223.75,10186100
CRM,2021-01-25,229.690002,225.919998,230.300003,221.320007,8213500
CRM,2021-01-26,227.800003,226.259995,227.910004,224.539993,5021000
CRM,2021-01-27,223.699997,224.779999,227.809998,221.580002,7641100
CRM,2021-01-28,225.0,226.5,229.600006,225.0,7246000
CRM,2021-01-29,224.660004,225.559998,228.789993,223.020004,6473000
CRM,2021-02-01,227.210007,228.460007,229.899994,224.75,5696700
CRM,2021-02-02,231.470001,234.199997,235.949997,231.380005,7134900
CRM,2021-02-03,235.0,234.820007,236.0,232.259995,5357600
CRM,2021-02-04,235.520004,237.979996,238.229996,235.470001,4770700
CRM,2021-02-05,239.149994,238.889999,239.360001,236.410004,5020000
CRM,2021-02-08,239.509995,238.929993,241.110001,237.130005,4336400
CRM,2021-02-09,239.559998,236.699997,240.080002,236.240005,5157200
CRM,2021-02-10,237.449997,236.720001,238.220001,233.960007,5535600
CRM,2021-02-11,238.929993,241.240005,242.889999,238.580002,6091600
CRM,2021-02-12,240.949997,240.369995,241.559998,238.910004,4314400
CRM,2021-02-16,245.0,248.589996,251.229996,243.800003,10837600
CRM,2021-02-17,248.589996,247.660004,249.5,245.5,5879200
CRM,2021-02-18,245.970001,247.009995,248.009995,242.570007,4152800
CRM,2021-02-19,248.0,246.559998,249.389999,245.979996,4647700
CRM,2021-02-22,244.259995,240.949997,244.520004,240.380005,5055000
CRM,2021-02-23,235.259995,235.639999,238.960007,229.009995,8641600
CRM,2021-02-24,235.529999,240.470001,241.5,231.509995,6128300
CRM,2021-02-25,238.529999,231.080002,240.350006,229.770004,8828900
CRM,2021-02-26,229.389999,216.5,230.5,216.339996,20372900
CRM,2021-03-01,219.899994,217.539993,220.199997,215.029999,14027700
CRM,2021-03-02,218.399994,213.470001,218.600006,213.339996,10211500
CRM,2021-03-03,212.830002,206.0,213.320007,205.399994,11459000
CRM,2021-03-04,206.839996,205.330002,209.089996,201.509995,12800500
CRM,2021-03-05,210.009995,210.759995,212.350006,203.220001,11406000
CRM,2021-03-08,213.619995,207.720001,214.899994,207.570007,9576400
CRM,2021-03-09,212.179993,211.529999,215.789993,211.169998,9732200
CRM,2021-03-10,214.720001,211.960007,216.149994,211.770004,7186400
CRM,2021-03-11,215.0,215.949997,218.169998,214.350006,6431000
CRM,2021-03-12,213.449997,212.210007,213.850006,209.300003,6114600
CRM,2021-03-15,211.850006,212.800003,212.940002,209.5,5733700
CRM,2021-03-16,214.839996,214.479996,216.690002,213.479996,5311000
CRM,2021-03-17,213.520004,213.119995,214.809998,210.860001,5805100
CRM,2021-03-18,210.699997,209.479996,211.380005,208.399994,5580100
CRM,2021-03-19,209.809998,212.199997,212.75,209.070007,7088400
CRM,2021-03-22,211.479996,215.169998,216.979996,211.369995,5002500
CRM,2021-03-23,214.759995,215.0,217.429993,214.330002,4578000
CRM,2021-03-24,215.130005,209.529999,215.279999,209.410004,4617700
CRM,2021-03-25,206.169998,205.440002,208.169998,204.369995,7977200
CRM,2021-03-26,205.639999,209.089996,209.410004,204.770004,7333200
CRM,2021-03-29,209.009995,210.770004,211.649994,205.990005,5686900
CRM,2021-03-30,208.639999,210.0,211.289993,207.360001,4717900
CRM,2021-03-31,210.440002,211.869995,213.669998,210.110001,6838000
CRM,2021-04-01,213.600006,218.720001,218.929993,213.369995,7763500
CRM,2021-04-05,219.610001,220.289993,221.839996,218.929993,5553200
CRM,2021-04-06,219.820007,221.089996,221.550003,218.25,5448500
CRM,2021-04-07,221.960007,220.789993,222.679993,219.389999,4403400
CRM,2021-04-08,223.0,224.449997,225.710007,222.449997,6169100
CRM,2021-04-09,224.330002,231.279999,231.309998,223.630005,7319300
CRM,2021-04-12,229.520004,228.759995,229.850006,227.149994,6205700
CRM,2021-04-13,229.0,232.0,233.490005,228.5,5397100
CRM,2021-04-14,232.850006,228.020004,233.139999,227.660004,4617600
CRM,2021-04-15,229.869995,233.0,233.080002,229.5,5073900
CRM,2021-04-16,234.0,231.910004,234.0,229.889999,5088700
CRM,2021-04-19,230.830002,230.5,232.199997,228.869995,4257700
CRM,2021-04-20,230.0,227.960007,231.449997,226.889999,4081200
CRM,2021-04-21,227.110001,230.559998,230.789993,226.669998,4024000
CRM,2021-04-22,230.0,231.350006,233.889999,229.009995,4975400
CRM,2021-04-23,232.940002,233.509995,235.490005,231.75,5447100
CRM,2021-04-26,234.039993,235.460007,235.800003,232.419998,3459600
CRM,2021-04-27,235.460007,234.210007,235.899994,231.910004,3445200
CRM,2021-04-28,235.0,236.880005,238.330002,233.529999,4274500
CRM,2021-04-29,237.320007,234.360001,237.669998,232.169998,4140800
CRM,2021-04-30,232.800003,230.320007,234.5,229.520004,5024800
CRM,2021-05-03,230.770004,223.759995,231.460007,223.070007,5835700
CRM,2021-05-04,221.669998,217.179993,222.0,214.360001,6727500
CRM,2021-05-05,218.820007,215.399994,219.570007,214.839996,4205800
CRM,2021-05-06,215.809998,218.050003,218.279999,213.5,5200000
CRM,2021-05-07,220.509995,216.5,221.25,215.089996,5774700
CRM,2021-05-10,215.5,213.889999,215.960007,213.229996,5263700
CRM,2021-05-11,209.0,215.559998,216.570007,208.910004,6097900
CRM,2021-05-12,213.339996,210.539993,213.369995,209.0,5482500
CRM,2021-05-13,212.970001,211.860001,215.639999,210.470001,5337000
CRM,2021-05-14,214.190002,217.660004,218.270004,214.149994,4429000
CRM,2021-05-17,216.589996,215.059998,217.720001,212.820007,3816100
CRM,2021-05-18,215.440002,214.330002,217.350006,213.789993,3540600
CRM,2021-05-19,215.850006,221.339996,221.600006,214.509995,8092100
CRM,2021-05-20,222.979996,223.779999,226.830002,222.360001,6705500
CRM,2021-05-21,225.210007,222.580002,225.779999,222.440002,4913600
CRM,2021-05-24,225.0,226.990005,227.600006,224.210007,5288300
CRM,2021-05-25,228.0,227.710007,229.720001,226.279999,6256300
CRM,2021-05-26,228.479996,229.679993,230.240005,228.289993,5807100
CRM,2021-05-27,229.520004,225.830002,229.520004,225.389999,15344100
CRM,2021-05-28,239.220001,238.100006,243.5,237.830002,17810800
CRM,2021-06-01,238.0,236.199997,238.399994,232.460007,8103900
CRM,2021-06-02,234.399994,234.619995,238.289993,233.899994,5543900
CRM,2021-06-03,232.889999,230.839996,233.179993,229.429993,5109000
CRM,2021-06-04,231.630005,237.479996,237.889999,231.520004,6177600
CRM,2021-06-07,236.600006,238.139999,239.470001,235.839996,3510800
CRM,2021-06-08,238.800003,236.419998,241.789993,235.669998,5827300
CRM,2021-06-09,238.869995,236.089996,238.869995,235.509995,3350900
CRM,2021-06-10,236.0,240.190002,240.289993,235.149994,4659500
CRM,2021-06-11,239.029999,240.309998,240.369995,238.410004,4624200
CRM,2021-06-14,240.699997,246.259995,246.639999,240.479996,6764700
CRM,2021-06-15,245.210007,242.580002,245.360001,242.009995,5135300
CRM,2021-06-16,242.0,242.389999,245.009995,239.479996,5099300
CRM,2021-06-17,242.0,244.429993,247.179993,241.199997,5170200
CRM,2021-06-18,241.850006,242.779999,246.009995,241.059998,7822200
CRM,2021-06-21,243.449997,244.479996,244.720001,238.889999,5895100
CRM,2021-06-22,243.800003,243.110001,244.720001,240.889999,4457200
CRM,2021-06-23,243.75,241.839996,244.5,240.850006,4482400
CRM,2021-06-24,243.350006,243.770004,247.690002,242.699997,4987300
CRM,2021-06-25,244.190002,241.869995,244.199997,240.990005,15409300
CRM,2021-06-28,244.210007,244.570007,247.589996,243.600006,4274900
CRM,2021-06-29,244.440002,245.809998,246.779999,242.429993,3871900
CRM,2021-06-30,245.479996,244.270004,246.630005,243.5,4168800
CRM,2021-07-01,244.5,244.979996,246.589996,242.619995,3899600
CRM,2021-07-02,246.919998,248.199997,248.960007,245.839996,4056200
CRM,2021-07-06,249.0,250.25,252.919998,248.380005,5590200
CRM,2021-07-07,253.0,248.440002,253.5,247.860001,5101400
CRM,2021-07-08,244.839996,245.800003,246.580002,241.740005,5159600
CRM,2021-07-09,245.589996,245.059998,248.0,244.089996,4213500
CRM,2021-07-12,247.220001,242.910004,247.259995,241.850006,5604500
CRM,2021-07-13,242.289993,244.020004,247.160004,241.679993,6699800
CRM,2021-07-14,244.5,242.429993,246.149994,239.869995,6375700
CRM,2021-07-15,241.220001,237.580002,242.029999,235.820007,7912600
CRM,2021-07-16,238.300003,238.429993,240.880005,237.770004,7288100
CRM,2021-07-19,236.509995,237.550003,238.5,234.309998,8843000
CRM,2021-07-20,238.699997,240.110001,243.179993,236.270004,8487000
CRM,2021-07-21,241.440002,242.110001,242.979996,238.270004,15323100
CRM,2021-07-22,243.5,248.279999,248.699997,243.339996,7868700
CRM,2021-07-23,250.0,248.25,250.559998,246.679993,5877300
CRM,2021-07-26,248.199997,247.600006,248.479996,245.820007,3960700
CRM,2021-07-27,247.210007,243.509995,248.130005,241.190002,6352500
CRM,2021-07-28,243.820007,243.960007,246.080002,243.0,4100200
CRM,2021-07-29,243.490005,244.039993,246.160004,243.490005,3271100
CRM,2021-07-30,243.0,241.929993,244.240005,241.630005,3748400
CRM,2021-08-02,242.309998,240.860001,242.470001,238.880005,3525700
CRM,2021-08-03,241.380005,241.130005,243.050003,239.039993,3077900
CRM,2021-08-04,241.619995,244.169998,244.649994,239.669998,4121600
CRM,2021-08-05,244.679993,250.559998,250.899994,243.539993,5235200
CRM,2021-08-06,249.229996,250.589996,252.080002,249.220001,4045400
CRM,2021-08-09,251.419998,249.320007,252.419998,247.850006,3312200
CRM,2021-08-10,250.869995,243.389999,251.25,243.039993,4430600
CRM,2021-08-11,244.669998,242.279999,246.149994,240.100006,3999200
CRM,2021-08-12,242.5,248.389999,248.429993,241.929993,4467400
CRM,2021-08-13,251.710007,251.559998,253.770004,248.869995,5986400
CRM,2021-08-16,250.169998,249.199997,251.0,244.470001,4047500
CRM,2021-08-17,248.259995,246.990005,249.199997,245.940002,3472600
CRM,2021-08-18,248.0,251.220001,256.799988,247.720001,8306700
CRM,2021-08-19,249.169998,253.070007,255.440002,248.380005,6600800
CRM,2021-08-20,253.0,256.130005,257.869995,252.610001,5510700
CRM,2021-08-23,257.0,260.519989,261.859985,256.570007,7603900
CRM,2021-08-24,261.920013,259.660004,262.5,259.059998,6685200
CRM,2021-08-25,260.859985,260.850006,261.899994,258.75,9701000
CRM,2021-08-26,269.799988,267.790009,275.220001,267.359985,18987000
CRM,2021-08-27,267.859985,266.529999,270.910004,265.429993,7992500
CRM,2021-08-30,265.809998,264.970001,267.579987,264.75,5730000
CRM,2021-08-31,264.769989,265.269989,266.769989,262.700012,5901500
CRM,2021-09-01,266.269989,268.320007,273.26001,265.589996,7189000
CRM,2021-09-02,269.0,264.149994,269.26001,263.920013,4498300
CRM,2021-09-03,263.600006,267.079987,267.410004,261.799988,7356700
CRM,2021-09-07,266.540009,265.209991,267.899994,264.070007,4672500
CRM,2021-09-08,263.619995,262.619995,264.339996,261.579987,3851500
CRM,2021-09-09,261.820007,260.73999,263.709991,260.450012,4126500
CRM,2021-09-10,261.0,257.200012,261.589996,256.5,5280900
CRM,2021-09-13,257.0,254.110001,257.690002,252.190002,5258200
CRM,2021-09-14,254.110001,254.369995,255.110001,253.0,4097500
CRM,2021-09-15,254.539993,256.160004,256.75,252.949997,4764600
CRM,2021-09-16,255.529999,260.359985,261.220001,255.0,5122600
CRM,2021-09-17,259.269989,260.529999,261.700012,258.679993,7049400
CRM,2021-09-20,256.589996,258.220001,259.209991,254.940002,5985500
CRM,2021-09-21,259.470001,257.970001,262.549988,257.769989,6040600
CRM,2021-09-22,258.899994,259.170013,260.359985,256.209991,4355600
CRM,2021-09-23,270.0,277.859985,279.390015,266.399994,15617200
CRM,2021-09-24,278.5,285.630005,286.359985,278.209991,13368300
CRM,2021-09-27,282.440002,279.679993,283.76001,279.040009,5941100
CRM,2021-09-28,275.109985,272.279999,276.700012,270.040009,7127100
CRM,2021-09-29,273.48999,270.5,274.679993,269.23999,4361900
CRM,2021-09-30,270.649994,271.220001,274.26001,270.440002,5224200
CRM,2021-10-01,271.5,275.26001,276.339996,268.769989,4756000
CRM,2021-10-04,275.220001,270.859985,275.299988,266.140015,6393800
CRM,2021-10-05,272.109985,271.769989,273.549988,271.029999,4050400
CRM,2021-10-06,269.670013,275.269989,275.48999,267.5,4745500
CRM,2021-10-07,276.899994,274.579987,279.5,274.079987,5374200
CRM,2021-10-08,275.540009,272.480011,276.920013,272.269989,2683300
CRM,2021-10-11,271.779999,273.75,276.269989,271.51001,2693000
CRM,2021-10-12,276.420013,279.0,280.75,276.019989,5970100
CRM,2021-10-13,280.0,284.410004,285.100006,278.600006,6573500
CRM,2021-10-14,286.0,290.019989,290.640015,284.660004,5433900
CRM,2021-10-15,292.48999,291.660004,292.869995,289.320007,5119300
CRM,2021-10-18,290.779999,291.700012,293.25,288.709991,5163300
CRM,2021-10-19,292.100006,292.339996,295.529999,291.359985,3631200
CRM,2021-10-20,293.109985,290.089996,295.410004,287.950012,4487900
CRM,2021-10-21,289.470001,289.809998,291.570007,288.269989,2828500
CRM,2021-10-22,289.0,292.559998,293.0,288.179993,2927000
CRM,2021-10-25,293.299988,293.920013,295.130005,291.720001,2993500
CRM,2021-10-26,295.779999,295.109985,298.359985,293.619995,3601400
CRM,2021-10-27,296.529999,295.149994,299.190002,295.089996,3742700
CRM,2021-10-28,295.070007,298.380005,298.809998,293.529999,3450400
CRM,2021-10-29,298.0,299.690002,300.779999,296.269989,4251900
CRM,2021-11-01,301.5,302.76001,304.859985,299.720001,3825100
CRM,2021-11-02,301.720001,302.950012,303.440002,299.410004,4177500
CRM,2021-11-03,303.950012,302.890015,303.950012,298.190002,3260200
CRM,2021-11-04,303.5,308.040009,308.410004,302.399994,3833800
CRM,2021-11-05,308.5,307.25,311.399994,303.339996,4681800
CRM,2021-11-08,307.200012,309.959991,311.390015,305.899994,3893000
CRM,2021-11-09,310.0,309.709991,311.75,307.220001,3126500
CRM,2021-11-10,306.570007,299.670013,308.589996,297.890015,4350900
CRM,2021-11-11,301.5,302.980011,305.75,301.5,2681900
CRM,2021-11-12,304.5,306.649994,307.220001,301.630005,3803700
CRM,2021-11-15,306.899994,305.48999,307.76001,303.230011,3595300
CRM,2021-11-16,304.079987,307.089996,307.579987,302.720001,2989400
CRM,2021-11-17,307.779999,308.019989,309.899994,307.25,3864700
CRM,2021-11-18,306.160004,302.98999,306.98999,299.579987,4443100
CRM,2021-11-19,305.709991,301.170013,306.0,301.100006,4758900
CRM,2021-11-22,301.839996,296.839996,305.48999,296.720001,4474700
CRM,2021-11-23,293.649994,291.420013,296.470001,288.309998,6431100
CRM,2021-11-24,286.040009,289.170013,289.450012,283.200012,5091400
CRM,2021-11-26,284.5,284.209991,287.570007,283.040009,4195300
CRM,2021-11-29,289.519989,296.73999,298.390015,284.700012,8215600
CRM,2021-11-30,296.190002,284.959991,299.269989,283.399994,13597600
CRM,2021-12-01,271.26001,251.5,276.940002,251.460007,30723100
CRM,2021-12-02,252.820007,261.200012,262.579987,252.139999,12200800
CRM,2021-12-03,261.549988,258.320007,261.75,251.699997,8944000
CRM,2021-12-06,256.100006,258.75,259.230011,250.710007,7123000
CRM,2021-12-07,265.470001,266.98999,270.230011,263.600006,7401200
CRM,2021-12-08,268.309998,266.309998,268.5,264.570007,4586500
CRM,2021-12-09,266.040009,264.320007,266.679993,262.640015,3967000
CRM,2021-12-10,266.100006,266.029999,270.570007,264.440002,3480100
CRM,2021-12-13,265.799988,265.76001,270.559998,264.609985,3625700
CRM,2021-12-14,262.0,255.589996,262.149994,253.300003,7227300
CRM,2021-12-15,254.850006,260.040009,260.190002,251.899994,6484900
CRM,2021-12-16,260.0,253.119995,261.350006,252.220001,6556700
CRM,2021-12-17,251.240005,252.929993,253.899994,246.789993,12119400
CRM,2021-12-20,249.889999,247.210007,251.539993,246.5,5580100
CRM,2021-12-21,248.0,252.550003,253.009995,245.25,5428200
CRM,2021-12-22,253.419998,252.800003,254.259995,249.509995,4982400
CRM,2021-12-23,251.229996,253.139999,254.309998,249.339996,3769500
CRM,2021-12-27,253.389999,258.299988,258.429993,253.240005,3531800
CRM,2021-12-28,259.730011,255.449997,260.779999,254.940002,3293700
CRM,2021-12-29,256.0,254.539993,256.429993,253.119995,2592700
CRM,2021-12-30,255.300003,255.330002,257.899994,254.460007,2950600
CRM,2021-12-31,254.470001,254.130005,256.48999,253.630005,3169300
CSCO,2021-01-04,44.310001,43.959999,44.369999,43.349998,24392500
CSCO,2021-01-05,43.68,43.98,44.07,43.380001,17763700
CSCO,2021-01-06,44.130001,44.400002,44.869999,43.889999,21823100
CSCO,2021-01-07,44.200001,44.959999,45.110001,44.169998,18218800
CSCO,2021-01-08,44.48,45.060001,45.41,44.25,20936300
CSCO,2021-01-11,45.150002,45.360001,45.950001,45.02,25058200
CSCO,2021-01-12,45.299999,45.790001,45.93,44.959999,20145000
CSCO,2021-01-13,45.290001,45.360001,45.970001,45.18,19367300
CSCO,2021-01-14,44.869999,45.150002,45.599998,44.849998,22333500
CSCO,2021-01-15,44.959999,45.43,45.650002,44.880001,30271700
CSCO,2021-01-19,45.330002,45.189999,45.630001,44.77,28868800
CSCO,2021-01-20,45.330002,45.34,45.5,45.139999,16499400
CSCO,2021-01-21,45.200001,45.110001,45.240002,44.720001,17488400
CSCO,2021-01-22,44.75,44.77,44.889999,44.23,14643400
CSCO,2021-01-25,45.040001,45.029999,45.169998,44.709999,16581300
CSCO,2021-01-26,44.889999,45.259998,45.349998,44.77,13087800
CSCO,2021-01-27,45.240002,45.700001,46.459999,45.080002,29634500
CSCO,2021-01-28,45.91,45.34,46.27,45.299999,21166000
CSCO,2021-01-29,44.849998,44.580002,45.369999,44.48,22608100
CSCO,2021-02-01,44.919998,45.400002,45.630001,44.66,16776900
CSCO,2021-02-02,45.52,45.830002,45.939999,45.43,16520900
CSCO,2021-02-03,45.75,45.77,46.16,45.540001,13173600
CSCO,2021-02-04,45.869999,47.25,47.32,45.77,22285700
CSCO,2021-02-05,47.57,48.080002,48.34,47.5,25488600
CSCO,2021-02-08,48.560001,48.939999,49.34,48.560001,25215400
CSCO,2021-02-09,48.77,48.5,48.830002,48.41,24795000
CSCO,2021-02-10,46.150002,47.240002,47.41,45.830002,44540900
CSCO,2021-02-11,47.349998,47.580002,47.91,47.200001,18589900
CSCO,2021-02-12,47.43,47.290001,47.689999,46.91,15239800
CSCO,2021-02-16,47.259998,46.509998,47.259998,46.400002,18539000
CSCO,2021-02-17,46.32,46.25,46.400002,45.869999,13296300
CSCO,2021-02-18,46.389999,46.34,46.400002,45.689999,16867500
CSCO,2021-02-19,46.540001,45.68,46.610001,45.580002,25117700
CSCO,2021-02-22,45.290001,45.43,45.68,44.82,21435800
CSCO,2021-02-23,45.259998,45.509998,45.779999,45.099998,19714900
CSCO,2021-02-24,45.240002,45.740002,45.799999,45.040001,17823600
CSCO,2021-02-25,45.59,45.52,46.240002,45.240002,21916700
CSCO,2021-02-26,45.580002,44.869999,45.779999,44.759998,22144900
CSCO,2021-03-01,45.220001,45.919998,46.220001,45.220001,17394100
CSCO,2021-03-02,45.93,45.52,46.080002,45.419998,14833000
CSCO,2021-03-03,45.43,45.130001,45.529999,45.0,16851100
CSCO,2021-03-04,45.139999,44.560001,45.470001,44.150002,24653500
CSCO,2021-03-05,45.450001,46.25,46.740002,45.27,33197600
CSCO,2021-03-08,46.240002,47.509998,48.400002,46.200001,34824500
CSCO,2021-03-09,47.82,47.889999,48.369999,47.720001,26512700
CSCO,2021-03-10,48.470001,48.290001,48.790001,48.189999,19841500
CSCO,2021-03-11,48.509998,48.799999,49.080002,48.23,21976600
CSCO,2021-03-12,48.810001,48.82,48.990002,48.470001,15196500
CSCO,2021-03-15,48.900002,49.41,49.439999,48.900002,15523600
CSCO,2021-03-16,49.189999,49.669998,49.740002,49.189999,17282300
CSCO,2021-03-17,49.610001,49.419998,49.610001,48.889999,18326900
CSCO,2021-03-18,48.52,48.799999,49.57,48.52,18416900
CSCO,2021-03-19,48.709999,48.98,49.220001,48.32,65366800
CSCO,2021-03-22,48.939999,50.299999,50.380001,48.939999,28813900
CSCO,2021-03-23,50.02,50.009998,50.68,49.900002,28328200
CSCO,2021-03-24,49.939999,49.650002,50.450001,49.619999,26444700
CSCO,2021-03-25,50.580002,50.509998,51.400002,50.290001,34537700
CSCO,2021-03-26,50.599998,52.57,52.639999,50.560001,31997000
CSCO,2021-03-29,52.400002,52.52,52.939999,52.279999,25032800
CSCO,2021-03-30,52.110001,51.77,52.290001,51.18,22465100
CSCO,2021-03-31,51.830002,51.709999,52.049999,51.549999,22212400
CSCO,2021-04-01,51.75,51.98,52.07,51.349998,17896200
CSCO,2021-04-05,51.630001,52.41,52.919998,51.630001,19860900
CSCO,2021-04-06,51.98,52.029999,52.220001,51.779999,15126100
CSCO,2021-04-07,52.009998,51.77,52.139999,51.580002,15783600
CSCO,2021-04-08,51.939999,51.91,52.0,51.450001,15111300
CSCO,2021-04-09,51.830002,52.09,52.150002,51.68,13135800
CSCO,2021-04-12,52.07,51.57,52.16,51.470001,16441700
CSCO,2021-04-13,51.639999,51.66,51.880001,51.34,13353200
CSCO,2021-04-14,51.509998,51.369999,51.68,51.139999,15376600
CSCO,2021-04-15,51.759998,51.639999,51.939999,51.369999,17869800
CSCO,2021-04-16,52.450001,52.799999,53.18,52.259998,28327900
CSCO,2021-04-19,52.529999,52.849998,52.959999,52.490002,20245600
CSCO,2021-04-20,52.59,51.790001,52.790001,51.599998,21257500
CSCO,2021-04-21,51.84,51.93,52.07,51.48,14015500
CSCO,2021-04-22,51.810001,51.5,52.09,51.380001,15564800
CSCO,2021-04-23,51.5,51.91,52.130001,51.18,14016800
CSCO,2021-04-26,51.650002,51.639999,51.77,51.5,13778200
CSCO,2021-04-27,51.580002,51.369999,51.669998,51.349998,13601000
CSCO,2021-04-28,51.560001,51.110001,51.77,50.919998,14984000
CSCO,2021-04-29,51.18,51.459999,51.599998,50.98,13916600
CSCO,2021-04-30,51.220001,50.91,51.23,50.41,19930200
CSCO,2021-05-03,51.209999,51.169998,51.400002,50.810001,13465900
CSCO,2021-05-04,51.110001,50.709999,51.23,50.299999,18164800
CSCO,2021-05-05,50.990002,51.130001,51.25,50.68,16205300
CSCO,2021-05-06,51.07,52.439999,52.709999,50.950001,27106800
CSCO,2021-05-07,52.48,53.43,53.68,52.220001,24146000
CSCO,2021-05-10,53.970001,53.16,54.139999,53.16,23845600
CSCO,2021-05-11,53.099998,52.830002,53.110001,52.110001,20220900
CSCO,2021-05-12,52.18,51.599998,52.43,51.470001,22123300
CSCO,2021-05-13,52.110001,52.490002,52.810001,51.880001,15864000
CSCO,2021-05-14,52.93,52.900002,53.220001,52.599998,14789400
CSCO,2021-05-17,52.759998,52.939999,53.150002,52.68,15731000
CSCO,2021-05-18,52.799999,52.93,53.34,52.740002,20177200
CSCO,2021-05-19,51.880001,52.470001,52.66,51.860001,29187900
CSCO,2021-05-20,50.41,52.849998,52.970001,50.099998,48830800
CSCO,2021-05-21,52.77,52.43,52.93,52.240002,24468400
CSCO,2021-05-24,52.959999,53.389999,53.77,52.790001,21128900
CSCO,2021-05-25,53.369999,53.310001,53.580002,53.139999,20657200
CSCO,2021-05-26,53.349998,52.91,53.610001,52.82,18671200
CSCO,2021-05-27,52.93,52.919998,53.349998,52.580002,56216100
CSCO,2021-05-28,53.18,52.900002,53.220001,52.84,14863500
CSCO,2021-06-01,52.959999,52.619999,53.32,52.43,15741700
CSCO,2021-06-02,52.650002,52.959999,52.990002,52.400002,14529300
CSCO,2021-06-03,52.799999,53.330002,53.560001,52.619999,17593100
CSCO,2021-06-04,53.439999,54.07,54.169998,53.439999,11676700
CSCO,2021-06-07,54.32,53.919998,54.439999,53.790001,14899800
CSCO,2021-06-08,53.970001,54.130001,54.389999,53.889999,15329700
CSCO,2021-06-09,54.18,54.02,54.419998,53.939999,14860900
CSCO,2021-06-10,54.43,55.029999,55.080002,54.27,22183500
CSCO,2021-06-11,55.189999,54.77,55.349998,54.540001,17134000
CSCO,2021-06-14,54.389999,54.169998,54.529999,53.529999,15131400
CSCO,2021-06-15,54.23,53.790001,54.32,53.73,12542600
CSCO,2021-06-16,53.849998,53.470001,53.919998,53.130001,15477900
CSCO,2021-06-17,53.41,53.130001,53.549999,53.009998,18288400
CSCO,2021-06-18,52.810001,52.07,52.84,51.880001,35758300
CSCO,2021-06-21,52.369999,53.18,53.41,52.290001,17682200
CSCO,2021-06-22,53.299999,53.259998,53.360001,52.810001,16451200
CSCO,2021-06-23,53.27,52.759998,53.290001,52.59,14749800
CSCO,2021-06-24,52.939999,52.779999,53.049999,52.610001,13974300
CSCO,2021-06-25,52.77,53.060001,53.200001,52.650002,16682700
CSCO,2021-06-28,53.16,52.959999,53.290001,52.919998,14008700
CSCO,2021-06-29,52.889999,52.91,53.189999,52.77,10926100
CSCO,2021-06-30,52.950001,53.0,53.07,52.619999,15826400
CSCO,2021-07-01,53.049999,53.439999,53.599998,53.0,15074800
CSCO,2021-07-02,53.189999,53.540001,53.619999,52.84,15066000
CSCO,2021-07-06,53.220001,52.98,53.360001,52.34,19394500
CSCO,2021-07-07,53.07,53.259998,53.299999,52.669998,14411600
CSCO,2021-07-08,53.16,53.259998,53.720001,52.91,15691800
CSCO,2021-07-09,53.360001,53.740002,53.93,53.290001,14673400
CSCO,2021-07-12,54.040001,53.23,54.040001,53.130001,14000600
CSCO,2021-07-13,53.34,53.32,53.580002,53.200001,9927400
CSCO,2021-07-14,53.5,54.09,54.200001,53.34,17113700
CSCO,2021-07-15,53.84,53.650002,53.869999,53.240002,14952400
CSCO,2021-07-16,53.880001,53.700001,54.41,53.650002,14144900
CSCO,2021-07-19,53.669998,53.060001,53.700001,52.73,19925300
CSCO,2021-07-20,53.279999,53.580002,53.93,53.189999,17250200
CSCO,2021-07-21,53.82,53.880001,53.900002,53.419998,14068600
CSCO,2021-07-22,53.91,54.540001,54.549999,53.779999,15729800
CSCO,2021-07-23,54.889999,55.23,55.34,54.509998,13042500
CSCO,2021-07-26,55.130001,55.470001,55.650002,55.130001,10097400
CSCO,2021-07-27,55.380001,55.279999,55.41,54.790001,14738700
CSCO,2021-07-28,55.459999,54.77,55.52,54.41,18835700
CSCO,2021-07-29,55.0,55.07,55.349998,54.900002,10680200
CSCO,2021-07-30,55.080002,55.369999,55.490002,55.009998,13438800
CSCO,2021-08-02,55.599998,55.450001,55.939999,55.259998,12468800
CSCO,2021-08-03,55.540001,56.25,56.419998,55.27,17357400
CSCO,2021-08-04,56.369999,55.689999,56.369999,55.470001,11662400
CSCO,2021-08-05,55.52,55.759998,55.98,55.5,10785200
CSCO,2021-08-06,55.470001,55.59,55.950001,55.150002,18386100
CSCO,2021-08-09,55.82,55.470001,56.07,55.400002,8707200
CSCO,2021-08-10,55.5,55.610001,55.669998,55.25,10441900
CSCO,2021-08-11,55.889999,55.860001,56.009998,55.599998,12604500
CSCO,2021-08-12,55.849998,56.389999,56.450001,55.66,11209700
CSCO,2021-08-13,56.389999,56.470001,56.619999,56.259998,10841700
CSCO,2021-08-16,56.299999,56.279999,56.43,55.93,14407400
CSCO,2021-08-17,55.869999,56.009998,56.02,55.630001,11987500
CSCO,2021-08-18,55.790001,55.150002,56.139999,55.029999,17111700
CSCO,2021-08-19,54.759998,57.27,57.490002,54.59,39881600
CSCO,2021-08-20,57.25,58.220001,58.34,56.849998,21876500
CSCO,2021-08-23,57.849998,58.540001,58.700001,57.740002,16225400
CSCO,2021-08-24,58.490002,59.32,59.43,58.43,17658300
CSCO,2021-08-25,59.540001,59.349998,60.27,59.169998,18069600
CSCO,2021-08-26,59.419998,59.200001,59.630001,58.990002,13729400
CSCO,2021-08-27,59.27,59.02,59.349998,58.860001,14795200
CSCO,2021-08-30,58.98,59.130001,59.220001,58.799999,11798600
CSCO,2021-08-31,59.110001,59.02,59.18,58.580002,19873900
CSCO,2021-09-01,59.02,59.040001,59.139999,58.66,11629700
CSCO,2021-09-02,59.349998,59.529999,59.720001,59.060001,12855700
CSCO,2021-09-03,59.330002,59.419998,59.66,59.279999,9732200
CSCO,2021-09-07,59.240002,58.880001,59.369999,58.75,15503600
CSCO,2021-09-08,58.549999,58.68,58.93,58.490002,13124500
CSCO,2021-09-09,58.450001,58.599998,58.939999,58.25,14958800
CSCO,2021-09-10,58.75,57.889999,58.950001,57.82,13622100
CSCO,2021-09-13,58.16,58.099998,58.529999,57.73,13553200
CSCO,2021-09-14,58.240002,57.869999,58.470001,57.66,12810300
CSCO,2021-09-15,57.779999,57.560001,59.599998,57.060001,37524600
CSCO,2021-09-16,58.310001,57.330002,58.82,57.130001,24029600
CSCO,2021-09-17,57.389999,56.849998,57.450001,56.470001,40262700
CSCO,2021-09-20,56.380001,55.889999,56.400002,55.290001,21897000
CSCO,2021-09-21,55.959999,55.259998,56.369999,55.23,18700600
CSCO,2021-09-22,55.759998,55.52,56.130001,55.369999,17940600
CSCO,2021-09-23,55.700001,56.689999,56.900002,55.599998,16262500
CSCO,2021-09-24,56.450001,56.73,56.810001,56.220001,13156400
CSCO,2021-09-27,56.459999,56.220001,56.669998,56.049999,13859500
CSCO,2021-09-28,55.779999,55.52,55.990002,55.41,17803200
CSCO,2021-09-29,55.619999,55.48,55.98,55.34,14051700
CSCO,2021-09-30,55.799999,54.43,55.900002,54.41,18538000
CSCO,2021-10-01,54.599998,55.139999,55.41,54.040001,18338000
CSCO,2021-10-04,54.5,54.23,54.68,53.950001,17084100
CSCO,2021-10-05,54.130001,54.689999,55.029999,54.130001,14135000
CSCO,2021-10-06,54.349998,53.939999,54.380001,52.98,26339200
CSCO,2021-10-07,54.490002,55.02,55.41,54.349998,14725500
CSCO,2021-10-08,55.200001,55.080002,55.299999,54.75,9255500
CSCO,2021-10-11,55.25,54.93,55.380001,54.900002,8117600
CSCO,2021-10-12,54.990002,54.279999,55.060001,54.07,14241900
CSCO,2021-10-13,54.32,54.619999,54.75,54.080002,13737100
CSCO,2021-10-14,55.09,55.650002,55.849998,54.98,14455900
CSCO,2021-10-15,55.889999,55.25,55.889999,54.959999,15202200
CSCO,2021-10-18,55.040001,55.189999,55.490002,54.57,10989600
CSCO,2021-10-19,55.290001,55.740002,55.779999,55.029999,13258400
CSCO,2021-10-20,55.799999,56.200001,56.23,55.799999,11613600
CSCO,2021-10-21,56.040001,55.689999,56.119999,55.529999,12619900
CSCO,2021-10-22,55.549999,55.110001,55.860001,54.939999,15026600
CSCO,2021-10-25,55.110001,55.139999,55.419998,54.810001,10218900
CSCO,2021-10-26,55.560001,55.810001,56.349998,55.400002,15250000
CSCO,2021-10-27,56.130001,56.18,56.720001,55.93,16279000
CSCO,2021-10-28,56.23,56.240002,56.689999,55.889999,11209200
CSCO,2021-10-29,56.32,55.970001,56.580002,55.860001,13550400
CSCO,2021-11-01,55.869999,56.099998,56.25,55.5,14341400
CSCO,2021-11-02,56.369999,57.619999,57.869999,56.279999,22097900
CSCO,2021-11-03,57.580002,57.650002,57.93,57.119999,13219400
CSCO,2021-11-04,57.599998,57.119999,57.689999,56.560001,18070400
CSCO,2021-11-05,57.380001,57.07,57.799999,56.93,15637700
CSCO,2021-11-08,57.099998,57.0,57.52,56.59,15045300
CSCO,2021-11-09,57.07,57.439999,57.630001,56.900002,14459800
CSCO,2021-11-10,57.900002,57.77,58.630001,57.689999,17876300
CSCO,2021-11-11,57.57,56.759998,57.77,56.689999,17440700
CSCO,2021-11-12,56.970001,56.82,57.150002,56.310001,16663600
CSCO,2021-11-15,56.93,57.27,57.700001,56.830002,19041800
CSCO,2021-11-16,57.240002,57.0,58.080002,56.93,21136900
CSCO,2021-11-17,56.610001,56.759998,57.139999,56.27,31496300
CSCO,2021-11-18,52.73,53.630001,53.93,51.080002,70834000
CSCO,2021-11-19,53.549999,53.25,53.689999,52.779999,30030800
CSCO,2021-11-22,53.349998,54.599998,55.529999,53.299999,39949300
CSCO,2021-11-23,54.610001,55.299999,55.580002,54.470001,25653100
CSCO,2021-11-24,55.150002,55.540001,55.75,55.150002,19328700
CSCO,2021-11-26,54.459999,54.669998,55.189999,54.459999,16730300
CSCO,2021-11-29,55.139999,55.759998,56.189999,54.830002,25724500
CSCO,2021-11-30,55.580002,54.84,55.599998,54.150002,45141300
CSCO,2021-12-01,55.529999,55.029999,56.380001,54.93,24120500
CSCO,2021-12-02,55.150002,56.150002,56.610001,55.080002,22384700
CSCO,2021-12-03,56.299999,56.23,56.82,55.669998,26235400
CSCO,2021-12-06,56.700001,56.959999,57.169998,56.470001,23172800
CSCO,2021-12-07,57.099998,58.080002,58.220001,57.009998,24254800
CSCO,2021-12-08,58.080002,57.02,58.130001,56.630001,23631300
CSCO,2021-12-09,57.200001,57.549999,57.830002,56.93,16480200
CSCO,2021-12-10,57.91,59.25,59.34,57.91,19901500
CSCO,2021-12-13,59.099998,58.610001,59.509998,58.540001,18496300
CSCO,2021-12-14,58.34,57.77,58.529999,57.369999,19114200
CSCO,2021-12-15,57.919998,59.93,60.029999,57.900002,27953900
CSCO,2021-12-16,60.049999,60.310001,60.759998,59.869999,24599300
CSCO,2021-12-17,60.27,60.459999,60.799999,59.790001,62171000
CSCO,2021-12-20,59.669998,60.360001,60.41,59.299999,21342100
CSCO,2021-12-21,60.439999,61.029999,61.240002,60.0,20761100
CSCO,2021-12-22,60.970001,61.529999,61.599998,60.619999,17095500
CSCO,2021-12-23,61.790001,62.279999,62.900002,61.790001,17771400
CSCO,2021-12-27,62.41,63.419998,63.470001,62.279999,14779700
CSCO,2021-12-28,63.419998,63.529999,63.84,63.23,12865000
CSCO,2021-12-29,63.650002,63.959999,64.290001,63.549999,15069900
CSCO,2021-12-30,64.040001,63.619999,64.139999,63.470001,9076700
CSCO,2021-12-31,63.549999,63.369999,63.82,63.32,10359100
GME,2021-01-04,4.75,4.3125,4.775000095367432,4.287499904632568,40090000
GME,2021-01-05,4.337500095367432,4.34250020980835,4.519999980926514,4.307499885559082,19846000
GME,2021-01-06,4.335000038146973,4.590000152587891,4.744999885559082,4.332499980926514,24224800
GME,2021-01-07,4.617499828338623,4.519999980926514,4.862500190734863,4.505000114440918,24517200
GME,2021-01-08,4.545000076293945,4.422500133514404,4.574999809265137,4.269999980926514,25928000
GME,2021-01-11,4.852499961853027,4.985000133514404,5.162499904632568,4.752500057220459,59632000
GME,2021-01-12,4.989999771118164,4.987500190734863,5.099999904632568,4.829999923706055,28242800
GME,2021-01-13,5.105000019073486,7.849999904632568,9.662500381469727,5.007500171661377,578006800
GME,2021-01-14,9.522500038146973,9.977499961853027,10.765000343322754,8.262499809265137,374869600
GME,2021-01-15,9.6225004196167,8.875,10.1875,8.5024995803833,187465600
GME,2021-01-19,10.387499809265137,9.84000015258789,11.380000114440918,9.15999984741211,298887600
GME,2021-01-20,9.342499732971191,9.779999732971191,10.297499656677246,9.015000343322754,133887200
GME,2021-01-21,9.807499885559082,10.757499694824219,11.1875,9.25,224867600
GME,2021-01-22,10.647500038146973,16.252500534057617,19.190000534057617,10.579999923706055,788631600
GME,2021-01-25,24.1825008392334,19.197500228881836,39.79499816894531,15.282500267028809,711496000
GME,2021-01-26,22.139999389648438,36.994998931884766,37.5,20.049999237060547,714352000
GME,2021-01-27,88.7074966430664,86.87750244140625,95.0,62.25,373586800
GME,2021-01-28,66.25,48.400001525878906,120.75,28.0625,235263200
GME,2021-01-29,94.92749786376953,81.25,103.49500274658203,62.5,202264400
GME,2021-02-01,79.13999938964844,56.25,80.5,53.0,149528800
GME,2021-02-02,35.189998626708984,22.5,39.5,18.55500030517578,312732400
GME,2021-02-03,28.002500534057617,23.102500915527344,28.350000381469727,21.3125,170794000
GME,2021-02-04,22.797500610351562,13.375,22.875,13.332500457763672,249709200
GME,2021-02-05,13.510000228881836,15.942500114440918,23.75,12.772500038146973,325380000
GME,2021-02-08,18.102500915527344,15.0,18.165000915527344,14.505000114440918,102749200
GME,2021-02-09,14.15250015258789,12.577500343322754,14.25,11.630000114440918,107372400
GME,2021-02-10,12.692500114440918,12.800000190734863,15.707500457763672,11.637499809265137,145820000
GME,2021-02-11,12.5024995803833,12.774999618530273,13.829999923706055,12.055000305175781,52226800
GME,2021-02-12,12.6875,13.100000381469727,13.8100004196167,12.012499809265137,58293200
GME,2021-02-16,13.164999961853027,12.3774995803833,13.375,12.260000228881836,32700000
GME,2021-02-17,12.442500114440918,11.484999656677246,12.797499656677246,11.140000343322754,36747200
GME,2021-02-18,12.1225004196167,10.172499656677246,12.217499732971191,10.162500381469727,95962400
GME,2021-02-19,10.319999694824219,10.147500038146973,10.97249984741211,9.625,59312800
GME,2021-02-22,11.672499656677246,11.5,12.1274995803833,10.600000381469727,77904000
GME,2021-02-23,11.242500305175781,11.242500305175781,11.557499885559082,10.0,30260800
GME,2021-02-24,11.175000190734863,22.927499771118164,22.927499771118164,11.175000190734863,332446800
GME,2021-02-25,42.38999938964844,27.1825008392334,46.16999816894531,25.25,601235200
GME,2021-02-26,29.364999771118164,25.434999465942383,35.724998474121094,21.5,368776800
GME,2021-03-01,26.135000228881836,30.100000381469727,33.497501373291016,24.99250030517578,199176000
GME,2021-03-02,29.232500076293945,29.545000076293945,33.29999923706055,28.049999237060547,135132000
GME,2021-03-03,30.627500534057617,31.045000076293945,31.9375,28.280000686645508,77095600
GME,2021-03-04,31.25,33.087501525878906,36.967498779296875,28.825000762939453,130427600
GME,2021-03-05,32.04249954223633,34.435001373291016,37.88249969482422,31.875,122934800
GME,2021-03-08,38.72249984741211,48.625,52.717498779296875,36.525001525878906,254262400
GME,2021-03-09,54.4275016784668,61.724998474121094,62.462501525878906,52.127498626708984,156397200
GME,2021-03-10,67.35749816894531,66.25,87.125,43.0,286282400
GME,2021-03-11,60.40999984741211,65.0,70.375,58.150001525878906,113250000
GME,2021-03-12,68.75,66.125,73.875,65.56749725341797,103383600
GME,2021-03-15,69.37999725341797,55.03499984741211,70.75,51.5,96401600
GME,2021-03-16,50.790000915527344,52.04249954223633,55.17499923706055,43.087501525878906,141691600
GME,2021-03-17,54.459999084472656,52.45249938964844,57.86750030517578,51.0,65926400
GME,2021-03-18,53.5,50.4375,54.720001220703125,48.912498474121094,47059600
GME,2021-03-19,48.932498931884766,50.067501068115234,56.75,45.665000915527344,98709200
GME,2021-03-22,51.314998626708984,48.622501373291016,52.59000015258789,46.54999923706055,40246000
GME,2021-03-23,49.375,45.4375,50.4375,44.38750076293945,57716400
GME,2021-03-24,39.494998931884766,30.084999084472656,41.74250030517578,29.655000686645508,96711600
GME,2021-03-25,30.872499465942383,45.9375,46.875,29.225000381469727,203849200
GME,2021-03-26,49.41999816894531,45.25,54.73249816894531,40.814998626708984,149722800
GME,2021-03-29,45.1875,45.32500076293945,48.47999954223633,43.377498626708984,40168800
GME,2021-03-30,46.875,48.6150016784668,51.07500076293945,45.5,68379600
GME,2021-03-31,49.375,47.45500183105469,49.8650016784668,46.77750015258789,33575200
GME,2021-04-01,48.34000015258789,47.86249923706055,49.24250030517578,45.900001525878906,37337200
GME,2021-04-05,42.75,46.73749923706055,48.75,41.20249938964844,56282000
GME,2021-04-06,46.3025016784668,46.125,48.0,45.88999938964844,24873200
GME,2021-04-07,45.80500030517578,44.49250030517578,46.125,44.02750015258789,19073200
GME,2021-04-08,46.470001220703125,42.564998626708984,46.470001220703125,41.07500076293945,40189600
GME,2021-04-09,42.42499923706055,39.59000015258789,42.89500045776367,38.25,37849600
GME,2021-04-12,39.52750015258789,35.272499084472656,40.974998474121094,33.752498626708984,66734400
GME,2021-04-13,35.470001220703125,35.247501373291016,36.345001220703125,33.0,27227600
GME,2021-04-14,35.89250183105469,41.63249969482422,43.522499084472656,35.75,84552400
GME,2021-04-15,40.75,39.11000061035156,41.5625,38.20000076293945,31427200
GME,2021-04-16,39.0,38.67250061035156,40.04999923706055,37.8125,20858800
GME,2021-04-19,42.95000076293945,41.092498779296875,43.79999923706055,40.58250045776367,42080800
GME,2021-04-20,41.03499984741211,39.63249969482422,41.22249984741211,38.34000015258789,18634400
GME,2021-04-21,39.599998474121094,39.627498626708984,40.744998931884766,38.97999954223633,15251200
GME,2021-04-22,39.775001525878906,37.79249954223633,39.775001525878906,36.71500015258789,17383200
GME,2021-04-23,37.25,37.79499816894531,38.415000915527344,36.17499923706055,16116400
GME,2021-04-26,37.744998931884766,42.23249816894531,43.66999816894531,37.189998626708984,42128400
GME,2021-04-27,45.88750076293945,44.442501068115234,47.0,43.29249954223633,35730800
GME,2021-04-28,43.025001525878906,44.64500045776367,45.494998931884766,41.50749969482422,23155600
GME,2021-04-29,44.13999938964844,44.04750061035156,45.21500015258789,42.6875,15041200
GME,2021-04-30,43.75,43.397499084472656,45.95000076293945,43.17499923706055,17734400
GME,2021-05-03,44.372501373291016,40.54999923706055,44.372501373291016,39.90250015258789,21044000
GME,2021-05-04,39.75,40.182498931884766,40.372501373291016,37.95000076293945,16030000
GME,2021-05-05,40.45750045776367,39.869998931884766,41.375,39.58250045776367,11221600
GME,2021-05-06,40.21500015258789,40.252498626708984,41.18000030517578,38.900001525878906,11771200
GME,2021-05-07,40.02750015258789,40.27750015258789,41.852500915527344,39.375,11738400
GME,2021-05-10,40.32749938964844,35.80500030517578,40.397499084472656,35.75,19226800
GME,2021-05-11,34.25,36.72999954223633,37.625,34.125,18738400
GME,2021-05-12,36.42499923706055,36.1974983215332,37.625,35.557498931884766,10926000
GME,2021-05-13,36.86000061035156,41.125,42.48749923706055,36.60749816894531,35494000
GME,2021-05-14,40.0,39.97999954223633,41.61750030517578,39.05500030517578,17174000
GME,2021-05-17,39.962501525878906,45.150001525878906,45.625,39.75,29848400
GME,2021-05-18,43.6349983215332,45.16749954223633,47.29999923706055,42.067501068115234,30954800
GME,2021-05-19,42.997501373291016,42.20750045776367,44.744998931884766,41.037498474121094,19303600
GME,2021-05-20,42.6974983215332,42.622501373291016,43.727500915527344,41.724998474121094,9912800
GME,2021-05-21,42.75,44.1974983215332,44.810001373291016,42.58250045776367,14618800
GME,2021-05-24,43.962501525878906,45.002498626708984,47.1150016784668,43.337501525878906,18657200
GME,2021-05-25,45.25,52.35749816894531,54.27750015258789,45.25,59550000
GME,2021-05-26,57.25,60.63999938964844,62.119998931884766,56.38750076293945,84479600
GME,2021-05-27,57.45000076293945,63.532501220703125,66.0,56.75,62105200
GME,2021-05-28,65.74250030517578,55.5,67.19999694824219,55.35749816894531,47005600
GME,2021-06-01,58.369998931884766,62.255001068115234,63.744998931884766,56.76750183105469,38502400
GME,2021-06-02,62.220001220703125,70.55999755859375,73.5,61.07500076293945,64076800
GME,2021-06-03,66.42749786376953,64.54499816894531,68.60749816894531,60.529998779296875,32000000
GME,2021-06-04,64.00499725341797,62.09000015258789,66.25,61.442501068115234,14550000
GME,2021-06-07,64.5,70.00250244140625,70.5,63.79999923706055,24206000
GME,2021-06-08,73.0,75.0,86.16500091552734,70.25,69756400
GME,2021-06-09,75.77999877929688,75.63999938964844,82.0,72.87750244140625,53717200
GME,2021-06-10,70.5,55.09749984741211,72.0,52.75,91920800
GME,2021-06-11,55.587501525878906,58.334999084472656,60.282501220703125,51.532501220703125,62323200
GME,2021-06-14,59.125,57.36000061035156,59.502498626708984,54.79999923706055,28530400
GME,2021-06-15,56.59000015258789,55.625,57.3125,52.0,29207600
GME,2021-06-16,53.810001373291016,55.74250030517578,57.182498931884766,52.25,22259200
GME,2021-06-17,56.0,55.897499084472656,58.415000915527344,55.369998931884766,18434400
GME,2021-06-18,55.04499816894531,53.45500183105469,55.872501373291016,53.25,17281200
GME,2021-06-21,54.23749923706055,50.092498779296875,54.599998474121094,49.25,20480800
GME,2021-06-22,54.432498931884766,55.099998474121094,56.470001220703125,52.29249954223633,32800800
GME,2021-06-23,55.36249923706055,54.834999084472656,55.64250183105469,53.529998779296875,14220400
GME,2021-06-24,55.290000915527344,53.07749938964844,56.86249923706055,52.900001525878906,15453200
GME,2021-06-25,53.5,52.377498626708984,53.54999923706055,49.625,50770800
GME,2021-06-28,52.8125,53.3125,56.11249923706055,52.54999923706055,19517600
GME,2021-06-29,53.397499084472656,52.720001220703125,53.80500030517578,52.002498626708984,9920000
GME,2021-06-30,52.42250061035156,53.53499984741211,53.81999969482422,51.73500061035156,10158400
GME,2021-07-01,53.349998474121094,51.09000015258789,54.20750045776367,50.5,10968400
GME,2021-07-02,51.20000076293945,50.70750045776367,51.36249923706055,49.125,10396400
GME,2021-07-06,51.0,49.88999938964844,51.192501068115234,48.4275016784668,11072400
GME,2021-07-07,49.0,47.665000915527344,49.375,44.38999938964844,16958000
GME,2021-07-08,44.95750045776367,47.845001220703125,48.55500030517578,44.875,11430000
GME,2021-07-09,47.720001220703125,47.807498931884766,48.69499969482422,46.6875,6331600
GME,2021-07-12,47.85499954223633,47.3125,49.4375,46.85499954223633,6545200
GME,2021-07-13,46.91999816894531,45.01499938964844,47.1974983215332,44.75,9591600
GME,2021-07-14,45.122501373291016,41.904998779296875,45.595001220703125,41.26750183105469,15655200
GME,2021-07-15,40.0,41.70500183105469,42.997501373291016,39.502498626708984,17194400
GME,2021-07-16,42.537498474121094,42.2599983215332,44.86750030517578,41.57500076293945,13151600
GME,2021-07-19,40.82500076293945,43.372501373291016,44.0,40.30500030517578,9747600
GME,2021-07-20,43.474998474121094,47.79499816894531,48.40999984741211,43.10499954223633,12404400
GME,2021-07-21,46.9474983215332,46.45249938964844,48.877498626708984,45.52750015258789,8916800
GME,2021-07-22,46.32500076293945,44.712501525878906,46.92250061035156,44.037498474121094,5652000
GME,2021-07-23,45.25,45.09000015258789,45.400001525878906,43.459999084472656,5264800
GME,2021-07-26,45.09000015258789,45.98500061035156,46.5099983215332,44.689998626708984,5042400
GME,2021-07-27,45.75,44.6349983215332,46.25,44.165000915527344,4859200
GME,2021-07-28,43.93000030517578,42.279998779296875,44.279998779296875,41.067501068115234,16403200
GME,2021-07-29,42.650001525878906,41.21500015258789,43.47249984741211,41.127498626708984,8960000
GME,2021-07-30,41.25,40.279998779296875,41.80500030517578,39.717498779296875,9508400
GME,2021-08-02,40.5,39.412498474121094,40.897499084472656,38.76499938964844,10131600
GME,2021-08-03,39.185001373291016,38.1875,39.72249984741211,37.04999923706055,57802400
GME,2021-08-04,38.182498931884766,36.70000076293945,39.4474983215332,36.42250061035156,9574000
GME,2021-08-05,37.0,38.36000061035156,39.400001525878906,36.30500030517578,9648400
GME,2021-08-06,38.647499084472656,37.942501068115234,39.125,37.57749938964844,5410800
GME,2021-08-09,37.95000076293945,40.282501220703125,41.1775016784668,37.665000915527344,8996800
GME,2021-08-10,40.34000015258789,39.76250076293945,41.724998474121094,38.837501525878906,6493200
GME,2021-08-11,39.60749816894531,39.69499969482422,39.76250076293945,38.654998779296875,3781600
GME,2021-08-12,39.970001220703125,40.587501525878906,41.06999969482422,39.33250045776367,5271200
GME,2021-08-13,40.11750030517578,40.630001068115234,40.88750076293945,39.352500915527344,4059200
GME,2021-08-16,40.25,40.98249816894531,42.470001220703125,39.790000915527344,6290400
GME,2021-08-17,40.29750061035156,40.88750076293945,42.369998931884766,40.275001525878906,4863600
GME,2021-08-18,40.8125,39.26250076293945,41.400001525878906,39.1875,5647200
GME,2021-08-19,39.192501068115234,38.224998474121094,39.497501373291016,37.69499969482422,4786000
GME,2021-08-20,38.45000076293945,39.82500076293945,40.022499084472656,38.310001373291016,4619600
GME,2021-08-23,40.595001220703125,41.22249984741211,41.8224983215332,39.88750076293945,5372000
GME,2021-08-24,41.5724983215332,52.5724983215332,56.25,41.287498474121094,58608800
GME,2021-08-25,51.662498474121094,49.912498474121094,56.75,48.25,51444400
GME,2021-08-26,50.16999816894531,51.30500030517578,54.25,49.75,24954400
GME,2021-08-27,51.92499923706055,51.23749923706055,53.25,50.005001068115234,12923200
GME,2021-08-30,51.25,52.29999923706055,54.54750061035156,50.755001068115234,13238400
GME,2021-08-31,53.17499923706055,54.560001373291016,55.57500076293945,52.8650016784668,14298800
GME,2021-09-01,56.0,53.24250030517578,57.86000061035156,52.005001068115234,17815200
GME,2021-09-02,53.46500015258789,53.380001068115234,53.70000076293945,51.57500076293945,7408000
GME,2021-09-03,53.01250076293945,50.6875,54.067501068115234,49.709999084472656,10634400
GME,2021-09-07,51.5625,49.75,52.474998474121094,49.025001525878906,9985200
GME,2021-09-08,50.46500015258789,49.70000076293945,51.720001220703125,47.66999816894531,20694400
GME,2021-09-09,45.022499084472656,49.79499816894531,50.5,44.5,30046000
GME,2021-09-10,49.602500915527344,47.602500915527344,50.540000915527344,47.5,12170400
GME,2021-09-13,48.4375,50.849998474121094,52.220001220703125,47.875,17336400
GME,2021-09-14,50.162498474121094,49.810001373291016,51.154998779296875,48.75,8566400
GME,2021-09-15,49.25,51.130001068115234,51.217498779296875,48.4375,9241600
GME,2021-09-16,50.58250045776367,51.592498779296875,54.13750076293945,50.287498474121094,12232800
GME,2021-09-17,52.005001068115234,51.24250030517578,53.122501373291016,50.19499969482422,15783600
GME,2021-09-20,50.0,48.04999923706055,50.712501525878906,46.13750076293945,15767200
GME,2021-09-21,49.84000015258789,47.48749923706055,49.84000015258789,46.5,10535200
GME,2021-09-22,47.40999984741211,47.53499984741211,48.375,46.5724983215332,9026400
GME,2021-09-23,48.08250045776367,47.810001373291016,48.9375,47.650001525878906,6729200
GME,2021-09-24,47.75,46.290000915527344,47.93000030517578,46.02750015258789,6743200
GME,2021-09-27,46.47999954223633,47.369998931884766,48.01250076293945,46.467498779296875,5880400
GME,2021-09-28,47.0,44.650001525878906,47.70249938964844,44.5,7082000
GME,2021-09-29,45.022499084472656,43.97999954223633,46.119998931884766,43.65250015258789,7599600
GME,2021-09-30,43.75,43.86750030517578,46.36249923706055,41.6974983215332,12682800
GME,2021-10-01,44.849998474121094,44.227500915527344,44.872501373291016,43.0625,6204400
GME,2021-10-04,43.98749923706055,42.84000015258789,44.23749923706055,42.692501068115234,4782800
GME,2021-10-05,42.79750061035156,43.04499816894531,43.29249954223633,41.67499923706055,5263600
GME,2021-10-06,42.51499938964844,42.76750183105469,43.2400016784668,41.45249938964844,4801200
GME,2021-10-07,43.0,43.029998779296875,43.79999923706055,42.6349983215332,4637200
GME,2021-10-08,43.125,43.16999816894531,43.93000030517578,42.779998779296875,3272800
GME,2021-10-11,43.25,44.525001525878906,47.122501373291016,43.25,10739600
GME,2021-10-12,45.125,43.95500183105469,45.44499969482422,43.45000076293945,4934800
GME,2021-10-13,44.57500076293945,46.01499938964844,47.0525016784668,44.0,7711600
GME,2021-10-14,45.939998626708984,45.95750045776367,47.54999923706055,45.650001525878906,6695600
GME,2021-10-15,46.0,45.81999969482422,46.744998931884766,45.220001220703125,4800000
GME,2021-10-18,45.73500061035156,46.505001068115234,47.467498779296875,45.63750076293945,6358400
GME,2021-10-19,47.247501373291016,46.6974983215332,48.04499816894531,46.099998474121094,8282400
GME,2021-10-20,46.58250045776367,46.130001068115234,47.0,45.494998931884766,9107600
GME,2021-10-21,46.1775016784668,45.4275016784668,47.67499923706055,45.150001525878906,9609600
GME,2021-10-22,44.525001525878906,42.45000076293945,44.872501373291016,41.95000076293945,11201600
GME,2021-10-25,42.35499954223633,43.49250030517578,43.70000076293945,41.814998626708984,5771200
GME,2021-10-26,43.34000015258789,44.459999084472656,46.25,43.125,8706800
GME,2021-10-27,45.0,43.377498626708984,45.772499084472656,43.08250045776367,4428000
GME,2021-10-28,43.790000915527344,45.712501525878906,45.78499984741211,43.75,6784800
GME,2021-10-29,45.70249938964844,45.877498626708984,46.4375,44.5,9176000
GME,2021-11-01,45.63249969482422,50.022499084472656,52.14250183105469,45.51250076293945,19776800
GME,2021-11-02,49.837501525878906,51.747501373291016,52.98500061035156,47.92250061035156,15529200
GME,2021-11-03,53.5,54.58250045776367,63.92250061035156,52.0625,45062400
GME,2021-11-04,55.5,54.459999084472656,57.24250030517578,52.88750076293945,11632000
GME,2021-11-05,55.15999984741211,53.3125,55.25,52.252498626708984,7242800
GME,2021-11-08,53.125,54.65999984741211,56.2599983215332,53.002498626708984,8631600
GME,2021-11-09,55.5,51.650001525878906,55.872501373291016,51.11000061035156,7381200
GME,2021-11-10,50.529998779296875,49.79750061035156,51.84749984741211,49.125,5237600
GME,2021-11-11,50.0,51.08000183105469,52.022499084472656,49.537498474121094,4317600
GME,2021-11-12,50.53499984741211,50.525001525878906,51.34000015258789,49.470001220703125,3712000
GME,2021-11-15,50.96500015258789,52.28499984741211,52.875,50.42250061035156,5865600
GME,2021-11-16,52.255001068115234,51.79499816894531,53.14250183105469,50.907501220703125,4858400
GME,2021-11-17,51.57500076293945,52.5,54.42499923706055,51.5,5410800
GME,2021-11-18,52.5625,52.529998779296875,53.78499984741211,51.875,4017600
GME,2021-11-19,52.28499984741211,57.20000076293945,57.34749984741211,52.0625,12136800
GME,2021-11-22,57.6150016784668,61.88750076293945,62.40999984741211,57.4375,17485600
GME,2021-11-23,60.959999084472656,53.474998474121094,63.04999923706055,53.13999938964844,13380800
GME,2021-11-24,54.3125,52.94499969482422,55.997501373291016,52.0,5237600
GME,2021-11-26,52.02000045776367,49.93000030517578,52.932498931884766,49.79999923706055,4941200
GME,2021-11-29,51.0,50.502498626708984,51.977500915527344,50.23500061035156,4435200
GME,2021-11-30,50.025001525878906,49.0525016784668,50.98749923706055,47.0,6895600
GME,2021-12-01,49.849998474121094,44.959999084472656,50.02750015258789,44.252498626708984,9406000
GME,2021-12-02,46.25,45.38999938964844,46.85749816894531,43.26750183105469,8348400
GME,2021-12-03,45.25,43.09749984741211,45.98249816894531,39.76250076293945,16386800
GME,2021-12-06,41.5,41.779998779296875,43.334999084472656,40.79999923706055,8914400
GME,2021-12-07,43.79499816894531,44.45249938964844,45.494998931884766,42.627498626708984,7889600
GME,2021-12-08,44.150001525878906,43.412498474121094,45.0625,42.9900016784668,10444800
GME,2021-12-09,41.75,38.939998626708984,43.17250061035156,37.75,20337200
GME,2021-12-10,39.95750045776367,39.752498626708984,40.57500076293945,37.0,18107600
GME,2021-12-13,40.08250045776367,34.220001220703125,40.22249984741211,33.76750183105469,21944800
GME,2021-12-14,32.75,36.92250061035156,37.592498779296875,32.375,26048400
GME,2021-12-15,36.8650016784668,37.147499084472656,38.0,35.279998779296875,11064000
GME,2021-12-16,38.23249816894531,36.147499084472656,38.61000061035156,35.532501220703125,8659200
GME,2021-12-17,35.9375,38.90999984741211,39.64250183105469,34.83250045776367,17226800
GME,2021-12-20,38.29750061035156,39.28499984741211,39.91999816894531,37.42499923706055,7314400
GME,2021-12-21,39.26499938964844,39.529998779296875,40.0625,38.78499984741211,5720800
GME,2021-12-22,39.58250045776367,38.5,39.787498474121094,38.029998779296875,4188800
GME,2021-12-23,38.5,38.03499984741211,38.75,36.505001068115234,4222000
GME,2021-12-27,38.0,37.07749938964844,38.154998779296875,35.0,6454400
GME,2021-12-28,36.875,36.6150016784668,39.352500915527344,36.602500915527344,5324400
GME,2021-12-29,36.962501525878906,38.48249816894531,38.872501373291016,35.53499984741211,8149600
GME,2021-12-30,37.75,38.83250045776367,40.0,37.5,6247600
GOOGL,2021-01-04,88.0,86.306503,88.124496,85.357002,37324000
GOOGL,2021-01-05,86.254501,87.002502,87.341499,85.845001,20360000
GOOGL,2021-01-06,85.013,86.143997,87.198502,84.805,46588000
GOOGL,2021-01-07,86.337997,88.717003,88.890999,86.337997,41936000
GOOGL,2021-01-08,88.858002,89.891502,89.968002,88.060997,35484000
GOOGL,2021-01-11,88.850998,87.814499,89.219002,87.607002,34796000
GOOGL,2021-01-12,87.267998,86.871498,88.394997,85.819,29528000
GOOGL,2021-01-13,86.365997,87.362503,87.819504,86.365997,23432000
GOOGL,2021-01-14,87.443497,86.545998,88.377502,86.303497,29212000
GOOGL,2021-01-15,86.450996,86.380997,87.380997,85.585503,31444000
GOOGL,2021-01-19,87.150002,89.223503,90.192001,86.641502,41660000
GOOGL,2021-01-20,91.318497,94.003502,94.986,90.975502,64152000
GOOGL,2021-01-21,94.682503,94.207497,96.603996,93.970497,58634000
GOOGL,2021-01-22,94.572998,94.627998,95.219498,93.824997,32744000
GOOGL,2021-01-25,95.637001,94.713997,96.091003,92.958,50586000
GOOGL,2021-01-26,94.2995,95.397499,95.787498,93.806503,31462000
GOOGL,2021-01-27,93.745499,90.946999,94.023499,89.863998,82512000
GOOGL,2021-01-28,91.550003,92.660004,94.399498,91.550003,55278000
GOOGL,2021-01-29,91.700996,91.367996,92.376999,90.078003,44530000
GOOGL,2021-02-01,92.2295,94.653503,95.777,92.2295,40252000
GOOGL,2021-02-02,95.656502,95.956001,97.468498,95.318497,66332000
GOOGL,2021-02-03,103.280502,102.944,105.331001,100.677498,97882000
GOOGL,2021-02-04,103.030998,102.681503,103.464996,101.754997,48596000
GOOGL,2021-02-05,102.977997,104.441498,104.796997,102.5,29866000
GOOGL,2021-02-08,105.0,104.225998,105.75,103.167503,28828000
GOOGL,2021-02-09,103.739998,103.769501,104.925499,103.5,21892000
GOOGL,2021-02-10,104.156998,104.323997,104.944,102.612,25102000
GOOGL,2021-02-11,104.550003,104.4375,104.699997,103.443001,20480000
GOOGL,2021-02-12,103.988503,104.751503,104.974998,103.678497,18990000
GOOGL,2021-02-16,104.587502,105.535004,107.257004,104.587502,31004000
GOOGL,2021-02-17,104.698997,105.931,106.122002,104.417503,20294000
GOOGL,2021-02-18,105.25,105.290497,106.099503,104.666496,22546000
GOOGL,2021-02-19,105.389503,104.440498,105.929001,104.171501,37938000
GOOGL,2021-02-22,102.68,102.712997,104.016502,102.400002,29466000
GOOGL,2021-02-23,100.699501,103.005997,103.625,99.511497,34658000
GOOGL,2021-02-24,101.501999,104.190498,104.416,101.376503,22608000
GOOGL,2021-02-25,102.796501,100.797501,104.150002,100.324501,41548000
GOOGL,2021-02-26,101.497498,101.095497,102.825996,100.050499,40042000
GOOGL,2021-03-01,102.400002,103.483002,103.811501,101.721001,26060000
GOOGL,2021-03-02,103.241997,103.223999,104.737,102.833504,25564000
GOOGL,2021-03-03,102.597504,100.570503,103.7995,99.699997,33892000
GOOGL,2021-03-04,100.7435,101.696503,103.7295,100.2715,49216000
GOOGL,2021-03-05,103.057503,104.8535,105.309998,101.389,53100000
GOOGL,2021-03-08,104.203003,100.375,105.686996,100.259499,36868000
GOOGL,2021-03-09,102.487503,102.017998,103.195999,101.779999,33920000
GOOGL,2021-03-10,103.07,101.809502,103.07,100.966499,27100000
GOOGL,2021-03-11,102.911003,105.027,105.563499,102.822502,27702000
GOOGL,2021-03-12,103.820503,102.5,103.880501,101.621002,33818000
GOOGL,2021-03-15,102.249001,102.722,102.749496,101.389503,26168000
GOOGL,2021-03-16,103.2995,104.194504,105.683998,102.9645,31900000
GOOGL,2021-03-17,103.4235,104.111,104.949997,102.206001,26382000
GOOGL,2021-03-18,102.408997,101.067001,103.4375,100.959,31700000
GOOGL,2021-03-19,101.486504,101.348,101.851997,100.1465,46072000
GOOGL,2021-03-22,101.3815,101.5345,102.417,100.699997,33536000
GOOGL,2021-03-23,101.997498,102.066498,103.205498,101.400002,28510000
GOOGL,2021-03-24,102.587997,101.626503,103.379997,101.449997,25218000
GOOGL,2021-03-25,101.452499,101.623001,102.281998,99.804497,35616000
GOOGL,2021-03-26,101.5895,101.236504,101.969498,100.192497,27978000
GOOGL,2021-03-29,101.108002,102.289497,102.460503,100.272499,26492000
GOOGL,2021-03-30,102.649002,102.323502,103.133499,101.807503,27312000
GOOGL,2021-03-31,102.720001,103.125999,104.313004,102.349998,42570000
GOOGL,2021-04-01,104.612503,106.488998,106.787498,104.571503,39880000
GOOGL,2021-04-05,107.357498,110.947998,111.449501,107.260498,48510000
GOOGL,2021-04-06,110.545998,110.462997,111.400002,110.0895,35240000
GOOGL,2021-04-07,110.654999,111.9515,112.224998,110.654999,24134000
GOOGL,2021-04-08,113.199997,112.5215,113.5895,112.150497,28664000
GOOGL,2021-04-09,112.272003,113.533501,113.698502,111.862999,26146000
GOOGL,2021-04-12,112.706001,112.231003,112.844498,111.390999,25024000
GOOGL,2021-04-13,112.5495,112.721497,113.1735,112.152496,25682000
GOOGL,2021-04-14,113.371498,112.095497,113.371498,111.801003,21002000
GOOGL,2021-04-15,113.097504,114.262497,114.800003,112.558502,29174000
GOOGL,2021-04-16,114.461998,114.137497,114.711998,113.545998,26282000
GOOGL,2021-04-19,113.509003,114.487999,115.204498,113.509003,30290000
GOOGL,2021-04-20,114.874496,113.9505,114.949997,112.856003,22288000
GOOGL,2021-04-21,113.602501,113.917503,114.0,112.240997,23204000
GOOGL,2021-04-22,113.769997,112.625999,114.444,112.015999,24146000
GOOGL,2021-04-23,113.349998,114.996498,115.306,113.0625,29066000
GOOGL,2021-04-26,115.225998,115.496498,116.226501,114.865997,32038000
GOOGL,2021-04-27,115.8815,114.549004,115.922501,114.307999,44386000
GOOGL,2021-04-28,119.625,117.952003,121.569,117.661003,81106000
GOOGL,2021-04-29,119.461502,119.638,120.208,118.692497,41234000
GOOGL,2021-04-30,118.401001,117.675003,119.092499,117.328003,44856000
GOOGL,2021-05-03,118.245499,117.153999,119.077499,116.775002,28242000
GOOGL,2021-05-04,115.677498,115.341499,116.249496,112.834,44818000
GOOGL,2021-05-05,116.431503,115.738503,116.75,115.414001,26636000
GOOGL,2021-05-06,115.316498,116.8675,116.8675,114.652,25190000
GOOGL,2021-05-07,118.194504,117.596497,118.5625,117.307999,28898000
GOOGL,2021-05-10,116.406998,114.587502,116.550003,114.226997,30914000
GOOGL,2021-05-11,112.153503,113.502998,114.014,111.695999,34186000
GOOGL,2021-05-12,111.309502,110.012497,112.399002,109.681,46376000
GOOGL,2021-05-13,111.306,111.452003,111.972,110.335999,33204000
GOOGL,2021-05-14,112.927002,113.918999,114.236,112.5,31996000
GOOGL,2021-05-17,113.178497,114.445999,114.488998,112.775497,21598000
GOOGL,2021-05-18,115.1175,113.123497,115.384003,113.109497,22204000
GOOGL,2021-05-19,111.421501,113.574997,113.749496,111.272003,23684000
GOOGL,2021-05-20,114.550003,115.347504,115.599998,114.176003,32352000
GOOGL,2021-05-21,115.870499,114.706497,115.944504,114.464996,40632000
GOOGL,2021-05-24,115.744499,118.052002,118.277496,115.598,31832000
GOOGL,2021-05-25,118.599998,118.143501,119.199997,117.75,22440000
GOOGL,2021-05-26,118.325996,119.015503,119.449501,118.322998,21572000
GOOGL,2021-05-27,119.452499,118.134003,119.452499,117.813004,35224000
GOOGL,2021-05-28,118.721001,117.842499,118.803497,117.642502,21482000
GOOGL,2021-06-01,118.722,119.058998,119.2855,117.713997,23354000
GOOGL,2021-06-02,119.457497,118.529503,119.681999,117.617996,21158000
GOOGL,2021-06-03,117.286499,117.378998,117.850998,116.475998,18696000
GOOGL,2021-06-04,118.463501,119.678497,119.9515,118.120499,24458000
GOOGL,2021-06-07,119.472,120.114998,120.225502,119.050003,24120000
GOOGL,2021-06-08,120.600502,119.921997,120.975998,119.738998,24240000
GOOGL,2021-06-09,120.571503,120.397003,120.643997,119.845001,17942000
GOOGL,2021-06-10,120.346001,121.7565,121.800003,120.189003,25904000
GOOGL,2021-06-11,122.0,121.510002,122.085999,120.947998,21958000
GOOGL,2021-06-14,121.612999,122.445503,122.445999,120.900002,22098000
GOOGL,2021-06-15,122.449997,121.419502,122.775497,121.056,21562000
GOOGL,2021-06-16,121.571999,120.772499,121.886002,119.470001,26472000
GOOGL,2021-06-17,120.697502,121.7435,122.522499,120.5,25842000
GOOGL,2021-06-18,121.366997,120.111,121.602997,120.014999,46116000
GOOGL,2021-06-21,120.500504,121.8125,122.0,119.898499,27414000
GOOGL,2021-06-22,121.75,122.330498,122.400002,121.064003,22390000
GOOGL,2021-06-23,122.093498,122.126999,123.095497,121.834503,19148000
GOOGL,2021-06-24,122.699997,122.5,123.055496,122.300003,21362000
GOOGL,2021-06-25,122.0,122.508499,122.633003,121.565002,34594000
GOOGL,2021-06-28,122.678497,122.536003,122.785004,121.405502,28526000
GOOGL,2021-06-29,122.670502,122.272499,123.021004,121.691002,23108000
GOOGL,2021-06-30,121.994499,122.0895,122.257004,121.3545,24474000
GOOGL,2021-07-01,121.724998,122.444504,122.586998,121.531502,18110000
GOOGL,2021-07-02,123.150002,125.2575,125.403999,123.059502,25982000
GOOGL,2021-07-06,125.648499,126.190002,126.428001,124.582497,26404000
GOOGL,2021-07-07,127.162003,126.473999,127.283997,126.153,24060000
GOOGL,2021-07-08,124.026001,125.043999,125.595497,124.022003,23790000
GOOGL,2021-07-09,125.025002,125.518501,125.734497,124.551498,18632000
GOOGL,2021-07-12,126.178001,126.975502,127.069504,125.611,17668000
GOOGL,2021-07-13,127.038498,127.341499,128.057495,126.6745,19240000
GOOGL,2021-07-14,127.958,128.237,129.326508,127.914497,23742000
GOOGL,2021-07-15,128.649002,127.004997,128.699997,126.529999,24218000
GOOGL,2021-07-16,127.663002,126.970001,127.811501,126.153503,20424000
GOOGL,2021-07-19,126.0895,124.578003,126.205002,123.504997,27968000
GOOGL,2021-07-20,125.527496,126.209503,127.042999,124.350502,26312000
GOOGL,2021-07-21,126.133499,127.549004,127.596001,126.023499,20746000
GOOGL,2021-07-22,127.844002,128.421494,128.483002,127.499001,14302000
GOOGL,2021-07-23,130.430496,133.014999,133.399002,129.800507,41506000
GOOGL,2021-07-26,133.328506,134.035004,134.237,132.301498,30572000
GOOGL,2021-07-27,134.250504,131.899994,134.399002,130.104004,54710000
GOOGL,2021-07-28,136.311996,136.093994,138.296997,135.277496,95130000
GOOGL,2021-07-29,136.149994,135.777496,136.660995,135.542999,31716000
GOOGL,2021-07-30,135.035004,134.726501,135.304504,134.255005,25576000
GOOGL,2021-08-02,135.117004,134.854507,135.336502,133.794006,21634000
GOOGL,2021-08-03,135.134995,135.630005,135.731995,133.319504,20762000
GOOGL,2021-08-04,135.349503,135.125504,135.649506,134.487,19676000
GOOGL,2021-08-05,135.680496,136.251495,136.350006,134.845993,17870000
GOOGL,2021-08-06,136.042007,135.738495,136.472504,135.210007,20488000
GOOGL,2021-08-09,135.942505,136.912994,137.184006,135.339493,17760000
GOOGL,2021-08-10,137.341995,136.807007,137.772507,136.364502,19414000
GOOGL,2021-08-11,137.181503,136.279007,137.682495,136.2715,15352000
GOOGL,2021-08-12,135.975494,137.194,137.300003,135.425507,16506000
GOOGL,2021-08-13,137.25,137.727493,137.856506,137.033005,15948000
GOOGL,2021-08-16,137.524994,138.309494,138.362503,135.298996,22384000
GOOGL,2021-08-17,137.75,136.661499,138.265503,136.082001,21716000
GOOGL,2021-08-18,136.5,135.449005,137.104507,135.321503,19258000
GOOGL,2021-08-19,134.435501,135.679993,136.352493,134.25,21782000
GOOGL,2021-08-20,136.0,137.429504,137.554001,135.25,31194000
GOOGL,2021-08-23,137.969498,140.041504,140.874496,137.607498,28454000
GOOGL,2021-08-24,140.611496,141.261505,142.080002,140.338501,19268000
GOOGL,2021-08-25,141.625,142.078995,142.189499,141.376007,15848000
GOOGL,2021-08-26,141.75,141.440506,142.417496,141.356995,20610000
GOOGL,2021-08-27,141.652496,144.003998,144.512497,141.496994,28780000
GOOGL,2021-08-30,144.399994,144.5905,145.970505,144.162994,24434000
GOOGL,2021-08-31,145.147003,144.697495,145.171494,144.281006,22448000
GOOGL,2021-09-01,145.0,145.2155,146.253998,144.883499,21936000
GOOGL,2021-09-02,145.216003,143.287003,145.519501,143.184998,32342000
GOOGL,2021-09-03,143.080505,143.739502,144.154999,142.400497,19850000
GOOGL,2021-09-07,143.834503,144.280502,144.565002,143.619003,20124000
GOOGL,2021-09-08,144.100006,143.690994,144.399994,143.0,18344000
GOOGL,2021-09-09,143.8405,143.541,144.310501,143.177505,15314000
GOOGL,2021-09-10,144.212494,140.876007,144.718506,140.738007,36840000
GOOGL,2021-09-13,141.949493,142.332504,142.949997,141.25,22094000
GOOGL,2021-09-14,142.995499,142.544495,143.363007,141.75,19674000
GOOGL,2021-09-15,142.7715,144.429504,144.4505,141.347504,27408000
GOOGL,2021-09-16,143.9505,143.610001,144.300003,142.401505,26190000
GOOGL,2021-09-17,143.030502,140.800003,143.449997,140.470001,53384000
GOOGL,2021-09-20,138.161499,138.719498,139.0,136.322006,46518000
GOOGL,2021-09-21,139.749496,139.033005,140.011505,138.278,25332000
GOOGL,2021-09-22,139.304001,140.283493,140.886993,138.551498,25056000
GOOGL,2021-09-23,140.987503,141.216003,141.696503,140.401505,20952000
GOOGL,2021-09-24,140.538498,142.214996,142.330505,140.240997,22984000
GOOGL,2021-09-27,140.804504,141.072006,141.938507,140.067505,21882000
GOOGL,2021-09-28,138.654999,135.830002,139.096497,135.360001,45772000
GOOGL,2021-09-29,136.979996,134.3535,137.151001,133.865005,30848000
GOOGL,2021-09-30,134.261505,133.675995,135.542496,133.556,37996000
GOOGL,2021-10-01,134.447495,136.542999,136.910507,134.072998,35360000
GOOGL,2021-10-04,135.960495,133.6595,135.960495,131.050003,51202000
GOOGL,2021-10-05,134.041,136.022995,137.224503,134.041,32404000
GOOGL,2021-10-06,134.75,137.565002,137.75,134.550003,24364000
GOOGL,2021-10-07,138.891998,139.225006,140.042007,138.651001,25110000
GOOGL,2021-10-08,139.576996,139.785507,140.330994,139.217499,26526000
GOOGL,2021-10-11,139.292007,138.914001,140.712006,138.858994,17954000
GOOGL,2021-10-12,139.479996,136.449005,139.507004,135.759995,36332000
GOOGL,2021-10-13,137.402496,137.582001,138.0,136.518997,19654000
GOOGL,2021-10-14,139.473999,141.151001,141.337494,138.824997,31894000
GOOGL,2021-10-15,141.614502,141.367996,141.718002,140.755005,30274000
GOOGL,2021-10-18,141.076508,142.778,142.796005,141.069504,20396000
GOOGL,2021-10-19,143.387497,143.237,143.662506,142.600006,20164000
GOOGL,2021-10-20,143.337997,141.768997,143.546005,141.376495,23288000
GOOGL,2021-10-21,141.768997,141.886002,142.156006,140.5,26292000
GOOGL,2021-10-22,139.149994,137.566498,140.582993,136.056,50588000
GOOGL,2021-10-25,137.550003,137.447006,138.0,135.423996,34412000
GOOGL,2021-10-26,139.263504,139.308502,140.082993,138.304504,49236000
GOOGL,2021-10-27,139.404999,146.217499,148.649994,139.404999,85782000
GOOGL,2021-10-28,147.134506,145.848999,147.158005,144.626999,36206000
GOOGL,2021-10-29,145.078003,148.046005,148.242004,144.649506,43320000
GOOGL,2021-11-01,148.046005,143.496994,148.046005,143.225494,46924000
GOOGL,2021-11-02,144.579498,145.432495,146.608994,144.335495,33482000
GOOGL,2021-11-03,145.900497,146.598007,146.669006,144.591003,27494000
GOOGL,2021-11-04,147.124496,148.267502,149.733505,146.307999,38412000
GOOGL,2021-11-05,149.169495,148.852005,150.327499,148.197006,38354000
GOOGL,2021-11-08,149.824997,149.031006,150.615005,148.430496,23052000
GOOGL,2021-11-09,149.233002,148.918503,149.834503,147.244995,19530000
GOOGL,2021-11-10,147.5,145.893494,148.070007,144.537506,29970000
GOOGL,2021-11-11,146.489502,145.766495,147.535507,145.600494,16518000
GOOGL,2021-11-12,146.615494,148.677994,148.850006,145.410995,22360000
GOOGL,2021-11-15,148.900497,148.451996,149.5495,147.574997,23508000
GOOGL,2021-11-16,148.149506,147.876007,148.762497,147.3125,18904000
GOOGL,2021-11-17,148.027496,148.046997,148.559494,147.240005,19594000
GOOGL,2021-11-18,148.241501,149.838501,150.580505,147.884506,35608000
GOOGL,2021-11-19,149.975494,148.926498,150.966507,148.899002,33682000
GOOGL,2021-11-22,149.332504,146.302002,149.829498,146.147507,30594000
GOOGL,2021-11-23,146.153,145.781998,146.660004,144.115005,27218000
GOOGL,2021-11-24,145.473495,146.119995,146.249496,144.373001,18040000
GOOGL,2021-11-26,144.348495,142.182999,144.557495,141.842499,30470000
GOOGL,2021-11-29,144.0,145.530502,146.297501,143.893494,32596000
GOOGL,2021-11-30,145.008499,141.897507,146.0,141.601501,42068000
GOOGL,2021-12-01,144.0,141.051498,145.9505,140.912003,34020000
GOOGL,2021-12-02,141.25,142.966003,143.864502,140.214493,29194000
GOOGL,2021-12-03,143.681,142.001495,144.399994,140.300995,41230000
GOOGL,2021-12-06,143.040497,143.154999,143.852493,140.149994,30618000
GOOGL,2021-12-07,145.596497,147.269501,147.531006,145.227493,32240000
GOOGL,2021-12-08,147.596497,148.186493,148.393005,146.406006,24270000
GOOGL,2021-12-09,147.591003,147.638504,149.100006,147.115005,23270000
GOOGL,2021-12-10,148.699997,148.001495,148.977493,146.703995,24458000
GOOGL,2021-12-13,147.781494,145.826508,147.970001,145.517502,27070000
GOOGL,2021-12-14,143.968002,143.906998,144.479996,141.214996,38446000
GOOGL,2021-12-15,143.408997,146.440994,146.720993,141.677994,36370000
GOOGL,2021-12-16,147.170502,144.445007,147.677002,143.606995,33650000
GOOGL,2021-12-17,142.5,141.725006,143.834503,141.300003,50416000
GOOGL,2021-12-20,140.0,141.606995,141.774506,139.320999,27192000
GOOGL,2021-12-21,142.053497,143.472504,143.869003,140.502502,28756000
GOOGL,2021-12-22,143.067505,146.414993,146.5,143.067505,26322000
GOOGL,2021-12-23,146.5,146.916504,148.2435,146.451996,26384000
GOOGL,2021-12-27,147.255997,147.906494,148.343994,147.169495,15976000
GOOGL,2021-12-28,148.235992,146.686996,148.298996,146.054504,18200000
GOOGL,2021-12-29,146.644501,146.654999,147.417007,145.647507,17788000
GOOGL,2021-12-30,146.694,146.2005,147.300003,145.994507,15688000
GOOGL,2021-12-31,146.050003,144.852005,146.698502,144.852005,18136000
IBM,2021-01-04,120.315491,118.489487,120.382408,117.629066,5417443
IBM,2021-01-05,119.512428,120.592735,121.108986,119.13002,6395872
IBM,2021-01-06,121.319313,123.60421,126.080307,121.147224,8322708
IBM,2021-01-07,124.32122,123.317398,124.722755,122.619499,4714740
IBM,2021-01-08,122.915871,122.877632,123.632889,121.39579,4891305
IBM,2021-01-11,122.323135,122.92543,123.977058,122.045891,5859587
IBM,2021-01-12,123.413002,123.527725,124.13958,122.313576,3921663
IBM,2021-01-13,123.47036,121.338432,124.043976,120.898659,8030874
IBM,2021-01-14,122.39006,123.298279,124.435944,121.940727,7848347
IBM,2021-01-15,122.638626,122.74379,123.556404,122.05545,5131153
IBM,2021-01-19,123.594643,123.346077,123.891014,122.456978,5646308
IBM,2021-01-20,123.996178,124.359467,125.296364,122.906311,5856240
IBM,2021-01-21,124.397705,125.86042,126.424477,124.330788,13116003
IBM,2021-01-22,115.391968,113.393883,115.391968,112.198853,39814421
IBM,2021-01-25,113.537285,113.365204,114.282982,112.284897,14315974
IBM,2021-01-26,113.938812,117.103249,117.198853,113.212234,11186656
IBM,2021-01-27,116.711281,117.084129,119.302101,116.271507,12705239
IBM,2021-01-28,117.39962,114.799232,117.782028,114.789673,8455969
IBM,2021-01-29,114.933075,113.871895,115.965584,113.671127,12369473
IBM,2021-02-01,114.627151,115.239006,115.630974,113.508606,6538023
IBM,2021-02-02,114.110901,114.187378,115.67878,114.034416,6633627
IBM,2021-02-03,113.80497,113.881454,114.531548,112.92543,7024308
IBM,2021-02-04,114.636711,115.697899,115.774376,113.642448,4771957
IBM,2021-02-05,115.67878,116.434036,116.453156,115.219887,4775722
IBM,2021-02-08,117.227531,118.173996,118.527725,117.017204,6158848
IBM,2021-02-09,116.5392,116.7304,117.208412,115.726578,4933982
IBM,2021-02-10,117.619499,116.864243,117.982796,115.879539,5090673
IBM,2021-02-11,116.634796,115.592735,116.835564,115.32505,5629154
IBM,2021-02-12,115.67878,115.487572,116.022942,114.808792,4049275
IBM,2021-02-16,114.866158,114.789673,115.296364,114.110901,6945231
IBM,2021-02-17,114.024857,114.694077,115.258125,113.785851,4141219
IBM,2021-02-18,115.200768,115.420647,115.621414,114.435944,5646413
IBM,2021-02-19,115.439774,113.757172,115.449333,113.173996,6881320
IBM,2021-02-22,113.288719,115.54493,115.803062,113.231361,6149643
IBM,2021-02-23,115.602295,115.401527,116.013382,114.531548,4739740
IBM,2021-02-24,115.487572,117.791588,118.059273,115.219887,6087720
IBM,2021-02-25,117.94455,117.084129,118.881454,116.959846,5953623
IBM,2021-02-26,116.873802,113.699806,116.873802,113.652008,9467346
IBM,2021-03-01,115.057358,115.430206,116.940727,114.588913,5977367
IBM,2021-03-02,115.430206,115.038239,116.5392,114.971321,4732418
IBM,2021-03-03,115.200768,116.978966,117.237091,114.703636,7744898
IBM,2021-03-04,116.634796,114.827919,117.801147,113.537285,8439651
IBM,2021-03-05,115.33461,117.428299,118.307838,114.961761,7268968
IBM,2021-03-08,117.581261,119.32122,121.271507,117.476097,7572203
IBM,2021-03-09,119.885277,118.718925,120.86998,118.699806,5867014
IBM,2021-03-10,119.550667,122.246651,122.60038,119.13002,7581199
IBM,2021-03-11,122.456978,121.548759,122.982796,121.20459,5383657
IBM,2021-03-12,121.596558,121.998085,122.06501,121.042068,4194565
IBM,2021-03-15,122.151054,122.92543,123.087952,121.931168,3577948
IBM,2021-03-16,122.638626,122.60038,122.868073,121.73996,4867247
IBM,2021-03-17,122.810707,123.355644,123.79541,121.883362,4488804
IBM,2021-03-18,123.2696,124.340347,125.239006,122.170174,6104142
IBM,2021-03-19,124.302101,123.231361,124.703636,122.877632,10297870
IBM,2021-03-22,122.848946,124.808792,124.971321,122.265778,4356485
IBM,2021-03-23,124.703636,124.722755,125.774376,124.091782,4556794
IBM,2021-03-24,125.191208,124.875717,126.300194,124.827919,4189230
IBM,2021-03-25,124.598473,127.217972,127.380501,124.063095,5809484
IBM,2021-03-26,127.428299,130.382416,130.478012,127.265778,5823710
IBM,2021-03-29,130.0,129.885284,131.042068,129.550674,4835344
IBM,2021-03-30,129.885284,128.79541,130.277252,128.12619,5010758
IBM,2021-03-31,128.623322,127.39962,128.785858,126.873802,5172575
IBM,2021-04-01,127.877632,127.370934,128.040146,126.453156,4261404
IBM,2021-04-05,127.762909,129.952194,130.678772,127.533463,5722980
IBM,2021-04-06,129.617584,128.317398,129.674957,128.193115,3787566
IBM,2021-04-07,127.954109,128.99617,129.005737,127.896751,3112896
IBM,2021-04-08,128.652008,129.177826,129.66539,128.26004,4275211
IBM,2021-04-09,128.938812,129.761002,129.770554,128.785858,3162999
IBM,2021-04-12,129.082214,128.671127,129.416824,127.963669,3926684
IBM,2021-04-13,127.151054,125.411087,127.74379,124.646271,8403041
IBM,2021-04-14,125.53537,126.797325,126.940727,124.780113,6137928
IBM,2021-04-15,127.418739,126.749519,127.982796,126.405357,4062664
IBM,2021-04-16,127.151054,127.715103,128.202682,127.103249,5535223
IBM,2021-04-19,127.724663,127.265778,127.93499,126.749519,8575736
IBM,2021-04-20,131.042068,132.084137,133.623322,130.688339,16192708
IBM,2021-04-21,131.988525,137.237091,137.40918,131.653915,12456814
IBM,2021-04-22,137.380493,135.066925,138.374756,134.79924,7428064
IBM,2021-04-23,135.095596,136.166351,137.294449,134.751434,4765576
IBM,2021-04-26,136.156784,135.344162,137.313583,135.258133,4927497
IBM,2021-04-27,135.458893,135.764816,136.290634,134.560226,4062664
IBM,2021-04-28,136.634796,136.711288,137.093689,135.850861,3941433
IBM,2021-04-29,137.79158,137.896744,142.198853,136.692154,4554179
IBM,2021-04-30,137.380493,135.640533,137.504776,134.369019,9280321
IBM,2021-05-03,137.485657,138.384323,139.340347,137.237091,5997241
IBM,2021-05-04,138.05928,139.340347,140.143402,137.982788,6642623
IBM,2021-05-05,139.521988,138.833649,139.521988,138.59465,5229895
IBM,2021-05-06,138.871887,141.892929,141.978973,138.79541,7848661
IBM,2021-05-07,139.502869,139.063095,139.713196,138.212234,7325661
IBM,2021-05-10,139.388138,139.741867,141.854691,139.388138,7304636
IBM,2021-05-11,138.61377,137.877625,138.804977,136.615677,7454214
IBM,2021-05-12,137.514343,135.086044,137.810699,134.933075,6233742
IBM,2021-05-13,135.229446,137.829834,138.527725,135.066925,4807207
IBM,2021-05-14,138.728485,138.317398,139.28299,137.629059,2873780
IBM,2021-05-17,138.087952,138.728485,139.388138,137.982788,4471755
IBM,2021-05-18,138.412994,137.581268,138.910141,136.931168,4000009
IBM,2021-05-19,136.061188,136.892929,136.902481,134.722748,4498532
IBM,2021-05-20,136.826004,137.552582,138.537292,135.908218,4301675
IBM,2021-05-21,137.934998,138.374756,139.292542,137.934998,4219041
IBM,2021-05-24,138.680695,138.355637,138.99617,137.839386,3449290
IBM,2021-05-25,138.546844,137.466537,138.623322,136.902481,4118311
IBM,2021-05-26,137.189301,137.07457,137.657745,136.749527,3225655
IBM,2021-05-27,137.495224,137.495224,138.403442,137.313583,5889294
IBM,2021-05-28,137.868073,137.418732,137.982788,137.179733,2651192
IBM,2021-06-01,138.623322,137.848953,139.416824,137.428299,2528705
IBM,2021-06-02,138.26004,139.311661,139.340347,137.772461,2915097
IBM,2021-06-03,138.537292,139.149139,139.46463,137.705551,4320608
IBM,2021-06-04,139.579346,140.936905,141.061188,139.349899,3261323
IBM,2021-06-07,141.061188,141.510513,142.198853,140.697891,3621984
IBM,2021-06-08,141.606125,142.514343,143.59465,141.606125,5313785
IBM,2021-06-09,142.476105,144.043976,144.426392,142.27533,5547252
IBM,2021-06-10,144.808792,143.919693,146.118546,143.173996,4977391
IBM,2021-06-11,143.814529,144.627151,145.172089,143.757172,3596462
IBM,2021-06-14,144.082214,143.432129,144.388138,142.122375,3498661
IBM,2021-06-15,143.26004,142.79158,143.317398,142.065002,2628912
IBM,2021-06-16,143.173996,141.328873,143.173996,140.745697,4057329
IBM,2021-06-17,141.061188,139.196945,141.548752,138.891006,4568300
IBM,2021-06-18,138.12619,136.826004,138.317398,136.749527,9577699
IBM,2021-06-21,137.772461,140.20076,140.602295,137.72467,4482633
IBM,2021-06-22,140.076477,139.923523,140.353729,138.957932,2549102
IBM,2021-06-23,139.990433,138.250473,140.057358,138.212234,3349920
IBM,2021-06-24,139.388138,139.043976,139.761002,138.326965,3775746
IBM,2021-06-25,138.986618,140.382416,140.468445,138.575531,3759533
IBM,2021-06-28,140.544937,138.900574,140.822174,138.537292,4067789
IBM,2021-06-29,138.871887,139.149139,140.286804,138.718933,2540211
IBM,2021-06-30,138.747604,140.143402,140.468445,138.346085,3394375
IBM,2021-07-01,140.497131,140.382416,141.013382,140.124283,2809661
IBM,2021-07-02,140.449326,133.862335,140.487579,133.326965,17584515
IBM,2021-07-06,133.833649,132.676865,134.244736,131.07074,8466010
IBM,2021-07-07,132.657745,133.671127,134.158707,132.657745,4246446
IBM,2021-07-08,131.72084,134.550674,135.095596,131.606125,5739820
IBM,2021-07-09,135.229446,135.296371,135.736145,134.646271,4083689
IBM,2021-07-12,135.210327,134.722748,135.71701,133.957932,3496360
IBM,2021-07-13,134.722748,134.110901,134.722748,133.489487,3309858
IBM,2021-07-14,134.531555,133.671127,134.560226,132.820267,4606061
IBM,2021-07-15,133.193115,134.273422,134.28299,132.695984,3807126
IBM,2021-07-16,134.79924,132.79158,134.79924,132.495224,4298328
IBM,2021-07-19,130.449326,131.854691,132.399612,130.219879,8977086
IBM,2021-07-20,136.711288,133.814529,138.546844,132.600388,14237838
IBM,2021-07-21,133.814529,135.086044,135.172089,133.508606,5024984
IBM,2021-07-22,135.430206,134.521988,135.573608,134.235184,3466653
IBM,2021-07-23,134.761002,135.124283,135.468445,134.158707,4680013
IBM,2021-07-26,135.172089,136.491394,136.711288,134.923523,4441630
IBM,2021-07-27,136.261948,136.472275,137.323135,135.372849,3281302
IBM,2021-07-28,136.72084,135.53537,136.806885,135.411087,2660815
IBM,2021-07-29,136.07074,135.688339,136.673035,135.372849,2793761
IBM,2021-07-30,135.296371,134.761002,135.611862,134.598465,3698238
IBM,2021-08-02,135.229446,135.20076,136.768646,134.827911,3064257
IBM,2021-08-03,135.659653,137.734222,138.336517,135.420654,4272596
IBM,2021-08-04,137.476105,136.481842,137.839386,136.20459,2960285
IBM,2021-08-05,136.73996,136.491394,137.103256,135.965576,2884240
IBM,2021-08-06,136.711288,137.753342,138.040146,136.606125,4002833
IBM,2021-08-09,135.946457,135.038239,136.233276,134.770554,5129689
IBM,2021-08-10,135.0,135.162521,135.573608,134.168259,5543695
IBM,2021-08-11,135.544937,135.879547,136.491394,135.277252,4455960
IBM,2021-08-12,136.00383,136.778198,136.854691,135.831741,2184780
IBM,2021-08-13,136.367111,136.883362,137.265778,136.175903,1997965
IBM,2021-08-16,136.931168,137.27533,137.418732,135.975143,2913319
IBM,2021-08-17,136.711288,136.156784,136.864243,134.885284,3215195
IBM,2021-08-18,135.439774,133.336517,135.678772,133.26004,3672192
IBM,2021-08-19,132.59082,131.950287,133.317398,131.175903,4351465
IBM,2021-08-20,131.682602,132.992355,133.250473,131.233276,2780059
IBM,2021-08-23,133.479919,133.479919,133.986618,132.695984,3179422
IBM,2021-08-24,133.632889,133.690247,134.063095,133.193115,2474418
IBM,2021-08-25,133.766724,133.709366,134.608032,133.326965,2105389
IBM,2021-08-26,133.814529,132.676865,134.608032,132.60994,2613640
IBM,2021-08-27,132.60994,133.27916,133.451248,132.313583,2572637
IBM,2021-08-30,133.365204,132.858505,133.728485,132.715103,2087293
IBM,2021-08-31,133.403442,134.168259,134.741867,132.839386,4429915
IBM,2021-09-01,133.824097,133.173996,133.910141,133.068832,2588327
IBM,2021-09-02,133.575531,133.852768,133.891006,132.915863,2840413
IBM,2021-09-03,133.537292,133.441681,134.292542,133.173996,2009575
IBM,2021-09-07,133.508606,131.988525,133.642441,131.701721,3436110
IBM,2021-09-08,132.065002,132.571701,132.973236,131.548752,3122728
IBM,2021-09-09,131.787766,131.682602,132.848953,131.510513,3669682
IBM,2021-09-10,132.715103,130.994263,133.240921,130.975143,4157955
IBM,2021-09-13,132.313583,132.07457,132.877625,131.462708,4334729
IBM,2021-09-14,132.313583,130.229446,132.476105,129.388138,4659198
IBM,2021-09-15,130.229446,131.166351,131.73996,129.703629,3403579
IBM,2021-09-16,131.242828,130.430206,131.883362,129.741867,2765624
IBM,2021-09-17,129.780121,129.28299,129.942642,129.110901,5890340
IBM,2021-09-20,128.011475,128.403442,129.235184,126.940727,4990152
IBM,2021-09-21,129.168259,127.122368,129.684509,127.093689,4261927
IBM,2021-09-22,127.839386,128.709366,129.416824,127.60038,3767901
IBM,2021-09-23,129.302109,130.71701,131.376678,129.091782,3151807
IBM,2021-09-24,131.00383,131.443588,132.39006,130.736145,3100762
IBM,2021-09-27,131.892929,132.466537,132.954117,131.434036,3459017
IBM,2021-09-28,133.049713,131.424469,133.546844,131.175903,4513072
IBM,2021-09-29,131.673035,133.05928,133.776291,130.439774,3947499
IBM,2021-09-30,133.843216,132.820267,134.388138,132.40918,6090230
IBM,2021-10-01,134.79924,137.017212,137.638626,134.196945,6907889
IBM,2021-10-04,136.462708,137.772461,139.579346,136.089859,7689251
IBM,2021-10-05,138.384323,136.854691,138.623322,136.367111,7297524
IBM,2021-10-06,136.214142,136.099426,137.065002,134.694077,5573506
IBM,2021-10-07,136.453156,135.573608,137.093689,135.305923,3999695
IBM,2021-10-08,135.573608,136.9216,137.332703,134.847031,3902940
IBM,2021-10-11,137.189301,136.166351,137.74379,136.137665,2921792
IBM,2021-10-12,135.956024,134.292542,136.042068,134.13002,3293436
IBM,2021-10-13,134.340347,134.569794,135.191208,133.518158,3013003
IBM,2021-10-14,134.837479,137.084137,137.59082,134.808792,4410668
IBM,2021-10-15,137.084137,138.250473,138.479919,136.510513,3371049
IBM,2021-10-18,137.667297,136.061188,138.565964,135.525818,6437189
IBM,2021-10-19,134.875717,135.736145,136.653915,134.340347,4539117
IBM,2021-10-20,135.449326,135.659653,135.946457,134.512421,6474008
IBM,2021-10-21,127.638626,122.686424,127.839386,122.466537,32913959
IBM,2021-10-22,122.418739,122.25621,124.521988,121.042068,12114981
IBM,2021-10-25,121.921608,122.026772,122.992355,121.357552,6667204
IBM,2021-10-26,121.912048,121.5392,122.657745,121.185471,8912861
IBM,2021-10-27,121.835564,119.66539,122.25621,119.512428,7294176
IBM,2021-10-28,119.66539,120.305923,120.755257,119.13958,6802138
IBM,2021-10-29,119.913956,119.598473,120.764816,119.416824,6188973
IBM,2021-11-01,119.550667,120.726578,120.755257,118.393883,6177153
IBM,2021-11-02,120.745697,120.630974,121.577438,119.416824,4722062
IBM,2021-11-03,120.67878,121.5392,121.692162,120.152962,5670784
IBM,2021-11-04,123.050003,120.849998,123.339996,119.900002,7208700
IBM,2021-11-05,121.43,123.610001,123.769997,121.43,6790500
IBM,2021-11-08,123.989998,124.540001,124.779999,123.529999,5625300
IBM,2021-11-09,122.559998,120.849998,122.900002,120.260002,7236600
IBM,2021-11-10,121.0,120.220001,122.43,119.93,6270300
IBM,2021-11-11,120.900002,120.269997,121.790001,120.080002,4643300
IBM,2021-11-12,120.0,118.959999,120.639999,118.779999,5418300
IBM,2021-11-15,119.540001,118.870003,120.160004,118.309998,5046300
IBM,2021-11-16,118.919998,118.459999,119.900002,118.419998,4750800
IBM,2021-11-17,118.379997,118.059998,119.330002,117.779999,4043300
IBM,2021-11-18,118.360001,116.660004,118.360001,116.309998,5046900
IBM,2021-11-19,116.489998,116.050003,116.559998,115.269997,5380200
IBM,2021-11-22,116.0,116.470001,118.809998,115.190002,6416200
IBM,2021-11-23,116.790001,116.790001,117.940002,116.040001,4912800
IBM,2021-11-24,116.160004,116.730003,117.269997,116.080002,3220800
IBM,2021-11-26,115.0,115.809998,116.339996,114.559998,3322000
IBM,2021-11-29,118.620003,118.5,119.610001,117.529999,8949800
IBM,2021-11-30,117.5,117.099998,119.239998,116.449997,9252700
IBM,2021-12-01,118.25,116.919998,118.93,116.849998,5958300
IBM,2021-12-02,117.370003,116.900002,117.980003,116.559998,5267100
IBM,2021-12-03,117.360001,118.839996,119.360001,117.360001,6630100
IBM,2021-12-06,119.400002,119.910004,121.150002,119.400002,4785600
IBM,2021-12-07,120.480003,121.580002,122.080002,120.07,5194000
IBM,2021-12-08,122.0,123.019997,123.379997,121.519997,5483900
IBM,2021-12-09,122.150002,123.57,123.949997,121.790001,4601100
IBM,2021-12-10,124.300003,124.089996,125.330002,123.360001,4966900
IBM,2021-12-13,123.760002,122.580002,124.360001,120.790001,6847500
IBM,2021-12-14,122.349998,123.760002,125.029999,122.300003,5716100
IBM,2021-12-15,123.800003,123.110001,124.82,122.18,4990000
IBM,2021-12-16,123.510002,125.93,126.639999,123.480003,7280500
IBM,2021-12-17,125.870003,127.400002,128.639999,125.209999,10379000
IBM,2021-12-20,125.720001,127.059998,127.199997,124.699997,4941400
IBM,2021-12-21,127.660004,128.970001,129.339996,127.660004,4856000
IBM,2021-12-22,129.059998,129.75,129.789993,127.599998,3923200
IBM,2021-12-23,130.0,130.630005,130.960007,129.520004,3649000
IBM,2021-12-27,130.630005,131.619995,131.649994,129.949997,4293900
IBM,2021-12-28,131.600006,132.630005,133.220001,131.589996,3445200
IBM,2021-12-29,132.399994,133.350006,134.210007,132.300003,4239900
IBM,2021-12-30,133.75,133.910004,134.369995,133.330002,3158100
IBM,2021-12-31,134.0,133.660004,134.990005,133.610001,3362100
INTC,2021-01-04,49.889999,49.669998,51.389999,49.400002,46102500
INTC,2021-01-05,49.450001,50.610001,50.830002,49.330002,24866600
INTC,2021-01-06,50.439999,51.099998,52.150002,50.200001,36809600
INTC,2021-01-07,51.490002,52.189999,52.689999,51.299999,32092300
INTC,2021-01-08,52.450001,51.650002,52.529999,51.27,34625400
INTC,2021-01-11,51.290001,51.540001,52.240002,51.25,32925000
INTC,2021-01-12,51.900002,53.240002,53.849998,51.560001,39883900
INTC,2021-01-13,59.5,56.950001,60.25,56.900002,124070700
INTC,2021-01-14,58.450001,59.25,60.139999,57.84,74680900
INTC,2021-01-15,58.849998,57.580002,59.650002,57.5,50265400
INTC,2021-01-19,57.939999,57.990002,58.34,57.099998,35647100
INTC,2021-01-20,58.240002,58.669998,59.220001,58.09,28701300
INTC,2021-01-21,59.040001,62.459999,63.950001,58.220001,86519500
INTC,2021-01-22,58.849998,56.66,59.619999,56.650002,85729300
INTC,2021-01-25,56.380001,55.439999,56.5,54.060001,61968500
INTC,2021-01-26,55.279999,55.209999,56.200001,54.849998,31485900
INTC,2021-01-27,54.610001,53.59,54.849998,53.299999,49722900
INTC,2021-01-28,54.790001,56.07,57.400002,54.700001,49202600
INTC,2021-01-29,55.98,55.509998,57.16,55.360001,37256200
INTC,2021-02-01,55.950001,56.689999,57.389999,55.709999,26926600
INTC,2021-02-02,57.189999,58.0,58.279999,56.880001,23580900
INTC,2021-02-03,57.889999,57.68,58.330002,57.380001,21893200
INTC,2021-02-04,57.610001,58.790001,58.880001,57.189999,29853800
INTC,2021-02-05,59.0,58.18,59.080002,58.119999,23432600
INTC,2021-02-08,58.380001,59.16,59.220001,57.950001,34358300
INTC,2021-02-09,58.77,58.779999,59.310001,57.939999,28754100
INTC,2021-02-10,59.299999,58.860001,59.419998,58.119999,16325100
INTC,2021-02-11,59.099998,60.66,60.990002,58.860001,27539100
INTC,2021-02-12,60.599998,61.810001,62.509998,60.43,26214200
INTC,2021-02-16,62.0,62.470001,62.869999,61.700001,26326300
INTC,2021-02-17,61.490002,61.849998,62.189999,61.209999,21055400
INTC,2021-02-18,60.650002,61.610001,61.98,60.639999,17846100
INTC,2021-02-19,61.91,63.009998,63.259998,61.849998,28290100
INTC,2021-02-22,61.880001,60.709999,62.700001,60.66,32288200
INTC,2021-02-23,60.48,61.119999,61.5,59.169998,27374600
INTC,2021-02-24,60.529999,63.189999,63.279999,60.380001,24669900
INTC,2021-02-25,62.41,60.400002,63.540001,60.130001,36394000
INTC,2021-02-26,60.889999,60.779999,61.689999,59.68,38216800
INTC,2021-03-01,61.720001,62.880001,63.080002,61.650002,28495400
INTC,2021-03-02,62.799999,61.240002,63.139999,61.110001,23320000
INTC,2021-03-03,60.639999,59.900002,61.52,59.700001,28740400
INTC,2021-03-04,59.830002,58.330002,60.240002,57.91,40210400
INTC,2021-03-05,59.259998,60.740002,61.18,58.509998,39511700
INTC,2021-03-08,60.470001,59.849998,61.700001,59.720001,33112400
INTC,2021-03-09,61.18,62.669998,63.169998,60.84,36387500
INTC,2021-03-10,63.220001,62.25,64.120003,62.130001,27160300
INTC,2021-03-11,62.939999,63.310001,64.089996,62.389999,30701800
INTC,2021-03-12,62.650002,62.900002,63.299999,62.240002,20173000
INTC,2021-03-15,63.610001,63.790001,63.880001,62.48,21247400
INTC,2021-03-16,64.150002,64.779999,65.730003,64.080002,30186600
INTC,2021-03-17,64.220001,65.779999,66.290001,63.709999,32394700
INTC,2021-03-18,65.629997,63.73,65.699997,63.650002,30094200
INTC,2021-03-19,63.18,63.759998,64.989998,62.919998,54951700
INTC,2021-03-22,64.82,65.629997,66.379997,64.559998,34380100
INTC,2021-03-23,66.0,63.48,66.050003,63.169998,35160000
INTC,2021-03-24,66.580002,62.040001,67.440002,61.990002,74584700
INTC,2021-03-25,61.66,62.02,62.439999,60.98,35401400
INTC,2021-03-26,61.799999,64.870003,64.970001,61.77,34705800
INTC,2021-03-29,64.010002,64.5,65.129997,63.610001,26161600
INTC,2021-03-30,63.77,63.77,64.0,63.150002,20709500
INTC,2021-03-31,64.010002,64.0,64.489998,63.580002,33013200
INTC,2021-04-01,64.720001,64.550003,64.889999,63.580002,31416300
INTC,2021-04-05,64.949997,66.540001,66.739998,64.699997,27947500
INTC,2021-04-06,66.059998,65.559998,66.580002,65.290001,28771400
INTC,2021-04-07,65.669998,66.25,66.57,65.360001,17793300
INTC,2021-04-08,66.970001,67.050003,67.290001,66.360001,22224200
INTC,2021-04-09,66.800003,68.260002,68.400002,66.629997,27177100
INTC,2021-04-12,68.199997,65.410004,68.489998,64.709999,51266900
INTC,2021-04-13,65.610001,65.220001,65.629997,64.209999,26822000
INTC,2021-04-14,65.309998,64.190002,65.379997,63.84,25768400
INTC,2021-04-15,63.970001,65.019997,65.220001,63.68,24927700
INTC,2021-04-16,65.330002,64.75,65.519997,64.57,24625500
INTC,2021-04-19,64.699997,63.630001,64.739998,63.07,23997700
INTC,2021-04-20,63.639999,62.700001,63.759998,62.41,19872100
INTC,2021-04-21,62.790001,63.700001,63.779999,62.299999,24364200
INTC,2021-04-22,63.349998,62.57,63.91,62.279999,38257600
INTC,2021-04-23,59.16,59.240002,60.0,57.900002,77479500
INTC,2021-04-26,59.099998,58.759998,59.52,58.459999,39645900
INTC,2021-04-27,58.560001,57.970001,58.630001,57.77,38167700
INTC,2021-04-28,57.52,57.619999,58.16,57.150002,30387400
INTC,2021-04-29,57.880001,58.279999,58.299999,57.470001,23290600
INTC,2021-04-30,57.610001,57.529999,58.43,57.07,30731800
INTC,2021-05-03,57.860001,57.259998,57.880001,56.84,22281700
INTC,2021-05-04,56.880001,56.900002,56.98,55.810001,35323600
INTC,2021-05-05,56.959999,56.849998,57.299999,56.459999,21001900
INTC,2021-05-06,56.619999,57.189999,57.25,56.25,25529300
INTC,2021-05-07,57.700001,57.669998,58.009998,57.240002,19959000
INTC,2021-05-10,57.150002,55.970001,57.23,55.880001,35046500
INTC,2021-05-11,55.049999,55.040001,55.630001,54.299999,35968100
INTC,2021-05-12,54.389999,53.619999,54.650002,53.419998,30232300
INTC,2021-05-13,54.040001,54.009998,54.389999,53.459999,29192500
INTC,2021-05-14,54.599998,55.349998,55.849998,54.259998,28158300
INTC,2021-05-17,55.290001,55.330002,55.889999,54.759998,20010200
INTC,2021-05-18,55.950001,54.84,56.139999,54.799999,18703400
INTC,2021-05-19,54.07,55.360001,55.43,53.84,23769700
INTC,2021-05-20,55.57,55.950001,56.240002,55.360001,23145200
INTC,2021-05-21,56.419998,56.080002,56.709999,55.98,17723100
INTC,2021-05-24,56.650002,56.959999,57.389999,56.400002,19164400
INTC,2021-05-25,57.560001,56.869999,57.560001,56.419998,22309900
INTC,2021-05-26,57.049999,56.919998,57.23,56.59,15173600
INTC,2021-05-27,57.110001,57.73,57.880001,57.0,32387600
INTC,2021-05-28,57.549999,57.119999,57.650002,56.939999,20303900
INTC,2021-06-01,57.610001,56.889999,57.82,56.59,20326400
INTC,2021-06-02,56.91,57.48,57.689999,56.759998,18483600
INTC,2021-06-03,56.98,56.240002,57.099998,56.09,21831300
INTC,2021-06-04,56.549999,57.369999,57.75,56.540001,21493800
INTC,2021-06-07,57.41,57.09,57.439999,56.779999,17364400
INTC,2021-06-08,57.450001,57.0,57.639999,56.599998,33254500
INTC,2021-06-09,57.360001,57.0,57.48,56.970001,13904800
INTC,2021-06-10,57.150002,57.380001,58.029999,56.93,26738100
INTC,2021-06-11,57.470001,57.849998,57.939999,56.950001,18119700
INTC,2021-06-14,58.02,58.189999,58.200001,57.23,21784500
INTC,2021-06-15,58.209999,57.990002,58.419998,57.799999,20806500
INTC,2021-06-16,58.150002,57.220001,58.369999,56.77,21879700
INTC,2021-06-17,57.049999,57.18,57.900002,56.700001,21498800
INTC,2021-06-18,56.68,55.669998,56.75,55.099998,55118300
INTC,2021-06-21,55.75,55.869999,56.040001,55.369999,19254600
INTC,2021-06-22,55.939999,55.869999,56.279999,55.5,18682800
INTC,2021-06-23,55.869999,55.259998,55.970001,55.23,20287900
INTC,2021-06-24,55.490002,56.07,56.099998,55.34,21209700
INTC,2021-06-25,56.02,55.91,56.41,55.75,21101200
INTC,2021-06-28,56.360001,57.48,57.73,56.34,22480900
INTC,2021-06-29,57.549999,56.75,57.830002,55.880001,26360000
INTC,2021-06-30,56.34,56.139999,56.380001,55.389999,29891600
INTC,2021-07-01,56.130001,56.009998,56.639999,55.869999,24871600
INTC,2021-07-02,56.549999,56.759998,56.990002,56.32,17219400
INTC,2021-07-06,56.919998,56.09,57.009998,55.700001,26186600
INTC,2021-07-07,56.369999,55.959999,56.450001,55.709999,14857400
INTC,2021-07-08,55.310001,55.389999,55.720001,54.790001,19162000
INTC,2021-07-09,55.509998,55.990002,56.110001,55.310001,18708000
INTC,2021-07-12,56.259998,56.73,56.759998,56.110001,15392800
INTC,2021-07-13,56.619999,56.869999,57.299999,56.34,15716000
INTC,2021-07-14,57.169998,56.52,57.459999,56.330002,16263600
INTC,2021-07-15,56.400002,55.810001,56.400002,55.57,18917000
INTC,2021-07-16,56.049999,54.970001,56.93,54.900002,25263800
INTC,2021-07-19,54.41,54.639999,54.810001,53.970001,27007700
INTC,2021-07-20,54.919998,55.240002,55.560001,54.27,19867000
INTC,2021-07-21,55.18,56.23,56.279999,55.009998,18497200
INTC,2021-07-22,56.060001,55.959999,56.540001,55.68,36691000
INTC,2021-07-23,54.580002,53.0,54.709999,52.32,67742300
INTC,2021-07-26,52.810001,54.310001,54.540001,52.759998,32881200
INTC,2021-07-27,53.119999,53.18,53.200001,52.310001,39878000
INTC,2021-07-28,53.029999,53.07,53.919998,52.939999,28478800
INTC,2021-07-29,53.48,53.700001,54.099998,53.32,16886600
INTC,2021-07-30,53.650002,53.720001,53.900002,53.25,16465700
INTC,2021-08-02,53.990002,53.68,54.470001,53.540001,18098100
INTC,2021-08-03,53.889999,54.060001,54.16,53.259998,16375900
INTC,2021-08-04,54.25,53.900002,54.439999,53.700001,17612700
INTC,2021-08-05,53.990002,53.889999,54.02,53.580002,15310000
INTC,2021-08-06,53.860001,53.919998,54.130001,53.73,19256000
INTC,2021-08-09,54.080002,54.049999,54.41,53.830002,14670100
INTC,2021-08-10,54.240002,53.939999,54.389999,53.509998,16215700
INTC,2021-08-11,54.259998,54.139999,54.360001,53.84,18590800
INTC,2021-08-12,54.169998,53.540001,54.18,53.259998,15070100
INTC,2021-08-13,53.5,53.490002,53.560001,53.060001,15281100
INTC,2021-08-16,53.23,53.470001,53.490002,53.0,17690300
INTC,2021-08-17,53.169998,52.689999,53.18,52.220001,22014900
INTC,2021-08-18,52.599998,52.189999,53.029999,52.110001,15061700
INTC,2021-08-19,52.049999,52.439999,52.669998,51.580002,22999400
INTC,2021-08-20,52.16,52.009998,52.380001,51.419998,25728300
INTC,2021-08-23,52.59,53.23,53.540001,52.48,23976300
INTC,2021-08-24,53.560001,53.810001,53.970001,53.310001,20348800
INTC,2021-08-25,54.080002,53.810001,54.23,53.73,15048400
INTC,2021-08-26,53.75,53.130001,53.75,52.970001,19570000
INTC,2021-08-27,53.360001,53.889999,53.939999,52.919998,16525000
INTC,2021-08-30,54.259998,53.939999,54.869999,53.759998,14581300
INTC,2021-08-31,54.439999,54.060001,54.5,53.66,22350100
INTC,2021-09-01,54.110001,53.669998,54.16,53.529999,18615000
INTC,2021-09-02,53.799999,53.73,53.889999,53.349998,15869500
INTC,2021-09-03,53.439999,53.509998,54.080002,53.32,13456200
INTC,2021-09-07,53.57,53.650002,53.950001,53.439999,13915000
INTC,2021-09-08,53.73,53.57,53.919998,52.990002,18235100
INTC,2021-09-09,53.66,53.400002,53.889999,53.34,13495800
INTC,2021-09-10,53.849998,53.84,54.98,53.810001,20324700
INTC,2021-09-13,54.610001,54.990002,55.490002,54.41,22639200
INTC,2021-09-14,55.369999,54.52,55.439999,54.27,22072700
INTC,2021-09-15,54.669998,55.119999,55.150002,54.419998,18796200
INTC,2021-09-16,54.860001,54.830002,54.950001,54.240002,19863100
INTC,2021-09-17,54.59,54.259998,54.59,53.669998,35359200
INTC,2021-09-20,53.209999,52.98,53.5,52.32,35051900
INTC,2021-09-21,53.200001,52.869999,53.450001,52.830002,17968900
INTC,2021-09-22,53.400002,53.5,53.869999,53.0,18594100
INTC,2021-09-23,53.75,54.029999,54.299999,53.599998,16474300
INTC,2021-09-24,53.779999,54.220001,54.419998,53.73,12976200
INTC,2021-09-27,53.939999,54.66,54.869999,53.82,13899900
INTC,2021-09-28,54.18,54.0,54.59,53.959999,24691300
INTC,2021-09-29,54.0,53.490002,54.049999,53.18,20514300
INTC,2021-09-30,53.759998,53.279999,53.98,53.259998,20534100
INTC,2021-10-01,53.650002,53.860001,54.110001,53.049999,19895100
INTC,2021-10-04,53.93,53.470001,54.330002,53.080002,27353300
INTC,2021-10-05,53.549999,53.950001,54.34,53.48,18129400
INTC,2021-10-06,53.48,53.98,54.07,53.07,20059600
INTC,2021-10-07,54.32,54.18,54.990002,54.119999,20704400
INTC,2021-10-08,54.549999,53.810001,54.580002,53.700001,16068000
INTC,2021-10-11,53.810001,53.439999,54.41,53.419998,14398800
INTC,2021-10-12,53.57,52.169998,53.720001,52.009998,32784300
INTC,2021-10-13,52.380001,52.259998,52.580002,51.869999,18534000
INTC,2021-10-14,52.900002,53.900002,54.0,52.73,26586700
INTC,2021-10-15,54.200001,54.459999,54.490002,53.810001,25231100
INTC,2021-10-18,54.189999,54.470001,54.560001,53.720001,22407600
INTC,2021-10-19,54.630001,55.209999,55.220001,54.369999,18392900
INTC,2021-10-20,55.25,55.369999,55.490002,55.080002,16850300
INTC,2021-10-21,54.93,56.0,56.07,54.830002,38390900
INTC,2021-10-22,50.389999,49.459999,50.549999,49.139999,109971900
INTC,2021-10-25,49.830002,49.41,50.07,49.310001,43178800
INTC,2021-10-26,49.400002,48.279999,49.439999,47.93,68405400
INTC,2021-10-27,48.52,47.889999,48.82,47.869999,41081500
INTC,2021-10-28,48.139999,48.080002,48.360001,47.880001,31317200
INTC,2021-10-29,48.099998,49.0,49.279999,47.919998,42301000
INTC,2021-11-01,49.400002,49.549999,49.599998,49.0,28013700
INTC,2021-11-02,49.610001,49.860001,49.900002,49.23,27193300
INTC,2021-11-03,49.93,50.389999,50.450001,49.709999,23962100
INTC,2021-11-04,50.240002,50.310001,50.349998,49.73,24806000
INTC,2021-11-05,50.549999,50.919998,51.580002,50.540001,36816200
INTC,2021-11-08,51.459999,51.549999,51.990002,51.060001,31647800
INTC,2021-11-09,51.540001,51.200001,51.77,50.77,22508400
INTC,2021-11-10,50.98,50.759998,51.389999,50.709999,25040700
INTC,2021-11-11,51.009998,50.529999,51.07,50.41,25420000
INTC,2021-11-12,50.599998,50.310001,50.900002,50.18,23884800
INTC,2021-11-15,50.41,50.32,50.630001,50.119999,24695800
INTC,2021-11-16,50.369999,50.610001,51.150002,50.34,30927800
INTC,2021-11-17,50.599998,50.23,50.939999,49.98,23546900
INTC,2021-11-18,50.240002,49.68,50.240002,48.970001,30658200
INTC,2021-11-19,49.599998,49.52,49.73,49.240002,27607600
INTC,2021-11-22,49.549999,49.830002,50.849998,49.41,33389600
INTC,2021-11-23,50.16,49.099998,50.450001,48.639999,44713300
INTC,2021-11-24,48.860001,49.759998,49.779999,48.630001,26035800
INTC,2021-11-26,48.900002,48.779999,49.18,48.119999,25269000
INTC,2021-11-29,49.299999,50.0,50.130001,48.720001,31478900
INTC,2021-11-30,49.5,49.200001,50.400002,48.68,49460800
INTC,2021-12-01,49.84,48.599998,50.310001,48.52,35093500
INTC,2021-12-02,48.610001,49.5,49.790001,48.330002,37240800
INTC,2021-12-03,49.68,49.25,50.060001,48.759998,32224900
INTC,2021-12-06,49.48,50.990002,51.209999,49.18,40336000
INTC,2021-12-07,54.66,52.57,55.0,52.209999,91731500
INTC,2021-12-08,52.57,51.75,52.880001,51.380001,37143400
INTC,2021-12-09,51.299999,50.48,51.59,50.43,31694200
INTC,2021-12-10,50.84,50.59,51.07,50.049999,23783600
INTC,2021-12-13,50.849998,50.0,51.02,49.950001,35726900
INTC,2021-12-14,49.82,49.700001,50.27,49.32,34120400
INTC,2021-12-15,49.869999,50.669998,50.779999,49.330002,32590300
INTC,2021-12-16,50.740002,50.830002,51.400002,50.580002,33132300
INTC,2021-12-17,50.59,50.619999,51.02,50.009998,50102300
INTC,2021-12-20,49.91,49.599998,50.130001,48.959999,30140300
INTC,2021-12-21,49.939999,50.77,50.84,49.939999,31956300
INTC,2021-12-22,50.639999,50.970001,51.02,50.209999,23307900
INTC,2021-12-23,51.080002,51.310001,51.73,51.049999,25198200
INTC,2021-12-27,51.349998,51.939999,52.060001,51.299999,20985400
INTC,2021-12-28,51.93,51.759998,52.119999,51.630001,19290400
INTC,2021-12-29,51.810001,51.830002,52.139999,51.66,14174800
INTC,2021-12-30,51.919998,51.740002,52.139999,51.650002,18359400
INTC,2021-12-31,51.889999,51.5,52.16,51.459999,16319000
META,2021-01-04,274.779999,268.940002,275.0,265.200012,15106100
META,2021-01-05,268.290009,270.970001,272.399994,268.209991,9871600
META,2021-01-06,262.0,263.309998,267.75,260.01001,24354100
META,2021-01-07,265.899994,268.73999,271.609985,264.779999,15789800
META,2021-01-08,268.309998,267.570007,268.950012,263.179993,18528300
META,2021-01-11,260.480011,256.839996,263.470001,255.899994,30412300
META,2021-01-12,256.630005,251.089996,259.720001,250.300003,26383500
META,2021-01-13,251.550003,251.639999,253.949997,249.199997,19528900
META,2021-01-14,253.399994,245.639999,255.029999,244.610001,29739400
META,2021-01-15,247.899994,251.360001,253.860001,247.160004,24942900
META,2021-01-19,256.899994,261.100006,262.200012,252.720001,28028500
META,2021-01-20,268.929993,267.480011,270.320007,263.600006,25199900
META,2021-01-21,269.26001,272.869995,273.600006,267.48999,20838700
META,2021-01-22,272.01001,274.5,278.470001,272.0,21954000
META,2021-01-25,278.140015,278.01001,280.100006,271.51001,19087000
META,2021-01-26,278.140015,282.049988,285.390015,277.809998,19373600
META,2021-01-27,282.529999,272.140015,283.450012,268.119995,35346200
META,2021-01-28,277.179993,265.0,286.790009,264.700012,37758800
META,2021-01-29,265.299988,258.329987,266.559998,254.850006,30389500
META,2021-02-01,259.519989,262.01001,264.170013,254.910004,22914300
META,2021-02-02,264.0,267.079987,268.850006,263.269989,17320800
META,2021-02-03,265.619995,266.649994,269.200012,263.839996,14223400
META,2021-02-04,267.01001,266.48999,268.160004,264.0,16060000
META,2021-02-05,266.799988,268.100006,269.170013,265.670013,12454400
META,2021-02-08,268.75,266.579987,269.859985,265.0,13755200
META,2021-02-09,266.440002,269.450012,273.390015,265.75,14613400
META,2021-02-10,272.450012,271.869995,273.799988,267.720001,14687200
META,2021-02-11,271.890015,270.390015,273.579987,268.48999,12828600
META,2021-02-12,270.519989,270.5,271.179993,268.339996,9097600
META,2021-02-16,270.799988,273.970001,276.600006,270.049988,15417200
META,2021-02-17,271.23999,273.570007,273.970001,269.579987,12763200
META,2021-02-18,269.570007,269.390015,271.950012,266.029999,15249100
META,2021-02-19,269.859985,261.559998,270.269989,260.149994,25622600
META,2021-02-22,257.950012,260.329987,263.070007,257.529999,17434900
META,2021-02-23,259.5,265.859985,267.459991,254.960007,21924600
META,2021-02-24,262.329987,264.309998,266.380005,258.390015,15736100
META,2021-02-25,262.299988,254.690002,266.940002,254.039993,19053100
META,2021-02-26,256.470001,257.619995,265.549988,256.470001,26619500
META,2021-03-01,260.820007,264.910004,266.649994,257.899994,22157300
META,2021-03-02,265.779999,259.0,266.709991,258.649994,15191700
META,2021-03-03,260.290009,255.410004,260.98999,255.100006,15513500
META,2021-03-04,256.470001,257.640015,266.48999,253.5,31626500
META,2021-03-05,260.670013,264.279999,265.450012,255.610001,26820100
META,2021-03-08,265.549988,255.309998,265.579987,255.050003,18391800
META,2021-03-09,261.179993,265.73999,268.529999,259.809998,22039700
META,2021-03-10,268.640015,264.899994,268.970001,262.869995,14210300
META,2021-03-11,268.109985,273.880005,277.899994,267.820007,21834000
META,2021-03-12,269.140015,268.399994,269.73999,264.019989,20600200
META,2021-03-15,269.079987,273.75,275.959991,268.5,16844800
META,2021-03-16,276.079987,279.279999,282.140015,274.799988,22437700
META,2021-03-17,275.709991,284.01001,286.230011,275.410004,21315000
META,2021-03-18,279.869995,278.619995,285.190002,278.279999,18728300
META,2021-03-19,281.220001,290.109985,292.799988,281.200012,38930500
META,2021-03-22,290.450012,293.540009,299.709991,286.75,28273100
META,2021-03-23,293.149994,290.630005,298.0,289.809998,23000900
META,2021-03-24,291.0,282.140015,291.720001,281.160004,18675000
META,2021-03-25,280.980011,278.73999,288.059998,277.75,24505600
META,2021-03-26,278.299988,283.019989,284.5,277.769989,17629200
META,2021-03-29,285.769989,290.820007,293.179993,284.700012,21718800
META,2021-03-30,289.829987,288.0,292.470001,286.700012,17474500
META,2021-03-31,289.98999,294.529999,296.5,288.609985,19498200
META,2021-04-01,298.399994,298.660004,302.399994,296.600006,17616000
META,2021-04-05,300.890015,308.910004,310.769989,300.679993,28237000
META,2021-04-06,308.839996,306.26001,311.350006,305.25,17335200
META,2021-04-07,306.339996,313.089996,314.25,305.5,22855200
META,2021-04-08,314.850006,313.019989,315.880005,310.049988,20894100
META,2021-04-09,311.399994,312.459991,314.73999,310.329987,15988600
META,2021-04-12,311.049988,311.540009,312.149994,307.929993,10881900
META,2021-04-13,312.209991,309.76001,314.429993,309.320007,14036900
META,2021-04-14,307.299988,302.820007,308.029999,301.950012,17421400
META,2021-04-15,306.339996,307.820007,310.140015,304.100006,14558300
META,2021-04-16,308.170013,306.179993,308.950012,304.609985,13059200
META,2021-04-19,305.01001,302.23999,307.700012,300.559998,14553500
META,2021-04-20,301.98999,302.649994,305.100006,297.209991,16796400
META,2021-04-21,301.950012,301.470001,301.980011,297.390015,14863500
META,2021-04-22,301.329987,296.519989,302.920013,296.040009,16375400
META,2021-04-23,298.76001,301.130005,302.589996,297.149994,17536800
META,2021-04-26,303.339996,303.040009,305.799988,301.559998,16172600
META,2021-04-27,304.279999,303.570007,305.339996,301.109985,15309300
META,2021-04-28,307.359985,307.100006,310.920013,305.369995,33907200
META,2021-04-29,330.119995,329.51001,331.809998,321.609985,56526800
META,2021-04-30,326.140015,325.079987,329.820007,324.5,26332400
META,2021-05-03,326.170013,322.579987,328.549988,321.839996,18719500
META,2021-05-04,320.019989,318.359985,322.190002,313.119995,24032600
META,2021-05-05,318.190002,315.019989,321.059998,314.48999,15577600
META,2021-05-06,314.519989,320.019989,320.23999,313.269989,19012200
META,2021-05-07,322.380005,319.079987,322.940002,318.75,15916700
META,2021-05-10,314.350006,305.970001,314.579987,304.829987,24239200
META,2021-05-11,300.75,306.529999,306.839996,299.690002,18920100
META,2021-05-12,301.130005,302.549988,304.959991,298.190002,24645500
META,2021-05-13,306.079987,305.26001,308.859985,302.769989,18079200
META,2021-05-14,309.540009,315.940002,316.850006,309.079987,19245700
META,2021-05-17,313.549988,315.459991,315.679993,311.579987,15401300
META,2021-05-18,315.589996,309.959991,316.5,309.809998,14522400
META,2021-05-19,304.190002,313.589996,314.660004,303.570007,19106200
META,2021-05-20,313.579987,318.609985,319.25,313.160004,17320200
META,2021-05-21,319.290009,316.230011,319.929993,315.809998,13600900
META,2021-05-24,318.209991,324.630005,325.950012,318.029999,16445400
META,2021-05-25,327.079987,327.790009,329.179993,324.799988,16437000
META,2021-05-26,328.350006,327.660004,329.829987,325.820007,9686900
META,2021-05-27,328.0,332.75,333.779999,326.76001,20477700
META,2021-05-28,331.0,328.730011,332.869995,328.329987,12037400
META,2021-06-01,330.149994,329.130005,331.420013,326.640015,11765900
META,2021-06-02,330.380005,329.149994,331.869995,327.119995,11654300
META,2021-06-03,325.779999,326.040009,327.380005,323.480011,12610800
META,2021-06-04,325.899994,330.350006,332.459991,325.179993,13289400
META,2021-06-07,329.480011,336.579987,337.690002,328.929993,20136700
META,2021-06-08,336.700012,333.679993,338.299988,332.23999,14580500
META,2021-06-09,335.73999,330.25,336.799988,330.0,13727900
META,2021-06-10,330.790009,332.459991,333.940002,328.549988,13240200
META,2021-06-11,332.579987,331.26001,332.829987,328.929993,13587900
META,2021-06-14,331.899994,336.769989,336.820007,329.809998,12250800
META,2021-06-15,336.98999,336.75,339.920013,335.029999,15795200
META,2021-06-16,336.700012,331.079987,337.549988,328.720001,17232200
META,2021-06-17,330.48999,336.51001,337.980011,330.149994,17794100
META,2021-06-18,334.529999,329.660004,336.149994,329.0,23039500
META,2021-06-21,331.089996,332.290009,332.920013,327.649994,11337500
META,2021-06-22,332.690002,339.029999,339.920013,332.600006,15345300
META,2021-06-23,339.350006,340.589996,343.420013,338.200012,14817800
META,2021-06-24,341.850006,343.179993,344.899994,341.790009,12329100
META,2021-06-25,342.589996,341.369995,344.119995,339.679993,14594400
META,2021-06-28,342.459991,355.640015,358.140015,341.769989,29156100
META,2021-06-29,356.269989,351.890015,356.73999,349.049988,21417300
META,2021-06-30,352.170013,347.709991,352.920013,347.170013,15107500
META,2021-07-01,346.820007,354.390015,354.670013,346.5,17137000
META,2021-07-02,355.100006,354.700012,356.440002,352.619995,11521300
META,2021-07-06,356.5,352.779999,358.790009,349.179993,13488500
META,2021-07-07,355.26001,350.48999,356.48999,350.0,14218900
META,2021-07-08,345.730011,345.649994,348.329987,342.559998,14406500
META,2021-07-09,345.320007,350.420013,350.709991,345.269989,13018700
META,2021-07-12,351.230011,353.160004,354.190002,349.640015,10018600
META,2021-07-13,351.5,352.089996,358.48999,348.799988,11456000
META,2021-07-14,354.559998,347.630005,355.200012,346.730011,13894200
META,2021-07-15,349.230011,344.459991,349.230011,340.220001,14781600
META,2021-07-16,344.910004,341.160004,345.98999,340.140015,11026100
META,2021-07-19,337.570007,336.950012,339.790009,334.540009,14372300
META,2021-07-20,338.799988,341.660004,343.450012,334.5,11024300
META,2021-07-21,341.5,346.230011,346.519989,341.25,9279700
META,2021-07-22,346.679993,351.190002,351.540009,345.209991,12385400
META,2021-07-23,360.910004,369.790009,375.329987,357.190002,33694300
META,2021-07-26,369.579987,372.459991,374.440002,368.220001,14925200
META,2021-07-27,371.910004,367.809998,373.149994,364.549988,15705400
META,2021-07-28,374.559998,373.279999,377.549988,366.929993,29676900
META,2021-07-29,361.0,358.320007,365.519989,356.73999,33413200
META,2021-07-30,354.0,356.299988,360.730011,352.940002,15976200
META,2021-08-02,358.100006,351.950012,359.399994,350.73999,13180400
META,2021-08-03,352.730011,351.23999,353.769989,347.700012,12406100
META,2021-08-04,352.420013,358.920013,360.480011,351.51001,14180600
META,2021-08-05,359.640015,362.970001,363.899994,356.899994,10247200
META,2021-08-06,361.399994,363.51001,365.149994,361.399994,8925000
META,2021-08-09,363.76001,361.609985,365.779999,360.75,7798900
META,2021-08-10,361.829987,361.130005,364.100006,359.040009,7469900
META,2021-08-11,362.100006,359.959991,362.359985,357.809998,8400300
META,2021-08-12,358.450012,362.649994,363.0,357.109985,7170700
META,2021-08-13,362.970001,363.179993,364.660004,361.480011,7195700
META,2021-08-16,362.519989,366.559998,366.950012,357.380005,11222100
META,2021-08-17,362.980011,358.450012,364.670013,355.070007,12328700
META,2021-08-18,356.25,355.450012,359.859985,355.149994,10042400
META,2021-08-19,351.350006,355.119995,357.570007,351.0,12004500
META,2021-08-20,354.600006,359.369995,359.98999,353.309998,8697700
META,2021-08-23,359.440002,363.350006,365.690002,359.100006,10942000
META,2021-08-24,363.660004,365.51001,367.959991,361.839996,9235100
META,2021-08-25,365.600006,368.390015,370.859985,365.399994,9684500
META,2021-08-26,368.380005,364.380005,369.440002,364.130005,7888700
META,2021-08-27,365.100006,372.630005,373.73999,364.079987,11219100
META,2021-08-30,372.559998,380.660004,381.48999,370.519989,13547300
META,2021-08-31,379.950012,379.380005,382.76001,378.799988,12345400
META,2021-09-01,379.589996,382.049988,384.329987,378.809998,11567200
META,2021-09-02,381.5,375.279999,381.75,374.059998,14832900
META,2021-09-03,374.75,376.26001,377.160004,373.109985,7509600
META,2021-09-07,375.880005,382.179993,382.959991,373.149994,10793800
META,2021-09-08,380.160004,377.570007,380.869995,374.790009,11067200
META,2021-09-09,377.640015,378.0,379.829987,376.570007,9098900
META,2021-09-10,381.359985,378.690002,383.790009,378.26001,11549600
META,2021-09-13,381.679993,376.51001,381.75,374.350006,13026300
META,2021-09-14,377.399994,376.529999,378.589996,375.109985,8711600
META,2021-09-15,377.0,373.920013,377.559998,367.670013,17940300
META,2021-09-16,372.790009,373.059998,373.559998,369.709991,11934200
META,2021-09-17,371.410004,364.720001,371.410004,361.589996,26299000
META,2021-09-20,359.299988,355.700012,361.029999,349.799988,19822800
META,2021-09-21,358.5,357.480011,360.040009,355.190002,11751900
META,2021-09-22,347.230011,343.209991,349.839996,340.690002,43692900
META,2021-09-23,345.359985,345.959991,349.670013,343.0,21806300
META,2021-09-24,343.23999,352.959991,354.350006,342.369995,18801900
META,2021-09-27,349.809998,353.579987,355.149994,347.079987,15205800
META,2021-09-28,347.970001,340.649994,349.600006,338.920013,21710300
META,2021-09-29,343.149994,339.609985,345.230011,338.880005,14452200
META,2021-09-30,340.450012,339.390015,342.799988,338.149994,16547100
META,2021-10-01,341.609985,343.01001,345.019989,338.640015,14905300
META,2021-10-04,335.529999,326.230011,335.940002,322.700012,42885000
META,2021-10-05,328.579987,332.959991,335.179993,326.160004,35377900
META,2021-10-06,329.73999,333.640015,334.380005,325.799988,26443000
META,2021-10-07,337.0,329.220001,338.839996,328.980011,28307500
META,2021-10-08,331.51001,330.049988,333.399994,328.709991,15946100
META,2021-10-11,327.630005,325.450012,330.459991,325.309998,14708200
META,2021-10-12,323.029999,323.769989,324.380005,317.369995,31658700
META,2021-10-13,326.970001,324.540009,327.0,322.660004,14761500
META,2021-10-14,328.359985,328.529999,330.519989,327.100006,14302200
META,2021-10-15,328.679993,324.76001,329.070007,322.51001,21596400
META,2021-10-18,328.950012,335.339996,335.890015,327.5,21585000
META,2021-10-19,339.649994,339.98999,342.459991,337.279999,18786300
META,2021-10-20,343.450012,340.779999,343.980011,339.450012,13639500
META,2021-10-21,340.279999,341.880005,342.309998,337.799988,16354400
META,2021-10-22,326.350006,324.609985,329.630005,321.109985,35224500
META,2021-10-25,320.299988,328.690002,329.559998,319.720001,38409000
META,2021-10-26,328.26001,315.809998,330.209991,309.600006,65654000
META,2021-10-27,314.190002,312.220001,319.25,312.059998,29971800
META,2021-10-28,312.98999,316.920013,325.519989,308.109985,50806800
META,2021-10-29,320.190002,323.570007,326.0,319.600006,37059400
META,2021-11-01,326.040009,329.980011,333.450012,326.0,31518900
META,2021-11-02,331.380005,328.079987,334.790009,323.799988,28353000
META,2021-11-03,327.48999,331.619995,332.149994,323.200012,20786500
META,2021-11-04,334.01001,335.850006,337.269989,332.649994,22495300
META,2021-11-05,340.309998,341.130005,346.790009,339.640015,26872800
META,2021-11-08,344.420013,338.619995,344.790009,338.339996,18342500
META,2021-11-09,340.0,335.369995,341.309998,334.470001,17556700
META,2021-11-10,332.48999,327.640015,333.190002,325.51001,21872600
META,2021-11-11,329.820007,327.73999,332.459991,327.0,12376600
META,2021-11-12,330.179993,340.890015,341.859985,329.779999,25414300
META,2021-11-15,344.339996,347.559998,353.649994,343.200012,25076600
META,2021-11-16,343.829987,342.959991,346.649994,340.869995,18181100
META,2021-11-17,344.23999,340.769989,347.299988,340.100006,13602800
META,2021-11-18,339.720001,338.690002,342.459991,335.299988,17487200
META,2021-11-19,342.200012,345.299988,352.100006,339.899994,26488500
META,2021-11-22,349.049988,341.01001,353.829987,340.51001,27116800
META,2021-11-23,338.929993,337.25,341.399994,333.5,17225000
META,2021-11-24,336.0,341.059998,341.779999,332.809998,13566200
META,2021-11-26,335.799988,333.119995,337.75,331.899994,14750700
META,2021-11-29,336.890015,338.029999,340.670013,335.309998,16650900
META,2021-11-30,335.0,324.459991,335.809998,323.429993,25390000
META,2021-12-01,330.290009,310.600006,330.5,310.290009,30329600
META,2021-12-02,311.399994,310.390015,314.600006,307.200012,24396200
META,2021-12-03,313.730011,306.839996,313.75,299.5,27471000
META,2021-12-06,308.130005,317.869995,320.100006,306.339996,21758300
META,2021-12-07,321.570007,322.809998,326.540009,321.0,18794000
META,2021-12-08,325.0,330.559998,332.75,323.070007,19937700
META,2021-12-09,329.540009,329.820007,336.130005,328.0,16879200
META,2021-12-10,332.559998,329.75,335.029999,326.369995,14528000
META,2021-12-13,330.950012,334.48999,341.089996,329.589996,22948700
META,2021-12-14,328.049988,333.73999,335.700012,327.649994,20461000
META,2021-12-15,332.48999,341.660004,342.109985,323.980011,24681300
META,2021-12-16,338.980011,334.899994,344.459991,333.73999,22635000
META,2021-12-17,332.799988,333.790009,337.109985,330.75,40012600
META,2021-12-20,329.779999,325.450012,329.899994,322.529999,17901800
META,2021-12-21,326.410004,334.200012,336.0,323.75,16116800
META,2021-12-22,333.799988,330.450012,334.51001,328.26001,16764600
META,2021-12-23,330.100006,335.23999,336.670013,328.359985,13987700
META,2021-12-27,338.850006,346.179993,347.869995,338.01001,17795000
META,2021-12-28,346.630005,346.220001,352.709991,345.200012,16637600
META,2021-12-29,346.910004,342.940002,349.690002,341.640015,10747000
META,2021-12-30,344.0,344.359985,347.230011,343.220001,10593300
META,2021-12-31,343.019989,336.350006,343.440002,336.269989,12870500
MSFT,2021-01-04,222.529999,217.690002,223.0,214.809998,37130100
MSFT,2021-01-05,217.259995,217.899994,218.520004,215.699997,23823000
MSFT,2021-01-06,212.169998,212.25,216.490005,211.940002,35930700
MSFT,2021-01-07,214.039993,218.289993,219.339996,213.710007,27694500
MSFT,2021-01-08,218.679993,219.619995,220.580002,217.029999,22956200
MSFT,2021-01-11,218.470001,217.490005,218.910004,216.729996,23031300
MSFT,2021-01-12,216.5,214.929993,217.100006,213.320007,23249300
MSFT,2021-01-13,214.020004,216.339996,216.759995,213.929993,20087100
MSFT,2021-01-14,215.910004,213.020004,217.460007,212.740005,29480800
MSFT,2021-01-15,213.520004,212.649994,214.509995,212.029999,31746500
MSFT,2021-01-19,213.75,216.440002,216.979996,212.630005,30480900
MSFT,2021-01-20,217.699997,224.339996,225.789993,217.289993,37777300
MSFT,2021-01-21,224.699997,224.970001,226.300003,222.419998,30709400
MSFT,2021-01-22,227.080002,225.949997,230.070007,225.800003,30172700
MSFT,2021-01-25,229.119995,229.529999,229.779999,224.220001,33152100
MSFT,2021-01-26,231.860001,232.330002,234.179993,230.080002,49169600
MSFT,2021-01-27,238.0,232.899994,240.440002,230.139999,69870600
MSFT,2021-01-28,235.610001,238.929993,242.639999,235.089996,49111200
MSFT,2021-01-29,235.990005,231.960007,238.020004,231.350006,42503100
MSFT,2021-02-01,235.059998,239.649994,242.5,232.429993,33314200
MSFT,2021-02-02,241.300003,239.509995,242.309998,238.690002,25916300
MSFT,2021-02-03,239.570007,243.0,245.089996,239.259995,27158100
MSFT,2021-02-04,242.660004,242.009995,243.240005,240.369995,25296100
MSFT,2021-02-05,242.229996,242.199997,243.279999,240.419998,18054800
MSFT,2021-02-08,243.149994,242.470001,243.679993,240.809998,22211900
MSFT,2021-02-09,241.869995,243.770004,244.759995,241.380005,23565000
MSFT,2021-02-10,245.0,242.820007,245.919998,240.889999,22186700
MSFT,2021-02-11,244.779999,244.490005,245.149994,242.149994,15751100
MSFT,2021-02-12,243.929993,244.990005,245.300003,242.729996,16561100
MSFT,2021-02-16,245.029999,243.699997,246.130005,242.919998,26728500
MSFT,2021-02-17,241.320007,244.199997,244.309998,240.940002,21653500
MSFT,2021-02-18,241.800003,243.789993,243.929993,240.860001,16925600
MSFT,2021-02-19,243.75,240.970001,243.860001,240.179993,25262600
MSFT,2021-02-22,237.419998,234.509995,237.929993,232.399994,36446900
MSFT,2021-02-23,230.330002,233.270004,234.830002,228.729996,30228700
MSFT,2021-02-24,230.009995,234.550003,235.199997,229.0,26339700
MSFT,2021-02-25,232.080002,228.990005,234.589996,227.880005,39542200
MSFT,2021-02-26,231.529999,232.380005,235.369995,229.539993,37819200
MSFT,2021-03-01,235.899994,236.940002,237.470001,233.149994,25324000
MSFT,2021-03-02,237.009995,233.869995,237.300003,233.449997,22812500
MSFT,2021-03-03,232.160004,227.559998,233.580002,227.259995,34029500
MSFT,2021-03-04,226.740005,226.729996,232.490005,224.259995,44727800
MSFT,2021-03-05,229.520004,231.600006,233.270004,226.460007,41872800
MSFT,2021-03-08,231.369995,227.389999,233.369995,227.130005,35267400
MSFT,2021-03-09,232.880005,233.779999,235.380005,231.669998,33080500
MSFT,2021-03-10,237.0,232.419998,237.0,232.039993,29746800
MSFT,2021-03-11,234.960007,237.130005,239.169998,234.309998,29907600
MSFT,2021-03-12,234.009995,235.75,235.820007,233.229996,22653700
MSFT,2021-03-15,234.960007,234.809998,235.190002,231.809998,26034900
MSFT,2021-03-16,236.279999,237.710007,240.059998,235.940002,28092200
MSFT,2021-03-17,236.149994,237.039993,238.550003,233.229996,29562100
MSFT,2021-03-18,232.559998,230.720001,234.190002,230.330002,34833000
MSFT,2021-03-19,231.020004,230.350006,232.470001,229.350006,46430700
MSFT,2021-03-22,230.270004,235.990005,236.899994,230.139999,30127000
MSFT,2021-03-23,237.490005,237.580002,241.050003,237.070007,31638400
MSFT,2021-03-24,237.850006,235.460007,238.0,235.320007,25620100
MSFT,2021-03-25,235.300003,232.339996,236.940002,231.570007,34061900
MSFT,2021-03-26,231.550003,236.479996,236.710007,231.550003,25479900
MSFT,2021-03-29,236.589996,235.240005,236.800003,231.880005,25227500
MSFT,2021-03-30,233.529999,231.850006,233.850006,231.100006,24792000
MSFT,2021-03-31,232.910004,235.770004,239.100006,232.389999,43623500
MSFT,2021-04-01,238.470001,242.350006,242.839996,238.050003,30338000
MSFT,2021-04-05,242.759995,249.070007,249.960007,242.699997,36910600
MSFT,2021-04-06,247.610001,247.860001,249.399994,246.880005,22931900
MSFT,2021-04-07,247.809998,249.899994,250.929993,247.190002,22719800
MSFT,2021-04-08,252.770004,253.25,254.139999,252.0,23625200
MSFT,2021-04-09,252.869995,255.850006,255.990005,252.440002,24326800
MSFT,2021-04-12,254.710007,255.910004,257.670013,254.619995,27148700
MSFT,2021-04-13,257.26001,258.48999,259.190002,256.829987,23837500
MSFT,2021-04-14,257.480011,255.589996,258.829987,255.160004,23070900
MSFT,2021-04-15,257.929993,259.5,259.929993,257.730011,25627500
MSFT,2021-04-16,259.470001,260.73999,261.0,257.600006,24878600
MSFT,2021-04-19,260.190002,258.73999,261.480011,257.820007,23209300
MSFT,2021-04-20,257.820007,258.26001,260.200012,256.839996,19722900
MSFT,2021-04-21,258.940002,260.579987,260.679993,257.25,24030400
MSFT,2021-04-22,260.209991,257.170013,261.779999,255.639999,25606200
MSFT,2021-04-23,257.880005,261.149994,261.51001,257.269989,21462600
MSFT,2021-04-26,261.660004,261.549988,262.440002,260.170013,19763300
MSFT,2021-04-27,261.579987,261.970001,263.190002,260.119995,31014200
MSFT,2021-04-28,256.079987,254.559998,256.540009,252.949997,46903100
MSFT,2021-04-29,255.460007,252.509995,256.100006,249.0,40589000
MSFT,2021-04-30,249.740005,252.179993,253.080002,249.600006,30945100
MSFT,2021-05-03,253.399994,251.860001,254.350006,251.119995,19626600
MSFT,2021-05-04,250.970001,247.789993,251.210007,245.759995,32756100
MSFT,2021-05-05,249.059998,246.470001,249.5,245.820007,21901300
MSFT,2021-05-06,246.449997,249.729996,249.860001,244.690002,26491100
MSFT,2021-05-07,252.149994,252.460007,254.300003,251.169998,27032900
MSFT,2021-05-10,250.869995,247.179993,251.729996,247.119995,29299900
MSFT,2021-05-11,244.550003,246.229996,246.600006,242.570007,33641600
MSFT,2021-05-12,242.169998,239.0,244.380005,238.070007,36684400
MSFT,2021-05-13,241.800003,243.029999,245.600006,241.419998,29624300
MSFT,2021-05-14,245.580002,248.149994,249.179993,245.490005,23901100
MSFT,2021-05-17,246.550003,245.179993,246.589996,243.520004,24970200
MSFT,2021-05-18,246.270004,243.080002,246.410004,242.899994,20168000
MSFT,2021-05-19,239.309998,243.119995,243.229996,238.600006,25739800
MSFT,2021-05-20,243.960007,246.479996,247.949997,243.860001,21800700
MSFT,2021-05-21,247.570007,245.169998,248.330002,244.740005,21863100
MSFT,2021-05-24,247.789993,250.779999,251.160004,247.509995,21411500
MSFT,2021-05-25,251.770004,251.720001,252.75,250.820007,17704300
MSFT,2021-05-26,251.429993,251.490005,252.940002,250.75,17771600
MSFT,2021-05-27,251.169998,249.309998,251.479996,249.25,24426200
MSFT,2021-05-28,251.0,249.679993,252.080002,249.559998,18270200
MSFT,2021-06-01,251.229996,247.399994,251.289993,246.960007,23213300
MSFT,2021-06-02,248.130005,247.300003,249.270004,245.839996,19406700
MSFT,2021-06-03,245.220001,245.710007,246.339996,243.0,25307700
MSFT,2021-06-04,247.759995,250.789993,251.649994,247.509995,25281100
MSFT,2021-06-07,249.979996,253.809998,254.089996,249.809998,23079200
MSFT,2021-06-08,255.160004,252.570007,256.01001,252.509995,22455000
MSFT,2021-06-09,253.809998,253.589996,255.529999,253.210007,17937600
MSFT,2021-06-10,254.289993,257.23999,257.459991,253.669998,24563600
MSFT,2021-06-11,257.98999,257.890015,258.48999,256.609985,18999700
MSFT,2021-06-14,257.899994,259.890015,259.950012,256.799988,19150500
MSFT,2021-06-15,259.769989,258.359985,259.98999,257.679993,18038900
MSFT,2021-06-16,259.399994,257.380005,260.579987,254.419998,27220000
MSFT,2021-06-17,256.070007,260.899994,261.75,256.01001,27565500
MSFT,2021-06-18,259.630005,259.429993,262.299988,258.75,37202200
MSFT,2021-06-21,259.820007,262.630005,263.519989,257.920013,26696100
MSFT,2021-06-22,262.720001,265.51001,265.790009,262.399994,24694100
MSFT,2021-06-23,265.98999,265.269989,266.829987,264.429993,19518700
MSFT,2021-06-24,266.160004,266.690002,267.850006,265.470001,21446900
MSFT,2021-06-25,266.230011,265.019989,267.25,264.76001,25611100
MSFT,2021-06-28,266.190002,268.720001,268.899994,265.910004,19590000
MSFT,2021-06-29,268.869995,271.399994,271.649994,267.980011,19937800
MSFT,2021-06-30,270.690002,270.899994,271.359985,269.600006,21656500
MSFT,2021-07-01,269.609985,271.600006,271.839996,269.600006,16725300
MSFT,2021-07-02,272.820007,277.649994,278.0,272.5,26458000
MSFT,2021-07-06,278.029999,277.660004,279.369995,274.299988,31565600
MSFT,2021-07-07,279.399994,279.929993,280.690002,277.149994,23260000
MSFT,2021-07-08,276.899994,277.420013,278.730011,274.869995,24618600
MSFT,2021-07-09,275.720001,277.940002,278.049988,275.320007,23916700
MSFT,2021-07-12,279.160004,277.320007,279.769989,276.579987,18931700
MSFT,2021-07-13,277.519989,280.980011,282.850006,277.390015,26120100
MSFT,2021-07-14,282.350006,282.51001,283.660004,280.549988,23113700
MSFT,2021-07-15,282.0,281.029999,282.51001,279.829987,22604200
MSFT,2021-07-16,282.070007,280.75,284.100006,279.459991,26186800
MSFT,2021-07-19,278.929993,277.01001,280.369995,274.450012,32935600
MSFT,2021-07-20,278.029999,279.320007,280.970001,276.26001,26259700
MSFT,2021-07-21,278.899994,281.399994,281.519989,277.290009,24364300
MSFT,2021-07-22,283.839996,286.140015,286.420013,283.420013,23384100
MSFT,2021-07-23,287.369995,289.670013,289.98999,286.5,22768100
MSFT,2021-07-26,289.0,289.049988,289.690002,286.640015,23176100
MSFT,2021-07-27,289.429993,286.540009,289.579987,282.950012,33604100
MSFT,2021-07-28,288.98999,286.220001,290.149994,283.829987,33566900
MSFT,2021-07-29,286.23999,286.5,288.619995,286.079987,18168300
MSFT,2021-07-30,285.170013,284.910004,286.660004,283.910004,20944800
MSFT,2021-08-02,286.359985,284.820007,286.769989,283.73999,16267400
MSFT,2021-08-03,285.420013,287.119995,287.230011,284.0,17879000
MSFT,2021-08-04,286.220001,286.51001,287.589996,284.649994,16191300
MSFT,2021-08-05,286.880005,289.519989,289.630005,286.100006,13900200
MSFT,2021-08-06,288.51001,289.459991,289.5,287.619995,16589300
MSFT,2021-08-09,289.75,288.329987,291.549988,287.809998,16117600
MSFT,2021-08-10,288.799988,286.440002,289.25,285.200012,18616600
MSFT,2021-08-11,287.209991,286.950012,288.660004,285.859985,13955900
MSFT,2021-08-12,286.630005,289.809998,289.970001,286.339996,14561300
MSFT,2021-08-13,289.480011,292.850006,292.899994,289.299988,18249000
MSFT,2021-08-16,293.190002,294.600006,294.820007,290.019989,22507600
MSFT,2021-08-17,292.390015,293.079987,293.429993,291.079987,20075300
MSFT,2021-08-18,292.040009,290.730011,294.820007,290.269989,21813000
MSFT,2021-08-19,288.690002,296.769989,297.470001,288.640015,29850500
MSFT,2021-08-20,299.720001,304.359985,305.839996,298.059998,40817600
MSFT,2021-08-23,303.25,304.649994,305.399994,301.850006,22830200
MSFT,2021-08-24,305.019989,302.619995,305.649994,302.0,18175800
MSFT,2021-08-25,304.299988,302.01001,304.589996,300.420013,20006100
MSFT,2021-08-26,300.98999,299.089996,302.429993,298.950012,17666100
MSFT,2021-08-27,298.98999,299.720001,300.869995,296.829987,22605700
MSFT,2021-08-30,301.119995,303.589996,304.220001,301.059998,16348100
MSFT,2021-08-31,304.420013,301.880005,304.5,301.5,26285300
MSFT,2021-09-01,302.869995,301.829987,305.190002,301.48999,18983800
MSFT,2021-09-02,302.200012,301.149994,303.359985,300.179993,16285600
MSFT,2021-09-03,300.98999,301.140015,302.600006,300.26001,14747900
MSFT,2021-09-07,301.01001,300.179993,301.089996,298.200012,17180400
MSFT,2021-09-08,299.779999,300.209991,300.609985,297.470001,15046800
MSFT,2021-09-09,300.820007,297.25,302.140015,297.0,19927000
MSFT,2021-09-10,298.420013,295.709991,299.920013,295.380005,19633400
MSFT,2021-09-13,297.549988,296.98999,298.540009,294.079987,23652900
MSFT,2021-09-14,299.559998,299.790009,301.390015,298.100006,21853400
MSFT,2021-09-15,303.26001,304.820007,305.320007,301.820007,28356300
MSFT,2021-09-16,303.76001,305.220001,305.309998,300.76001,19550800
MSFT,2021-09-17,304.170013,299.869995,304.5,299.529999,41372500
MSFT,2021-09-20,296.329987,294.299988,298.720001,289.519989,38278700
MSFT,2021-09-21,295.690002,294.799988,297.540009,294.070007,22364100
MSFT,2021-09-22,296.730011,298.579987,300.220001,294.51001,26626300
MSFT,2021-09-23,298.850006,299.559998,300.899994,297.529999,18604600
MSFT,2021-09-24,298.230011,299.350006,299.799988,296.929993,14999000
MSFT,2021-09-27,296.140015,294.170013,296.470001,292.940002,23571700
MSFT,2021-09-28,289.799988,283.519989,290.779999,282.75,43186200
MSFT,2021-09-29,285.100006,284.0,286.769989,283.01001,26353700
MSFT,2021-09-30,285.709991,281.920013,287.829987,281.619995,32343600
MSFT,2021-10-01,282.119995,289.100006,289.980011,281.290009,30086300
MSFT,2021-10-04,287.399994,283.109985,287.75,280.25,31350700
MSFT,2021-10-05,284.049988,288.76001,290.399994,284.049988,24993000
MSFT,2021-10-06,285.779999,293.109985,293.630005,285.51001,28002600
MSFT,2021-10-07,295.179993,294.850006,296.640015,293.920013,20430500
MSFT,2021-10-08,296.220001,294.850006,296.640015,293.76001,17685700
MSFT,2021-10-11,292.920013,294.230011,297.970001,292.75,19298600
MSFT,2021-10-12,295.339996,292.880005,295.440002,292.350006,17974100
MSFT,2021-10-13,294.910004,296.309998,297.279999,293.48999,23416300
MSFT,2021-10-14,299.209991,302.75,303.269989,297.829987,27262900
MSFT,2021-10-15,302.339996,304.209991,304.450012,300.519989,25384800
MSFT,2021-10-18,303.570007,307.290009,308.209991,302.690002,22729300
MSFT,2021-10-19,308.350006,308.230011,309.299988,307.220001,17682100
MSFT,2021-10-20,309.209991,307.410004,309.700012,306.109985,16537100
MSFT,2021-10-21,307.170013,310.76001,311.019989,306.359985,16918100
MSFT,2021-10-22,310.399994,309.160004,311.089996,307.799988,17449300
MSFT,2021-10-25,309.359985,308.130005,309.399994,306.459991,17554500
MSFT,2021-10-26,311.0,310.109985,312.399994,308.600006,28107300
MSFT,2021-10-27,316.0,323.170013,326.100006,316.0,52588700
MSFT,2021-10-28,324.329987,324.350006,324.869995,321.359985,26297900
MSFT,2021-10-29,324.130005,331.619995,332.0,323.899994,34766000
MSFT,2021-11-01,331.359985,329.369995,331.48999,326.369995,27073200
MSFT,2021-11-02,330.309998,333.130005,333.450012,330.0,26487100
MSFT,2021-11-03,333.899994,334.0,334.899994,330.649994,21500100
MSFT,2021-11-04,332.890015,336.440002,336.540009,329.51001,23992200
MSFT,2021-11-05,338.51001,336.059998,338.790009,334.420013,22570100
MSFT,2021-11-08,337.299988,336.98999,337.649994,334.440002,20897000
MSFT,2021-11-09,337.109985,335.950012,338.720001,334.529999,21307400
MSFT,2021-11-10,334.570007,330.799988,334.630005,329.920013,25500900
MSFT,2021-11-11,331.25,332.429993,333.769989,330.51001,16849800
MSFT,2021-11-12,333.920013,336.720001,337.230011,333.790009,23831000
MSFT,2021-11-15,337.540009,336.070007,337.880005,334.029999,16723000
MSFT,2021-11-16,335.679993,339.51001,340.670013,335.51001,20886800
MSFT,2021-11-17,338.940002,339.119995,342.190002,338.0,19053400
MSFT,2021-11-18,338.179993,341.269989,342.450012,337.119995,22463500
MSFT,2021-11-19,342.640015,343.109985,345.100006,342.200012,21963400
MSFT,2021-11-22,344.619995,339.829987,349.670013,339.549988,31031100
MSFT,2021-11-23,337.049988,337.679993,339.450012,333.559998,30427600
MSFT,2021-11-24,336.279999,337.910004,338.160004,333.910004,21661300
MSFT,2021-11-26,334.350006,329.679993,337.929993,328.119995,24217200
MSFT,2021-11-29,334.940002,336.630005,339.029999,334.73999,28563500
MSFT,2021-11-30,335.320007,330.589996,337.779999,328.98999,42885600
MSFT,2021-12-01,335.130005,330.079987,339.279999,329.390015,33337600
MSFT,2021-12-02,330.299988,329.48999,333.48999,327.799988,30766000
MSFT,2021-12-03,331.98999,323.01001,332.700012,318.029999,41779300
MSFT,2021-12-06,323.950012,326.190002,327.450012,319.230011,30032600
MSFT,2021-12-07,331.640015,334.920013,335.799988,330.100006,31021900
MSFT,2021-12-08,335.309998,334.970001,335.5,330.799988,24761000
MSFT,2021-12-09,334.410004,333.100006,336.48999,332.119995,22214200
MSFT,2021-12-10,334.980011,342.540009,343.0,334.790009,38095700
MSFT,2021-12-13,340.679993,339.399994,343.790009,339.079987,28899400
MSFT,2021-12-14,333.220001,328.339996,334.640015,324.109985,44438700
MSFT,2021-12-15,328.609985,334.649994,335.190002,324.5,35381100
MSFT,2021-12-16,335.709991,324.899994,336.76001,323.019989,35034800
MSFT,2021-12-17,320.880005,323.799988,324.920013,317.25,47750300
MSFT,2021-12-20,320.049988,319.910004,322.799988,317.570007,28326500
MSFT,2021-12-21,323.290009,327.290009,327.730011,319.799988,24740600
MSFT,2021-12-22,328.299988,333.200012,333.609985,325.75,24831500
MSFT,2021-12-23,332.75,334.690002,336.390015,332.730011,19617800
MSFT,2021-12-27,335.459991,342.450012,342.480011,335.429993,19947000
MSFT,2021-12-28,343.149994,341.25,343.809998,340.320007,15661500
MSFT,2021-12-29,341.299988,341.950012,344.299988,339.679993,15042000
MSFT,2021-12-30,341.910004,339.320007,343.130005,338.820007,15994500
MSFT,2021-12-31,338.51001,336.320007,339.359985,335.850006,18000800
NFLX,2021-01-04,539.0,522.859985,540.799988,515.090027,4444400
NFLX,2021-01-05,521.549988,520.799988,526.780029,515.890015,3133900
NFLX,2021-01-06,511.970001,500.48999,513.099976,499.5,5346200
NFLX,2021-01-07,508.279999,508.890015,516.440002,506.420013,3686400
NFLX,2021-01-08,511.309998,510.399994,513.23999,504.51001,2973900
NFLX,2021-01-11,507.839996,499.100006,510.730011,497.950012,3806200
NFLX,2021-01-12,500.0,494.25,501.089996,485.670013,5990400
NFLX,2021-01-13,495.5,507.790009,512.349976,493.01001,5032100
NFLX,2021-01-14,507.350006,500.859985,514.5,499.579987,4177400
NFLX,2021-01-15,500.0,497.980011,506.320007,495.100006,5895800
NFLX,2021-01-19,501.0,501.769989,509.25,493.540009,12315800
NFLX,2021-01-20,565.419983,586.340027,593.289978,556.859985,32637500
NFLX,2021-01-21,582.450012,579.840027,588.75,570.400024,11802100
NFLX,2021-01-22,582.099976,565.169983,583.98999,564.349976,7550800
NFLX,2021-01-25,567.0,556.780029,569.75,548.650024,7207300
NFLX,2021-01-26,554.72998,561.929993,567.98999,554.059998,5023800
NFLX,2021-01-27,550.710022,523.280029,556.419983,515.72998,8670300
NFLX,2021-01-28,535.880005,538.599976,553.150024,530.73999,5969000
NFLX,2021-01-29,538.0,532.390015,541.0,530.179993,4325300
NFLX,2021-02-01,536.789978,539.039978,545.059998,531.72998,3547500
NFLX,2021-02-02,542.01001,548.159973,555.47998,538.929993,3767600
NFLX,2021-02-03,550.169983,539.450012,550.47998,538.23999,3172300
NFLX,2021-02-04,539.809998,552.159973,559.47998,537.51001,5164500
NFLX,2021-02-05,552.26001,550.789978,554.440002,545.47998,2376200
NFLX,2021-02-08,555.0,547.919983,555.0,543.700012,2791700
NFLX,2021-02-09,546.0,559.070007,566.0,543.0,3703500
NFLX,2021-02-10,562.5,563.590027,566.650024,553.460022,3991300
NFLX,2021-02-11,564.440002,557.590027,565.929993,554.219971,2730600
NFLX,2021-02-12,556.940002,556.52002,561.25,550.849976,2197100
NFLX,2021-02-16,557.289978,557.280029,563.630005,552.72998,2624100
NFLX,2021-02-17,550.98999,551.340027,555.25,543.030029,2069600
NFLX,2021-02-18,549.0,548.219971,550.0,538.22998,2456200
NFLX,2021-02-19,548.0,540.219971,548.98999,538.809998,2841500
NFLX,2021-02-22,534.98999,533.780029,541.789978,530.789978,3078600
NFLX,2021-02-23,525.0,546.150024,548.539978,518.280029,4136500
NFLX,2021-02-24,539.799988,553.409973,556.849976,539.070007,3245000
NFLX,2021-02-25,550.27002,546.700012,556.47998,535.75,4252900
NFLX,2021-02-26,546.51001,538.849976,553.090027,538.0,3755600
NFLX,2021-03-01,545.570007,550.640015,552.140015,542.0,3041400
NFLX,2021-03-02,553.340027,547.820007,556.98999,546.02002,3042200
NFLX,2021-03-03,545.929993,520.700012,548.01001,517.809998,5362400
NFLX,2021-03-04,521.5,511.290009,531.5,507.679993,5034800
NFLX,2021-03-05,511.980011,516.390015,517.76001,498.790009,5070000
NFLX,2021-03-08,514.460022,493.329987,518.840027,492.850006,3981800
NFLX,2021-03-09,507.309998,506.440002,513.109985,503.820007,3470000
NFLX,2021-03-10,513.5,504.540009,518.969971,504.25,3771500
NFLX,2021-03-11,512.200012,523.059998,530.23999,510.709991,4714500
NFLX,2021-03-12,512.5,518.02002,526.51001,506.589996,3981700
NFLX,2021-03-15,516.320007,520.25,520.72998,508.029999,3484300
NFLX,2021-03-16,524.469971,524.030029,533.419983,523.210022,3238900
NFLX,2021-03-17,522.0,524.440002,528.369995,514.299988,2817400
NFLX,2021-03-18,516.400024,504.790009,517.900024,503.850006,4094500
NFLX,2021-03-19,504.959991,512.179993,513.190002,501.630005,4386400
NFLX,2021-03-22,509.130005,523.109985,529.309998,509.130005,3360600
NFLX,2021-03-23,529.869995,535.090027,543.119995,529.400024,5583500
NFLX,2021-03-24,533.780029,520.809998,534.419983,520.0,4102200
NFLX,2021-03-25,516.98999,502.859985,518.530029,497.0,4926800
NFLX,2021-03-26,502.820007,508.049988,508.720001,496.679993,3467800
NFLX,2021-03-29,505.660004,513.950012,518.0,504.399994,3330000
NFLX,2021-03-30,510.51001,513.390015,514.409973,506.910004,2418100
NFLX,2021-03-31,515.669983,521.659973,528.130005,515.440002,3503100
NFLX,2021-04-01,529.929993,539.419983,540.5,527.030029,3938600
NFLX,2021-04-05,540.01001,540.669983,542.849976,529.22998,3355900
NFLX,2021-04-06,544.809998,544.530029,554.169983,543.299988,3474200
NFLX,2021-04-07,543.5,546.98999,549.640015,541.450012,2151300
NFLX,2021-04-08,551.130005,554.580017,556.900024,547.570007,4309800
NFLX,2021-04-09,552.690002,555.309998,556.900024,547.109985,2894000
NFLX,2021-04-12,551.049988,552.780029,557.97998,549.580017,2944100
NFLX,2021-04-13,557.0,553.72998,559.75,550.299988,2720300
NFLX,2021-04-14,554.869995,540.02002,554.869995,538.530029,3740300
NFLX,2021-04-15,544.169983,549.219971,553.48999,542.659973,3139100
NFLX,2021-04-16,550.539978,546.539978,551.97998,539.51001,3209100
NFLX,2021-04-19,546.900024,554.440002,556.440002,545.530029,4288700
NFLX,2021-04-20,554.419983,549.570007,563.559998,546.299988,11257600
NFLX,2021-04-21,508.0,508.899994,515.460022,503.600006,22897400
NFLX,2021-04-22,513.820007,508.779999,513.960022,500.549988,9061100
NFLX,2021-04-23,509.01001,505.549988,509.700012,500.700012,7307700
NFLX,2021-04-26,506.76001,510.299988,510.480011,503.0,4388800
NFLX,2021-04-27,512.619995,505.549988,512.98999,504.579987,3761300
NFLX,2021-04-28,505.200012,506.519989,508.399994,503.339996,3193000
NFLX,2021-04-29,507.600006,509.0,509.290009,499.0,5127800
NFLX,2021-04-30,505.0,513.469971,514.549988,505.0,4413200
NFLX,2021-05-03,512.650024,509.109985,518.950012,505.200012,4091900
NFLX,2021-05-04,510.779999,503.179993,511.630005,496.790009,4349500
NFLX,2021-05-05,504.98999,496.079987,507.779999,494.630005,3129400
NFLX,2021-05-06,495.98999,499.549988,499.549988,491.369995,3783700
NFLX,2021-05-07,504.619995,503.839996,508.549988,501.119995,3132800
NFLX,2021-05-10,502.0,486.690002,503.149994,486.109985,5131600
NFLX,2021-05-11,479.75,495.079987,497.98999,478.630005,4401000
NFLX,2021-05-12,486.829987,484.980011,493.540009,482.700012,4121500
NFLX,2021-05-13,489.130005,486.660004,490.779999,482.709991,2712500
NFLX,2021-05-14,487.859985,493.369995,494.850006,486.589996,2882500
NFLX,2021-05-17,485.589996,488.940002,492.709991,482.809998,2705200
NFLX,2021-05-18,488.399994,486.279999,493.480011,486.190002,2350500
NFLX,2021-05-19,481.630005,487.700012,488.570007,478.540009,3349900
NFLX,2021-05-20,489.549988,501.670013,502.700012,488.980011,3721200
NFLX,2021-05-21,503.119995,497.890015,505.399994,497.26001,3322900
NFLX,2021-05-24,501.049988,502.899994,504.25,499.51001,2412600
NFLX,2021-05-25,506.0,501.339996,506.369995,499.220001,2699500
NFLX,2021-05-26,502.339996,502.359985,504.140015,500.5,2465300
NFLX,2021-05-27,501.799988,503.859985,505.100006,498.540009,3253800
NFLX,2021-05-28,504.399994,502.809998,511.76001,502.529999,2910300
NFLX,2021-06-01,504.01001,499.079987,505.410004,497.73999,2482600
NFLX,2021-06-02,499.820007,499.23999,503.220001,495.820007,2269000
NFLX,2021-06-03,495.190002,489.429993,496.660004,487.25,3887400
NFLX,2021-06-04,492.0,494.73999,501.859985,490.950012,3160500
NFLX,2021-06-07,492.920013,494.660004,496.700012,490.549988,2791900
NFLX,2021-06-08,497.0,492.390015,498.820007,489.369995,2374000
NFLX,2021-06-09,494.5,485.809998,496.089996,484.649994,3055000
NFLX,2021-06-10,487.170013,487.269989,490.209991,482.140015,4382900
NFLX,2021-06-11,490.0,488.769989,491.410004,487.779999,3124000
NFLX,2021-06-14,489.679993,499.890015,503.5,486.910004,4400200
NFLX,2021-06-15,501.230011,491.899994,501.230011,490.399994,3104100
NFLX,2021-06-16,495.0,492.410004,496.459991,486.279999,3533200
NFLX,2021-06-17,490.25,498.339996,501.799988,490.149994,3198300
NFLX,2021-06-18,496.399994,500.769989,504.48999,495.23999,5197600
NFLX,2021-06-21,501.640015,497.0,502.049988,492.279999,5277300
NFLX,2021-06-22,498.540009,508.820007,513.549988,495.799988,5809300
NFLX,2021-06-23,508.480011,512.73999,516.630005,508.200012,3944800
NFLX,2021-06-24,517.960022,518.059998,520.960022,514.400024,3361200
NFLX,2021-06-25,528.840027,527.070007,533.059998,525.0,5299100
NFLX,2021-06-28,528.119995,533.030029,533.940002,524.559998,2820200
NFLX,2021-06-29,533.549988,533.5,536.130005,528.570007,2314600
NFLX,2021-06-30,534.059998,528.210022,534.380005,526.820007,2773400
NFLX,2021-07-01,525.719971,533.539978,537.039978,525.719971,2805400
NFLX,2021-07-02,535.5,533.97998,538.539978,529.390015,1975500
NFLX,2021-07-06,533.0,541.640015,542.859985,533.0,2775100
NFLX,2021-07-07,544.23999,535.960022,544.640015,531.659973,2722500
NFLX,2021-07-08,530.929993,530.76001,535.5,529.090027,3269000
NFLX,2021-07-09,531.0,535.97998,538.26001,528.580017,2777200
NFLX,2021-07-12,540.299988,537.309998,540.650024,532.919983,1780700
NFLX,2021-07-13,535.76001,540.679993,545.330017,535.76001,2751600
NFLX,2021-07-14,541.01001,547.950012,554.099976,541.01001,4659500
NFLX,2021-07-15,553.969971,542.950012,557.539978,538.200012,5713900
NFLX,2021-07-16,541.809998,530.309998,544.059998,527.049988,3442100
NFLX,2021-07-19,526.049988,532.280029,534.909973,522.23999,3885800
NFLX,2021-07-20,526.070007,531.049988,536.640015,520.299988,6930400
NFLX,2021-07-21,526.130005,513.630005,530.98999,505.609985,11906800
NFLX,2021-07-22,510.209991,511.769989,513.679993,507.0,4328100
NFLX,2021-07-23,512.159973,515.409973,517.409973,504.660004,3820500
NFLX,2021-07-26,514.380005,516.48999,521.130005,509.01001,2254500
NFLX,2021-07-27,518.080017,518.909973,521.950012,512.049988,2759000
NFLX,2021-07-28,521.820007,519.299988,524.469971,516.97998,2390500
NFLX,2021-07-29,519.960022,514.25,520.780029,513.789978,1736000
NFLX,2021-07-30,512.690002,517.570007,519.789978,510.959991,2537100
NFLX,2021-08-02,519.0,515.150024,519.849976,510.51001,2096600
NFLX,2021-08-03,514.390015,510.820007,515.630005,505.369995,2579400
NFLX,2021-08-04,513.0,517.349976,517.97998,510.369995,2039400
NFLX,2021-08-05,517.130005,524.890015,525.409973,514.02002,2556700
NFLX,2021-08-06,524.0,520.549988,526.840027,519.390015,1919800
NFLX,2021-08-09,521.150024,519.969971,522.669983,517.98999,1367800
NFLX,2021-08-10,520.0,515.840027,520.789978,512.969971,1960500
NFLX,2021-08-11,517.0,512.400024,519.570007,509.769989,1673900
NFLX,2021-08-12,511.859985,510.720001,513.0,507.200012,1685700
NFLX,2021-08-13,512.640015,515.919983,521.440002,511.51001,2177700
NFLX,2021-08-16,515.23999,517.919983,523.380005,512.299988,2032800
NFLX,2021-08-17,515.469971,518.909973,520.789978,514.200012,2309800
NFLX,2021-08-18,520.0,521.869995,526.380005,518.650024,2582000
NFLX,2021-08-19,522.73999,543.710022,548.390015,521.869995,7497300
NFLX,2021-08-20,545.090027,546.880005,551.390015,539.099976,3776400
NFLX,2021-08-23,545.97998,553.330017,555.549988,543.73999,2602000
NFLX,2021-08-24,551.47998,553.409973,555.309998,549.27002,2109500
NFLX,2021-08-25,550.159973,547.580017,552.840027,545.450012,2065600
NFLX,2021-08-26,546.159973,550.119995,552.599976,545.900024,1595500
NFLX,2021-08-27,551.599976,558.919983,564.169983,549.25,3252600
NFLX,2021-08-30,557.25,566.179993,567.159973,556.450012,2434800
NFLX,2021-08-31,566.119995,569.190002,569.47998,561.609985,2431900
NFLX,2021-09-01,569.0,582.070007,591.0,569.0,5626200
NFLX,2021-09-02,583.679993,588.549988,598.76001,583.679993,6179900
NFLX,2021-09-03,585.799988,590.530029,591.880005,583.140015,2681200
NFLX,2021-09-07,594.690002,606.710022,613.849976,593.98999,5821400
NFLX,2021-09-08,603.840027,606.049988,615.599976,595.710022,5424500
NFLX,2021-09-09,606.469971,597.539978,609.440002,596.549988,2954200
NFLX,2021-09-10,598.159973,598.719971,609.450012,593.669983,3950800
NFLX,2021-09-13,598.570007,589.289978,598.570007,582.780029,3062900
NFLX,2021-09-14,584.890015,577.76001,587.280029,575.559998,3457000
NFLX,2021-09-15,578.169983,582.869995,584.619995,575.369995,2755600
NFLX,2021-09-16,584.299988,586.5,587.47998,577.719971,1832000
NFLX,2021-09-17,587.849976,589.349976,590.280029,580.849976,4145100
NFLX,2021-09-20,586.789978,575.429993,591.530029,568.080017,3732200
NFLX,2021-09-21,578.309998,573.140015,581.880005,569.369995,2250900
NFLX,2021-09-22,579.690002,590.650024,595.650024,579.690002,4021800
NFLX,2021-09-23,590.789978,593.26001,599.320007,589.130005,2526200
NFLX,2021-09-24,592.5,592.390015,592.97998,583.640015,2126200
NFLX,2021-09-27,587.950012,592.640015,593.580017,576.929993,2504700
NFLX,2021-09-28,589.0,583.849976,599.539978,580.159973,4431100
NFLX,2021-09-29,589.01001,599.059998,609.880005,588.01001,6221000
NFLX,2021-09-30,608.049988,610.340027,619.0,608.049988,6612600
NFLX,2021-10-01,604.23999,613.150024,614.98999,597.51001,4090800
NFLX,2021-10-04,613.390015,603.349976,626.130005,594.679993,4995900
NFLX,2021-10-05,606.940002,634.809998,640.390015,606.890015,9534300
NFLX,2021-10-06,628.179993,639.099976,639.869995,626.359985,4580400
NFLX,2021-10-07,642.22998,631.849976,646.840027,630.450012,3556900
NFLX,2021-10-08,634.169983,632.659973,643.799988,630.859985,3272100
NFLX,2021-10-11,633.200012,627.039978,639.419983,626.780029,2862500
NFLX,2021-10-12,633.02002,624.940002,637.659973,621.98999,3227300
NFLX,2021-10-13,632.179993,629.76001,632.179993,622.099976,2420300
NFLX,2021-10-14,632.22998,633.799988,636.880005,626.789978,2671700
NFLX,2021-10-15,638.0,628.289978,639.419983,625.159973,4116900
NFLX,2021-10-18,632.099976,637.969971,638.409973,620.590027,4669100
NFLX,2021-10-19,636.969971,639.0,641.0,632.299988,7633100
NFLX,2021-10-20,625.570007,625.140015,637.400024,617.150024,10622000
NFLX,2021-10-21,628.890015,653.159973,654.01001,628.650024,8437100
NFLX,2021-10-22,651.809998,664.780029,665.460022,651.809998,6186000
NFLX,2021-10-25,663.73999,671.659973,675.880005,657.070007,3833500
NFLX,2021-10-26,673.76001,668.52002,676.48999,662.77002,2904800
NFLX,2021-10-27,669.0,662.919983,671.409973,661.849976,2276900
NFLX,2021-10-28,670.950012,674.049988,676.799988,668.030029,2859400
NFLX,2021-10-29,673.059998,690.309998,690.969971,671.23999,3825300
NFLX,2021-11-01,689.059998,681.169983,689.969971,676.539978,3110900
NFLX,2021-11-02,683.109985,677.719971,687.679993,673.820007,3888600
NFLX,2021-11-03,677.27002,688.289978,689.390015,677.27002,2334900
NFLX,2021-11-04,685.890015,668.400024,685.940002,665.5,4865000
NFLX,2021-11-05,663.969971,645.719971,665.640015,645.01001,5283500
NFLX,2021-11-08,650.289978,651.450012,656.0,643.789978,2887500
NFLX,2021-11-09,653.700012,655.98999,660.5,650.52002,2415600
NFLX,2021-11-10,653.01001,646.909973,660.330017,642.109985,2405800
NFLX,2021-11-11,650.23999,657.580017,665.820007,649.710022,2868300
NFLX,2021-11-12,660.01001,682.609985,683.340027,653.820007,4198400
NFLX,2021-11-15,681.23999,679.330017,685.26001,671.48999,2872200
NFLX,2021-11-16,678.27002,687.400024,688.359985,676.900024,2077400
NFLX,2021-11-17,690.0,691.690002,700.98999,686.090027,2732800
NFLX,2021-11-18,691.609985,682.02002,691.73999,679.73999,2012900
NFLX,2021-11-19,692.349976,678.799988,694.159973,675.0,2613700
NFLX,2021-11-22,676.02002,659.200012,679.47998,656.469971,2764400
NFLX,2021-11-23,658.179993,654.059998,666.429993,646.049988,2320200
NFLX,2021-11-24,658.01001,658.289978,661.440002,651.099976,1867300
NFLX,2021-11-26,675.0,665.640015,676.409973,660.669983,2872500
NFLX,2021-11-29,663.200012,663.840027,667.98999,658.289978,2529400
NFLX,2021-11-30,668.200012,641.900024,675.380005,640.01001,5608900
NFLX,2021-12-01,649.47998,617.77002,654.52002,617.070007,3882800
NFLX,2021-12-02,617.099976,616.469971,625.359985,612.880005,3331100
NFLX,2021-12-03,622.75,602.130005,625.5,594.0,4829300
NFLX,2021-12-06,606.01001,612.690002,617.289978,601.0,3075700
NFLX,2021-12-07,619.830017,625.580017,628.890015,611.400024,3125200
NFLX,2021-12-08,630.0,628.080017,632.460022,623.200012,2220300
NFLX,2021-12-09,627.580017,611.0,630.23999,610.440002,2376300
NFLX,2021-12-10,616.780029,611.659973,617.73999,605.880005,2748800
NFLX,2021-12-13,612.0,604.559998,612.640015,599.52002,2517900
NFLX,2021-12-14,598.710022,597.98999,602.289978,588.130005,2984500
NFLX,2021-12-15,598.179993,605.039978,605.690002,584.51001,2866200
NFLX,2021-12-16,597.090027,591.059998,602.830017,588.0,3143200
NFLX,2021-12-17,591.609985,586.72998,593.25,581.73999,4386900
NFLX,2021-12-20,586.429993,593.73999,602.880005,584.26001,3358400
NFLX,2021-12-21,597.539978,604.919983,607.820007,593.859985,2319400
NFLX,2021-12-22,603.359985,614.23999,614.820007,602.630005,2335700
NFLX,2021-12-23,616.400024,614.090027,616.880005,607.570007,1621100
NFLX,2021-12-27,615.0,613.119995,615.0,609.25,2061500
NFLX,2021-12-28,614.950012,610.710022,618.409973,609.690002,1882800
NFLX,2021-12-29,610.710022,610.539978,613.97998,604.679993,1287200
NFLX,2021-12-30,612.98999,612.090027,620.609985,611.23999,1625100
NFLX,2021-12-31,610.01001,602.440002,614.080017,602.049988,1995900
NVDA,2021-01-04,131.042496,131.134995,136.524994,129.625,56064000
NVDA,2021-01-05,130.997498,134.047501,134.434998,130.869995,32276000
NVDA,2021-01-06,132.225006,126.144997,132.449997,125.860001,58042400
NVDA,2021-01-07,129.675003,133.440002,133.777496,128.865005,46148000
NVDA,2021-01-08,133.625,132.767502,134.210007,130.419998,29252800
NVDA,2021-01-11,134.1875,136.214996,139.610001,133.625,51834400
NVDA,2021-01-12,137.524994,134.847504,137.544998,133.449997,29147600
NVDA,2021-01-13,134.899994,135.317505,136.25,133.850006,21002800
NVDA,2021-01-14,135.75,132.002502,135.997498,131.804993,28312000
NVDA,2021-01-15,132.279999,128.595001,133.252502,128.485001,27778000
NVDA,2021-01-19,130.162506,130.252502,130.940002,128.440002,22618800
NVDA,2021-01-20,131.117493,133.657501,134.304993,130.567505,25857200
NVDA,2021-01-21,134.184998,138.675003,139.992493,132.529999,33778000
NVDA,2021-01-22,137.399994,137.125,138.417496,136.272507,24682000
NVDA,2021-01-25,137.817505,136.532501,138.285004,132.365005,25111200
NVDA,2021-01-26,135.804993,134.352493,136.447495,133.875,16398000
NVDA,2021-01-27,132.300003,129.177505,132.327499,127.9375,37127200
NVDA,2021-01-28,129.962494,130.509995,133.397507,129.604996,22831600
NVDA,2021-01-29,130.75,129.897507,133.347504,129.115005,27155200
NVDA,2021-02-01,130.532501,132.369995,132.707504,129.027496,21720400
NVDA,2021-02-02,133.987503,135.567505,135.720001,132.854996,22044000
NVDA,2021-02-03,136.360001,135.304993,139.317505,135.164993,24540800
NVDA,2021-02-04,135.309998,136.642502,136.735001,133.377502,20134000
NVDA,2021-02-05,137.25,135.910004,137.372498,135.457504,16915200
NVDA,2021-02-08,137.272507,144.387497,144.737503,137.272507,43462400
NVDA,2021-02-09,143.407501,142.632507,145.832504,142.225006,28756000
NVDA,2021-02-10,144.632507,147.642502,149.050003,143.414993,48535200
NVDA,2021-02-11,149.802505,152.507507,152.722504,149.25,45082800
NVDA,2021-02-12,150.5,149.612503,152.912506,147.75,37475600
NVDA,2021-02-16,150.642502,153.302505,153.725006,149.5,32196000
NVDA,2021-02-17,151.710007,149.059998,152.235001,147.800003,27475600
NVDA,2021-02-18,147.289993,148.289993,148.732498,145.75,23386800
NVDA,2021-02-19,150.244995,149.264999,151.770004,148.467499,27172400
NVDA,2021-02-22,147.747498,143.557495,151.332504,143.25,32588400
NVDA,2021-02-23,140.752502,141.419998,142.387497,133.895004,39178000
NVDA,2021-02-24,141.227493,144.990005,145.067505,137.559998,44832000
NVDA,2021-02-25,140.455002,133.074997,143.747498,132.162506,82443600
NVDA,2021-02-26,137.524994,137.145004,138.544998,133.610001,50093200
NVDA,2021-03-01,138.75,138.417496,139.25,135.532501,35318400
NVDA,2021-03-02,139.0,134.0625,139.205002,133.960007,26411600
NVDA,2021-03-03,134.262497,128.047501,134.514999,127.987503,37759200
NVDA,2021-03-04,128.007507,123.702499,129.75,120.837502,57334400
NVDA,2021-03-05,125.5,124.614998,125.5,116.792503,54284000
NVDA,2021-03-08,124.5,115.932503,124.712502,115.665001,54311200
NVDA,2021-03-09,121.302498,125.202499,126.167503,120.592499,52182400
NVDA,2021-03-10,128.404999,124.682503,129.800003,124.574997,38437600
NVDA,2021-03-11,129.5,129.934998,130.462494,127.345001,29991600
NVDA,2021-03-12,126.482498,128.559998,128.887497,125.900002,24396400
NVDA,2021-03-15,128.647507,131.912506,132.067505,127.672501,22198800
NVDA,2021-03-16,133.565002,132.912506,135.125,131.167496,27212800
NVDA,2021-03-17,130.397507,133.412506,134.532501,129.895004,24386400
NVDA,2021-03-18,131.365005,127.224998,131.839996,127.169998,29389600
NVDA,2021-03-19,127.5,128.457504,129.214996,126.125,29920800
NVDA,2021-03-22,129.127502,131.862503,133.945007,129.067505,29780400
NVDA,2021-03-23,132.542496,130.707504,133.445007,130.212494,22204800
NVDA,2021-03-24,131.512497,126.43,131.592499,126.3675,24584000
NVDA,2021-03-25,124.995003,125.352501,127.147499,122.720001,29514400
NVDA,2021-03-26,125.544998,128.392502,128.5625,123.735001,36396800
NVDA,2021-03-29,128.202499,129.482498,130.625,127.0,27352000
NVDA,2021-03-30,128.419998,128.717499,129.752502,127.050003,20020400
NVDA,2021-03-31,130.154999,133.482498,134.705002,129.824997,31477600
NVDA,2021-04-01,135.722504,138.117493,138.699997,135.112503,30827600
NVDA,2021-04-05,138.675003,139.875,140.139999,137.330002,25567200
NVDA,2021-04-06,139.997498,138.615005,140.542496,137.735001,19174400
NVDA,2021-04-07,138.807495,141.434998,142.434998,137.115005,25128400
NVDA,2021-04-08,142.527496,143.169998,144.714996,142.490005,24441600
NVDA,2021-04-09,142.139999,144.0,144.080002,141.75,19517200
NVDA,2021-04-12,142.897507,152.089996,153.524994,141.392502,86932400
NVDA,2021-04-13,152.315002,156.794998,157.0,151.257507,67621200
NVDA,2021-04-14,156.25,152.770004,157.205002,152.274994,38550000
NVDA,2021-04-15,156.625,161.372498,162.142502,156.315002,59848000
NVDA,2021-04-16,160.529999,159.125,161.657501,158.652496,33520800
NVDA,2021-04-19,155.365005,153.617493,158.074997,152.330002,40442000
NVDA,2021-04-20,153.232498,151.712494,154.970001,149.630005,33413200
NVDA,2021-04-21,151.1875,153.604996,153.625,151.022507,21677600
NVDA,2021-04-22,153.75,148.502502,154.384995,147.835007,27778800
NVDA,2021-04-23,149.342499,152.652496,153.350006,149.002502,22750000
NVDA,2021-04-26,151.850006,154.779999,154.789993,151.25,19779600
NVDA,2021-04-27,155.785004,153.817505,156.705002,153.544998,16457200
NVDA,2021-04-28,153.645004,152.767502,155.322495,152.154999,20941600
NVDA,2021-04-29,154.0,153.247498,154.365005,150.714996,17319600
NVDA,2021-04-30,151.744995,150.095001,153.649994,149.970001,20191200
NVDA,2021-05-03,151.25,148.367493,152.467499,147.875,20391200
NVDA,2021-05-04,146.372498,143.512497,146.375,140.102493,40532400
NVDA,2021-05-05,147.089996,144.585007,148.134995,143.875,29202400
NVDA,2021-05-06,144.952499,145.229996,145.712494,142.179993,19338000
NVDA,2021-05-07,148.082504,148.122498,149.707504,146.717499,22932800
NVDA,2021-05-10,147.872498,142.657501,148.059998,142.5,26890400
NVDA,2021-05-11,138.25,143.0625,143.547501,137.5,28558400
NVDA,2021-05-12,140.095001,137.585007,142.602493,137.092499,30340800
NVDA,2021-05-13,140.337494,136.652496,140.807495,134.589996,28540400
NVDA,2021-05-14,138.899994,142.429993,143.279999,137.485001,25861600
NVDA,2021-05-17,141.570007,141.654999,141.692505,138.535004,21698000
NVDA,2021-05-18,142.669998,140.157501,144.042496,140.039993,18625600
NVDA,2021-05-19,135.664993,140.657501,140.794998,135.432495,34400000
NVDA,2021-05-20,143.024994,146.125,146.837494,142.705002,32159200
NVDA,2021-05-21,151.637497,149.917496,152.220001,148.695007,67299200
NVDA,2021-05-24,152.125,156.119995,157.449997,151.759995,55481600
NVDA,2021-05-25,157.660004,156.477493,158.184998,154.824997,43540800
NVDA,2021-05-26,157.342499,157.0,157.9375,155.862503,37044000
NVDA,2021-05-27,156.997498,154.880005,157.5,154.600006,58147600
NVDA,2021-05-28,155.009995,162.445007,162.774994,155.009995,64453600
NVDA,2021-06-01,162.699997,162.645004,163.882507,159.032501,47280400
NVDA,2021-06-02,162.522507,167.782501,169.1875,162.354996,59416800
NVDA,2021-06-03,167.007507,169.697495,172.589996,165.830002,58000800
NVDA,2021-06-04,171.125,175.782501,176.610001,170.955002,61712000
NVDA,2021-06-07,175.712494,176.190002,178.125,171.927505,57575600
NVDA,2021-06-08,175.272507,174.570007,176.214996,172.509995,32384800
NVDA,2021-06-09,175.157501,173.582504,175.75,172.557495,38165600
NVDA,2021-06-10,173.5,174.25,174.919998,171.759995,28777200
NVDA,2021-06-11,174.794998,178.252502,179.392502,174.4375,41630800
NVDA,2021-06-14,179.059998,180.1875,180.395004,176.627502,32137600
NVDA,2021-06-15,179.149994,177.884995,180.162506,177.279999,24303200
NVDA,2021-06-16,177.907501,178.102493,179.547501,175.845001,30712400
NVDA,2021-06-17,177.744995,186.572495,188.350006,177.5625,80965600
NVDA,2021-06-18,187.839996,186.387497,193.75,185.839996,96885600
NVDA,2021-06-21,184.352493,184.272507,185.365005,178.227493,67238400
NVDA,2021-06-22,184.714996,188.867493,189.637497,183.860001,58014400
NVDA,2021-06-23,190.077499,190.572495,191.527496,189.077499,33235600
NVDA,2021-06-24,192.277496,192.054993,194.199997,190.882507,32092400
NVDA,2021-06-25,192.804993,190.309998,193.455002,188.945007,27836400
NVDA,2021-06-28,193.612503,199.850006,200.787506,193.190002,49543600
NVDA,2021-06-29,198.824997,200.267502,200.987503,196.570007,36763200
NVDA,2021-06-30,199.992493,200.024994,201.625,198.637497,32656800
NVDA,2021-07-01,201.25,202.119995,204.559998,200.190002,48013600
NVDA,2021-07-02,204.402496,204.869995,205.052505,202.877502,34276400
NVDA,2021-07-06,207.375,206.985001,208.419998,203.502502,44670800
NVDA,2021-07-07,208.535004,203.717499,208.75,203.320007,41842800
NVDA,2021-07-08,198.565002,199.027496,201.330002,197.007507,50330000
NVDA,2021-07-09,199.625,200.502502,200.802505,197.542496,29662400
NVDA,2021-07-12,202.399994,205.125,205.327499,201.877502,32198400
NVDA,2021-07-13,204.005005,202.5,204.612503,201.139999,29070800
NVDA,2021-07-14,203.577499,198.414993,204.177505,197.527496,38010000
NVDA,2021-07-15,198.117493,189.662506,198.470001,188.585007,55056400
NVDA,2021-07-16,190.304993,181.610001,191.570007,180.729996,68822400
NVDA,2021-07-19,179.152496,187.797501,190.419998,178.654999,74906000
NVDA,2021-07-20,187.300003,186.119995,188.380005,181.639999,43468700
NVDA,2021-07-21,188.820007,194.100006,195.270004,187.419998,37101700
NVDA,2021-07-22,196.419998,195.940002,198.869995,192.759995,32382600
NVDA,2021-07-23,196.559998,195.580002,197.0,192.5,19567200
NVDA,2021-07-26,193.110001,192.940002,194.419998,189.139999,20394300
NVDA,2021-07-27,192.649994,192.080002,196.220001,187.410004,24886300
NVDA,2021-07-28,193.190002,195.029999,196.460007,189.949997,20219100
NVDA,2021-07-29,195.190002,196.619995,198.529999,193.279999,19078100
NVDA,2021-07-30,194.179993,194.990005,196.300003,192.630005,18349700
NVDA,2021-08-02,197.0,197.5,199.610001,193.610001,21744400
NVDA,2021-08-03,197.399994,198.149994,202.220001,192.199997,30181100
NVDA,2021-08-04,199.899994,202.740005,203.179993,198.279999,23130900
NVDA,2021-08-05,205.0,206.369995,207.330002,203.419998,21143500
NVDA,2021-08-06,205.240005,203.660004,205.699997,202.100006,17849700
NVDA,2021-08-09,204.460007,202.949997,205.080002,201.429993,14644300
NVDA,2021-08-10,203.220001,199.360001,204.300003,198.350006,17923800
NVDA,2021-08-11,200.429993,196.990005,200.490005,194.300003,18592500
NVDA,2021-08-12,198.699997,199.050003,200.289993,196.199997,15165200
NVDA,2021-08-13,199.050003,201.880005,202.139999,198.509995,18306300
NVDA,2021-08-16,201.350006,199.5,202.869995,194.529999,21087600
NVDA,2021-08-17,196.850006,194.580002,197.699997,192.669998,20458500
NVDA,2021-08-18,195.0,190.399994,196.339996,190.0,28591300
NVDA,2021-08-19,194.940002,197.979996,204.949997,187.619995,76655500
NVDA,2021-08-20,199.910004,208.160004,208.649994,199.330002,67574100
NVDA,2021-08-23,209.710007,219.580002,219.970001,209.5,57580700
NVDA,2021-08-24,217.529999,217.929993,219.589996,215.350006,29729900
NVDA,2021-08-25,217.369995,222.130005,224.699997,217.220001,34770100
NVDA,2021-08-26,222.0,220.679993,223.399994,217.899994,23794000
NVDA,2021-08-27,221.839996,226.360001,227.220001,221.669998,30472200
NVDA,2021-08-30,228.300003,226.880005,230.429993,225.509995,26258000
NVDA,2021-08-31,226.949997,223.850006,226.949997,221.199997,25985000
NVDA,2021-09-01,224.850006,224.410004,226.970001,223.570007,20176700
NVDA,2021-09-02,225.179993,223.960007,225.929993,222.949997,18783400
NVDA,2021-09-03,223.25,228.429993,229.860001,222.0,28053200
NVDA,2021-09-07,228.330002,226.619995,228.990005,225.220001,19810700
NVDA,2021-09-08,225.130005,223.389999,226.100006,219.770004,25443400
NVDA,2021-09-09,223.119995,221.770004,225.380005,221.309998,19685600
NVDA,2021-09-10,223.479996,224.779999,226.259995,222.699997,24837600
NVDA,2021-09-13,226.839996,221.520004,229.639999,218.580002,29750000
NVDA,2021-09-14,222.75,222.419998,224.100006,220.860001,19975500
NVDA,2021-09-15,223.089996,223.410004,223.669998,219.660004,16653800
NVDA,2021-09-16,221.830002,222.419998,222.770004,219.270004,15603300
NVDA,2021-09-17,223.0,219.0,223.210007,218.300003,29450300
NVDA,2021-09-20,211.460007,211.130005,214.330002,206.619995,34944000
NVDA,2021-09-21,214.169998,212.460007,214.25,209.5,20468800
NVDA,2021-09-22,213.660004,219.410004,219.600006,211.960007,26872600
NVDA,2021-09-23,221.399994,224.820007,225.350006,218.899994,24855500
NVDA,2021-09-24,220.699997,220.809998,221.490005,218.610001,21765500
NVDA,2021-09-27,217.100006,216.600006,217.990005,213.25,24521500
NVDA,2021-09-28,212.139999,206.990005,214.190002,206.509995,34306900
NVDA,2021-09-29,209.399994,205.169998,210.169998,204.669998,21839400
NVDA,2021-09-30,207.679993,207.160004,210.660004,206.880005,22100900
NVDA,2021-10-01,207.5,207.419998,208.589996,202.029999,24097800
NVDA,2021-10-04,205.039993,197.320007,205.419998,195.550003,34563500
NVDA,2021-10-05,199.5,204.509995,206.479996,198.539993,27928200
NVDA,2021-10-06,201.199997,207.0,207.199997,200.800003,29720200
NVDA,2021-10-07,210.919998,210.75,213.220001,209.720001,25691900
NVDA,2021-10-08,211.009995,208.309998,212.059998,207.75,15125800
NVDA,2021-10-11,205.75,206.949997,210.630005,205.110001,16338800
NVDA,2021-10-12,208.279999,206.710007,210.570007,205.279999,16213400
NVDA,2021-10-13,209.179993,209.389999,209.899994,207.130005,18065200
NVDA,2021-10-14,212.880005,217.460007,217.550003,211.220001,24358900
NVDA,2021-10-15,218.100006,218.619995,219.309998,216.619995,22699400
NVDA,2021-10-18,217.490005,222.220001,222.910004,216.440002,18949400
NVDA,2021-10-19,222.759995,222.899994,223.789993,220.369995,16147300
NVDA,2021-10-20,223.050003,221.029999,224.330002,219.820007,14627600
NVDA,2021-10-21,220.970001,226.919998,227.110001,220.830002,18759000
NVDA,2021-10-22,228.229996,227.259995,231.300003,225.610001,24938400
NVDA,2021-10-25,229.729996,231.660004,233.550003,227.699997,23023500
NVDA,2021-10-26,239.889999,247.169998,252.589996,239.240005,48589800
NVDA,2021-10-27,244.740005,244.509995,250.899994,242.820007,24599000
NVDA,2021-10-28,248.779999,249.410004,249.5,245.229996,23420400
NVDA,2021-10-29,250.009995,255.669998,257.089996,250.0,29250300
NVDA,2021-11-01,256.48999,258.269989,258.940002,252.270004,26574000
NVDA,2021-11-02,258.220001,264.01001,266.779999,258.0,29411200
NVDA,2021-11-03,266.700012,265.980011,267.839996,262.350006,23991000
NVDA,2021-11-04,272.290009,298.01001,313.649994,271.179993,115363100
NVDA,2021-11-05,301.869995,297.519989,314.0,294.100006,85126000
NVDA,2021-11-08,301.48999,308.040009,311.0,299.070007,50310100
NVDA,2021-11-09,322.820007,306.570007,323.100006,299.640015,64674600
NVDA,2021-11-10,293.559998,294.589996,308.5,287.779999,63620600
NVDA,2021-11-11,304.679993,303.899994,305.899994,297.769989,33217200
NVDA,2021-11-12,300.100006,303.899994,306.799988,296.299988,41305400
NVDA,2021-11-15,305.519989,300.25,306.440002,292.470001,38490900
NVDA,2021-11-16,297.589996,302.029999,303.899994,297.059998,26448400
NVDA,2021-11-17,304.179993,292.609985,305.089996,288.0,42850800
NVDA,2021-11-18,323.670013,316.75,327.600006,313.209991,78171100
NVDA,2021-11-19,322.429993,329.850006,330.880005,319.049988,53386700
NVDA,2021-11-22,335.170013,319.559998,346.470001,319.0,75433500
NVDA,2021-11-23,315.350006,317.459991,323.600006,308.799988,53216300
NVDA,2021-11-24,314.609985,326.73999,328.549988,309.279999,43516200
NVDA,2021-11-26,326.0,315.029999,327.100006,313.5,28306900
NVDA,2021-11-29,323.660004,333.76001,334.119995,320.359985,45496400
NVDA,2021-11-30,331.690002,326.76001,333.529999,318.640015,62206600
NVDA,2021-12-01,332.190002,314.350006,332.890015,313.799988,48436800
NVDA,2021-12-02,312.140015,321.26001,324.779999,310.25,47289000
NVDA,2021-12-03,320.0,306.929993,321.290009,301.299988,54432500
NVDA,2021-12-06,298.799988,300.369995,302.410004,280.380005,65893800
NVDA,2021-12-07,309.570007,324.269989,324.48999,306.51001,59305300
NVDA,2021-12-08,319.98999,318.26001,322.899994,314.209991,47555100
NVDA,2021-12-09,317.339996,304.899994,322.049988,304.279999,48850700
NVDA,2021-12-10,311.5,301.980011,313.049988,298.609985,48882500
NVDA,2021-12-13,302.48999,281.609985,302.940002,281.160004,59834400
NVDA,2021-12-14,276.98999,283.369995,286.779999,272.5,66703500
NVDA,2021-12-15,284.0,304.589996,305.0,278.380005,69829700
NVDA,2021-12-16,311.519989,283.869995,311.600006,280.929993,70736600
NVDA,2021-12-17,279.850006,278.01001,289.220001,277.600006,71375800
NVDA,2021-12-20,273.049988,277.190002,281.440002,271.450012,46184700
NVDA,2021-12-21,283.73999,290.75,291.200012,274.01001,52438500
NVDA,2021-12-22,288.910004,294.0,295.549988,284.48999,39518400
NVDA,2021-12-23,297.549988,296.399994,300.589996,294.309998,34302200
NVDA,2021-12-27,296.600006,309.450012,310.869995,296.399994,40368600
NVDA,2021-12-28,313.119995,303.220001,313.299988,300.119995,42059100
NVDA,2021-12-29,302.730011,300.01001,305.480011,293.660004,34313900
NVDA,2021-12-30,298.269989,295.859985,304.570007,295.399994,30886400
NVDA,2021-12-31,296.73999,294.109985,300.299988,293.309998,26653000
ORCL,2021-01-04,64.690002,63.75,64.699997,63.169998,11249900
ORCL,2021-01-05,63.68,62.959999,63.790001,62.48,11005700
ORCL,2021-01-06,62.27,62.57,63.349998,61.91,8685400
ORCL,2021-01-07,62.849998,63.07,63.740002,62.849998,7382800
ORCL,2021-01-08,63.18,63.380001,63.540001,62.91,7751700
ORCL,2021-01-11,62.950001,63.029999,63.57,62.84,6284700
ORCL,2021-01-12,63.0,62.419998,63.02,62.18,7758200
ORCL,2021-01-13,62.32,62.060001,62.59,61.970001,8298000
ORCL,2021-01-14,62.07,61.599998,62.169998,61.509998,10258600
ORCL,2021-01-15,61.599998,61.779999,62.0,61.209999,7532600
ORCL,2021-01-19,62.099998,61.290001,62.290001,61.099998,8903400
ORCL,2021-01-20,61.369999,61.560001,62.029999,61.150002,7025000
ORCL,2021-01-21,61.650002,61.209999,61.849998,60.919998,6943600
ORCL,2021-01-22,60.939999,60.360001,61.150002,59.740002,9896700
ORCL,2021-01-25,60.380001,60.900002,60.950001,59.77,8524700
ORCL,2021-01-26,61.060001,61.799999,62.040001,60.84,8186500
ORCL,2021-01-27,61.400002,62.549999,63.18,61.369999,14789000
ORCL,2021-01-28,62.549999,61.220001,63.240002,61.169998,11166400
ORCL,2021-01-29,61.16,60.43,61.5,60.209999,11451800
ORCL,2021-02-01,60.919998,61.509998,62.009998,60.740002,10553500
ORCL,2021-02-02,61.880001,62.369999,62.919998,61.799999,10528000
ORCL,2021-02-03,62.18,62.169998,62.75,61.98,9933500
ORCL,2021-02-04,62.48,63.349998,63.389999,62.25,9928700
ORCL,2021-02-05,63.5,63.599998,64.07,63.279999,9170200
ORCL,2021-02-08,63.790001,63.110001,63.869999,62.84,7003400
ORCL,2021-02-09,63.080002,63.669998,63.849998,62.91,5437400
ORCL,2021-02-10,63.84,63.27,63.900002,62.93,9577500
ORCL,2021-02-11,63.560001,62.700001,63.970001,62.279999,7690800
ORCL,2021-02-12,62.32,63.080002,63.119999,62.310001,6663400
ORCL,2021-02-16,63.110001,62.139999,63.259998,62.099998,7526000
ORCL,2021-02-17,61.830002,62.09,62.150002,61.360001,6244500
ORCL,2021-02-18,61.810001,62.07,62.209999,61.66,6262400
ORCL,2021-02-19,62.259998,61.130001,62.360001,61.080002,10905100
ORCL,2021-02-22,62.849998,64.449997,64.970001,62.279999,20940300
ORCL,2021-02-23,64.419998,64.5,65.220001,64.050003,18175400
ORCL,2021-02-24,64.489998,64.699997,65.150002,64.080002,10609300
ORCL,2021-02-25,64.639999,65.300003,66.360001,64.580002,15356100
ORCL,2021-02-26,65.540001,64.510002,66.279999,64.5,20512600
ORCL,2021-03-01,64.949997,66.169998,66.730003,64.769997,11758900
ORCL,2021-03-02,66.150002,66.660004,67.419998,66.0,13282000
ORCL,2021-03-03,66.25,66.910004,67.540001,66.199997,15827600
ORCL,2021-03-04,66.68,65.610001,67.309998,65.309998,19951100
ORCL,2021-03-05,67.309998,69.970001,71.720001,67.309998,34211500
ORCL,2021-03-08,70.470001,72.160004,72.940002,70.099998,23300500
ORCL,2021-03-09,72.400002,72.639999,73.220001,72.0,17296400
ORCL,2021-03-10,73.5,72.120003,73.620003,71.5,21378600
ORCL,2021-03-11,67.650002,67.410004,68.099998,65.43,38095400
ORCL,2021-03-12,66.959999,67.160004,67.870003,66.449997,11606300
ORCL,2021-03-15,66.949997,67.730003,67.779999,66.900002,8919600
ORCL,2021-03-16,68.0,66.849998,68.07,66.68,14512500
ORCL,2021-03-17,66.800003,66.220001,66.849998,66.160004,11892400
ORCL,2021-03-18,66.470001,66.739998,67.010002,66.089996,13750300
ORCL,2021-03-19,66.790001,66.260002,66.830002,65.959999,30963600
ORCL,2021-03-22,66.220001,66.32,66.519997,65.860001,10263700
ORCL,2021-03-23,66.330002,67.269997,67.940002,66.330002,12390100
ORCL,2021-03-24,67.110001,66.830002,67.410004,66.739998,11391100
ORCL,2021-03-25,66.959999,68.629997,68.730003,66.760002,14844700
ORCL,2021-03-26,68.57,70.25,70.370003,68.279999,12617000
ORCL,2021-03-29,70.209999,71.129997,72.330002,70.169998,15183700
ORCL,2021-03-30,70.830002,70.550003,71.050003,69.949997,12000200
ORCL,2021-03-31,70.699997,70.169998,71.099998,69.910004,9971700
ORCL,2021-04-01,70.459999,71.809998,71.830002,70.330002,13228700
ORCL,2021-04-05,72.190002,74.160004,74.900002,72.059998,25010200
ORCL,2021-04-06,73.620003,74.279999,74.650002,73.160004,14699800
ORCL,2021-04-07,73.599998,74.07,74.18,73.449997,12356800
ORCL,2021-04-08,74.269997,75.279999,75.529999,74.150002,13507700
ORCL,2021-04-09,75.349998,75.580002,75.690002,74.900002,13285700
ORCL,2021-04-12,75.25,76.120003,76.190002,75.199997,10634900
ORCL,2021-04-13,76.160004,76.669998,77.010002,75.900002,13142400
ORCL,2021-04-14,77.040001,76.82,77.360001,76.510002,12730700
ORCL,2021-04-15,77.0,78.290001,78.550003,76.830002,13604200
ORCL,2021-04-16,78.309998,78.949997,79.339996,77.860001,13334100
ORCL,2021-04-19,78.809998,78.75,80.209999,78.339996,19967200
ORCL,2021-04-20,78.699997,79.239998,79.419998,78.650002,12562300
ORCL,2021-04-21,78.790001,76.660004,79.339996,76.529999,18672800
ORCL,2021-04-22,76.110001,74.870003,76.480003,74.75,16769300
ORCL,2021-04-23,74.290001,74.970001,75.0,73.849998,10664700
ORCL,2021-04-26,74.970001,74.5,75.040001,74.199997,9402200
ORCL,2021-04-27,74.389999,75.220001,75.43,74.220001,9300200
ORCL,2021-04-28,75.160004,74.769997,75.269997,74.660004,6107800
ORCL,2021-04-29,75.379997,75.870003,75.900002,74.639999,7940400
ORCL,2021-04-30,75.559998,75.790001,75.919998,75.190002,7825300
ORCL,2021-05-03,76.279999,77.330002,77.480003,76.080002,15319600
ORCL,2021-05-04,77.07,78.529999,78.699997,76.93,15316500
ORCL,2021-05-05,78.970001,79.190002,79.830002,78.419998,12271900
ORCL,2021-05-06,79.18,79.739998,79.959999,78.559998,14089700
ORCL,2021-05-07,79.809998,80.400002,80.540001,78.580002,14073400
ORCL,2021-05-10,78.769997,80.150002,80.720001,78.599998,17356700
ORCL,2021-05-11,79.75,77.690002,79.900002,77.25,12980400
ORCL,2021-05-12,77.57,76.75,78.190002,76.529999,12302600
ORCL,2021-05-13,77.529999,78.139999,78.440002,76.879997,11399300
ORCL,2021-05-14,78.120003,78.889999,79.050003,78.120003,9033400
ORCL,2021-05-17,78.879997,79.080002,79.529999,78.849998,6637900
ORCL,2021-05-18,78.989998,78.690002,79.470001,78.389999,6643100
ORCL,2021-05-19,77.809998,78.739998,78.769997,77.550003,8165000
ORCL,2021-05-20,78.949997,78.720001,79.32,78.68,8802700
ORCL,2021-05-21,79.190002,79.029999,79.849998,78.980003,8629000
ORCL,2021-05-24,79.489998,79.379997,79.879997,79.139999,7044700
ORCL,2021-05-25,79.610001,78.830002,79.68,78.650002,7160600
ORCL,2021-05-26,78.589996,79.260002,79.370003,78.550003,12851100
ORCL,2021-05-27,79.5,78.980003,80.050003,78.839996,12867800
ORCL,2021-05-28,78.949997,78.739998,79.360001,78.669998,6929700
ORCL,2021-06-01,79.580002,79.57,79.830002,78.480003,10485300
ORCL,2021-06-02,79.699997,80.269997,80.93,79.510002,12249300
ORCL,2021-06-03,79.800003,81.089996,81.459999,79.650002,12038700
ORCL,2021-06-04,81.419998,82.889999,83.959999,81.370003,14502900
ORCL,2021-06-07,82.940002,83.940002,84.25,82.849998,10445600
ORCL,2021-06-08,84.029999,84.610001,85.029999,84.0,10726800
ORCL,2021-06-09,84.599998,84.519997,84.830002,84.029999,9720300
ORCL,2021-06-10,84.160004,82.300003,84.459999,81.709999,16680800
ORCL,2021-06-11,81.980003,82.900002,83.239998,81.839996,11066500
ORCL,2021-06-14,83.0,82.620003,83.099998,82.129997,10173200
ORCL,2021-06-15,82.0,81.639999,82.510002,81.349998,17298000
ORCL,2021-06-16,77.989998,77.080002,78.550003,75.900002,36560600
ORCL,2021-06-17,76.989998,77.559998,77.739998,76.559998,14836100
ORCL,2021-06-18,76.900002,76.230003,76.910004,75.970001,22521200
ORCL,2021-06-21,76.610001,77.989998,78.099998,76.550003,8924300
ORCL,2021-06-22,78.059998,78.68,79.190002,77.660004,9845800
ORCL,2021-06-23,78.760002,78.099998,78.870003,78.059998,7295900
ORCL,2021-06-24,78.650002,77.739998,78.959999,77.610001,9624000
ORCL,2021-06-25,78.029999,78.459999,78.610001,77.559998,12845000
ORCL,2021-06-28,78.489998,78.5,78.970001,78.330002,5605400
ORCL,2021-06-29,78.540001,78.099998,78.589996,77.82,5392900
ORCL,2021-06-30,77.589996,77.839996,78.209999,77.580002,7899800
ORCL,2021-07-01,77.980003,79.540001,79.620003,77.910004,13108000
ORCL,2021-07-02,79.449997,81.82,82.260002,79.349998,15258100
ORCL,2021-07-06,81.599998,83.080002,83.629997,81.360001,14200400
ORCL,2021-07-07,83.169998,86.089996,87.169998,82.959999,20976600
ORCL,2021-07-08,85.019997,85.589996,86.889999,84.660004,16383300
ORCL,2021-07-09,85.879997,87.760002,88.400002,85.779999,15685300
ORCL,2021-07-12,87.529999,87.080002,88.849998,86.970001,16076800
ORCL,2021-07-13,86.699997,87.07,87.93,86.529999,12789300
ORCL,2021-07-14,87.080002,88.279999,88.669998,86.660004,13330500
ORCL,2021-07-15,88.099998,86.239998,88.769997,85.510002,18306300
ORCL,2021-07-16,86.75,87.489998,88.480003,86.519997,14617500
ORCL,2021-07-19,86.910004,86.980003,87.870003,86.190002,15619900
ORCL,2021-07-20,87.099998,88.660004,89.050003,87.019997,12813900
ORCL,2021-07-21,88.889999,89.690002,90.25,88.459999,13108100
ORCL,2021-07-22,90.0,90.690002,91.139999,89.68,13638900
ORCL,2021-07-23,90.989998,87.690002,91.199997,87.120003,12680900
ORCL,2021-07-26,87.440002,87.860001,88.099998,86.669998,10454100
ORCL,2021-07-27,87.760002,87.800003,88.599998,87.120003,8465200
ORCL,2021-07-28,87.900002,87.18,87.949997,87.120003,6396800
ORCL,2021-07-29,87.68,87.629997,88.260002,87.330002,6201400
ORCL,2021-07-30,87.410004,87.139999,88.150002,86.870003,7962800
ORCL,2021-08-02,87.730003,87.599998,87.93,87.089996,5579100
ORCL,2021-08-03,87.879997,89.739998,90.169998,87.809998,9889800
ORCL,2021-08-04,89.790001,90.050003,90.089996,89.279999,7509900
ORCL,2021-08-05,90.18,89.43,90.519997,88.760002,8231300
ORCL,2021-08-06,89.239998,89.519997,89.879997,88.82,6513900
ORCL,2021-08-09,89.459999,89.900002,90.470001,89.099998,5798700
ORCL,2021-08-10,89.099998,89.639999,90.120003,88.93,5473300
ORCL,2021-08-11,89.900002,89.629997,90.419998,89.510002,8009800
ORCL,2021-08-12,89.110001,89.809998,89.980003,88.669998,5687200
ORCL,2021-08-13,90.620003,90.379997,91.339996,89.949997,6640400
ORCL,2021-08-16,89.860001,90.82,90.839996,89.540001,7122800
ORCL,2021-08-17,90.989998,90.949997,91.779999,90.370003,6738500
ORCL,2021-08-18,90.489998,88.940002,91.050003,88.860001,7666300
ORCL,2021-08-19,88.290001,88.709999,89.389999,88.230003,8099400
ORCL,2021-08-20,88.800003,88.940002,89.400002,88.300003,8716400
ORCL,2021-08-23,89.489998,89.120003,89.57,88.709999,7147300
ORCL,2021-08-24,89.209999,88.550003,89.650002,88.470001,6320100
ORCL,2021-08-25,88.550003,88.620003,88.900002,88.050003,5748500
ORCL,2021-08-26,88.809998,88.720001,89.18,88.459999,9093200
ORCL,2021-08-27,88.790001,89.349998,89.519997,88.610001,5426800
ORCL,2021-08-30,89.459999,89.449997,89.980003,89.300003,5357000
ORCL,2021-08-31,89.449997,89.129997,89.5,88.489998,8113300
ORCL,2021-09-01,89.260002,89.949997,90.169998,88.870003,8208000
ORCL,2021-09-02,90.169998,89.800003,90.5,89.410004,7717400
ORCL,2021-09-03,89.339996,90.0,90.480003,89.300003,8456900
ORCL,2021-09-07,90.040001,88.720001,90.669998,88.540001,11046000
ORCL,2021-09-08,88.139999,89.470001,89.599998,87.970001,8851200
ORCL,2021-09-09,89.599998,89.540001,90.830002,89.410004,11034700
ORCL,2021-09-10,89.650002,89.68,90.550003,89.510002,10547400
ORCL,2021-09-13,90.120003,88.889999,90.510002,88.230003,18883400
ORCL,2021-09-14,86.190002,86.389999,86.949997,84.730003,22714200
ORCL,2021-09-15,86.550003,87.730003,88.360001,86.169998,14951100
ORCL,2021-09-16,87.669998,87.25,87.970001,86.190002,12410500
ORCL,2021-09-17,86.209999,86.389999,87.57,85.949997,58069000
ORCL,2021-09-20,85.029999,86.169998,87.410004,84.93,13897700
ORCL,2021-09-21,86.739998,86.919998,87.660004,86.120003,11124400
ORCL,2021-09-22,87.620003,88.440002,89.0,87.239998,9908000
ORCL,2021-09-23,88.940002,89.419998,90.059998,88.660004,9720200
ORCL,2021-09-24,89.269997,89.940002,90.059998,88.940002,7617800
ORCL,2021-09-27,89.779999,91.040001,91.309998,89.150002,11533000
ORCL,2021-09-28,90.639999,90.489998,92.269997,90.050003,15041800
ORCL,2021-09-29,91.150002,91.25,92.080002,91.0,12007300
ORCL,2021-09-30,91.25,87.129997,91.580002,87.120003,15649900
ORCL,2021-10-01,87.760002,89.739998,90.269997,87.599998,13320900
ORCL,2021-10-04,89.480003,89.260002,90.43,88.959999,10853900
ORCL,2021-10-05,89.349998,91.489998,91.970001,89.169998,9788600
ORCL,2021-10-06,90.419998,91.339996,91.5,89.650002,10268300
ORCL,2021-10-07,91.709999,92.309998,92.879997,91.650002,9124400
ORCL,2021-10-08,92.379997,94.389999,95.019997,92.110001,13202300
ORCL,2021-10-11,94.290001,95.290001,96.800003,94.199997,12959300
ORCL,2021-10-12,95.830002,95.57,96.519997,95.260002,9964100
ORCL,2021-10-13,96.099998,96.400002,96.989998,95.949997,9453900
ORCL,2021-10-14,96.800003,95.279999,97.349998,94.370003,7911200
ORCL,2021-10-15,95.089996,95.330002,96.040001,94.730003,7422800
ORCL,2021-10-18,95.5,96.510002,96.650002,95.099998,7344100
ORCL,2021-10-19,97.0,97.059998,97.279999,96.32,5616500
ORCL,2021-10-20,97.269997,96.639999,97.970001,96.25,6574100
ORCL,2021-10-21,96.57,96.300003,96.830002,95.709999,6224400
ORCL,2021-10-22,96.290001,98.25,98.269997,96.220001,6819600
ORCL,2021-10-25,98.440002,97.889999,98.949997,97.550003,5083100
ORCL,2021-10-26,98.300003,96.980003,98.559998,96.940002,7089700
ORCL,2021-10-27,96.809998,96.029999,97.300003,96.0,5941200
ORCL,2021-10-28,96.650002,96.230003,97.699997,95.93,5177200
ORCL,2021-10-29,95.790001,95.940002,96.970001,95.459999,7578600
ORCL,2021-11-01,96.0,94.379997,96.029999,93.910004,7327600
ORCL,2021-11-02,93.730003,95.870003,95.919998,93.5,6229600
ORCL,2021-11-03,96.5,96.150002,96.870003,94.75,5746400
ORCL,2021-11-04,96.230003,95.629997,96.610001,95.32,5857500
ORCL,2021-11-05,96.199997,94.949997,96.550003,94.099998,6160200
ORCL,2021-11-08,95.25,95.139999,95.25,94.309998,5056400
ORCL,2021-11-09,95.110001,94.589996,95.610001,94.059998,6102600
ORCL,2021-11-10,94.099998,93.830002,94.849998,93.360001,5828800
ORCL,2021-11-11,94.110001,94.040001,94.760002,93.800003,3620600
ORCL,2021-11-12,94.290001,93.540001,94.470001,93.43,6435300
ORCL,2021-11-15,93.82,94.019997,94.25,92.919998,5700900
ORCL,2021-11-16,94.139999,95.610001,96.370003,94.019997,7392900
ORCL,2021-11-17,95.760002,95.330002,96.139999,94.82,6257600
ORCL,2021-11-18,95.150002,94.660004,95.330002,93.5,5725300
ORCL,2021-11-19,94.809998,93.970001,96.959999,93.940002,8936600
ORCL,2021-11-22,93.730003,94.610001,95.669998,93.410004,6488200
ORCL,2021-11-23,94.160004,92.940002,94.290001,92.260002,8905500
ORCL,2021-11-24,92.230003,93.580002,93.699997,92.150002,10908500
ORCL,2021-11-26,92.889999,92.330002,94.080002,92.07,4519300
ORCL,2021-11-29,93.169998,92.940002,94.129997,92.870003,9552500
ORCL,2021-11-30,93.019997,90.739998,93.519997,90.610001,23271200
ORCL,2021-12-01,91.690002,89.75,92.389999,89.660004,12084900
ORCL,2021-12-02,89.400002,89.989998,91.040001,89.0,7089800
ORCL,2021-12-03,90.349998,88.239998,90.790001,87.720001,10808600
ORCL,2021-12-06,88.339996,88.940002,89.169998,87.849998,8398500
ORCL,2021-12-07,89.980003,90.050003,90.730003,89.209999,6803700
ORCL,2021-12-08,90.050003,88.940002,90.169998,87.910004,7695800
ORCL,2021-12-09,89.120003,88.769997,89.989998,88.239998,8615800
ORCL,2021-12-10,104.290001,102.629997,106.339996,100.099998,45824600
ORCL,2021-12-13,102.440002,100.889999,104.360001,100.519997,16317600
ORCL,2021-12-14,100.0,99.889999,101.459999,99.389999,9511600
ORCL,2021-12-15,100.580002,103.650002,103.760002,100.239998,14452200
ORCL,2021-12-16,103.949997,103.220001,104.0,102.279999,9053200
ORCL,2021-12-17,97.690002,96.620003,99.949997,95.809998,28872300
ORCL,2021-12-20,96.419998,91.639999,96.419998,91.519997,17205400
ORCL,2021-12-21,91.809998,91.510002,91.839996,89.709999,15823000
ORCL,2021-12-22,91.269997,89.860001,91.860001,89.510002,10539000
ORCL,2021-12-23,90.029999,89.720001,90.360001,89.059998,9655400
ORCL,2021-12-27,89.699997,89.540001,90.330002,89.019997,7666200
ORCL,2021-12-28,89.699997,88.650002,89.800003,88.519997,5610500
ORCL,2021-12-29,88.5,88.209999,89.190002,87.720001,5628500
ORCL,2021-12-30,88.650002,88.010002,88.910004,87.769997,7382400
ORCL,2021-12-31,88.050003,87.209999,88.099998,87.18,5908200
TSLA,2021-01-04,239.820007,243.256668,248.16333,239.063339,145914600
TSLA,2021-01-05,241.220001,245.036667,246.946671,239.733337,96735600
TSLA,2021-01-06,252.830002,251.993332,258.0,249.699997,134100000
TSLA,2021-01-07,259.209991,272.013336,272.329987,258.399994,154496700
TSLA,2021-01-08,285.333344,293.339996,294.829987,279.463318,225166500
TSLA,2021-01-11,283.133331,270.396667,284.809998,267.873322,177904800
TSLA,2021-01-12,277.0,283.146667,289.333344,275.779999,138812100
TSLA,2021-01-13,284.253326,284.803345,286.823334,277.333344,99937500
TSLA,2021-01-14,281.130005,281.666656,287.666656,279.583344,93798900
TSLA,2021-01-15,284.0,275.386658,286.633331,273.033325,116332800
TSLA,2021-01-19,279.266663,281.516663,283.333344,277.666656,76101000
TSLA,2021-01-20,286.246674,283.483337,286.5,279.093323,76997700
TSLA,2021-01-21,285.0,281.66333,285.23999,280.473328,61563300
TSLA,2021-01-22,278.103333,282.213318,282.666656,276.206665,60199500
TSLA,2021-01-25,285.0,293.600006,300.133331,279.606659,123520200
TSLA,2021-01-26,297.126678,294.363342,298.633331,290.533325,69394800
TSLA,2021-01-27,290.116669,288.053345,297.166656,286.220001,82002000
TSLA,2021-01-28,273.333344,278.476654,282.666656,267.0,79134000
TSLA,2021-01-29,276.666656,264.51001,280.803345,260.033325,104972400
TSLA,2021-02-01,271.429993,279.936676,280.666656,265.186676,76174200
TSLA,2021-02-02,281.559998,290.929993,293.5,280.733337,73038600
TSLA,2021-02-03,292.339996,284.896667,292.693329,284.353333,55030500
TSLA,2021-02-04,285.0,283.329987,285.5,277.806671,47438100
TSLA,2021-02-05,281.666656,284.07666,288.256653,279.656677,55699800
TSLA,2021-02-08,289.890015,287.806671,292.589996,284.916656,60485100
TSLA,2021-02-09,285.040009,283.15332,286.600006,280.583344,45473100
TSLA,2021-02-10,281.213318,268.273346,281.606659,266.67334,108648300
TSLA,2021-02-11,270.813324,270.553345,276.626678,267.243347,64868400
TSLA,2021-02-12,267.08667,272.040009,272.443329,261.776672,71304900
TSLA,2021-02-16,272.666656,265.406677,273.666656,264.146667,59406900
TSLA,2021-02-17,259.696655,266.049988,266.613342,254.003326,77989500
TSLA,2021-02-18,260.299988,262.459991,264.896667,258.756653,53871300
TSLA,2021-02-19,265.0,260.433319,265.59668,259.123322,56874900
TSLA,2021-02-22,254.213333,238.166672,256.166656,236.733337,111809100
TSLA,2021-02-23,220.710007,232.946671,237.869995,206.333328,199820700
TSLA,2021-02-24,237.28334,247.339996,248.333328,231.389999,110301000
TSLA,2021-02-25,242.050003,227.406662,245.736664,223.526672,117071700
TSLA,2021-02-26,233.333328,225.166672,235.566666,219.83667,123267600
TSLA,2021-03-01,230.036667,239.476669,239.666672,228.350006,81408600
TSLA,2021-03-02,239.426666,228.813339,240.369995,228.333328,71196600
TSLA,2021-03-03,229.330002,217.733337,233.566666,217.236664,90624000
TSLA,2021-03-04,218.600006,207.146667,222.816666,200.0,197758500
TSLA,2021-03-05,208.686661,199.316666,209.279999,179.830002,268189500
TSLA,2021-03-08,200.183334,187.666672,206.710007,186.263336,155361000
TSLA,2021-03-09,202.726669,224.526672,226.029999,198.403336,202569900
TSLA,2021-03-10,233.433334,222.686661,239.28334,218.353333,181817100
TSLA,2021-03-11,233.133331,233.199997,234.166672,225.726669,108761700
TSLA,2021-03-12,223.333328,231.243332,231.626663,222.046661,100751400
TSLA,2021-03-15,231.363327,235.979996,237.726669,228.013336,88006800
TSLA,2021-03-16,234.449997,225.626663,235.973328,223.666672,96587100
TSLA,2021-03-17,218.956665,233.936661,234.57666,217.003326,121117500
TSLA,2021-03-18,228.096664,217.720001,229.743332,217.333328,99674400
TSLA,2021-03-19,215.53334,218.289993,219.07666,208.206665,128682000
TSLA,2021-03-22,228.196671,223.333328,233.206665,222.916672,118536600
TSLA,2021-03-23,225.256668,220.720001,225.933334,219.169998,91475700
TSLA,2021-03-24,222.636673,210.089996,222.67334,210.036667,101385600
TSLA,2021-03-25,204.333328,213.463333,215.166672,203.166672,117674700
TSLA,2021-03-26,213.956665,206.236664,214.606674,199.963333,101558400
TSLA,2021-03-29,205.213333,203.763336,205.493332,198.67334,85911000
TSLA,2021-03-30,200.583328,211.873337,212.553329,197.003326,118297200
TSLA,2021-03-31,215.539993,222.643326,224.0,213.703339,100011900
TSLA,2021-04-01,229.456665,220.583328,230.806671,219.806671,105895200
TSLA,2021-04-05,235.903336,230.350006,236.053329,228.233337,125528400
TSLA,2021-04-06,230.100006,230.539993,232.183334,227.123337,84815400
TSLA,2021-04-07,229.0,223.656662,230.460007,222.613327,78928200
TSLA,2021-04-08,225.793335,227.933334,229.850006,223.883331,71772900
TSLA,2021-04-09,225.92334,225.67334,226.990005,223.143326,64311300
TSLA,2021-04-12,228.566666,233.993332,234.933334,227.363327,87407100
TSLA,2021-04-13,237.566666,254.106674,254.333328,236.886673,133958400
TSLA,2021-04-14,256.899994,244.07666,260.263336,242.676666,147052200
TSLA,2021-04-15,247.699997,246.28334,247.896667,240.436661,83546700
TSLA,2021-04-16,242.883331,246.593338,249.803329,241.53334,83938500
TSLA,2021-04-19,239.866669,238.210007,241.800003,230.600006,119058600
TSLA,2021-04-20,239.139999,239.66333,245.75,236.896667,106827000
TSLA,2021-04-21,234.92334,248.039993,248.279999,232.666672,93646500
TSLA,2021-04-22,247.166672,239.896667,251.256668,239.346664,106770900
TSLA,2021-04-23,239.933334,243.133331,245.786667,238.486664,85110000
TSLA,2021-04-26,247.0,246.066666,249.766663,244.203339,93115500
TSLA,2021-04-27,239.320007,234.91333,241.333328,234.449997,88311000
TSLA,2021-04-28,232.136673,231.46666,236.166672,231.199997,66813000
TSLA,2021-04-29,233.169998,225.666672,234.083328,222.833328,86536200
TSLA,2021-04-30,222.529999,236.479996,238.490005,222.046661,122276100
TSLA,2021-05-03,234.600006,228.300003,235.333328,226.833328,81129300
TSLA,2021-05-04,226.313339,224.53334,227.816666,219.233337,89217900
TSLA,2021-05-05,227.020004,223.646667,228.433334,222.446671,65705700
TSLA,2021-05-06,226.919998,221.179993,227.006668,216.666672,83353800
TSLA,2021-05-07,221.933334,224.123337,230.0,220.073334,70407600
TSLA,2021-05-10,221.633331,209.679993,221.683334,209.203339,94177200
TSLA,2021-05-11,199.746674,205.733337,209.03334,198.53334,139511700
TSLA,2021-05-12,200.830002,196.630005,206.803329,195.589996,101470800
TSLA,2021-05-13,200.513336,190.563339,202.153336,186.550003,132554700
TSLA,2021-05-14,194.470001,196.580002,197.623337,190.153336,100112700
TSLA,2021-05-17,191.850006,192.276672,196.57666,187.066666,97171200
TSLA,2021-05-18,189.333328,192.623337,198.75,187.793335,110491800
TSLA,2021-05-19,184.183334,187.820007,188.736664,182.32666,118735200
TSLA,2021-05-20,191.666672,195.593338,196.28334,190.356674,92463300
TSLA,2021-05-21,198.703339,193.626663,198.893326,193.333328,78091800
TSLA,2021-05-24,193.866669,202.146667,204.82666,191.21666,103674300
TSLA,2021-05-25,202.436661,201.563339,204.66333,198.570007,84017700
TSLA,2021-05-26,202.520004,206.376663,208.723328,200.5,85917900
TSLA,2021-05-27,206.746674,210.28334,210.376663,205.403336,79111800
TSLA,2021-05-28,209.5,208.406662,211.863327,207.460007,68211000
TSLA,2021-06-01,209.266663,207.96666,211.266663,206.850006,54254700
TSLA,2021-06-02,206.710007,201.706665,207.786667,199.713333,69908400
TSLA,2021-06-03,200.600006,190.946671,201.516663,190.406662,90335700
TSLA,2021-06-04,193.236664,199.683334,200.203339,192.399994,72110700
TSLA,2021-06-07,197.276672,201.710007,203.333328,194.293335,67631100
TSLA,2021-06-08,207.669998,201.196671,207.696671,198.5,78160200
TSLA,2021-06-09,200.723328,199.593338,203.929993,199.210007,49753800
TSLA,2021-06-10,201.293335,203.373337,205.529999,200.166672,71758800
TSLA,2021-06-11,203.410004,203.296661,204.186661,200.506668,48615900
TSLA,2021-06-14,204.07666,205.896667,208.496674,203.059998,61272000
TSLA,2021-06-15,205.563339,199.786667,205.596664,199.410004,53292300
TSLA,2021-06-16,199.179993,201.623337,202.833328,197.833328,66432300
TSLA,2021-06-17,200.630005,205.53334,207.156662,200.446671,68104200
TSLA,2021-06-18,204.456665,207.770004,209.449997,203.933334,73682700
TSLA,2021-06-21,208.160004,206.943329,210.463333,202.960007,74438100
TSLA,2021-06-22,206.083328,207.903336,209.523331,205.166672,57476700
TSLA,2021-06-23,210.666672,218.856674,219.066666,210.013336,93297600
TSLA,2021-06-24,224.996674,226.606674,232.539993,222.536667,137947200
TSLA,2021-06-25,229.860001,223.956665,231.270004,222.899994,97490100
TSLA,2021-06-28,223.880005,229.573334,231.566666,223.440002,64884600
TSLA,2021-06-29,228.21666,226.919998,229.169998,225.296661,52143900
TSLA,2021-06-30,226.589996,226.566666,230.936661,226.046661,56774700
TSLA,2021-07-01,227.973328,225.973328,229.330002,224.266663,55903500
TSLA,2021-07-02,226.32666,226.300003,233.333328,224.419998,81163500
TSLA,2021-07-06,227.236664,219.860001,228.0,217.133331,69853500
TSLA,2021-07-07,221.42334,214.883331,221.899994,212.773331,56376000
TSLA,2021-07-08,209.456665,217.603333,218.143326,206.820007,68319900
TSLA,2021-07-09,217.726669,218.983337,219.636673,214.896667,54421500
TSLA,2021-07-12,220.733337,228.566666,229.080002,220.720001,77781000
TSLA,2021-07-13,228.773331,222.846664,231.093338,222.100006,62898300
TSLA,2021-07-14,223.583328,217.793335,226.203339,217.613327,64923600
TSLA,2021-07-15,219.463333,216.866669,222.046661,212.626663,60628800
TSLA,2021-07-16,218.226669,214.740005,218.899994,214.066666,49113000
TSLA,2021-07-19,209.963333,215.406662,215.733337,207.096664,63891300
TSLA,2021-07-20,217.330002,220.166672,220.796661,213.5,46461300
TSLA,2021-07-21,219.869995,218.429993,221.619995,216.763336,41859900
TSLA,2021-07-22,218.813339,216.419998,220.723328,214.866669,45317100
TSLA,2021-07-23,215.453339,214.460007,216.266663,212.433334,43814700
TSLA,2021-07-26,216.990005,219.206665,222.733337,215.703339,76009800
TSLA,2021-07-27,221.133331,214.926666,222.166672,209.080002,98439900
TSLA,2021-07-28,215.666672,215.660004,218.323334,213.133331,48019800
TSLA,2021-07-29,216.596664,225.78334,227.896667,216.266663,91183800
TSLA,2021-07-30,223.919998,229.066666,232.509995,223.0,88969200
TSLA,2021-08-02,233.333328,236.556671,242.313339,232.800003,100847400
TSLA,2021-08-03,239.666672,236.580002,240.883331,233.669998,64860900
TSLA,2021-08-04,237.0,236.973328,241.633331,236.309998,51007800
TSLA,2021-08-05,238.666672,238.210007,240.316666,237.136673,38758800
TSLA,2021-08-06,237.300003,233.03334,238.776672,232.543335,46869000
TSLA,2021-08-09,236.723328,237.919998,239.676666,235.043335,44145900
TSLA,2021-08-10,237.996674,236.66333,238.863327,233.960007,40296900
TSLA,2021-08-11,237.570007,235.940002,238.393326,234.736664,29401800
TSLA,2021-08-12,235.446671,240.75,240.933334,233.133331,52377300
TSLA,2021-08-13,241.236664,239.056671,243.300003,238.113327,50194500
TSLA,2021-08-16,235.023331,228.723328,236.5,225.46666,68032200
TSLA,2021-08-17,224.220001,221.903336,224.860001,216.279999,71163900
TSLA,2021-08-18,223.25,229.66333,231.92334,223.116669,61048200
TSLA,2021-08-19,226.070007,224.490005,228.850006,222.529999,42940500
TSLA,2021-08-20,227.616669,226.753326,230.710007,224.566666,44525700
TSLA,2021-08-23,228.479996,235.433334,237.376663,226.916672,60794700
TSLA,2021-08-24,236.893326,236.16333,238.406662,234.213333,39249300
TSLA,2021-08-25,235.676666,237.066666,238.990005,234.666672,37936800
TSLA,2021-08-26,236.103333,233.720001,238.46666,232.539993,39642900
TSLA,2021-08-27,235.0,237.306671,238.333328,234.03334,41501400
TSLA,2021-08-30,238.240005,243.636673,243.666672,237.57666,55812600
TSLA,2021-08-31,244.333328,245.240005,246.796661,242.146667,62566200
TSLA,2021-09-01,244.693329,244.696671,247.330002,243.756668,39612900
TSLA,2021-09-02,244.833328,244.130005,246.990005,243.513336,38331900
TSLA,2021-09-03,244.083328,244.523331,244.666672,241.399994,45738300
TSLA,2021-09-07,246.666672,250.973328,253.399994,246.419998,60119400
TSLA,2021-09-08,253.860001,251.289993,254.816666,246.92334,56379000
TSLA,2021-09-09,251.136673,251.619995,254.03334,250.543335,42233100
TSLA,2021-09-10,253.199997,245.42334,254.203339,244.839996,45552600
TSLA,2021-09-13,246.736664,247.666672,248.259995,236.28334,68857500
TSLA,2021-09-14,247.523331,248.16333,251.490005,245.46666,55574700
TSLA,2021-09-15,248.333328,251.943329,252.286667,246.119995,46073100
TSLA,2021-09-16,250.943329,252.330002,252.970001,249.203339,41770200
TSLA,2021-09-17,252.383331,253.16333,253.679993,250.0,84612600
TSLA,2021-09-20,244.853333,243.389999,247.333328,239.539993,74273100
TSLA,2021-09-21,244.929993,246.460007,248.246674,243.479996,48992100
TSLA,2021-09-22,247.843338,250.646667,251.223328,246.373337,45378900
TSLA,2021-09-23,251.666672,251.213333,252.733337,249.306671,35842500
TSLA,2021-09-24,248.630005,258.130005,258.266663,248.186661,64119000
TSLA,2021-09-27,257.706665,263.786682,266.333344,256.436676,84212100
TSLA,2021-09-28,262.399994,259.186676,265.213318,255.393326,76144200
TSLA,2021-09-29,259.933319,260.436676,264.5,256.893341,62828700
TSLA,2021-09-30,260.333344,258.493347,263.043335,258.333344,53868000
TSLA,2021-10-01,259.466675,258.406677,260.26001,254.529999,51094200
TSLA,2021-10-04,265.5,260.51001,268.98999,258.706665,91449900
TSLA,2021-10-05,261.600006,260.196655,265.769989,258.066681,55297800
TSLA,2021-10-06,258.733337,260.916656,262.220001,257.73999,43898400
TSLA,2021-10-07,261.820007,264.536682,268.333344,261.126678,57587400
TSLA,2021-10-08,265.40332,261.829987,265.459991,260.303345,50215800
TSLA,2021-10-11,262.549988,263.980011,267.079987,261.833344,42600900
TSLA,2021-10-12,266.976654,268.573334,270.773346,265.523346,66060000
TSLA,2021-10-13,270.156677,270.359985,271.803345,268.593323,42360300
TSLA,2021-10-14,271.829987,272.773346,273.416656,271.116669,36741600
TSLA,2021-10-15,274.579987,281.01001,281.070007,274.116669,56773800
TSLA,2021-10-18,283.929993,290.036682,291.753326,283.823334,72621600
TSLA,2021-10-19,292.51001,288.089996,292.649994,287.503326,52143300
TSLA,2021-10-20,288.450012,288.600006,289.829987,285.793335,42096300
TSLA,2021-10-21,285.333344,298.0,300.0,285.166656,94444500
TSLA,2021-10-22,298.5,303.226654,303.333344,296.986664,68642400
TSLA,2021-10-25,316.843323,341.619995,348.339996,314.733337,188556300
TSLA,2021-10-26,341.563324,339.476654,364.980011,333.813324,187245000
TSLA,2021-10-27,346.553345,345.953339,356.959991,343.593323,115579500
TSLA,2021-10-28,356.103333,359.013336,360.333344,351.399994,81639600
TSLA,2021-10-29,360.619995,371.333344,371.736664,357.736664,89755200
TSLA,2021-11-01,381.666656,402.863342,403.25,372.886658,168146100
TSLA,2021-11-02,386.453339,390.666656,402.863342,382.0,128213400
TSLA,2021-11-03,392.443329,404.619995,405.130005,384.206665,103885500
TSLA,2021-11-04,411.470001,409.970001,414.496674,405.666656,76192200
TSLA,2021-11-05,409.333344,407.363342,413.290009,402.666656,64886400
TSLA,2021-11-08,383.263336,387.646667,399.0,377.666656,100337100
TSLA,2021-11-09,391.200012,341.166656,391.5,337.17334,177317400
TSLA,2021-11-10,336.803345,355.983337,359.366669,329.103333,128408100
TSLA,2021-11-11,367.589996,354.503326,368.323334,351.559998,67189800
TSLA,2021-11-12,349.166656,344.473328,351.5,339.733337,76719300
TSLA,2021-11-15,339.209991,337.796661,343.993347,326.200012,104326800
TSLA,2021-11-16,334.436676,351.57666,352.399994,334.059998,79627200
TSLA,2021-11-17,354.503326,363.003326,373.213318,351.833344,94336200
TSLA,2021-11-18,368.850006,365.459991,370.666656,358.339996,62696700
TSLA,2021-11-19,366.290009,379.019989,379.573334,364.233337,64926900
TSLA,2021-11-22,387.443329,385.623322,400.649994,377.476654,99217500
TSLA,2021-11-23,389.170013,369.676666,393.5,354.233337,108515100
TSLA,2021-11-24,360.130005,372.0,377.589996,354.0,67680600
TSLA,2021-11-26,366.48999,360.640015,369.593323,360.333344,35042700
TSLA,2021-11-29,366.996674,378.996674,380.890015,366.730011,58393500
TSLA,2021-11-30,381.456665,381.58667,389.333344,372.666656,81276000
TSLA,2021-12-01,386.899994,365.0,390.946655,363.58667,68450400
TSLA,2021-12-02,366.353333,361.533325,371.0,352.216675,73114800
TSLA,2021-12-03,361.59668,338.323334,363.526672,333.40332,92322000
TSLA,2021-12-06,333.83667,336.33667,340.546661,316.833344,81663000
TSLA,2021-12-07,348.066681,350.583344,352.556671,342.269989,56084700
TSLA,2021-12-08,350.90332,356.320007,357.459991,344.333344,41906400
TSLA,2021-12-09,353.546661,334.600006,354.16333,334.119995,59438400
TSLA,2021-12-10,336.25,339.01001,340.32666,327.51001,59664300
TSLA,2021-12-13,333.696655,322.136658,335.0,317.140015,78595500
TSLA,2021-12-14,315.0,319.503326,322.136658,310.0,70806300
TSLA,2021-12-15,317.736664,325.329987,326.25,309.416656,75169200
TSLA,2021-12-16,331.5,308.973328,331.660004,307.283325,82771500
TSLA,2021-12-17,304.92334,310.856659,320.220001,303.013336,100437300
TSLA,2021-12-20,303.566681,299.980011,307.230011,297.796661,56480100
TSLA,2021-12-21,305.623322,312.843323,313.166656,295.373322,71517900
TSLA,2021-12-22,321.886658,336.290009,338.553345,319.016663,93634200
TSLA,2021-12-23,335.600006,355.666656,357.660004,332.519989,92713200
TSLA,2021-12-27,357.890015,364.646667,372.333344,356.906677,71145900
TSLA,2021-12-28,369.829987,362.823334,373.0,359.473328,60324000
TSLA,2021-12-29,366.213318,362.063324,368.0,354.713318,56154000
TSLA,2021-12-30,353.776672,356.779999,365.183319,351.049988,47040900
TSLA,2021-12-31,357.813324,352.26001,360.666656,351.529999,40733700
