article_id,ticker,sentiment_label,confidence_score
1,AAPL,neutral,0.9492
2,AMC,neutral,0.9491
3,AAPL,neutral,0.9478
4,AMC,neutral,0.9512
5,AAPL,neutral,0.9526
6,GME,neutral,0.8698
7,AAPL,neutral,0.9521
8,AMC,neutral,0.9523
9,AAPL,neutral,0.9449
10,GME,neutral,0.9504
11,AMC,neutral,0.9496
12,AAPL,neutral,0.9501
13,AAPL,neutral,0.9460
14,ADBE,neutral,0.8335
15,ADBE,neutral,0.9290
16,ADBE,neutral,0.9427
17,ADBE,negative,0.9023
18,ADBE,positive,0.6545
19,ADBE,negative,0.8606
20,ADBE,neutral,0.9211
21,ADBE,neutral,0.8778
22,ADBE,negative,0.9721
23,ADBE,neutral,0.9477
24,ADBE,negative,0.9427
25,ADBE,neutral,0.9356
26,ADBE,neutral,0.7730
27,ADBE,neutral,0.5381
28,ADBE,neutral,0.6334
29,ADBE,negative,0.8039
30,ADBE,positive,0.8387
31,ADBE,neutral,0.9457
32,ADBE,negative,0.9732
33,ADBE,negative,0.9733
34,ADBE,neutral,0.9309
35,ADBE,positive,0.9016
36,ADBE,neutral,0.9355
37,ADBE,positive,0.9035
38,ADBE,neutral,0.9071
39,ADBE,negative,0.9318
40,ADBE,neutral,0.9380
41,META,neutral,0.9132
42,ADBE,neutral,0.9237
43,ADBE,neutral,0.9188
44,ADBE,neutral,0.9306
45,ADBE,neutral,0.8032
46,ADBE,neutral,0.9384
47,ADBE,neutral,0.9380
48,ADBE,neutral,0.8902
49,TSLA,negative,0.9410
50,ADBE,neutral,0.9479
51,CRM,neutral,0.9399
52,ADBE,neutral,0.9330
53,ADBE,neutral,0.9299
54,ADBE,neutral,0.8891
55,ADBE,neutral,0.5335
56,NVDA,negative,0.9500
57,ADBE,positive,0.9478
58,ADBE,neutral,0.9136
59,ADBE,positive,0.8937
60,ADBE,neutral,0.9351
61,ADBE,positive,0.5369
62,ADBE,neutral,0.9310
63,ADBE,positive,0.8092
64,ADBE,positive,0.8212
65,ADBE,neutral,0.9470
66,ADBE,neutral,0.9026
67,ADBE,neutral,0.9369
68,ADBE,neutral,0.8701
69,ADBE,neutral,0.8397
70,ADBE,negative,0.5987
71,ADBE,neutral,0.9236
72,ADBE,neutral,0.7727
73,ADBE,neutral,0.6690
74,ADBE,neutral,0.6840
75,ADBE,positive,0.9102
76,ADBE,negative,0.8634
77,ADBE,neutral,0.6668
78,ADBE,neutral,0.7600
79,ADBE,neutral,0.9384
80,CRM,neutral,0.7400
81,ADBE,positive,0.6582
82,ADBE,neutral,0.9028
83,ADBE,neutral,0.9169
84,ADBE,neutral,0.9345
85,ADBE,neutral,0.9468
86,ADBE,neutral,0.9446
87,ADBE,neutral,0.7799
88,ADBE,neutral,0.8313
89,ADBE,positive,0.7562
90,ADBE,neutral,0.9332
91,ADBE,neutral,0.9259
92,ADBE,neutral,0.9300
93,ORCL,neutral,0.9246
94,ADBE,neutral,0.9245
95,ADBE,neutral,0.9228
96,ADBE,neutral,0.8937
97,ADBE,neutral,0.8008
98,ADBE,neutral,0.9383
99,ORCL,positive,0.5000
100,ADBE,positive,0.8594
101,ADBE,positive,0.7398
102,ADBE,neutral,0.9216
103,ADBE,positive,0.7601
104,AMZN,positive,0.7347
105,ADBE,neutral,0.7324
106,ADBE,neutral,0.8664
107,ADBE,neutral,0.8308
108,ADBE,neutral,0.9194
109,ADBE,negative,0.3749
110,ADBE,neutral,0.8768
111,ORCL,negative,0.9408
112,ADBE,neutral,0.9398
113,ADBE,positive,0.7775
114,ADBE,neutral,0.9319
115,ADBE,positive,0.8951
116,ADBE,neutral,0.9414
117,GOOGL,neutral,0.5739
118,ADBE,neutral,0.9451
119,ADBE,neutral,0.8815
120,ADBE,negative,0.9453
121,ADBE,negative,0.7131
122,ADBE,neutral,0.9329
123,ADBE,neutral,0.9467
124,ADBE,neutral,0.9327
125,ADBE,neutral,0.8839
126,ADBE,neutral,0.9341
127,ADBE,positive,0.8782
128,ADBE,neutral,0.8345
129,ADBE,neutral,0.9282
130,ADBE,neutral,0.7974
131,MSFT,neutral,0.7675
132,NVDA,neutral,0.9469
133,ADBE,neutral,0.9530
134,ADBE,neutral,0.9516
135,ADBE,positive,0.6565
136,AMZN,neutral,0.8145
137,ADBE,positive,0.9481
138,ADBE,neutral,0.9516
139,ADBE,neutral,0.9236
140,ADBE,neutral,0.8713
141,ADBE,neutral,0.9254
142,ADBE,neutral,0.9227
143,ADBE,neutral,0.8950
144,ADBE,neutral,0.9267
145,ADBE,neutral,0.6650
146,ORCL,negative,0.9678
147,ADBE,neutral,0.9196
148,ORCL,neutral,0.4148
149,AMZN,neutral,0.9153
150,ADBE,neutral,0.9359
151,ADBE,neutral,0.9396
152,CRM,positive,0.7023
153,ADBE,neutral,0.9300
154,ADBE,neutral,0.9176
155,ADBE,neutral,0.9369
156,ADBE,neutral,0.7703
157,ADBE,neutral,0.8754
158,ADBE,positive,0.8584
159,ADBE,neutral,0.8119
160,ADBE,neutral,0.6739
161,ADBE,neutral,0.8963
162,ADBE,neutral,0.9318
163,ADBE,positive,0.5744
164,ADBE,neutral,0.7638
165,ADBE,neutral,0.8465
166,ADBE,neutral,0.8909
167,ADBE,positive,0.7047
168,ADBE,neutral,0.5863
169,ADBE,neutral,0.9137
170,ADBE,positive,0.7137
171,ADBE,neutral,0.9081
172,ADBE,neutral,0.8410
173,ADBE,neutral,0.6668
174,ADBE,positive,0.8484
175,GME,neutral,0.9329
176,ADBE,neutral,0.8677
177,ADBE,neutral,0.6933
178,ADBE,neutral,0.9349
179,ADBE,neutral,0.9316
180,ADBE,neutral,0.9317
181,ADBE,neutral,0.9393
182,ADBE,negative,0.4398
183,ADBE,positive,0.7990
184,ADBE,positive,0.9440
185,ADBE,positive,0.7654
186,ADBE,neutral,0.9311
187,ADBE,neutral,0.9228
188,ADBE,neutral,0.8682
189,ADBE,neutral,0.9319
190,ADBE,negative,0.9007
191,ADBE,neutral,0.9113
192,ADBE,neutral,0.9050
193,ADBE,positive,0.7919
194,ADBE,neutral,0.8802
195,ADBE,negative,0.7432
196,ADBE,neutral,0.9061
197,ADBE,neutral,0.7332
198,ADBE,negative,0.4893
199,ADBE,neutral,0.8261
200,ADBE,positive,0.7191
201,ADBE,neutral,0.8718
202,ADBE,neutral,0.8358
203,ADBE,neutral,0.7998
204,ADBE,neutral,0.8557
205,GOOGL,neutral,0.7646
206,ADBE,neutral,0.9203
207,ADBE,neutral,0.9044
208,ADBE,neutral,0.9403
209,AMZN,negative,0.5591
210,ADBE,neutral,0.9320
211,MSFT,neutral,0.9506
212,NFLX,neutral,0.9417
213,AMC,neutral,0.9525
214,GME,neutral,0.9360
215,AMC,neutral,0.9514
216,AMC,neutral,0.9530
217,AMC,neutral,0.9524
218,AMC,neutral,0.9534
219,AMC,neutral,0.9444
220,AMC,neutral,0.9521
221,AMC,neutral,0.9507
222,GME,neutral,0.7538
223,AMC,neutral,0.9509
224,AMC,neutral,0.9531
225,AAPL,neutral,0.9531
226,AAPL,neutral,0.9535
227,AMC,neutral,0.9536
228,AAPL,neutral,0.9527
229,MSFT,neutral,0.7675
230,MSFT,neutral,0.9313
231,AMC,neutral,0.9536
232,GME,negative,0.6066
233,AMZN,neutral,0.8808
234,MSFT,neutral,0.9528
235,MSFT,neutral,0.9517
236,CRM,neutral,0.9113
237,AAPL,neutral,0.9501
238,META,neutral,0.9506
239,AMC,neutral,0.9522
240,AAPL,neutral,0.9492
241,AMC,neutral,0.9529
242,AMC,neutral,0.9524
243,AMC,neutral,0.9519
244,AMC,neutral,0.9535
245,AMC,neutral,0.9535
246,AMC,neutral,0.9509
247,AMC,neutral,0.9530
248,AMC,neutral,0.9502
249,AMC,neutral,0.9530
250,AMZN,neutral,0.9510
251,INTC,neutral,0.9308
252,ADBE,neutral,0.7727
253,ADBE,neutral,0.6690
254,NVDA,negative,0.5781
255,NVDA,negative,0.8459
256,TSLA,neutral,0.9230
257,AAPL,neutral,0.9494
258,INTC,negative,0.5694
259,INTC,neutral,0.8470
260,ORCL,neutral,0.5817
261,GOOGL,neutral,0.9513
262,INTC,positive,0.8625
263,INTC,positive,0.9263
264,INTC,positive,0.9322
265,NVDA,neutral,0.9143
266,INTC,neutral,0.7131
267,TSLA,neutral,0.8383
268,INTC,positive,0.9256
269,GME,positive,0.9508
270,TSLA,neutral,0.9225
271,NVDA,neutral,0.7124
272,META,positive,0.8058
273,TSLA,neutral,0.9244
274,MSFT,neutral,0.9556
275,AAPL,neutral,0.8733
276,INTC,neutral,0.5383
277,AAPL,negative,0.9631
278,META,neutral,0.9515
279,INTC,positive,0.9507
280,NVDA,neutral,0.7750
281,NVDA,positive,0.9420
282,INTC,neutral,0.9243
283,INTC,negative,0.8754
284,INTC,neutral,0.9339
285,NVDA,positive,0.8717
286,NVDA,positive,0.8717
287,NVDA,positive,0.9477
288,NVDA,positive,0.9477
289,TSLA,neutral,0.9059
290,INTC,positive,0.6957
291,NFLX,neutral,0.9423
292,INTC,positive,0.9263
293,INTC,positive,0.9322
294,INTC,neutral,0.7131
295,INTC,neutral,0.9423
296,INTC,positive,0.9256
297,NFLX,negative,0.7108
298,GME,neutral,0.9053
299,TSLA,neutral,0.9516
300,GME,neutral,0.9504
301,IBM,neutral,0.9526
302,AMC,neutral,0.9524
303,AMC,neutral,0.9516
304,AAPL,neutral,0.9526
305,META,neutral,0.9116
306,AAPL,neutral,0.9463
307,AMZN,positive,0.8682
308,AAPL,neutral,0.8623
309,AMC,neutral,0.8846
310,AMC,neutral,0.5294
311,AMZN,neutral,0.9320
312,AMZN,neutral,0.9379
313,AMC,neutral,0.9493
314,AAPL,neutral,0.9490
315,GME,negative,0.6066
316,GME,neutral,0.9538
317,CRM,neutral,0.9334
318,CSCO,neutral,0.9514
319,NFLX,neutral,0.9292
320,AMC,neutral,0.9517
321,MSFT,neutral,0.8452
322,AAPL,neutral,0.9489
323,GOOGL,neutral,0.6269
324,GME,positive,0.5825
325,TSLA,positive,0.6544
326,AAPL,neutral,0.6682
327,TSLA,neutral,0.8818
328,TSLA,neutral,0.9269
329,GOOGL,neutral,0.9383
330,NVDA,positive,0.7626
331,MSFT,neutral,0.9340
332,INTC,neutral,0.9444
333,AMZN,neutral,0.9425
334,TSLA,neutral,0.7970
335,IBM,neutral,0.9298
336,CSCO,neutral,0.5868
337,GOOGL,neutral,0.8822
338,NVDA,neutral,0.9489
339,GME,neutral,0.9087
340,AMZN,neutral,0.9439
341,AMZN,neutral,0.9388
342,AAPL,neutral,0.9370
343,AMZN,neutral,0.9107
344,AMZN,neutral,0.7319
345,INTC,positive,0.6710
346,GME,neutral,0.9116
347,GME,neutral,0.9402
348,AMZN,neutral,0.8151
349,AAPL,neutral,0.8506
350,AMZN,neutral,0.9338
351,AAPL,neutral,0.9381
352,TSLA,neutral,0.8180
353,AAPL,neutral,0.5639
354,AAPL,neutral,0.5639
355,TSLA,neutral,0.8795
356,TSLA,neutral,0.8481
357,TSLA,neutral,0.9355
358,TSLA,neutral,0.9472
359,AMC,neutral,0.9340
360,AMZN,neutral,0.8142
361,AMZN,neutral,0.9443
362,AMZN,neutral,0.9459
363,AMC,neutral,0.8939
364,AMC,neutral,0.9526
365,NVDA,neutral,0.7673
366,AMC,neutral,0.9380
367,AMZN,neutral,0.9242
368,GME,neutral,0.8803
369,TSLA,neutral,0.9531
370,TSLA,neutral,0.9528
371,META,neutral,0.9135
372,AAPL,neutral,0.9447
373,AAPL,neutral,0.9444
374,TSLA,neutral,0.9454
375,AAPL,neutral,0.9510
376,TSLA,positive,0.7737
377,TSLA,positive,0.7737
378,TSLA,negative,0.7583
379,AMC,neutral,0.9528
380,AAPL,neutral,0.9530
381,GME,negative,0.6046
382,INTC,positive,0.5009
383,AAPL,neutral,0.9445
384,AAPL,neutral,0.9490
385,AAPL,neutral,0.9496
386,AAPL,neutral,0.9499
387,AAPL,neutral,0.9448
388,AAPL,neutral,0.9481
389,AAPL,neutral,0.9444
390,INTC,neutral,0.9255
391,AMC,neutral,0.9522
392,AAPL,neutral,0.9468
393,AMC,neutral,0.9493
394,AAPL,neutral,0.9457
395,AAPL,neutral,0.9491
396,AMC,neutral,0.9503
397,AMC,neutral,0.9444
398,CRM,neutral,0.8844
399,MSFT,neutral,0.9329
400,AAPL,neutral,0.9440
401,AAPL,neutral,0.9470
402,AMC,neutral,0.9500
403,MSFT,neutral,0.9361
404,CSCO,neutral,0.9036
405,AMZN,neutral,0.5008
406,AMZN,neutral,0.6564
407,AMZN,neutral,0.6564
408,AMZN,neutral,0.6564
409,INTC,neutral,0.9383
410,MSFT,neutral,0.9379
411,TSLA,neutral,0.9230
412,CSCO,neutral,0.9514
413,CSCO,neutral,0.9527
414,AMC,positive,0.8708
415,GME,neutral,0.8588
416,TSLA,positive,0.8690
417,TSLA,positive,0.5283
418,META,positive,0.8839
419,META,neutral,0.8469
420,GOOGL,neutral,0.9379
421,GOOGL,neutral,0.9281
422,AMC,neutral,0.9455
423,AMC,neutral,0.9529
424,AMC,neutral,0.9533
425,NVDA,neutral,0.9379
426,NVDA,neutral,0.9499
427,GME,neutral,0.8438
428,AMZN,neutral,0.9399
429,NVDA,neutral,0.9150
430,AMZN,neutral,0.9374
431,GOOGL,positive,0.5390
432,TSLA,neutral,0.8927
433,AAPL,neutral,0.9528
434,AAPL,neutral,0.9528
435,AAPL,neutral,0.9483
436,AAPL,neutral,0.9502
437,INTC,neutral,0.9522
438,MSFT,neutral,0.9508
439,TSLA,neutral,0.9498
440,MSFT,neutral,0.9486
441,AAPL,neutral,0.9540
442,AAPL,neutral,0.9513
443,AMC,neutral,0.9524
444,AMC,neutral,0.9530
445,AMC,neutral,0.9517
446,AMC,neutral,0.9529
447,AMC,neutral,0.9498
448,AAPL,neutral,0.9452
449,AAPL,neutral,0.9494
450,AMC,neutral,0.9512
451,AMC,neutral,0.9479
452,AMC,neutral,0.9512
453,AMC,neutral,0.9508
454,AMC,neutral,0.9483
455,AMC,neutral,0.9516
456,AMC,neutral,0.9493
457,AMC,neutral,0.9519
458,META,neutral,0.9503
459,AAPL,neutral,0.9493
460,AAPL,neutral,0.9457
461,AAPL,neutral,0.9503
462,AAPL,neutral,0.9499
463,INTC,neutral,0.9494
464,AAPL,neutral,0.9500
465,AMC,neutral,0.9527
466,INTC,neutral,0.9471
467,AMC,neutral,0.9529
468,AMC,neutral,0.9509
469,GME,positive,0.9286
470,AAPL,neutral,0.9520
471,MSFT,neutral,0.9411
472,AAPL,neutral,0.9458
473,AAPL,neutral,0.9497
474,IBM,neutral,0.9279
475,CSCO,neutral,0.9317
476,AAPL,neutral,0.9483
477,AAPL,neutral,0.9370
478,CRM,neutral,0.9365
479,META,negative,0.4190
480,TSLA,neutral,0.8700
481,AMC,neutral,0.9477
482,AAPL,neutral,0.9469
483,AAPL,positive,0.8834
484,AMZN,neutral,0.5241
485,AAPL,neutral,0.9513
486,AAPL,neutral,0.9483
487,NVDA,neutral,0.6824
488,INTC,neutral,0.9494
489,NVDA,neutral,0.5327
490,AMC,neutral,0.9506
491,AAPL,neutral,0.9481
492,AMC,neutral,0.9527
493,AMC,neutral,0.9530
494,AAPL,neutral,0.9496
495,AMZN,positive,0.5987
496,AAPL,neutral,0.9522
497,AAPL,neutral,0.9472
498,TSLA,positive,0.9522
499,TSLA,positive,0.8084
500,TSLA,neutral,0.7919
501,TSLA,negative,0.9634
502,AMZN,neutral,0.9054
503,TSLA,positive,0.5842
504,TSLA,neutral,0.9295
505,TSLA,neutral,0.8450
506,TSLA,neutral,0.9134
507,TSLA,neutral,0.7427
508,AMZN,neutral,0.8201
509,TSLA,neutral,0.8700
510,AAPL,neutral,0.9445
511,AAPL,neutral,0.9467
512,MSFT,neutral,0.9147
513,TSLA,neutral,0.9427
514,AAPL,neutral,0.9478
515,TSLA,neutral,0.6721
516,MSFT,neutral,0.8787
517,AAPL,positive,0.8834
518,AMC,neutral,0.9526
519,TSLA,neutral,0.9335
520,AAPL,neutral,0.9494
521,META,neutral,0.8583
522,NVDA,neutral,0.7452
523,CRM,neutral,0.9534
524,AAPL,neutral,0.9374
525,META,neutral,0.8759
526,NFLX,neutral,0.9230
527,INTC,negative,0.9676
528,NVDA,neutral,0.9468
529,NVDA,negative,0.5781
530,NVDA,negative,0.8459
531,AAPL,neutral,0.9456
532,AMZN,neutral,0.9033
533,NVDA,neutral,0.9429
534,NVDA,positive,0.5512
535,AAPL,neutral,0.9482
536,INTC,neutral,0.8692
537,INTC,negative,0.5694
538,NVDA,positive,0.8640
539,IBM,neutral,0.9125
540,INTC,positive,0.5442
541,MSFT,positive,0.8001
542,MSFT,positive,0.6006
543,MSFT,positive,0.7495
544,NVDA,neutral,0.9453
545,GOOGL,neutral,0.9409
546,INTC,positive,0.5843
547,NVDA,positive,0.8985
548,NVDA,neutral,0.9341
549,TSLA,neutral,0.8246
550,TSLA,neutral,0.8631
551,NVDA,positive,0.7300
552,META,neutral,0.7062
553,NVDA,neutral,0.7278
554,META,neutral,0.9310
555,NVDA,negative,0.8924
556,NVDA,negative,0.9294
557,TSLA,neutral,0.9219
558,NVDA,neutral,0.9528
559,NVDA,neutral,0.8656
560,NVDA,neutral,0.9528
561,NVDA,negative,0.5618
562,META,neutral,0.9088
563,NVDA,neutral,0.5002
564,AMZN,neutral,0.9425
565,NVDA,neutral,0.6260
566,TSLA,positive,0.6282
567,META,neutral,0.9435
568,NVDA,positive,0.8972
569,NVDA,negative,0.7384
570,NVDA,negative,0.9593
571,NVDA,positive,0.5546
572,NVDA,negative,0.5109
573,TSLA,positive,0.7137
574,NVDA,neutral,0.8715
575,NVDA,neutral,0.8070
576,ADBE,neutral,0.9211
577,META,neutral,0.8528
578,NVDA,negative,0.9593
579,NVDA,neutral,0.7656
580,NVDA,neutral,0.6402
581,NVDA,neutral,0.9256
582,NVDA,neutral,0.7048
583,NVDA,neutral,0.9346
584,INTC,neutral,0.9169
585,META,neutral,0.9033
586,NVDA,neutral,0.8587
587,NVDA,neutral,0.7452
588,TSLA,neutral,0.7210
589,META,neutral,0.9132
590,META,neutral,0.9344
591,META,neutral,0.9091
592,META,neutral,0.8384
593,NVDA,neutral,0.8004
594,NVDA,neutral,0.9176
595,INTC,positive,0.9066
596,META,neutral,0.8835
597,NVDA,neutral,0.9393
598,META,neutral,0.9035
599,NVDA,neutral,0.7741
600,GME,negative,0.9558
601,NVDA,negative,0.9400
602,NVDA,neutral,0.9148
603,NVDA,neutral,0.9076
604,NVDA,neutral,0.5437
605,META,neutral,0.8095
606,META,neutral,0.8312
607,INTC,negative,0.8755
608,NVDA,negative,0.9626
609,META,neutral,0.9350
610,NVDA,positive,0.8931
611,NVDA,neutral,0.9384
612,NVDA,positive,0.7619
613,NVDA,negative,0.8309
614,NVDA,negative,0.6731
615,META,neutral,0.7155
616,NVDA,neutral,0.9092
617,META,neutral,0.9300
618,NVDA,negative,0.8692
619,NVDA,positive,0.6199
620,NVDA,positive,0.7064
621,NVDA,negative,0.9345
622,NVDA,negative,0.8686
623,NVDA,positive,0.9474
624,META,neutral,0.9274
625,META,neutral,0.8826
626,NVDA,negative,0.5618
627,META,neutral,0.8892
628,NVDA,negative,0.8969
629,NVDA,neutral,0.8535
630,NVDA,neutral,0.9470
631,NVDA,positive,0.7326
632,AMZN,positive,0.7767
633,NVDA,positive,0.7326
634,NVDA,neutral,0.9186
635,NVDA,negative,0.8449
636,NVDA,neutral,0.6544
637,NFLX,neutral,0.9394
638,NVDA,neutral,0.6532
639,NVDA,neutral,0.9336
640,META,neutral,0.9364
641,NVDA,positive,0.5142
642,NVDA,neutral,0.9526
643,NVDA,neutral,0.6175
644,META,neutral,0.8731
645,NVDA,neutral,0.7195
646,META,neutral,0.8367
647,NVDA,negative,0.8692
648,NVDA,neutral,0.7124
649,NVDA,positive,0.6128
650,NVDA,positive,0.8398
651,NVDA,positive,0.7561
652,NVDA,positive,0.6893
653,META,neutral,0.8572
654,NVDA,neutral,0.7452
655,NVDA,positive,0.5644
656,NVDA,neutral,0.8894
657,META,neutral,0.9297
658,NVDA,neutral,0.5941
659,NVDA,negative,0.9601
660,NVDA,neutral,0.8608
661,NVDA,neutral,0.7279
662,NVDA,neutral,0.9272
663,NVDA,neutral,0.7193
664,NVDA,positive,0.9337
665,META,neutral,0.9190
666,NVDA,neutral,0.9312
667,NVDA,positive,0.7545
668,NVDA,neutral,0.8993
669,NVDA,neutral,0.8769
670,META,neutral,0.8887
671,NVDA,positive,0.6070
672,NVDA,positive,0.8974
673,NVDA,negative,0.8229
674,NVDA,neutral,0.9525
675,NVDA,positive,0.9342
676,NVDA,neutral,0.8812
677,NVDA,neutral,0.9489
678,NVDA,neutral,0.9454
679,NVDA,neutral,0.9504
680,NVDA,neutral,0.9206
681,NVDA,negative,0.5987
682,NVDA,positive,0.7972
683,NVDA,neutral,0.5791
684,NVDA,positive,0.9003
685,META,neutral,0.9274
686,NVDA,neutral,0.8971
687,NVDA,neutral,0.9291
688,NVDA,positive,0.9473
689,NVDA,positive,0.5870
690,NVDA,neutral,0.9293
691,NVDA,neutral,0.9317
692,NVDA,negative,0.9422
693,NVDA,neutral,0.8653
694,NVDA,neutral,0.9335
695,NVDA,positive,0.5277
696,NVDA,neutral,0.5964
697,NVDA,neutral,0.7091
698,NVDA,neutral,0.5899
699,NVDA,negative,0.9657
700,NVDA,neutral,0.8906
701,NVDA,positive,0.7571
702,NVDA,positive,0.5908
703,META,neutral,0.9396
704,TSLA,neutral,0.4262
705,NVDA,positive,0.8423
706,NVDA,neutral,0.9131
707,NVDA,neutral,0.9327
708,META,neutral,0.8904
709,AAPL,neutral,0.7769
710,NVDA,neutral,0.9076
711,NVDA,positive,0.7561
712,NVDA,positive,0.6421
713,META,neutral,0.9308
714,NVDA,positive,0.6557
715,META,neutral,0.9244
716,INTC,positive,0.6237
717,META,neutral,0.9343
718,NVDA,negative,0.9486
719,NVDA,positive,0.7159
720,NVDA,neutral,0.9509
721,NVDA,neutral,0.8725
722,META,neutral,0.9075
723,NVDA,neutral,0.9504
724,NVDA,neutral,0.9491
725,NVDA,neutral,0.6987
726,NVDA,positive,0.4981
727,NVDA,negative,0.9500
728,NVDA,neutral,0.6431
729,NVDA,neutral,0.5963
730,NVDA,negative,0.5039
731,NVDA,positive,0.6625
732,NVDA,positive,0.9270
733,NVDA,positive,0.8264
734,INTC,negative,0.6666
735,NVDA,neutral,0.8245
736,NVDA,positive,0.7609
737,NVDA,neutral,0.9297
738,NVDA,negative,0.8265
739,NVDA,positive,0.9479
740,META,neutral,0.8585
741,NVDA,negative,0.5039
742,META,neutral,0.9104
743,INTC,neutral,0.8855
744,NVDA,positive,0.9453
745,NVDA,negative,0.9571
746,NVDA,negative,0.9563
747,MSFT,neutral,0.8853
748,NVDA,positive,0.9384
749,NVDA,negative,0.9470
750,META,neutral,0.7868
751,NVDA,neutral,0.6610
752,META,neutral,0.4896
753,NVDA,neutral,0.9496
754,META,negative,0.7218
755,META,neutral,0.9249
756,NVDA,neutral,0.9158
757,NVDA,neutral,0.6525
758,NVDA,neutral,0.8730
759,NVDA,positive,0.6408
760,INTC,negative,0.8542
761,INTC,neutral,0.8883
762,NVDA,neutral,0.9111
763,NVDA,neutral,0.9256
764,INTC,positive,0.8545
765,NVDA,neutral,0.9279
766,NVDA,neutral,0.7976
767,INTC,positive,0.7356
768,NVDA,neutral,0.8771
769,NVDA,neutral,0.9215
770,NVDA,neutral,0.9428
771,NVDA,positive,0.6408
772,INTC,neutral,0.9197
773,NVDA,neutral,0.9389
774,NVDA,neutral,0.5177
775,MSFT,neutral,0.9355
776,NVDA,neutral,0.9057
777,META,neutral,0.8106
778,INTC,neutral,0.7719
779,NVDA,positive,0.8575
780,NVDA,neutral,0.9502
781,NVDA,positive,0.6213
782,NVDA,neutral,0.8168
783,NVDA,positive,0.5330
784,NVDA,neutral,0.9516
785,NVDA,neutral,0.9526
786,NVDA,neutral,0.9218
787,NVDA,neutral,0.7339
788,NVDA,positive,0.8206
789,NVDA,neutral,0.7452
790,AAPL,neutral,0.9385
791,NVDA,negative,0.5251
792,META,neutral,0.9070
793,NVDA,neutral,0.7750
794,NVDA,neutral,0.9224
795,NVDA,neutral,0.6871
796,NVDA,positive,0.9065
797,NVDA,neutral,0.8158
798,NVDA,negative,0.9593
799,NVDA,positive,0.9168
800,NVDA,neutral,0.8377
801,NVDA,neutral,0.9120
802,NVDA,neutral,0.9468
803,NVDA,negative,0.9488
804,NVDA,neutral,0.8869
805,NVDA,negative,0.7817
806,NVDA,neutral,0.9213
807,NVDA,neutral,0.9224
808,NVDA,positive,0.8729
809,INTC,neutral,0.8397
810,NVDA,neutral,0.7651
811,NVDA,neutral,0.8801
812,NVDA,positive,0.8880
813,AAPL,negative,0.9207
814,NVDA,positive,0.9418
815,NVDA,negative,0.8905
816,AMZN,neutral,0.9425
817,NVDA,neutral,0.7802
818,GME,neutral,0.9222
819,META,neutral,0.9275
820,NVDA,negative,0.9488
821,NVDA,neutral,0.9329
822,META,neutral,0.8696
823,INTC,neutral,0.9243
824,NVDA,neutral,0.9049
825,NVDA,neutral,0.6733
826,INTC,neutral,0.8886
827,NVDA,neutral,0.8680
828,NVDA,neutral,0.9341
829,NVDA,negative,0.9602
830,NVDA,positive,0.5501
831,NVDA,positive,0.5123
832,NVDA,neutral,0.8757
833,NVDA,positive,0.9228
834,NVDA,positive,0.9413
835,NVDA,neutral,0.5863
836,NVDA,neutral,0.6503
837,NVDA,neutral,0.5441
838,NVDA,positive,0.9061
839,NVDA,negative,0.8329
840,META,neutral,0.9028
841,NVDA,neutral,0.9344
842,TSLA,negative,0.6591
843,NVDA,positive,0.8814
844,INTC,neutral,0.8901
845,NVDA,neutral,0.8924
846,NVDA,negative,0.9514
847,NVDA,neutral,0.8379
848,NVDA,positive,0.8917
849,NVDA,neutral,0.9086
850,NVDA,neutral,0.8896
851,NVDA,negative,0.7298
852,NVDA,neutral,0.9525
853,NVDA,neutral,0.8503
854,NVDA,neutral,0.9086
855,NVDA,neutral,0.9249
856,NVDA,neutral,0.6413
857,NVDA,positive,0.8354
858,INTC,positive,0.8093
859,NVDA,neutral,0.7124
860,NVDA,positive,0.9115
861,NVDA,negative,0.5291
862,NVDA,neutral,0.6751
863,NVDA,neutral,0.6824
864,NVDA,neutral,0.6751
865,NVDA,neutral,0.8686
866,NVDA,neutral,0.9429
867,NVDA,neutral,0.9305
868,NVDA,negative,0.5552
869,NVDA,neutral,0.9420
870,NVDA,neutral,0.9107
871,TSLA,neutral,0.9295
872,NVDA,neutral,0.8092
873,NVDA,neutral,0.9332
874,NVDA,neutral,0.6516
875,NVDA,neutral,0.6492
876,NVDA,neutral,0.9000
877,NVDA,neutral,0.7461
878,NVDA,neutral,0.7461
879,NVDA,neutral,0.9371
880,NVDA,neutral,0.9503
881,NVDA,neutral,0.9526
882,TSLA,neutral,0.7974
883,TSLA,neutral,0.7917
884,NVDA,neutral,0.6610
885,NVDA,neutral,0.7897
886,INTC,neutral,0.9486
887,NVDA,negative,0.5196
888,NVDA,positive,0.7698
889,NVDA,positive,0.9102
890,NVDA,neutral,0.9207
891,NVDA,neutral,0.9125
892,NVDA,neutral,0.9308
893,NVDA,positive,0.5465
894,NVDA,positive,0.5185
895,NVDA,neutral,0.9414
896,NVDA,neutral,0.9230
897,NVDA,neutral,0.9279
898,NVDA,neutral,0.9360
899,INTC,neutral,0.6274
900,AMC,neutral,0.9189
901,TSLA,neutral,0.9364
902,AMC,neutral,0.9486
903,NFLX,neutral,0.9417
904,TSLA,neutral,0.9427
905,TSLA,neutral,0.5678
906,TSLA,positive,0.9344
907,TSLA,negative,0.8234
908,TSLA,negative,0.5508
909,AMZN,neutral,0.9265
910,AAPL,neutral,0.9484
911,GME,neutral,0.7964
912,GME,neutral,0.9482
913,CSCO,neutral,0.9382
914,GME,neutral,0.8147
915,AMZN,neutral,0.9414
916,GME,positive,0.6537
917,INTC,neutral,0.9506
918,IBM,neutral,0.9471
919,AAPL,neutral,0.9496
920,NFLX,neutral,0.9172
921,AAPL,neutral,0.9503
922,AAPL,neutral,0.9491
923,CSCO,neutral,0.9470
924,AMZN,neutral,0.9009
925,AAPL,neutral,0.9489
926,AAPL,neutral,0.9478
927,NVDA,neutral,0.9526
928,NFLX,neutral,0.5257
929,GOOGL,neutral,0.9492
930,META,neutral,0.9516
931,META,neutral,0.9216
932,GOOGL,neutral,0.9288
933,AAPL,negative,0.7853
934,AMZN,negative,0.7584
935,NFLX,neutral,0.7924
936,AMZN,positive,0.8955
937,NFLX,neutral,0.9325
938,GOOGL,neutral,0.9314
939,NFLX,neutral,0.9058
940,AAPL,negative,0.7480
941,AAPL,positive,0.6433
942,AAPL,positive,0.5120
943,AAPL,negative,0.9624
944,AAPL,negative,0.9502
945,AAPL,positive,0.8506
946,AAPL,negative,0.9390
947,NFLX,neutral,0.9172
948,AAPL,neutral,0.6076
949,NFLX,neutral,0.8394
950,AAPL,neutral,0.8052
951,INTC,neutral,0.8616
952,AAPL,negative,0.7045
953,NFLX,neutral,0.8952
954,GOOGL,positive,0.9166
955,GOOGL,negative,0.8898
956,AMC,neutral,0.9054
957,NFLX,neutral,0.9397
958,AMZN,neutral,0.9009
959,NFLX,positive,0.8464
960,AAPL,negative,0.7279
961,NFLX,neutral,0.9329
962,META,neutral,0.9194
963,AAPL,negative,0.6208
964,NFLX,neutral,0.5852
965,AAPL,neutral,0.8473
966,AAPL,neutral,0.8763
967,META,neutral,0.5667
968,AAPL,negative,0.9158
969,AAPL,negative,0.9324
970,AAPL,negative,0.9276
971,AAPL,negative,0.9534
972,AAPL,neutral,0.9064
973,AAPL,neutral,0.9405
974,META,neutral,0.9289
975,AAPL,positive,0.9478
976,GOOGL,neutral,0.9502
977,AAPL,negative,0.8684
978,AAPL,neutral,0.5225
979,AAPL,negative,0.9087
980,NFLX,neutral,0.8855
981,META,neutral,0.8031
982,AAPL,neutral,0.6668
983,META,neutral,0.9314
984,AAPL,negative,0.4996
985,AAPL,negative,0.4996
986,AAPL,neutral,0.8837
987,META,positive,0.6387
988,META,neutral,0.9023
989,MSFT,neutral,0.9174
990,NFLX,neutral,0.8958
991,NFLX,neutral,0.8577
992,AAPL,neutral,0.8926
993,NFLX,positive,0.5619
994,AAPL,neutral,0.8318
995,AAPL,negative,0.9262
996,AAPL,negative,0.6934
997,AAPL,neutral,0.8983
998,AAPL,neutral,0.8791
999,AAPL,neutral,0.8791
1000,NFLX,neutral,0.5740
1001,NFLX,positive,0.6125
1002,GME,neutral,0.9269
1003,AMZN,neutral,0.9475
1004,AMZN,neutral,0.9477
1005,AMZN,neutral,0.9260
1006,GOOGL,neutral,0.9504
1007,NFLX,neutral,0.7250
1008,AAPL,neutral,0.8309
1009,TSLA,neutral,0.7955
1010,AAPL,negative,0.8525
1011,AAPL,neutral,0.6631
1012,AAPL,neutral,0.8787
1013,AMZN,neutral,0.6711
1014,NFLX,neutral,0.9295
1015,META,neutral,0.6417
1016,AAPL,neutral,0.9452
1017,TSLA,neutral,0.8642
1018,CRM,negative,0.9573
1019,INTC,neutral,0.9222
1020,AMZN,positive,0.9254
1021,MSFT,neutral,0.9340
1022,TSLA,neutral,0.9220
1023,NVDA,neutral,0.8771
1024,META,neutral,0.8648
1025,META,neutral,0.9232
1026,MSFT,negative,0.6055
1027,TSLA,positive,0.6743
1028,AMZN,neutral,0.7071
1029,AMZN,neutral,0.9453
1030,AMZN,neutral,0.9227
1031,AMZN,negative,0.5675
1032,AMZN,neutral,0.9381
1033,AMZN,neutral,0.9107
1034,AMZN,neutral,0.9141
1035,AMC,neutral,0.8574
1036,GME,neutral,0.9149
1037,GOOGL,positive,0.5390
1038,AMZN,neutral,0.9145
1039,TSLA,neutral,0.8642
1040,TSLA,neutral,0.9368
1041,MSFT,neutral,0.9340
1042,AAPL,neutral,0.9526
1043,AAPL,neutral,0.9370
1044,AMZN,neutral,0.7283
1045,AMZN,neutral,0.9374
1046,META,neutral,0.9063
1047,AAPL,neutral,0.9478
1048,NVDA,positive,0.6421
1049,NVDA,positive,0.6557
1050,MSFT,neutral,0.9300
1051,AAPL,neutral,0.9533
1052,CSCO,neutral,0.6429
1053,AAPL,neutral,0.9528
1054,AAPL,neutral,0.9528
1055,AMC,neutral,0.9526
1056,AMC,neutral,0.9539
1057,AAPL,neutral,0.9515
1058,AAPL,neutral,0.9515
1059,AAPL,neutral,0.9522
1060,AAPL,neutral,0.9522
1061,CSCO,positive,0.8013
1062,CSCO,neutral,0.6964
1063,AAPL,neutral,0.9328
1064,AAPL,neutral,0.9521
1065,AAPL,neutral,0.9519
1066,AMC,neutral,0.9529
1067,AAPL,neutral,0.9502
1068,AAPL,neutral,0.9476
1069,AAPL,neutral,0.9476
1070,AMC,neutral,0.9524
1071,AMC,neutral,0.9526
1072,AMC,neutral,0.9513
1073,ADBE,neutral,0.9467
1074,TSLA,neutral,0.7450
1075,AMC,neutral,0.9527
1076,AMC,neutral,0.9534
1077,AMC,neutral,0.9540
1078,TSLA,positive,0.5343
1079,AMC,neutral,0.9530
1080,AMC,neutral,0.9535
1081,AAPL,neutral,0.9535
1082,AAPL,neutral,0.9525
1083,NFLX,neutral,0.8162
1084,AAPL,neutral,0.9525
1085,AMC,neutral,0.9535
1086,AAPL,neutral,0.9515
1087,GME,neutral,0.9522
1088,GME,neutral,0.9524
1089,AAPL,neutral,0.9519
1090,AAPL,neutral,0.9499
1091,TSLA,positive,0.7919
1092,CSCO,neutral,0.7161
1093,NFLX,neutral,0.8146
1094,TSLA,neutral,0.8642
1095,AMC,neutral,0.9309
1096,INTC,neutral,0.9471
1097,AAPL,neutral,0.9448
1098,GOOGL,neutral,0.5740
1099,GOOGL,neutral,0.6888
1100,GOOGL,neutral,0.9225
1101,GOOGL,neutral,0.9225
1102,GOOGL,negative,0.9637
1103,GOOGL,negative,0.9637
1104,GOOGL,neutral,0.9042
1105,GOOGL,positive,0.7409
1106,GOOGL,negative,0.8948
1107,META,neutral,0.8990
1108,CRM,neutral,0.9413
1109,META,neutral,0.9216
1110,AAPL,negative,0.4728
1111,AAPL,positive,0.6622
1112,AAPL,positive,0.4111
1113,IBM,neutral,0.9093
1114,GOOGL,negative,0.8742
1115,GOOGL,neutral,0.8822
1116,AMC,neutral,0.9486
1117,AMZN,neutral,0.8741
1118,AMZN,neutral,0.9338
1119,META,neutral,0.8990
1120,CRM,neutral,0.9413
1121,TSLA,neutral,0.8267
1122,TSLA,negative,0.8450
1123,IBM,neutral,0.9397
1124,AAPL,negative,0.4728
1125,AAPL,positive,0.4111
1126,AAPL,positive,0.6622
1127,GOOGL,neutral,0.5740
1128,GOOGL,negative,0.8742
1129,GOOGL,neutral,0.8822
1130,AAPL,neutral,0.9495
1131,AAPL,neutral,0.9469
1132,AAPL,neutral,0.9482
1133,CSCO,neutral,0.9480
1134,MSFT,neutral,0.9443
1135,AMC,neutral,0.9112
1136,NFLX,neutral,0.9237
1137,MSFT,neutral,0.8577
1138,AAPL,neutral,0.9214
1139,CRM,neutral,0.9339
1140,AMZN,neutral,0.9079
1141,CRM,neutral,0.9375
1142,CRM,neutral,0.9320
1143,TSLA,neutral,0.9292
1144,AMZN,neutral,0.8047
1145,META,neutral,0.9363
1146,TSLA,neutral,0.9375
1147,AAPL,neutral,0.9373
1148,AAPL,positive,0.9327
1149,AAPL,positive,0.8258
1150,META,neutral,0.9201
1151,AMZN,neutral,0.7270
1152,AMZN,neutral,0.8047
1153,INTC,negative,0.4375
1154,CRM,neutral,0.9534
1155,META,neutral,0.9524
1156,INTC,neutral,0.8764
1157,INTC,neutral,0.7955
1158,INTC,neutral,0.8775
1159,AMC,neutral,0.9527
1160,CRM,neutral,0.9488
1161,ADBE,positive,0.9016
1162,AAPL,neutral,0.8935
1163,CRM,neutral,0.9276
1164,AAPL,neutral,0.7490
1165,CRM,neutral,0.9477
1166,AMZN,neutral,0.8358
1167,AMZN,positive,0.9033
1168,AMZN,positive,0.8494
1169,AMZN,negative,0.8305
1170,AMZN,negative,0.7274
1171,AMZN,negative,0.7920
1172,NVDA,neutral,0.9291
1173,MSFT,neutral,0.9477
1174,IBM,neutral,0.9433
1175,MSFT,neutral,0.9340
1176,CSCO,neutral,0.9344
1177,AAPL,neutral,0.9515
1178,CRM,neutral,0.9276
1179,MSFT,positive,0.9489
1180,MSFT,positive,0.8936
1181,MSFT,neutral,0.9361
1182,NFLX,negative,0.9616
1183,MSFT,neutral,0.9477
1184,CRM,neutral,0.9426
1185,AAPL,neutral,0.9188
1186,AAPL,positive,0.7696
1187,AMC,neutral,0.8846
1188,AAPL,positive,0.5043
1189,AAPL,neutral,0.9502
1190,AMZN,neutral,0.7861
1191,AAPL,positive,0.5043
1192,NVDA,neutral,0.9341
1193,AMC,neutral,0.9512
1194,AAPL,neutral,0.9380
1195,AAPL,neutral,0.9482
1196,AAPL,neutral,0.9494
1197,GOOGL,negative,0.6195
1198,GOOGL,positive,0.5237
1199,AAPL,neutral,0.7409
1200,AAPL,neutral,0.9386
1201,AAPL,neutral,0.6857
1202,INTC,neutral,0.9479
1203,AAPL,neutral,0.8750
1204,AMC,neutral,0.9504
1205,GOOGL,negative,0.8742
1206,AAPL,neutral,0.9460
1207,AAPL,neutral,0.9490
1208,AAPL,neutral,0.7460
1209,CRM,neutral,0.9406
1210,AMZN,positive,0.7667
1211,AMZN,neutral,0.9355
1212,AMZN,neutral,0.9355
1213,AAPL,neutral,0.9367
1214,META,neutral,0.9194
1215,MSFT,neutral,0.9427
1216,CRM,neutral,0.8596
1217,INTC,neutral,0.9419
1218,META,neutral,0.6793
1219,AAPL,neutral,0.9351
1220,GOOGL,positive,0.6797
1221,AAPL,neutral,0.9089
1222,MSFT,positive,0.5373
1223,GME,positive,0.8786
1224,INTC,neutral,0.9352
1225,INTC,negative,0.4263
1226,CSCO,neutral,0.9327
1227,AMZN,neutral,0.9399
1228,TSLA,neutral,0.9225
1229,AMC,neutral,0.8355
1230,AMZN,neutral,0.9374
1231,TSLA,positive,0.8690
1232,TSLA,positive,0.5283
1233,GME,neutral,0.8944
1234,GME,neutral,0.8426
1235,AAPL,neutral,0.9461
1236,AAPL,neutral,0.9487
1237,AMC,neutral,0.9523
1238,MSFT,neutral,0.9499
1239,META,neutral,0.9246
1240,GOOGL,positive,0.7869
1241,ADBE,positive,0.7047
1242,NFLX,positive,0.6246
1243,META,neutral,0.9209
1244,AMZN,neutral,0.9440
1245,AMZN,positive,0.7972
1246,AMZN,positive,0.9517
1247,GOOGL,neutral,0.9412
1248,AMC,neutral,0.6893
1249,TSLA,neutral,0.8700
1250,AMC,neutral,0.9269
1251,CSCO,neutral,0.8467
1252,NFLX,negative,0.9616
1253,NFLX,negative,0.9616
1254,AMC,neutral,0.8117
1255,NFLX,neutral,0.5938
1256,NVDA,neutral,0.9385
1257,INTC,positive,0.6063
1258,AAPL,neutral,0.9515
1259,AAPL,neutral,0.9515
1260,AMZN,neutral,0.9102
1261,AMC,neutral,0.9504
1262,META,neutral,0.9362
1263,TSLA,neutral,0.8414
1264,AMC,neutral,0.9503
1265,TSLA,neutral,0.8348
1266,GME,neutral,0.9473
1267,ADBE,neutral,0.8877
1268,CRM,neutral,0.9481
1269,IBM,neutral,0.9189
1270,CRM,neutral,0.9459
1271,ORCL,neutral,0.9321
1272,AAPL,neutral,0.9398
1273,MSFT,neutral,0.9347
1274,CRM,neutral,0.9337
1275,MSFT,negative,0.9321
1276,GOOGL,positive,0.8976
1277,AMZN,neutral,0.7142
1278,AMZN,positive,0.6442
1279,AMZN,neutral,0.9083
1280,AMZN,negative,0.5339
1281,AMZN,neutral,0.3927
1282,AMZN,positive,0.7279
1283,AMZN,neutral,0.8290
1284,AMZN,neutral,0.9187
1285,AMZN,negative,0.9283
1286,GOOGL,negative,0.5098
1287,AMZN,neutral,0.9379
1288,AMZN,neutral,0.9409
1289,GME,neutral,0.9301
1290,TSLA,neutral,0.8481
1291,CRM,negative,0.9640
1292,META,neutral,0.9362
1293,TSLA,neutral,0.9341
1294,TSLA,neutral,0.9418
1295,AAPL,neutral,0.9515
1296,AAPL,neutral,0.9476
1297,AAPL,neutral,0.9476
1298,AAPL,neutral,0.9501
1299,NFLX,negative,0.8767
1300,TSLA,neutral,0.9528
1301,TSLA,neutral,0.9488
1302,AAPL,neutral,0.9524
1303,AMZN,neutral,0.9233
1304,AMZN,neutral,0.9427
1305,AAPL,neutral,0.9503
1306,AAPL,neutral,0.9515
1307,AAPL,neutral,0.9518
1308,AAPL,neutral,0.9500
1309,AMZN,neutral,0.6240
1310,AAPL,neutral,0.9220
1311,NVDA,positive,0.9342
1312,NVDA,neutral,0.9489
1313,NVDA,neutral,0.9327
1314,AAPL,neutral,0.9492
1315,MSFT,neutral,0.9486
1316,AMC,neutral,0.9534
1317,AAPL,neutral,0.9489
1318,NVDA,neutral,0.9517
1319,GOOGL,neutral,0.9348
1320,GOOGL,negative,0.9342
1321,AMZN,neutral,0.9259
1322,AAPL,negative,0.9223
1323,AAPL,neutral,0.9452
1324,AMC,neutral,0.9512
1325,AMC,neutral,0.9503
1326,AMC,neutral,0.9479
1327,GOOGL,neutral,0.6552
1328,AMC,neutral,0.9477
1329,AMC,neutral,0.9526
1330,AAPL,neutral,0.9503
1331,AMZN,neutral,0.9421
1332,AAPL,neutral,0.9503
1333,AMC,neutral,0.9525
1334,AMZN,positive,0.8998
1335,IBM,neutral,0.9304
1336,GME,neutral,0.9471
1337,AAPL,neutral,0.7460
1338,NFLX,neutral,0.9292
1339,AMZN,neutral,0.9153
1340,AMC,neutral,0.9469
1341,AMZN,positive,0.7911
1342,AMZN,neutral,0.9504
1343,AAPL,positive,0.5405
1344,AMC,neutral,0.9530
1345,AMC,neutral,0.9269
1346,TSLA,negative,0.4826
1347,NVDA,neutral,0.8601
1348,AAPL,neutral,0.9305
1349,META,neutral,0.8697
1350,IBM,neutral,0.7238
1351,NFLX,neutral,0.8577
1352,TSLA,negative,0.5002
1353,META,neutral,0.9200
1354,AMZN,neutral,0.8515
1355,AMZN,neutral,0.8923
1356,META,neutral,0.7474
1357,AMZN,neutral,0.7923
1358,ORCL,neutral,0.5331
1359,META,neutral,0.9199
1360,GME,neutral,0.9490
1361,AMZN,neutral,0.8888
1362,GME,neutral,0.9502
1363,AMZN,positive,0.9358
1364,AMZN,neutral,0.9229
1365,TSLA,neutral,0.8400
1366,NFLX,negative,0.7108
1367,TSLA,negative,0.5493
1368,NFLX,positive,0.5796
1369,NFLX,neutral,0.9512
1370,AMC,neutral,0.9513
1371,CSCO,neutral,0.8482
1372,AMZN,neutral,0.9240
1373,TSLA,neutral,0.8481
1374,GME,neutral,0.9526
1375,AMZN,negative,0.5591
1376,NFLX,neutral,0.9471
1377,ORCL,positive,0.9139
1378,AMZN,neutral,0.8852
1379,AMC,neutral,0.6479
1380,GME,positive,0.4847
1381,GME,positive,0.8104
1382,AMC,neutral,0.9057
1383,TSLA,neutral,0.9098
1384,AMC,neutral,0.7637
1385,NVDA,neutral,0.9182
1386,GME,neutral,0.6269
1387,GME,neutral,0.6126
1388,GME,negative,0.9660
1389,GME,positive,0.8786
1390,GME,negative,0.9622
1391,GME,negative,0.9635
1392,AMC,neutral,0.9511
1393,TSLA,neutral,0.8246
1394,CRM,neutral,0.9488
1395,IBM,neutral,0.9406
1396,MSFT,neutral,0.9525
1397,TSLA,positive,0.7737
1398,TSLA,positive,0.7737
1399,TSLA,negative,0.7583
1400,TSLA,positive,0.7843
1401,AAPL,neutral,0.9515
1402,AAPL,positive,0.5630
1403,MSFT,positive,0.5050
1404,AAPL,positive,0.9007
1405,AAPL,positive,0.7225
1406,MSFT,neutral,0.9508
1407,AAPL,positive,0.5163
1408,AAPL,neutral,0.9398
1409,AMZN,negative,0.9660
1410,AMZN,negative,0.9571
1411,AAPL,neutral,0.9372
1412,AMZN,negative,0.9692
1413,AMZN,negative,0.9671
1414,AMZN,negative,0.8819
1415,AMZN,negative,0.9646
1416,MSFT,neutral,0.9496
1417,INTC,positive,0.6862
1418,CRM,neutral,0.9488
1419,INTC,neutral,0.9504
1420,CRM,neutral,0.9406
1421,CRM,neutral,0.9503
1422,AAPL,positive,0.8717
1423,META,positive,0.8634
1424,META,negative,0.4587
1425,AAPL,positive,0.9361
1426,META,positive,0.8189
1427,CRM,neutral,0.9467
1428,AMC,neutral,0.9531
1429,MSFT,neutral,0.9483
1430,MSFT,neutral,0.9475
1431,AMZN,neutral,0.9409
1432,ORCL,neutral,0.9544
1433,CRM,neutral,0.9102
1434,TSLA,neutral,0.8481
1435,NVDA,negative,0.4852
1436,NVDA,neutral,0.9297
1437,TSLA,neutral,0.9496
1438,AMC,neutral,0.9350
1439,NFLX,neutral,0.8581
1440,GOOGL,neutral,0.7833
1441,GOOGL,neutral,0.8308
1442,META,neutral,0.9521
1443,TSLA,neutral,0.8927
1444,AAPL,neutral,0.9510
1445,AAPL,neutral,0.9486
1446,GME,negative,0.6046
1447,AMZN,neutral,0.9497
1448,TSLA,neutral,0.8631
1449,NVDA,neutral,0.9335
1450,GME,neutral,0.9308
1451,CSCO,neutral,0.9367
1452,TSLA,neutral,0.9509
1453,AAPL,neutral,0.9534
1454,CSCO,neutral,0.9239
1455,NVDA,positive,0.8931
1456,NVDA,positive,0.7619
1457,CRM,neutral,0.9477
1458,CSCO,neutral,0.9344
1459,AAPL,positive,0.8197
1460,AAPL,positive,0.5630
1461,AAPL,negative,0.9645
1462,NFLX,negative,0.9616
1463,CRM,neutral,0.9467
1464,AAPL,neutral,0.9437
1465,INTC,neutral,0.9449
1466,GOOGL,neutral,0.9489
1467,AMZN,negative,0.8819
1468,AAPL,neutral,0.9372
1469,AAPL,neutral,0.6857
1470,CRM,neutral,0.9427
1471,IBM,positive,0.8921
1472,IBM,positive,0.9392
1473,INTC,neutral,0.9400
1474,CRM,neutral,0.9448
1475,INTC,neutral,0.9502
1476,AAPL,negative,0.9712
1477,AAPL,negative,0.9712
1478,AAPL,negative,0.9401
1479,AAPL,neutral,0.9530
1480,CRM,neutral,0.9448
1481,INTC,positive,0.9263
1482,INTC,positive,0.9322
1483,CRM,neutral,0.9467
1484,MSFT,neutral,0.8549
1485,CRM,neutral,0.9467
1486,AAPL,neutral,0.9508
1487,AMZN,neutral,0.9409
1488,INTC,negative,0.9654
1489,INTC,neutral,0.9436
1490,TSLA,neutral,0.8642
1491,TSLA,neutral,0.8246
1492,CRM,neutral,0.9378
1493,ADBE,neutral,0.9211
1494,GME,negative,0.9558
1495,TSLA,negative,0.9325
1496,AAPL,neutral,0.9500
1497,CRM,neutral,0.9325
1498,ADBE,neutral,0.8891
1499,ORCL,neutral,0.9390
1500,NFLX,neutral,0.9230
1501,TSLA,neutral,0.8744
1502,AAPL,neutral,0.9515
1503,NVDA,neutral,0.9512
1504,ADBE,neutral,0.8410
1505,AMC,neutral,0.9336
1506,MSFT,neutral,0.9534
1507,CSCO,neutral,0.9522
1508,AAPL,neutral,0.9417
1509,TSLA,neutral,0.7925
1510,ADBE,neutral,0.9380
1511,TSLA,positive,0.8631
1512,TSLA,neutral,0.8910
1513,IBM,neutral,0.8925
1514,TSLA,neutral,0.9234
1515,TSLA,neutral,0.8495
1516,TSLA,neutral,0.9415
1517,CSCO,neutral,0.9403
1518,TSLA,negative,0.4542
1519,TSLA,neutral,0.8402
1520,GOOGL,neutral,0.7598
1521,GOOGL,neutral,0.9455
1522,TSLA,positive,0.9185
1523,AMZN,neutral,0.6628
1524,INTC,neutral,0.9471
1525,TSLA,neutral,0.9225
1526,TSLA,negative,0.7997
1527,AMZN,positive,0.9221
1528,META,neutral,0.9072
1529,INTC,neutral,0.8558
1530,AMZN,negative,0.9588
1531,AAPL,neutral,0.8574
1532,ADBE,neutral,0.9432
1533,ADBE,neutral,0.9245
1534,ADBE,neutral,0.8008
1535,AMZN,positive,0.7347
1536,TSLA,neutral,0.8750
1537,TSLA,neutral,0.8300
1538,GOOGL,negative,0.8742
1539,AMZN,positive,0.6827
1540,TSLA,positive,0.5820
1541,AMZN,neutral,0.7339
1542,AMZN,neutral,0.5521
1543,AMZN,neutral,0.9230
1544,AMZN,neutral,0.9199
1545,GOOGL,neutral,0.9455
1546,TSLA,neutral,0.8993
1547,GME,neutral,0.9329
1548,AMZN,positive,0.8628
1549,META,negative,0.4587
1550,TSLA,neutral,0.9074
1551,AMZN,neutral,0.9116
1552,CRM,neutral,0.9095
1553,TSLA,neutral,0.9176
1554,AMZN,neutral,0.8411
1555,TSLA,positive,0.7422
1556,AMZN,positive,0.9367
1557,META,neutral,0.9246
1558,TSLA,positive,0.9361
1559,AMZN,neutral,0.8286
1560,AMZN,positive,0.9402
1561,AMZN,neutral,0.8269
1562,TSLA,neutral,0.8642
1563,IBM,neutral,0.9242
1564,ORCL,negative,0.3757
1565,TSLA,neutral,0.8767
1566,TSLA,neutral,0.8642
1567,IBM,neutral,0.9333
1568,TSLA,positive,0.8274
1569,GOOGL,neutral,0.8176
1570,AAPL,neutral,0.9496
1571,GME,neutral,0.9329
1572,TSLA,neutral,0.9317
1573,IBM,neutral,0.9374
1574,GME,neutral,0.9185
1575,NVDA,neutral,0.9517
1576,CRM,neutral,0.8878
1577,AMZN,neutral,0.8945
1578,AMZN,neutral,0.9157
1579,AMZN,neutral,0.9146
1580,AMZN,neutral,0.9441
1581,GOOGL,neutral,0.9170
1582,NVDA,neutral,0.9359
1583,TSLA,neutral,0.9351
1584,CRM,neutral,0.9376
1585,CSCO,neutral,0.9462
1586,NVDA,positive,0.7619
1587,GME,neutral,0.9168
1588,TSLA,positive,0.7356
1589,TSLA,negative,0.9616
1590,MSFT,neutral,0.8386
1591,IBM,negative,0.4863
1592,TSLA,neutral,0.7328
1593,TSLA,positive,0.8008
1594,GOOGL,neutral,0.4909
1595,TSLA,positive,0.5488
1596,ADBE,neutral,0.9236
1597,CRM,neutral,0.9438
1598,GME,neutral,0.9332
1599,AAPL,neutral,0.8148
1600,CRM,neutral,0.9459
1601,IBM,positive,0.9392
1602,GME,negative,0.7639
1603,AAPL,negative,0.8054
1604,AAPL,neutral,0.9300
1605,AMC,neutral,0.9274
1606,TSLA,positive,0.8752
1607,TSLA,positive,0.7965
1608,TSLA,positive,0.4404
1609,MSFT,neutral,0.9496
1610,ADBE,neutral,0.8891
1611,MSFT,neutral,0.9413
1612,AAPL,neutral,0.9423
1613,MSFT,neutral,0.9434
1614,META,neutral,0.8746
1615,INTC,neutral,0.9504
1616,ADBE,neutral,0.8909
1617,AAPL,neutral,0.7859
1618,IBM,neutral,0.9409
1619,IBM,neutral,0.9433
1620,CSCO,neutral,0.9447
1621,ADBE,neutral,0.9393
1622,AAPL,neutral,0.7203
1623,AAPL,neutral,0.7203
1624,AAPL,neutral,0.9474
1625,AMZN,positive,0.4845
1626,AAPL,neutral,0.8926
1627,AAPL,neutral,0.9482
1628,INTC,neutral,0.9482
1629,TSLA,neutral,0.9286
1630,ADBE,neutral,0.9113
1631,ORCL,neutral,0.9335
1632,GME,neutral,0.7449
1633,AMZN,neutral,0.9409
1634,AAPL,neutral,0.9449
1635,INTC,neutral,0.9544
1636,CRM,neutral,0.9378
1637,ADBE,neutral,0.9320
1638,IBM,neutral,0.9405
1639,NFLX,positive,0.9019
1640,GME,neutral,0.9432
1641,AAPL,neutral,0.9477
1642,AAPL,neutral,0.9482
1643,AAPL,neutral,0.9479
1644,INTC,neutral,0.9471
1645,AAPL,neutral,0.9502
1646,AAPL,neutral,0.9496
1647,AMZN,neutral,0.6217
1648,AMZN,neutral,0.9464
1649,AAPL,neutral,0.9478
1650,TSLA,neutral,0.8246
1651,AAPL,neutral,0.9496
1652,AAPL,neutral,0.9440
1653,CRM,neutral,0.9369
1654,NVDA,positive,0.9384
1655,TSLA,positive,0.9354
1656,IBM,neutral,0.9511
1657,ADBE,neutral,0.7600
1658,NVDA,neutral,0.6751
1659,NVDA,neutral,0.6751
1660,CSCO,neutral,0.9209
1661,ADBE,neutral,0.8768
1662,ORCL,negative,0.9408
1663,IBM,neutral,0.8839
1664,ORCL,negative,0.9678
1665,ORCL,neutral,0.4148
1666,GME,neutral,0.9380
1667,ADBE,neutral,0.6739
1668,GOOGL,neutral,0.8156
1669,ADBE,neutral,0.8261
1670,ORCL,neutral,0.6941
1671,TSLA,neutral,0.8631
1672,AMC,neutral,0.9311
1673,TSLA,neutral,0.8132
1674,GME,negative,0.8366
1675,GOOGL,positive,0.6797
1676,AAPL,neutral,0.9505
1677,AAPL,neutral,0.9291
1678,TSLA,negative,0.9445
1679,META,neutral,0.8941
1680,META,positive,0.5216
1681,CRM,neutral,0.9168
1682,IBM,positive,0.8568
1683,META,positive,0.4658
1684,META,negative,0.4598
1685,TSLA,neutral,0.5611
1686,ADBE,neutral,0.8909
1687,INTC,neutral,0.9475
1688,TSLA,neutral,0.6436
1689,TSLA,neutral,0.8814
1690,TSLA,neutral,0.8793
1691,TSLA,neutral,0.7256
1692,TSLA,positive,0.7835
1693,NVDA,neutral,0.6107
1694,TSLA,positive,0.7575
1695,TSLA,neutral,0.7346
1696,TSLA,neutral,0.7476
1697,TSLA,neutral,0.6988
1698,TSLA,neutral,0.8356
1699,TSLA,neutral,0.9199
1700,TSLA,neutral,0.8719
1701,TSLA,neutral,0.9184
1702,TSLA,neutral,0.8621
1703,TSLA,neutral,0.8045
1704,TSLA,positive,0.9423
1705,TSLA,neutral,0.9189
1706,TSLA,neutral,0.9273
1707,TSLA,neutral,0.6343
1708,TSLA,neutral,0.8606
1709,AAPL,positive,0.7942
1710,TSLA,positive,0.8245
1711,TSLA,neutral,0.9155
1712,AAPL,positive,0.9314
1713,TSLA,neutral,0.9134
1714,GOOGL,neutral,0.9314
1715,AMC,negative,0.9424
1716,AAPL,neutral,0.9540
1717,NFLX,positive,0.5902
1718,AMZN,neutral,0.9088
1719,TSLA,neutral,0.7097
1720,TSLA,neutral,0.8481
1721,AAPL,neutral,0.9455
1722,AAPL,neutral,0.7232
1723,GOOGL,neutral,0.5371
1724,NFLX,neutral,0.8958
1725,GOOGL,neutral,0.9409
1726,GOOGL,neutral,0.5936
1727,GOOGL,negative,0.6832
1728,GME,neutral,0.8147
1729,NFLX,neutral,0.9155
1730,AAPL,neutral,0.9494
1731,CSCO,neutral,0.4120
1732,CRM,positive,0.5467
1733,TSLA,neutral,0.8360
1734,ORCL,neutral,0.9351
1735,IBM,neutral,0.9471
1736,AMZN,neutral,0.6714
1737,AMC,neutral,0.9455
1738,TSLA,neutral,0.8631
1739,TSLA,neutral,0.8246
1740,AMZN,neutral,0.9328
1741,ORCL,neutral,0.5266
1742,CRM,neutral,0.9168
1743,IBM,neutral,0.9296
1744,MSFT,neutral,0.9340
1745,ORCL,neutral,0.9360
1746,ORCL,neutral,0.5189
1747,AMC,neutral,0.9136
1748,ORCL,positive,0.9364
1749,ORCL,positive,0.8931
1750,ORCL,neutral,0.9305
1751,TSLA,neutral,0.8045
1752,NFLX,neutral,0.9362
1753,AAPL,neutral,0.9375
1754,ORCL,neutral,0.5817
1755,ORCL,negative,0.8908
1756,CRM,neutral,0.9348
1757,ADBE,neutral,0.8677
1758,CRM,neutral,0.8455
1759,AAPL,neutral,0.9336
1760,GOOGL,positive,0.5566
1761,AAPL,neutral,0.9466
1762,MSFT,neutral,0.9447
1763,AMC,neutral,0.7756
1764,TSLA,neutral,0.9454
1765,TSLA,neutral,0.8642
1766,AAPL,neutral,0.9519
1767,AAPL,neutral,0.9409
1768,AAPL,neutral,0.9457
1769,AAPL,neutral,0.9509
1770,GME,neutral,0.9332
1771,GOOGL,neutral,0.7767
1772,AMC,neutral,0.9462
1773,AAPL,neutral,0.9449
1774,AMC,neutral,0.7631
1775,AMC,neutral,0.8383
1776,AMC,positive,0.7878
1777,AMC,positive,0.5129
1778,AMC,neutral,0.8203
1779,AAPL,neutral,0.9492
1780,AAPL,neutral,0.9445
1781,AAPL,neutral,0.9490
1782,AMC,neutral,0.9491
1783,AAPL,neutral,0.9482
1784,AMC,neutral,0.9469
1785,AMC,neutral,0.9464
1786,INTC,neutral,0.9442
1787,AAPL,neutral,0.9476
1788,AAPL,neutral,0.9500
1789,AMC,neutral,0.9462
1790,AMC,neutral,0.9515
1791,MSFT,neutral,0.9537
1792,MSFT,neutral,0.9536
1793,TSLA,neutral,0.6189
1794,NVDA,neutral,0.9158
1795,ORCL,neutral,0.9508
1796,NVDA,neutral,0.8680
1797,TSLA,neutral,0.8550
1798,NFLX,negative,0.9714
1799,GOOGL,neutral,0.8264
1800,GME,neutral,0.8438
1801,GOOGL,negative,0.6832
1802,META,neutral,0.9359
1803,META,neutral,0.7474
1804,META,neutral,0.9127
1805,META,neutral,0.6193
1806,META,neutral,0.6070
1807,META,neutral,0.9399
1808,META,neutral,0.8708
1809,META,neutral,0.9242
1810,AMC,neutral,0.8950
1811,AMZN,neutral,0.8894
1812,GOOGL,neutral,0.8702
1813,MSFT,neutral,0.4958
1814,MSFT,neutral,0.7445
1815,META,neutral,0.5800
1816,META,negative,0.7839
1817,GME,positive,0.7730
1818,GME,neutral,0.9149
1819,AAPL,neutral,0.9482
1820,META,neutral,0.6091
1821,AAPL,neutral,0.5214
1822,META,neutral,0.9206
1823,META,neutral,0.8069
1824,TSLA,neutral,0.9418
1825,META,neutral,0.9362
1826,TSLA,neutral,0.9341
1827,AMC,neutral,0.9493
1828,GOOGL,neutral,0.9488
1829,AMC,neutral,0.9136
1830,TSLA,neutral,0.7356
1831,NVDA,negative,0.5781
1832,TSLA,negative,0.4916
1833,AMZN,neutral,0.5274
1834,TSLA,negative,0.5035
1835,TSLA,negative,0.8435
1836,TSLA,neutral,0.7372
1837,GME,positive,0.7730
1838,IBM,neutral,0.8777
1839,INTC,neutral,0.6737
1840,ORCL,neutral,0.9369
1841,AAPL,neutral,0.9375
1842,TSLA,neutral,0.8981
1843,AAPL,neutral,0.7355
1844,ADBE,neutral,0.9341
1845,TSLA,neutral,0.9501
1846,TSLA,neutral,0.9508
1847,AMZN,negative,0.9571
1848,AMZN,negative,0.9660
1849,AMZN,negative,0.9692
1850,AMZN,negative,0.9650
1851,MSFT,positive,0.6804
1852,ADBE,negative,0.3749
1853,AMC,neutral,0.8997
1854,TSLA,neutral,0.9516
1855,CRM,positive,0.6505
1856,CSCO,neutral,0.9478
1857,AAPL,neutral,0.9401
1858,INTC,neutral,0.9383
1859,AAPL,neutral,0.9464
1860,META,neutral,0.9470
1861,IBM,neutral,0.9505
1862,AAPL,neutral,0.9483
1863,AAPL,neutral,0.9457
1864,AAPL,neutral,0.9467
1865,GME,neutral,0.9497
1866,AAPL,neutral,0.9478
1867,GOOGL,neutral,0.9514
1868,GOOGL,neutral,0.9506
1869,AAPL,neutral,0.9523
1870,ADBE,neutral,0.9194
1871,IBM,neutral,0.9374
1872,NVDA,neutral,0.9524
1873,NVDA,neutral,0.9512
1874,INTC,neutral,0.9496
1875,TSLA,neutral,0.6160
1876,AAPL,neutral,0.9500
1877,CRM,positive,0.7485
1878,AAPL,neutral,0.9500
1879,GME,neutral,0.7196
1880,AMC,neutral,0.9514
1881,ADBE,neutral,0.9236
1882,MSFT,negative,0.6317
1883,IBM,neutral,0.9531
1884,IBM,neutral,0.9506
1885,MSFT,negative,0.9084
1886,MSFT,negative,0.9084
1887,MSFT,negative,0.8185
1888,MSFT,neutral,0.9156
1889,MSFT,negative,0.9553
1890,MSFT,negative,0.9045
1891,MSFT,neutral,0.8657
1892,MSFT,neutral,0.5155
1893,MSFT,neutral,0.7589
1894,MSFT,negative,0.8084
1895,MSFT,neutral,0.8330
1896,MSFT,neutral,0.5615
1897,MSFT,neutral,0.6473
1898,MSFT,neutral,0.9303
1899,MSFT,neutral,0.9303
1900,MSFT,neutral,0.8612
1901,MSFT,neutral,0.9125
1902,AAPL,positive,0.6408
1903,INTC,neutral,0.9373
1904,AAPL,neutral,0.9301
1905,AAPL,neutral,0.9474
1906,TSLA,neutral,0.9481
1907,AAPL,neutral,0.9012
1908,AAPL,neutral,0.9175
1909,AAPL,neutral,0.9140
1910,ADBE,neutral,0.8963
1911,AMZN,neutral,0.9374
1912,AAPL,positive,0.9468
1913,NVDA,negative,0.8667
1914,INTC,neutral,0.9017
1915,ORCL,positive,0.8249
1916,INTC,neutral,0.4841
1917,GME,neutral,0.6916
1918,AAPL,positive,0.5716
1919,META,neutral,0.9219
1920,AAPL,positive,0.8779
1921,AAPL,neutral,0.9532
1922,AAPL,neutral,0.9485
1923,AMC,neutral,0.9524
1924,AMC,neutral,0.9505
1925,AMC,neutral,0.9529
1926,AAPL,neutral,0.9505
1927,NFLX,neutral,0.9435
1928,AMZN,neutral,0.9360
1929,META,neutral,0.9371
1930,AMZN,positive,0.9221
1931,META,neutral,0.9303
1932,AMZN,negative,0.9588
1933,META,neutral,0.7868
1934,META,neutral,0.4896
1935,META,negative,0.7218
1936,TSLA,neutral,0.8892
1937,GOOGL,neutral,0.5882
1938,TSLA,positive,0.7788
1939,ADBE,neutral,0.9432
1940,AMZN,negative,0.9474
1941,AMZN,positive,0.7347
1942,TSLA,neutral,0.6436
1943,TSLA,neutral,0.9208
1944,TSLA,neutral,0.9184
1945,TSLA,neutral,0.8750
1946,TSLA,neutral,0.8300
1947,AMZN,positive,0.6827
1948,TSLA,positive,0.5820
1949,AMZN,neutral,0.5521
1950,AMZN,neutral,0.9199
1951,TSLA,neutral,0.9234
1952,TSLA,neutral,0.8993
1953,TSLA,negative,0.9656
1954,TSLA,negative,0.9646
1955,GOOGL,positive,0.8269
1956,AMZN,positive,0.8628
1957,AMZN,neutral,0.8279
1958,TSLA,neutral,0.6047
1959,AMZN,neutral,0.9116
1960,TSLA,neutral,0.9176
1961,TSLA,neutral,0.6897
1962,GME,neutral,0.9250
1963,AMZN,neutral,0.8411
1964,AMZN,neutral,0.7669
1965,AMZN,positive,0.7772
1966,AMZN,positive,0.9307
1967,AMZN,positive,0.9185
1968,AMZN,neutral,0.4869
1969,AMZN,positive,0.9269
1970,AMZN,positive,0.9269
1971,AMZN,positive,0.9385
1972,AMZN,positive,0.9358
1973,GME,neutral,0.9317
1974,AMZN,neutral,0.8818
1975,AMZN,positive,0.9402
1976,AMZN,neutral,0.8269
1977,AAPL,neutral,0.9503
1978,MSFT,negative,0.5686
1979,GME,neutral,0.8274
1980,TSLA,neutral,0.8700
1981,META,positive,0.5318
1982,MSFT,neutral,0.9510
1983,ORCL,neutral,0.5817
1984,AAPL,negative,0.8985
1985,AMZN,negative,0.8548
1986,MSFT,neutral,0.9469
1987,CSCO,neutral,0.9239
1988,CRM,negative,0.7869
1989,IBM,neutral,0.8196
1990,CSCO,neutral,0.9484
1991,IBM,neutral,0.9433
1992,GOOGL,neutral,0.5882
1993,GOOGL,neutral,0.6462
1994,NFLX,neutral,0.9379
1995,TSLA,positive,0.8015
1996,AMC,neutral,0.9530
1997,MSFT,neutral,0.9510
1998,MSFT,neutral,0.9235
1999,AMZN,negative,0.9391
2000,INTC,neutral,0.9402
2001,ORCL,neutral,0.4122
2002,AAPL,neutral,0.9398
2003,MSFT,neutral,0.9469
2004,INTC,neutral,0.9502
2005,AAPL,neutral,0.9398
2006,META,neutral,0.8832
2007,CRM,neutral,0.9361
2008,MSFT,neutral,0.9527
2009,GME,neutral,0.9293
2010,CRM,neutral,0.9462
2011,AMZN,negative,0.8970
2012,AMZN,neutral,0.9139
2013,AMZN,neutral,0.9414
2014,AAPL,neutral,0.9398
2015,AMZN,neutral,0.9189
2016,AMZN,neutral,0.9189
2017,CSCO,neutral,0.9154
2018,AAPL,neutral,0.5374
2019,CRM,neutral,0.9462
2020,AMZN,neutral,0.9319
2021,IBM,neutral,0.9433
2022,CSCO,neutral,0.9450
2023,MSFT,neutral,0.9482
2024,TSLA,neutral,0.9029
2025,AMZN,neutral,0.8151
2026,AAPL,neutral,0.9508
2027,AMZN,neutral,0.9409
2028,GME,negative,0.9670
2029,MSFT,negative,0.9639
2030,GME,negative,0.9479
2031,GOOGL,positive,0.5390
2032,CRM,neutral,0.9462
2033,META,neutral,0.9210
2034,NVDA,neutral,0.9158
2035,AMZN,negative,0.4693
2036,AMZN,neutral,0.9446
2037,NFLX,neutral,0.9423
2038,TSLA,neutral,0.7591
2039,AMZN,negative,0.8548
2040,AMZN,neutral,0.9427
2041,GME,negative,0.6587
2042,AMZN,positive,0.9221
2043,META,neutral,0.9350
2044,GOOGL,neutral,0.8513
2045,TSLA,negative,0.8974
2046,GOOGL,neutral,0.8513
2047,TSLA,negative,0.8974
2048,ORCL,positive,0.4887
2049,AMZN,negative,0.7802
2050,AMZN,positive,0.9040
2051,NVDA,positive,0.9449
2052,TSLA,positive,0.9313
2053,TSLA,positive,0.9288
2054,TSLA,positive,0.9319
2055,NVDA,neutral,0.9327
2056,INTC,neutral,0.9012
2057,AMZN,negative,0.9588
2058,AMZN,neutral,0.8978
2059,AMZN,neutral,0.9050
2060,AMZN,positive,0.9239
2061,AMZN,negative,0.9602
2062,GOOGL,neutral,0.5882
2063,NFLX,neutral,0.9154
2064,NFLX,neutral,0.9104
2065,AMZN,neutral,0.6093
2066,AMZN,neutral,0.6093
2067,NFLX,positive,0.5391
2068,NFLX,neutral,0.9355
2069,NFLX,neutral,0.9518
2070,AMC,neutral,0.8633
2071,AMZN,neutral,0.5728
2072,AMZN,neutral,0.8570
2073,TSLA,positive,0.8015
2074,NFLX,neutral,0.8866
2075,AMC,neutral,0.9067
2076,AMZN,neutral,0.9104
2077,AMZN,positive,0.5949
2078,AMZN,neutral,0.8955
2079,GME,negative,0.9055
2080,AAPL,neutral,0.9214
2081,AMZN,neutral,0.9380
2082,AMZN,negative,0.9391
2083,AMZN,positive,0.9360
2084,AMZN,positive,0.6974
2085,AMZN,neutral,0.8852
2086,AMZN,neutral,0.8852
2087,AMZN,positive,0.7347
2088,AMZN,neutral,0.8415
2089,GME,neutral,0.9020
2090,AMZN,neutral,0.9271
2091,NVDA,neutral,0.9282
2092,AMZN,neutral,0.8475
2093,AMZN,neutral,0.8576
2094,AMZN,negative,0.8302
2095,AMZN,neutral,0.5768
2096,CRM,positive,0.6807
2097,AMZN,negative,0.5417
2098,TSLA,neutral,0.9200
2099,AMZN,neutral,0.5073
2100,AMZN,negative,0.6740
2101,AMZN,negative,0.8249
2102,AMZN,negative,0.5824
2103,GME,neutral,0.7852
2104,AMZN,neutral,0.8059
2105,AMZN,neutral,0.8059
2106,AMZN,neutral,0.8582
2107,AMZN,neutral,0.8889
2108,AMZN,neutral,0.4509
2109,AMZN,negative,0.8774
2110,AMZN,negative,0.8774
2111,ORCL,neutral,0.9070
2112,INTC,neutral,0.9514
2113,AAPL,neutral,0.9460
2114,AMZN,positive,0.4845
2115,AMZN,positive,0.8995
2116,AMZN,neutral,0.9260
2117,AMZN,neutral,0.9184
2118,AMZN,negative,0.9427
2119,AMZN,negative,0.7706
2120,AMZN,positive,0.7829
2121,AMZN,neutral,0.6779
2122,AMZN,negative,0.4776
2123,AMZN,neutral,0.8592
2124,AMZN,neutral,0.8436
2125,AMZN,neutral,0.8749
2126,AMZN,neutral,0.8749
2127,AMZN,neutral,0.9222
2128,AMZN,negative,0.9459
2129,AMZN,negative,0.8606
2130,GME,neutral,0.7899
2131,AMZN,neutral,0.7236
2132,AMZN,neutral,0.9414
2133,AMZN,negative,0.8784
2134,AMZN,neutral,0.9139
2135,TSLA,negative,0.6820
2136,AMZN,neutral,0.9153
2137,AMZN,positive,0.7911
2138,AMZN,neutral,0.9453
2139,AMZN,neutral,0.9323
2140,CSCO,neutral,0.9443
2141,AMZN,neutral,0.9344
2142,AMZN,neutral,0.9199
2143,CRM,neutral,0.9448
2144,AMC,neutral,0.9522
2145,AMZN,neutral,0.7270
2146,CSCO,neutral,0.9425
2147,AMZN,neutral,0.9280
2148,TSLA,neutral,0.8993
2149,CSCO,positive,0.7833
2150,AMZN,neutral,0.7362
2151,AMZN,positive,0.9250
2152,AMZN,positive,0.9171
2153,AMZN,neutral,0.9133
2154,AAPL,neutral,0.9289
2155,GME,negative,0.5073
2156,AMZN,neutral,0.5111
2157,AMZN,negative,0.6154
2158,AMZN,negative,0.8511
2159,AMZN,neutral,0.7980
2160,AMZN,positive,0.7572
2161,GME,neutral,0.9464
2162,TSLA,neutral,0.8835
2163,AMZN,neutral,0.8649
2164,AMZN,neutral,0.8649
2165,AMZN,neutral,0.6581
2166,GME,neutral,0.8651
2167,AMZN,neutral,0.6581
2168,GME,positive,0.9288
2169,GME,positive,0.9267
2170,GME,positive,0.9265
2171,AMZN,neutral,0.9212
2172,GME,negative,0.9524
2173,AMZN,negative,0.7583
2174,GME,positive,0.9319
2175,GME,negative,0.9741
2176,GME,neutral,0.9074
2177,GME,neutral,0.9074
2178,AMZN,neutral,0.9006
2179,AMZN,neutral,0.8155
2180,AMZN,positive,0.4845
2181,AMZN,neutral,0.9317
2182,AMZN,positive,0.5170
2183,AMZN,neutral,0.8123
2184,AMZN,neutral,0.8141
2185,AMZN,neutral,0.7986
2186,META,neutral,0.9135
2187,AMZN,neutral,0.7164
2188,META,negative,0.7777
2189,GME,neutral,0.8900
2190,AMZN,positive,0.5220
2191,AMZN,neutral,0.7404
2192,AMZN,neutral,0.7404
2193,ORCL,neutral,0.5331
2194,AAPL,neutral,0.9519
2195,AMZN,negative,0.7691
2196,ORCL,negative,0.5852
2197,CSCO,neutral,0.9477
2198,ORCL,neutral,0.7860
2199,ORCL,neutral,0.7860
2200,MSFT,negative,0.8201
2201,AMZN,negative,0.8772
2202,GME,neutral,0.7212
2203,GME,negative,0.5605
2204,GME,neutral,0.9214
2205,AMZN,positive,0.6539
2206,AMZN,positive,0.6539
2207,AMZN,neutral,0.9409
2208,AMZN,neutral,0.7913
2209,GME,neutral,0.8209
2210,AMZN,neutral,0.7333
2211,AMZN,neutral,0.7160
2212,INTC,neutral,0.9253
2213,CSCO,neutral,0.9480
2214,AMZN,neutral,0.6132
2215,AMZN,neutral,0.6132
2216,AMZN,neutral,0.8777
2217,AMZN,neutral,0.7270
2218,AMZN,negative,0.5591
2219,AAPL,positive,0.9243
2220,META,neutral,0.9210
2221,AMZN,neutral,0.8286
2222,AMZN,neutral,0.8269
2223,INTC,neutral,0.9400
2224,ORCL,neutral,0.5266
2225,ADBE,neutral,0.9506
2226,CSCO,positive,0.7349
2227,ORCL,neutral,0.9476
2228,CRM,neutral,0.9276
2229,INTC,neutral,0.9499
2230,MSFT,neutral,0.9529
2231,META,neutral,0.9485
2232,NVDA,neutral,0.9504
2233,IBM,neutral,0.9296
2234,CRM,neutral,0.9276
2235,IBM,neutral,0.9516
2236,AAPL,negative,0.6256
2237,IBM,neutral,0.9511
2238,INTC,neutral,0.9343
2239,INTC,neutral,0.6907
2240,AMZN,neutral,0.9515
2241,IBM,neutral,0.9504
2242,INTC,neutral,0.9343
2243,ADBE,neutral,0.9446
2244,MSFT,neutral,0.9520
2245,CSCO,neutral,0.9514
2246,INTC,neutral,0.9514
2247,IBM,neutral,0.9516
2248,IBM,neutral,0.9514
2249,AAPL,neutral,0.9501
2250,ORCL,positive,0.8931
2251,AMZN,neutral,0.9501
2252,IBM,neutral,0.9519
2253,AAPL,neutral,0.9487
2254,ORCL,neutral,0.9486
2255,CSCO,neutral,0.9518
2256,META,neutral,0.9513
2257,CRM,neutral,0.9511
2258,CSCO,neutral,0.9518
2259,INTC,neutral,0.9531
2260,IBM,neutral,0.9343
2261,GOOGL,neutral,0.9502
2262,AAPL,neutral,0.9506
2263,INTC,neutral,0.9510
2264,IBM,neutral,0.9493
2265,INTC,neutral,0.9516
2266,AAPL,neutral,0.9507
2267,AAPL,neutral,0.9487
2268,CSCO,neutral,0.9317
2269,ORCL,neutral,0.9505
2270,GOOGL,neutral,0.9510
2271,AAPL,neutral,0.9513
2272,GOOGL,neutral,0.9504
2273,CRM,neutral,0.6952
2274,MSFT,neutral,0.9477
2275,INTC,neutral,0.9518
2276,INTC,neutral,0.9521
2277,AMZN,neutral,0.8486
2278,AAPL,neutral,0.9351
2279,AAPL,neutral,0.9351
2280,MSFT,neutral,0.9386
2281,AMC,positive,0.7462
2282,MSFT,negative,0.5896
2283,MSFT,neutral,0.9272
2284,AMZN,neutral,0.5947
2285,AMZN,negative,0.9332
2286,NVDA,neutral,0.8158
2287,AAPL,neutral,0.9526
2288,AMC,neutral,0.9512
2289,TSLA,neutral,0.9326
2290,META,neutral,0.7787
2291,CSCO,neutral,0.9209
2292,CRM,neutral,0.9534
2293,CRM,neutral,0.9523
2294,CRM,negative,0.6295
2295,CRM,neutral,0.8350
2296,AAPL,neutral,0.9390
2297,CSCO,positive,0.5549
2298,AAPL,neutral,0.8698
2299,CRM,positive,0.7023
2300,MSFT,neutral,0.7203
2301,GOOGL,positive,0.5526
2302,CSCO,neutral,0.9124
2303,META,positive,0.6387
2304,CSCO,positive,0.5375
2305,NVDA,neutral,0.9273
2306,CRM,neutral,0.9348
2307,META,neutral,0.8367
2308,MSFT,neutral,0.9296
2309,META,neutral,0.8563
2310,META,neutral,0.7583
2311,TSLA,neutral,0.8717
2312,NFLX,negative,0.9318
2313,ORCL,positive,0.7034
2314,META,neutral,0.8367
2315,AAPL,neutral,0.7463
2316,TSLA,neutral,0.6335
2317,MSFT,neutral,0.6648
2318,NVDA,neutral,0.9417
2319,NFLX,neutral,0.8920
2320,NFLX,neutral,0.6777
2321,CSCO,neutral,0.9522
2322,IBM,neutral,0.9331
2323,TSLA,positive,0.8534
2324,GME,neutral,0.9212
2325,GME,neutral,0.9293
2326,AMC,negative,0.8569
2327,TSLA,neutral,0.8981
2328,INTC,neutral,0.9522
2329,CRM,neutral,0.9369
2330,AAPL,neutral,0.9214
2331,NVDA,neutral,0.9333
2332,CSCO,positive,0.5375
2333,IBM,neutral,0.9333
2334,AMC,neutral,0.9394
2335,NVDA,neutral,0.9335
2336,NVDA,neutral,0.9341
2337,CSCO,neutral,0.9367
2338,AAPL,neutral,0.9479
2339,META,neutral,0.9483
2340,ADBE,neutral,0.9237
2341,ADBE,neutral,0.9299
2342,AAPL,neutral,0.9484
2343,MSFT,negative,0.6817
2344,AAPL,positive,0.7769
2345,AAPL,positive,0.7769
2346,MSFT,positive,0.5050
2347,AAPL,positive,0.5630
2348,AAPL,positive,0.8197
2349,NVDA,neutral,0.8858
2350,GOOGL,neutral,0.9123
2351,AAPL,neutral,0.9481
2352,AMC,neutral,0.9244
2353,NFLX,negative,0.4670
2354,CRM,positive,0.5467
2355,CRM,negative,0.5359
2356,AAPL,negative,0.9712
2357,AAPL,negative,0.9712
2358,AAPL,negative,0.9401
2359,AMZN,neutral,0.9260
2360,META,neutral,0.8291
2361,MSFT,neutral,0.7594
2362,META,neutral,0.9007
2363,ADBE,neutral,0.9211
2364,META,positive,0.8058
2365,META,neutral,0.9090
2366,META,neutral,0.9343
2367,META,neutral,0.8585
2368,META,neutral,0.9104
2369,ORCL,neutral,0.9469
2370,MSFT,neutral,0.9211
2371,AAPL,neutral,0.6682
2372,AMZN,neutral,0.9079
2373,CRM,neutral,0.9320
2374,INTC,neutral,0.9403
2375,MSFT,neutral,0.9249
2376,CRM,neutral,0.9365
2377,ORCL,neutral,0.6670
2378,ADBE,neutral,0.8358
2379,ADBE,neutral,0.9044
2380,AMZN,negative,0.9015
2381,AAPL,neutral,0.9501
2382,GOOGL,neutral,0.5054
2383,AAPL,neutral,0.9533
2384,CSCO,neutral,0.8656
2385,META,neutral,0.7163
2386,ADBE,positive,0.7775
2387,MSFT,positive,0.6855
2388,CSCO,neutral,0.9403
2389,META,neutral,0.7062
2390,INTC,neutral,0.9453
2391,NVDA,neutral,0.7124
2392,NVDA,positive,0.9371
2393,INTC,positive,0.9302
2394,INTC,neutral,0.5321
2395,NVDA,neutral,0.6402
2396,INTC,neutral,0.9369
2397,INTC,neutral,0.9169
2398,INTC,positive,0.6923
2399,INTC,negative,0.4375
2400,INTC,positive,0.9066
2401,NVDA,negative,0.9588
2402,INTC,neutral,0.9244
2403,INTC,negative,0.8755
2404,META,neutral,0.8095
2405,NVDA,positive,0.8931
2406,NVDA,positive,0.7619
2407,NVDA,negative,0.8309
2408,TSLA,neutral,0.5162
2409,AAPL,positive,0.6251
2410,AAPL,negative,0.9599
2411,AMZN,positive,0.7326
2412,AMZN,positive,0.7326
2413,INTC,neutral,0.9241
2414,NVDA,neutral,0.6175
2415,NVDA,neutral,0.7195
2416,NVDA,neutral,0.7452
2417,INTC,neutral,0.9053
2418,INTC,neutral,0.9261
2419,NVDA,neutral,0.9272
2420,AAPL,neutral,0.8725
2421,META,neutral,0.6431
2422,META,neutral,0.5963
2423,NVDA,positive,0.6625
2424,INTC,negative,0.6666
2425,INTC,neutral,0.9321
2426,GME,neutral,0.9356
2427,INTC,neutral,0.8855
2428,NVDA,neutral,0.9312
2429,INTC,neutral,0.6227
2430,NVDA,positive,0.9453
2431,INTC,neutral,0.7995
2432,INTC,neutral,0.8209
2433,NVDA,positive,0.9384
2434,MSFT,neutral,0.9361
2435,NVDA,neutral,0.6525
2436,INTC,neutral,0.9175
2437,AAPL,positive,0.4498
2438,AAPL,neutral,0.9381
2439,INTC,negative,0.8542
2440,INTC,positive,0.8545
2441,NFLX,neutral,0.9409
2442,INTC,positive,0.7356
2443,INTC,neutral,0.9291
2444,NVDA,neutral,0.9387
2445,INTC,neutral,0.8831
2446,NVDA,neutral,0.9332
2447,INTC,neutral,0.7719
2448,NVDA,positive,0.8206
2449,INTC,positive,0.9507
2450,NVDA,neutral,0.7246
2451,NVDA,neutral,0.6871
2452,NVDA,positive,0.9065
2453,NVDA,negative,0.8459
2454,NVDA,negative,0.5781
2455,NVDA,neutral,0.9213
2456,INTC,neutral,0.8397
2457,GOOGL,neutral,0.9259
2458,INTC,neutral,0.7098
2459,INTC,neutral,0.9243
2460,INTC,neutral,0.9075
2461,INTC,neutral,0.6072
2462,NVDA,neutral,0.9049
2463,INTC,neutral,0.8886
2464,NVDA,neutral,0.5863
2465,INTC,neutral,0.9182
2466,INTC,neutral,0.8819
2467,NVDA,neutral,0.9344
2468,CRM,neutral,0.9169
2469,INTC,neutral,0.8901
2470,NVDA,neutral,0.8379
2471,NVDA,neutral,0.9249
2472,NVDA,neutral,0.8896
2473,NVDA,negative,0.5291
2474,INTC,positive,0.8093
2475,NVDA,neutral,0.7124
2476,INTC,neutral,0.7582
2477,NVDA,neutral,0.6751
2478,NVDA,neutral,0.8686
2479,NVDA,neutral,0.6751
2480,NVDA,neutral,0.9371
2481,INTC,neutral,0.9384
2482,INTC,neutral,0.9486
2483,AAPL,neutral,0.9496
2484,INTC,neutral,0.9149
2485,INTC,neutral,0.6274
2486,NVDA,neutral,0.9295
2487,NVDA,neutral,0.9132
2488,NVDA,neutral,0.8637
2489,NVDA,neutral,0.9430
2490,NVDA,neutral,0.8882
2491,AMC,neutral,0.9493
2492,INTC,negative,0.8754
2493,IBM,neutral,0.8529
2494,INTC,neutral,0.9339
2495,NVDA,negative,0.9574
2496,INTC,neutral,0.8948
2497,NVDA,negative,0.5304
2498,TSLA,neutral,0.9416
2499,NVDA,neutral,0.9029
2500,INTC,neutral,0.8787
2501,AAPL,neutral,0.7960
2502,AAPL,neutral,0.9457
2503,ORCL,neutral,0.9282
2504,AAPL,neutral,0.9386
2505,NVDA,positive,0.8717
2506,NVDA,positive,0.8717
2507,INTC,positive,0.7559
2508,INTC,neutral,0.9050
2509,AAPL,neutral,0.9397
2510,INTC,neutral,0.6905
2511,INTC,negative,0.8669
2512,INTC,negative,0.8669
2513,INTC,negative,0.9586
2514,INTC,negative,0.9586
2515,NVDA,positive,0.8888
2516,NVDA,neutral,0.9370
2517,INTC,neutral,0.7978
2518,NVDA,negative,0.8692
2519,INTC,neutral,0.9538
2520,INTC,neutral,0.7424
2521,NVDA,neutral,0.7124
2522,NVDA,neutral,0.8802
2523,NVDA,negative,0.9565
2524,NVDA,neutral,0.5522
2525,NVDA,neutral,0.6091
2526,NVDA,positive,0.7019
2527,NVDA,neutral,0.9301
2528,INTC,positive,0.6354
2529,INTC,neutral,0.9387
2530,NVDA,negative,0.4773
2531,INTC,positive,0.7484
2532,INTC,neutral,0.8940
2533,NVDA,neutral,0.5166
2534,NVDA,neutral,0.9322
2535,GOOGL,neutral,0.9536
2536,NVDA,neutral,0.9106
2537,GOOGL,positive,0.6667
2538,GOOGL,neutral,0.9514
2539,INTC,neutral,0.8566
2540,NVDA,negative,0.9636
2541,NVDA,negative,0.9636
2542,INTC,neutral,0.8698
2543,MSFT,neutral,0.5236
2544,INTC,neutral,0.7769
2545,INTC,neutral,0.9175
2546,NVDA,positive,0.4991
2547,GME,neutral,0.8580
2548,TSLA,neutral,0.9148
2549,CRM,neutral,0.9520
2550,CRM,neutral,0.9502
2551,NVDA,neutral,0.7992
2552,INTC,neutral,0.5752
2553,NVDA,neutral,0.8686
2554,NVDA,positive,0.9299
2555,INTC,negative,0.7874
2556,NVDA,positive,0.9374
2557,TSLA,neutral,0.9315
2558,INTC,neutral,0.9445
2559,NVDA,neutral,0.9335
2560,INTC,negative,0.5773
2561,INTC,neutral,0.9138
2562,AAPL,neutral,0.8960
2563,INTC,negative,0.6684
2564,INTC,neutral,0.3502
2565,AAPL,neutral,0.9519
2566,NVDA,neutral,0.4951
2567,INTC,positive,0.5442
2568,INTC,negative,0.9715
2569,INTC,negative,0.8403
2570,INTC,positive,0.9115
2571,INTC,positive,0.9496
2572,IBM,neutral,0.9279
2573,INTC,positive,0.8909
2574,NVDA,positive,0.8661
2575,NVDA,neutral,0.7011
2576,NVDA,neutral,0.8974
2577,NVDA,positive,0.7785
2578,NVDA,negative,0.8320
2579,NVDA,positive,0.5309
2580,INTC,positive,0.8494
2581,INTC,positive,0.7942
2582,INTC,neutral,0.9002
2583,INTC,positive,0.7601
2584,NVDA,neutral,0.8572
2585,INTC,positive,0.7878
2586,INTC,neutral,0.9175
2587,IBM,negative,0.6074
2588,NVDA,positive,0.9366
2589,NVDA,negative,0.4570
2590,NVDA,neutral,0.9455
2591,NVDA,positive,0.9529
2592,NVDA,positive,0.4522
2593,INTC,neutral,0.9040
2594,AMZN,neutral,0.9473
2595,INTC,neutral,0.9437
2596,NVDA,neutral,0.6239
2597,TSLA,neutral,0.8927
2598,TSLA,negative,0.8974
2599,ADBE,positive,0.7398
2600,ADBE,positive,0.7775
2601,AAPL,neutral,0.9458
2602,GME,neutral,0.9490
2603,AAPL,negative,0.9584
2604,TSLA,negative,0.8456
2605,AAPL,neutral,0.9245
2606,AAPL,neutral,0.9493
2607,AAPL,neutral,0.9524
2608,AAPL,neutral,0.7821
2609,AAPL,neutral,0.4771
2610,AAPL,neutral,0.9276
2611,AAPL,neutral,0.9352
2612,AAPL,neutral,0.7452
2613,AAPL,positive,0.9453
2614,AAPL,neutral,0.9278
2615,AAPL,neutral,0.9496
2616,AAPL,neutral,0.7800
2617,AAPL,neutral,0.6044
2618,AAPL,neutral,0.9524
2619,AAPL,neutral,0.8751
2620,TSLA,neutral,0.8802
2621,TSLA,neutral,0.9369
2622,AMC,positive,0.9370
2623,AMZN,positive,0.9402
2624,AMZN,neutral,0.7455
2625,MSFT,neutral,0.9508
2626,NFLX,neutral,0.6619
2627,AMC,neutral,0.8833
2628,MSFT,neutral,0.9471
2629,META,neutral,0.9362
2630,AAPL,neutral,0.9502
2631,AAPL,neutral,0.9487
2632,AAPL,neutral,0.9479
2633,AMC,neutral,0.9523
2634,GME,neutral,0.9506
2635,AAPL,neutral,0.9523
2636,AMC,neutral,0.9513
2637,GME,neutral,0.9305
2638,NFLX,neutral,0.8990
2639,AMZN,neutral,0.9030
2640,GME,neutral,0.7891
2641,GME,neutral,0.9077
2642,AMZN,neutral,0.7142
2643,TSLA,neutral,0.9185
2644,TSLA,neutral,0.7646
2645,GME,neutral,0.8805
2646,MSFT,neutral,0.9404
2647,NFLX,neutral,0.9348
2648,META,neutral,0.9216
2649,NFLX,neutral,0.9324
2650,GME,neutral,0.9336
2651,TSLA,negative,0.5787
2652,MSFT,neutral,0.9379
2653,MSFT,neutral,0.9270
2654,AMZN,neutral,0.9085
2655,MSFT,neutral,0.8961
2656,NVDA,neutral,0.8662
2657,GOOGL,neutral,0.9172
2658,META,neutral,0.8746
2659,AMZN,neutral,0.8992
2660,MSFT,neutral,0.9347
2661,NVDA,neutral,0.9213
2662,TSLA,neutral,0.9081
2663,GOOGL,neutral,0.9285
2664,GOOGL,neutral,0.9249
2665,AMZN,neutral,0.8261
2666,GOOGL,neutral,0.9111
2667,GOOGL,neutral,0.9079
2668,TSLA,neutral,0.8700
2669,GOOGL,neutral,0.9231
2670,NFLX,negative,0.9616
2671,MSFT,neutral,0.9517
2672,META,neutral,0.9362
2673,TSLA,neutral,0.9341
2674,META,neutral,0.9506
2675,IBM,neutral,0.9449
2676,TSLA,neutral,0.9418
2677,NVDA,neutral,0.9341
2678,CSCO,neutral,0.9367
2679,AMC,neutral,0.9350
2680,AMZN,neutral,0.9536
2681,AAPL,neutral,0.9473
2682,AAPL,neutral,0.9482
2683,CSCO,neutral,0.9434
2684,AAPL,neutral,0.9452
2685,MSFT,neutral,0.9505
2686,NVDA,negative,0.6590
2687,AAPL,neutral,0.9496
2688,GOOGL,positive,0.8434
2689,TSLA,neutral,0.8927
2690,TSLA,neutral,0.9335
2691,AMC,positive,0.8708
2692,AMC,neutral,0.9328
2693,INTC,neutral,0.9522
2694,TSLA,neutral,0.9361
2695,NVDA,neutral,0.9517
2696,AMC,neutral,0.9530
2697,MSFT,neutral,0.9502
2698,AMC,neutral,0.9189
2699,NFLX,negative,0.9510
2700,NFLX,negative,0.9510
2701,NFLX,negative,0.9382
2702,NFLX,negative,0.9536
2703,NFLX,negative,0.9344
2704,NFLX,neutral,0.9371
2705,NVDA,neutral,0.9422
2706,AMC,neutral,0.8974
2707,META,neutral,0.9293
2708,TSLA,neutral,0.9443
2709,INTC,neutral,0.9289
2710,TSLA,neutral,0.9350
2711,CSCO,neutral,0.9350
2712,IBM,neutral,0.9413
2713,TSLA,neutral,0.8642
2714,CSCO,neutral,0.9375
2715,AMC,neutral,0.9525
2716,AMC,neutral,0.9531
2717,TSLA,neutral,0.8744
2718,NVDA,neutral,0.9357
2719,GME,neutral,0.9495
2720,TSLA,neutral,0.5413
2721,ORCL,neutral,0.9374
2722,GOOGL,neutral,0.9123
2723,NVDA,negative,0.4852
2724,META,neutral,0.9246
2725,AMZN,neutral,0.9309
2726,META,neutral,0.9515
2727,GME,neutral,0.9260
2728,AMC,neutral,0.7398
2729,AMZN,neutral,0.9079
2730,GME,neutral,0.9449
2731,GME,neutral,0.9443
2732,GOOGL,neutral,0.9360
2733,NFLX,neutral,0.9076
2734,ADBE,neutral,0.9236
2735,TSLA,neutral,0.9378
2736,META,neutral,0.9504
2737,META,neutral,0.9454
2738,TSLA,positive,0.8683
2739,AMC,neutral,0.9329
2740,NFLX,neutral,0.9103
2741,NVDA,positive,0.9342
2742,NVDA,positive,0.9449
2743,NVDA,neutral,0.9527
2744,ORCL,neutral,0.9439
2745,CRM,negative,0.9573
2746,TSLA,neutral,0.9017
2747,AAPL,neutral,0.9534
2748,AAPL,neutral,0.9510
2749,AAPL,neutral,0.9540
2750,AMC,neutral,0.9505
2751,ORCL,neutral,0.9330
2752,TSLA,neutral,0.8910
2753,AMC,neutral,0.9508
2754,AAPL,neutral,0.9470
2755,AMC,neutral,0.9511
2756,AMC,neutral,0.9444
2757,AMC,neutral,0.9516
2758,AAPL,neutral,0.9535
2759,TSLA,neutral,0.9231
2760,TSLA,negative,0.9249
2761,AMC,neutral,0.9520
2762,AMC,neutral,0.9527
2763,GME,neutral,0.9522
2764,GME,neutral,0.9526
2765,TSLA,neutral,0.8481
2766,AAPL,neutral,0.9504
2767,AAPL,neutral,0.9519
2768,GME,neutral,0.9506
2769,AMC,neutral,0.9530
2770,AMC,neutral,0.9533
2771,AMZN,negative,0.9535
2772,MSFT,positive,0.7148
2773,AMZN,positive,0.6618
2774,NFLX,neutral,0.9116
2775,GME,neutral,0.6792
2776,AMZN,neutral,0.8524
2777,GME,neutral,0.9250
2778,CSCO,neutral,0.7329
2779,AMC,neutral,0.9309
2780,AAPL,neutral,0.9526
2781,CRM,neutral,0.9534
2782,CRM,neutral,0.9523
2783,MSFT,neutral,0.9174
2784,NVDA,neutral,0.8970
2785,AMZN,neutral,0.5479
2786,AAPL,neutral,0.9524
2787,AMC,neutral,0.9529
2788,AMC,neutral,0.9517
2789,AAPL,neutral,0.9530
2790,AMC,neutral,0.9491
2791,AMC,neutral,0.9512
2792,AAPL,neutral,0.9503
2793,META,neutral,0.9503
2794,AAPL,neutral,0.9499
2795,AMC,neutral,0.7383
2796,AMC,neutral,0.9529
2797,AMC,neutral,0.9534
2798,AAPL,neutral,0.9534
2799,GME,neutral,0.9516
2800,AMC,neutral,0.9496
2801,AMC,neutral,0.9520
2802,AMC,neutral,0.9503
2803,AMC,neutral,0.9511
2804,TSLA,negative,0.4459
2805,TSLA,neutral,0.8142
2806,TSLA,positive,0.7946
2807,TSLA,neutral,0.5341
2808,GME,neutral,0.9480
2809,CRM,neutral,0.9339
2810,AAPL,neutral,0.9491
2811,INTC,neutral,0.9494
2812,AAPL,neutral,0.9509
2813,AMC,neutral,0.9499
2814,AAPL,neutral,0.9457
2815,TSLA,neutral,0.9361
2816,GME,negative,0.8436
2817,AAPL,neutral,0.9474
2818,TSLA,positive,0.6718
2819,GOOGL,neutral,0.4955
2820,AMZN,negative,0.9535
2821,AAPL,neutral,0.9511
2822,AAPL,positive,0.7429
2823,NFLX,neutral,0.8758
2824,NFLX,negative,0.7427
2825,AAPL,positive,0.5405
2826,INTC,neutral,0.9522
2827,AMC,neutral,0.9464
2828,AAPL,neutral,0.9401
2829,NVDA,positive,0.9342
2830,NVDA,positive,0.9449
2831,NVDA,positive,0.9003
2832,AAPL,neutral,0.9449
2833,AMC,neutral,0.9523
2834,AAPL,neutral,0.9530
2835,INTC,neutral,0.9017
2836,TSLA,negative,0.5230
2837,MSFT,neutral,0.8516
2838,GME,neutral,0.8669
2839,GME,neutral,0.8805
2840,GME,negative,0.8081
2841,AMC,positive,0.8884
2842,GME,negative,0.9357
2843,GME,neutral,0.5659
2844,GME,negative,0.6246
2845,AMZN,positive,0.9022
2846,INTC,neutral,0.9471
2847,AAPL,neutral,0.9437
2848,IBM,neutral,0.9433
2849,AAPL,positive,0.7225
2850,AAPL,positive,0.9007
2851,AAPL,positive,0.7225
2852,MSFT,neutral,0.9508
2853,AAPL,neutral,0.9510
2854,NFLX,neutral,0.5353
2855,AMZN,negative,0.9332
2856,CRM,neutral,0.9506
2857,TSLA,positive,0.8015
2858,TSLA,negative,0.9601
2859,TSLA,negative,0.9617
2860,AMC,neutral,0.9530
2861,AMC,neutral,0.9530
2862,AAPL,neutral,0.9462
2863,AAPL,neutral,0.9514
2864,AMC,neutral,0.9498
2865,AAPL,neutral,0.9494
2866,TSLA,neutral,0.6160
2867,AAPL,neutral,0.6857
2868,CSCO,neutral,0.9268
2869,AAPL,neutral,0.9491
2870,ORCL,positive,0.6727
2871,META,positive,0.9000
2872,META,negative,0.4587
2873,META,positive,0.8634
2874,META,positive,0.8189
2875,AAPL,positive,0.9361
2876,AAPL,positive,0.8717
2877,CRM,neutral,0.9307
2878,GME,positive,0.8701
2879,AMZN,neutral,0.9409
2880,ADBE,negative,0.4448
2881,AAPL,neutral,0.9519
2882,AMZN,positive,0.5261
2883,NFLX,neutral,0.9348
2884,IBM,positive,0.8416
2885,NFLX,neutral,0.7526
2886,GME,negative,0.9514
2887,AMC,neutral,0.9527
2888,META,neutral,0.9485
2889,AMC,neutral,0.9543
2890,AMC,neutral,0.9525
2891,AMC,neutral,0.9521
2892,GME,neutral,0.8956
2893,GOOGL,neutral,0.9377
2894,AMC,neutral,0.9504
2895,AMC,neutral,0.9504
2896,AMC,neutral,0.9504
2897,AMZN,neutral,0.9538
2898,AMZN,neutral,0.9530
2899,CSCO,neutral,0.9518
2900,AMC,neutral,0.9534
2901,AMC,neutral,0.9516
2902,AMC,neutral,0.9507
2903,CSCO,neutral,0.8880
2904,AMC,neutral,0.9509
2905,AMC,neutral,0.9526
2906,GME,neutral,0.9520
2907,AMC,neutral,0.9540
2908,AMC,neutral,0.9535
2909,AMC,neutral,0.9525
2910,AAPL,neutral,0.9531
2911,AAPL,neutral,0.9535
2912,AMC,neutral,0.9536
2913,META,neutral,0.9483
2914,META,neutral,0.9506
2915,AAPL,neutral,0.9527
2916,META,neutral,0.9499
2917,GME,neutral,0.4918
2918,AAPL,neutral,0.9511
2919,AMC,neutral,0.9535
2920,GME,neutral,0.7736
2921,AMC,neutral,0.9535
2922,MSFT,neutral,0.6375
2923,AMC,neutral,0.9493
2924,GME,neutral,0.9504
2925,GME,neutral,0.5347
2926,AAPL,neutral,0.9519
2927,AMC,neutral,0.9501
2928,AMC,neutral,0.9500
2929,AMC,neutral,0.9523
2930,GME,neutral,0.8064
2931,GME,neutral,0.9523
2932,GME,neutral,0.8742
2933,GME,neutral,0.5278
2934,AMC,neutral,0.9517
2935,GME,neutral,0.9490
2936,AMZN,positive,0.9307
2937,GME,neutral,0.9502
2938,AMZN,positive,0.8763
2939,GME,neutral,0.9538
2940,GME,neutral,0.9039
2941,AMC,neutral,0.9471
2942,GME,neutral,0.6442
2943,GME,neutral,0.7990
2944,GME,neutral,0.9399
2945,GME,neutral,0.9513
2946,GME,neutral,0.6151
2947,GME,neutral,0.9452
2948,GME,positive,0.7050
2949,GME,positive,0.5397
2950,AMC,neutral,0.9511
2951,GOOGL,positive,0.6423
2952,GME,neutral,0.9526
2953,AAPL,neutral,0.9505
2954,AAPL,neutral,0.9461
2955,AAPL,neutral,0.9470
2956,MSFT,neutral,0.9411
2957,TSLA,neutral,0.8481
2958,META,neutral,0.9293
2959,TSLA,neutral,0.9261
2960,TSLA,neutral,0.4587
2961,AMC,neutral,0.9501
2962,META,neutral,0.9212
2963,META,negative,0.9191
2964,ORCL,neutral,0.9509
2965,AAPL,neutral,0.9503
2966,META,neutral,0.9035
2967,CRM,neutral,0.7867
2968,META,neutral,0.9216
2969,AMZN,neutral,0.9157
2970,GOOGL,neutral,0.9288
2971,AAPL,neutral,0.7232
2972,META,negative,0.4952
2973,TSLA,neutral,0.9328
2974,META,positive,0.4658
2975,AMC,neutral,0.9526
2976,AMZN,neutral,0.9470
2977,META,negative,0.4598
2978,TSLA,neutral,0.5611
2979,META,neutral,0.9499
2980,META,negative,0.8307
2981,TSLA,positive,0.5988
2982,NVDA,neutral,0.9256
2983,META,neutral,0.7649
2984,META,neutral,0.7741
2985,AMZN,negative,0.9332
2986,META,neutral,0.8528
2987,CSCO,positive,0.8216
2988,AAPL,neutral,0.9502
2989,AMZN,negative,0.9650
2990,AMZN,negative,0.9660
2991,AMZN,negative,0.9692
2992,AMZN,negative,0.9671
2993,AMZN,negative,0.9646
2994,AMZN,negative,0.8819
2995,AMZN,neutral,0.9399
2996,META,neutral,0.8582
2997,META,neutral,0.5641
2998,AMC,neutral,0.9532
2999,NVDA,neutral,0.9290
3000,AAPL,neutral,0.9509
3001,AMZN,neutral,0.9343
3002,META,neutral,0.8518
3003,GOOGL,neutral,0.4904
3004,GOOGL,neutral,0.9360
3005,AAPL,neutral,0.9519
3006,NVDA,neutral,0.9213
3007,META,neutral,0.9058
3008,AMZN,neutral,0.9297
3009,TSLA,positive,0.5078
3010,IBM,positive,0.7409
3011,INTC,neutral,0.6573
3012,META,neutral,0.9524
3013,ORCL,neutral,0.9436
3014,AMC,positive,0.8091
3015,AAPL,neutral,0.9534
3016,AAPL,neutral,0.9525
3017,AMC,neutral,0.9519
3018,NFLX,neutral,0.4973
3019,AAPL,neutral,0.9511
3020,AMC,neutral,0.9535
3021,AAPL,neutral,0.9472
3022,AAPL,neutral,0.9525
3023,AAPL,neutral,0.9521
3024,TSLA,neutral,0.6396
3025,AMC,neutral,0.9517
3026,AMC,neutral,0.9519
3027,AMC,neutral,0.9523
3028,AMC,neutral,0.9535
3029,NFLX,neutral,0.6132
3030,AAPL,neutral,0.9515
3031,AMC,neutral,0.9531
3032,GME,neutral,0.9522
3033,GME,neutral,0.9524
3034,AAPL,neutral,0.9499
3035,AAPL,neutral,0.9470
3036,AAPL,neutral,0.9449
3037,AMC,neutral,0.9458
3038,AAPL,neutral,0.9505
3039,AMC,neutral,0.9509
3040,AAPL,neutral,0.9440
3041,GME,neutral,0.9525
3042,GME,neutral,0.9504
3043,AMC,neutral,0.9496
3044,TSLA,neutral,0.9286
3045,AMC,neutral,0.9515
3046,AAPL,neutral,0.9470
3047,AAPL,neutral,0.9489
3048,AAPL,neutral,0.9458
3049,AMZN,neutral,0.9073
3050,ADBE,positive,0.7191
3051,GME,negative,0.9628
3052,GME,neutral,0.9513
3053,IBM,negative,0.9700
3054,NFLX,neutral,0.9263
3055,NFLX,positive,0.9068
3056,AAPL,neutral,0.9428
3057,AAPL,neutral,0.9537
3058,MSFT,neutral,0.6627
3059,AAPL,neutral,0.9455
3060,AAPL,neutral,0.9370
3061,AMZN,neutral,0.8326
3062,AAPL,neutral,0.9204
3063,NVDA,neutral,0.9186
3064,NVDA,neutral,0.9384
3065,GME,neutral,0.8409
3066,GME,neutral,0.8039
3067,GME,positive,0.8659
3068,GME,positive,0.8659
3069,GME,positive,0.6537
3070,GME,negative,0.9514
3071,GME,neutral,0.9132
3072,GME,neutral,0.8375
3073,AAPL,neutral,0.9408
3074,GME,neutral,0.7196
3075,TSLA,neutral,0.9359
3076,AAPL,neutral,0.9474
3077,AAPL,neutral,0.9463
3078,AAPL,neutral,0.9474
3079,AMC,neutral,0.9477
3080,AAPL,neutral,0.9469
3081,AAPL,neutral,0.9505
3082,AMC,neutral,0.9471
3083,AAPL,neutral,0.9455
3084,META,neutral,0.9362
3085,TSLA,neutral,0.9341
3086,TSLA,neutral,0.9418
3087,AMZN,neutral,0.8704
3088,CRM,neutral,0.9339
3089,AMC,neutral,0.9520
3090,AMC,positive,0.5129
3091,AMC,neutral,0.8203
3092,GME,neutral,0.9080
3093,AMZN,neutral,0.9265
3094,AMC,neutral,0.9528
3095,AMC,neutral,0.9524
3096,AMC,neutral,0.9527
3097,AMZN,negative,0.8292
3098,TSLA,neutral,0.8892
3099,NFLX,neutral,0.8866
3100,IBM,neutral,0.9270
3101,AMZN,neutral,0.9123
3102,GME,neutral,0.9206
3103,INTC,negative,0.6908
3104,AAPL,neutral,0.9483
3105,AAPL,neutral,0.9502
3106,AMC,neutral,0.9498
3107,AMC,neutral,0.9490
3108,AMC,neutral,0.9525
3109,AAPL,neutral,0.9466
3110,TSLA,neutral,0.9385
3111,ADBE,neutral,0.9516
3112,NFLX,neutral,0.9408
3113,GME,neutral,0.9264
3114,META,neutral,0.9527
3115,INTC,neutral,0.9513
3116,INTC,neutral,0.9300
3117,GOOGL,neutral,0.9501
3118,IBM,neutral,0.9475
3119,GME,neutral,0.7279
3120,AMC,neutral,0.9530
3121,TSLA,neutral,0.8642
3122,AMC,neutral,0.9444
3123,GOOGL,neutral,0.5371
3124,META,negative,0.5529
3125,NFLX,neutral,0.5164
3126,META,neutral,0.9031
3127,TSLA,negative,0.5508
3128,MSFT,neutral,0.9531
3129,AMZN,neutral,0.9039
3130,META,neutral,0.9216
3131,AMC,neutral,0.9475
3132,NVDA,neutral,0.9297
3133,AAPL,neutral,0.9466
3134,TSLA,neutral,0.9328
3135,NVDA,neutral,0.9387
3136,AMZN,neutral,0.9026
3137,AMC,neutral,0.9417
3138,GOOGL,neutral,0.8822
3139,AMC,neutral,0.9464
3140,AMZN,neutral,0.8547
3141,CSCO,neutral,0.9327
3142,AMZN,neutral,0.9039
3143,META,neutral,0.9216
3144,TSLA,neutral,0.9328
3145,GOOGL,negative,0.9669
3146,AMZN,neutral,0.9026
3147,AMC,neutral,0.9417
3148,GOOGL,neutral,0.8822
3149,TSLA,neutral,0.8700
3150,INTC,neutral,0.9512
3151,AMC,neutral,0.9527
3152,AAPL,neutral,0.9464
3153,GME,neutral,0.9077
3154,AMC,neutral,0.9519
3155,AMC,negative,0.9266
3156,AMC,neutral,0.9444
3157,AAPL,neutral,0.9482
3158,AMC,neutral,0.9517
3159,AAPL,positive,0.6671
3160,CSCO,neutral,0.9478
3161,AAPL,neutral,0.9522
3162,TSLA,neutral,0.9498
3163,IBM,negative,0.8370
3164,IBM,negative,0.9648
3165,IBM,positive,0.5873
3166,IBM,negative,0.9522
3167,TSLA,negative,0.9213
3168,MSFT,positive,0.7338
3169,AMC,neutral,0.9480
3170,TSLA,neutral,0.9480
3171,AMC,neutral,0.9539
3172,IBM,neutral,0.9093
3173,AMC,neutral,0.9523
3174,AMC,neutral,0.9523
3175,AMC,neutral,0.9535
3176,AMC,neutral,0.9525
3177,TSLA,positive,0.5820
3178,AMC,neutral,0.9366
3179,AMC,neutral,0.9478
3180,AMC,neutral,0.9507
3181,AMC,neutral,0.9517
3182,GME,neutral,0.9520
3183,AAPL,neutral,0.9499
3184,AMC,neutral,0.9509
3185,AMC,neutral,0.9512
3186,TSLA,neutral,0.9327
3187,GOOGL,negative,0.9664
3188,GME,neutral,0.9516
3189,GME,neutral,0.9525
3190,GME,neutral,0.9504
3191,ORCL,neutral,0.9335
3192,AMC,neutral,0.9515
3193,GME,neutral,0.8761
3194,GME,neutral,0.8761
3195,GME,neutral,0.9538
3196,GME,neutral,0.5645
3197,GME,neutral,0.5645
3198,GME,neutral,0.5659
3199,GME,neutral,0.9169
3200,GME,neutral,0.8504
3201,GME,neutral,0.6442
3202,GME,neutral,0.9518
3203,GME,neutral,0.9526
3204,GOOGL,neutral,0.8939
3205,TSLA,neutral,0.8085
3206,TSLA,neutral,0.8642
3207,TSLA,neutral,0.9516
3208,AMC,neutral,0.9512
3209,AMC,neutral,0.9501
3210,NVDA,neutral,0.9512
3211,CRM,neutral,0.9312
3212,AMC,neutral,0.9350
3213,ORCL,neutral,0.5266
3214,ORCL,neutral,0.8869
3215,ADBE,neutral,0.9457
3216,ADBE,neutral,0.9355
3217,ADBE,neutral,0.9188
3218,AMZN,positive,0.7186
3219,MSFT,positive,0.7858
3220,IBM,neutral,0.9094
3221,IBM,neutral,0.9085
3222,IBM,neutral,0.9401
3223,CRM,neutral,0.9486
3224,CSCO,neutral,0.9499
3225,IBM,neutral,0.9298
3226,GOOGL,negative,0.8742
3227,IBM,positive,0.8883
3228,ADBE,neutral,0.9516
3229,ADBE,neutral,0.9530
3230,META,neutral,0.9194
3231,NVDA,neutral,0.6533
3232,GOOGL,neutral,0.9513
3233,CRM,neutral,0.6952
3234,NVDA,neutral,0.9178
3235,TSLA,negative,0.6419
3236,AMZN,neutral,0.6176
3237,AMZN,neutral,0.6176
3238,NFLX,negative,0.9344
3239,TSLA,neutral,0.9531
3240,TSLA,neutral,0.9528
3241,TSLA,neutral,0.8955
3242,AAPL,neutral,0.9444
3243,GME,neutral,0.8745
3244,CSCO,neutral,0.9434
3245,IBM,neutral,0.9526
3246,GOOGL,neutral,0.8726
3247,GME,negative,0.6587
3248,AMZN,neutral,0.5672
3249,META,neutral,0.5981
3250,AAPL,neutral,0.5339
3251,GME,negative,0.9055
3252,AMZN,positive,0.6006
3253,AMZN,neutral,0.5548
3254,AAPL,neutral,0.6682
3255,GME,neutral,0.9293
3256,CRM,neutral,0.9334
3257,GOOGL,neutral,0.5652
3258,AMZN,neutral,0.8488
3259,GME,positive,0.6088
3260,GME,neutral,0.8419
3261,GME,negative,0.5548
3262,AMC,neutral,0.9315
3263,AMZN,positive,0.7572
3264,GME,neutral,0.9179
3265,GME,neutral,0.6592
3266,GME,negative,0.6667
3267,GME,positive,0.7250
3268,GME,positive,0.9319
3269,GME,negative,0.9741
3270,NVDA,neutral,0.9279
3271,GME,neutral,0.8761
3272,GME,neutral,0.8761
3273,GME,neutral,0.8978
3274,GME,neutral,0.8978
3275,GME,negative,0.8409
3276,GME,negative,0.9308
3277,AMZN,neutral,0.7996
3278,GME,neutral,0.8209
3279,GME,neutral,0.6200
3280,TSLA,neutral,0.7925
3281,META,neutral,0.7416
3282,AMC,neutral,0.9290
3283,MSFT,neutral,0.9529
3284,TSLA,neutral,0.4452
3285,TSLA,neutral,0.9080
3286,GOOGL,positive,0.8385
3287,CSCO,neutral,0.9425
3288,TSLA,neutral,0.9078
3289,NVDA,neutral,0.9278
3290,AMC,neutral,0.9517
3291,TSLA,neutral,0.9029
3292,TSLA,negative,0.8543
3293,TSLA,neutral,0.9398
3294,TSLA,neutral,0.8383
3295,TSLA,neutral,0.9403
3296,AAPL,neutral,0.9485
3297,TSLA,positive,0.6747
3298,TSLA,neutral,0.8481
3299,TSLA,neutral,0.8547
3300,TSLA,positive,0.9367
3301,TSLA,neutral,0.8700
3302,TSLA,neutral,0.5801
3303,TSLA,neutral,0.5310
3304,TSLA,neutral,0.8625
3305,TSLA,neutral,0.8748
3306,TSLA,neutral,0.8748
3307,TSLA,neutral,0.9126
3308,AAPL,neutral,0.8783
3309,TSLA,neutral,0.8795
3310,AAPL,neutral,0.9476
3311,AMC,neutral,0.9366
3312,AMC,neutral,0.9328
3313,TSLA,negative,0.8319
3314,TSLA,neutral,0.9018
3315,TSLA,neutral,0.6161
3316,TSLA,neutral,0.8719
3317,TSLA,neutral,0.8173
3318,TSLA,neutral,0.8989
3319,TSLA,neutral,0.8025
3320,TSLA,neutral,0.8881
3321,TSLA,neutral,0.8822
3322,TSLA,neutral,0.5424
3323,AMC,neutral,0.9496
3324,META,neutral,0.9177
3325,TSLA,neutral,0.9361
3326,GME,neutral,0.9516
3327,AMC,neutral,0.9509
3328,AAPL,neutral,0.9336
3329,AAPL,neutral,0.9483
3330,MSFT,neutral,0.9104
3331,META,neutral,0.9362
3332,IBM,neutral,0.9242
3333,MSFT,neutral,0.9510
3334,AMC,neutral,0.9539
3335,CSCO,neutral,0.9403
3336,AMZN,positive,0.9185
3337,AMZN,positive,0.9307
3338,AMZN,positive,0.9358
3339,AMZN,positive,0.8763
3340,AAPL,neutral,0.9515
3341,NVDA,neutral,0.9512
3342,INTC,neutral,0.9516
3343,CSCO,neutral,0.8237
3344,CSCO,neutral,0.9227
3345,CSCO,neutral,0.9253
3346,CSCO,neutral,0.9038
3347,TSLA,neutral,0.8246
3348,AMC,neutral,0.9518
3349,CSCO,neutral,0.9542
3350,AAPL,neutral,0.9447
3351,INTC,positive,0.6862
3352,NFLX,neutral,0.9428
3353,NFLX,neutral,0.9417
3354,TSLA,neutral,0.8461
3355,TSLA,neutral,0.9418
3356,MSFT,neutral,0.9379
3357,AMC,negative,0.9706
3358,AMC,neutral,0.6965
3359,AMC,neutral,0.6476
3360,AMC,negative,0.9386
3361,AMC,neutral,0.9113
3362,GME,neutral,0.9472
3363,AMC,neutral,0.8748
3364,AMC,negative,0.9640
3365,AMC,negative,0.9436
3366,AMZN,neutral,0.9435
3367,AMC,neutral,0.8774
3368,AMC,neutral,0.6409
3369,AMC,neutral,0.6409
3370,AMC,neutral,0.5414
3371,AMC,neutral,0.5378
3372,AMC,negative,0.8856
3373,AMC,negative,0.8247
3374,NFLX,neutral,0.9172
3375,AMC,positive,0.8377
3376,AMC,positive,0.9029
3377,AMC,neutral,0.8085
3378,AMC,negative,0.7921
3379,AMC,neutral,0.8355
3380,AMC,neutral,0.9371
3381,AMC,neutral,0.8165
3382,AMC,neutral,0.5648
3383,AMC,positive,0.9181
3384,AMC,positive,0.6377
3385,AMC,negative,0.4242
3386,AMC,neutral,0.7131
3387,AMC,neutral,0.7131
3388,AMC,negative,0.8703
3389,AMC,negative,0.4932
3390,AMC,neutral,0.9494
3391,AMC,neutral,0.9041
3392,NFLX,neutral,0.8870
3393,NFLX,neutral,0.8870
3394,AMC,neutral,0.8890
3395,AMC,neutral,0.9253
3396,AMC,negative,0.9575
3397,AMC,neutral,0.6715
3398,AMC,neutral,0.9355
3399,AMC,neutral,0.6382
3400,AMC,neutral,0.9226
3401,GME,negative,0.8071
3402,GME,negative,0.8071
3403,AMC,negative,0.6640
3404,AMC,neutral,0.9361
3405,TSLA,neutral,0.8642
3406,AMC,neutral,0.9390
3407,AMC,neutral,0.9526
3408,AMC,neutral,0.9491
3409,GME,neutral,0.9314
3410,NFLX,neutral,0.6747
3411,AAPL,neutral,0.9437
3412,NFLX,positive,0.5902
3413,META,neutral,0.9216
3414,ORCL,neutral,0.8986
3415,MSFT,neutral,0.9367
3416,NFLX,positive,0.6647
3417,GOOGL,neutral,0.9314
3418,NFLX,neutral,0.9020
3419,NFLX,positive,0.6322
3420,GOOGL,neutral,0.9098
3421,GOOGL,positive,0.5761
3422,AMC,neutral,0.8711
3423,AMC,neutral,0.9089
3424,NFLX,positive,0.8628
3425,AAPL,neutral,0.9230
3426,AMZN,negative,0.9213
3427,NFLX,neutral,0.5945
3428,INTC,neutral,0.9522
3429,AMZN,neutral,0.9191
3430,NFLX,neutral,0.7248
3431,META,neutral,0.9275
3432,NFLX,negative,0.9444
3433,NFLX,positive,0.8591
3434,AMZN,neutral,0.9495
3435,AMC,negative,0.9682
3436,NFLX,neutral,0.9394
3437,NFLX,negative,0.9153
3438,NFLX,neutral,0.7701
3439,META,neutral,0.6849
3440,NFLX,neutral,0.8507
3441,NFLX,neutral,0.5257
3442,NFLX,neutral,0.8898
3443,NFLX,neutral,0.9386
3444,NFLX,neutral,0.9313
3445,NFLX,negative,0.9073
3446,NFLX,neutral,0.9398
3447,GOOGL,neutral,0.9270
3448,NVDA,positive,0.6421
3449,INTC,positive,0.6237
3450,AMC,neutral,0.6642
3451,META,positive,0.5210
3452,AMC,negative,0.9386
3453,TSLA,neutral,0.9472
3454,NFLX,negative,0.9676
3455,NFLX,neutral,0.9199
3456,NFLX,positive,0.8846
3457,AMC,neutral,0.9339
3458,NFLX,positive,0.8321
3459,NFLX,positive,0.8321
3460,AMC,neutral,0.9340
3461,NFLX,neutral,0.9162
3462,IBM,neutral,0.9325
3463,NFLX,neutral,0.7725
3464,NFLX,neutral,0.9258
3465,NFLX,positive,0.9296
3466,AMC,neutral,0.9113
3467,META,neutral,0.9249
3468,NFLX,positive,0.8805
3469,NFLX,neutral,0.9325
3470,NFLX,neutral,0.9213
3471,NFLX,neutral,0.8639
3472,AMC,negative,0.7782
3473,INTC,neutral,0.9479
3474,AMC,neutral,0.9234
3475,NFLX,neutral,0.9331
3476,NFLX,negative,0.5134
3477,IBM,neutral,0.9433
3478,NFLX,neutral,0.8918
3479,NFLX,neutral,0.4569
3480,NFLX,neutral,0.9140
3481,NFLX,neutral,0.9104
3482,NFLX,neutral,0.7402
3483,MSFT,neutral,0.5716
3484,NFLX,neutral,0.9273
3485,NFLX,neutral,0.8583
3486,NFLX,neutral,0.8768
3487,NVDA,neutral,0.9517
3488,NFLX,neutral,0.9452
3489,NFLX,neutral,0.9357
3490,NFLX,neutral,0.9184
3491,AMC,positive,0.7462
3492,AMC,negative,0.9601
3493,NFLX,negative,0.8453
3494,NFLX,neutral,0.8707
3495,NFLX,neutral,0.9427
3496,NFLX,neutral,0.9352
3497,AMC,negative,0.9119
3498,AMC,negative,0.9033
3499,AMC,negative,0.9436
3500,NFLX,neutral,0.8942
3501,AMZN,neutral,0.5286
3502,AMZN,positive,0.7517
3503,AMZN,neutral,0.8955
3504,NFLX,positive,0.9075
3505,AMC,negative,0.9352
3506,AMZN,neutral,0.8623
3507,NFLX,neutral,0.9162
3508,AMZN,neutral,0.7759
3509,NFLX,positive,0.9030
3510,AMC,neutral,0.5608
3511,NFLX,neutral,0.9078
3512,NFLX,neutral,0.8813
3513,NFLX,neutral,0.6167
3514,NFLX,neutral,0.9095
3515,NFLX,positive,0.5217
3516,AAPL,neutral,0.6081
3517,AMZN,neutral,0.9435
3518,NFLX,neutral,0.8533
3519,MSFT,neutral,0.9235
3520,AMC,positive,0.7513
3521,AMC,neutral,0.8597
3522,AMC,neutral,0.9478
3523,AMC,neutral,0.6933
3524,AAPL,neutral,0.7263
3525,AMZN,neutral,0.7861
3526,AMC,neutral,0.9092
3527,AMC,neutral,0.9388
3528,NFLX,neutral,0.8595
3529,NFLX,neutral,0.8723
3530,MSFT,neutral,0.9502
3531,NFLX,neutral,0.9274
3532,NFLX,neutral,0.8432
3533,AMC,neutral,0.9407
3534,GOOGL,neutral,0.9181
3535,NFLX,neutral,0.9389
3536,IBM,neutral,0.8199
3537,NFLX,neutral,0.9275
3538,NFLX,neutral,0.8195
3539,AMC,neutral,0.9302
3540,NFLX,positive,0.6587
3541,AMC,neutral,0.9024
3542,AMC,negative,0.6162
3543,TSLA,neutral,0.9208
3544,AMC,neutral,0.6409
3545,TSLA,neutral,0.8251
3546,AMZN,neutral,0.9317
3547,NFLX,neutral,0.8749
3548,AMC,neutral,0.8903
3549,NFLX,positive,0.9336
3550,NFLX,neutral,0.7448
3551,INTC,neutral,0.9331
3552,NFLX,neutral,0.5324
3553,AMC,neutral,0.9290
3554,CRM,positive,0.6807
3555,AMC,neutral,0.7746
3556,NFLX,neutral,0.5538
3557,AMC,negative,0.9690
3558,NFLX,neutral,0.5516
3559,AMC,neutral,0.8827
3560,META,neutral,0.9414
3561,AMC,neutral,0.6912
3562,NFLX,neutral,0.6830
3563,NFLX,negative,0.8323
3564,AMC,negative,0.9259
3565,NFLX,negative,0.9068
3566,NFLX,neutral,0.8695
3567,AMC,neutral,0.9401
3568,AMC,neutral,0.8957
3569,AMC,negative,0.8624
3570,NFLX,positive,0.9019
3571,NFLX,negative,0.9182
3572,AMC,neutral,0.5414
3573,AMZN,neutral,0.8957
3574,AMZN,neutral,0.8310
3575,NFLX,neutral,0.9413
3576,NFLX,neutral,0.8906
3577,NFLX,negative,0.8260
3578,NFLX,neutral,0.9401
3579,NFLX,neutral,0.8016
3580,NFLX,neutral,0.9401
3581,AMC,neutral,0.5378
3582,AMC,neutral,0.6893
3583,AAPL,neutral,0.9429
3584,NFLX,positive,0.7803
3585,AMC,negative,0.9254
3586,NFLX,neutral,0.8941
3587,AAPL,neutral,0.9007
3588,AMC,negative,0.7328
3589,INTC,neutral,0.9419
3590,NFLX,neutral,0.7510
3591,AMZN,neutral,0.9300
3592,CRM,neutral,0.9488
3593,META,neutral,0.9288
3594,GME,negative,0.9736
3595,AMC,neutral,0.5463
3596,NFLX,positive,0.6792
3597,NFLX,neutral,0.9318
3598,NVDA,neutral,0.9290
3599,TSLA,positive,0.7965
3600,TSLA,positive,0.4404
3601,AAPL,neutral,0.9266
3602,NFLX,neutral,0.8667
3603,NFLX,neutral,0.7922
3604,AMC,neutral,0.8609
3605,NFLX,neutral,0.9172
3606,AMC,neutral,0.9417
3607,AMC,neutral,0.7756
3608,NFLX,neutral,0.8747
3609,NFLX,neutral,0.9181
3610,NFLX,neutral,0.8902
3611,AMC,negative,0.8521
3612,AMC,negative,0.8521
3613,AMC,negative,0.8976
3614,NFLX,neutral,0.9418
3615,NFLX,positive,0.6820
3616,AMC,positive,0.9029
3617,NFLX,neutral,0.8719
3618,AMC,neutral,0.9431
3619,AAPL,neutral,0.8468
3620,AMC,neutral,0.9316
3621,NFLX,neutral,0.9292
3622,NFLX,neutral,0.9413
3623,NFLX,neutral,0.9390
3624,AMC,positive,0.5079
3625,AMZN,neutral,0.9079
3626,INTC,neutral,0.9329
3627,AMZN,neutral,0.7777
3628,AMC,neutral,0.6697
3629,NFLX,negative,0.8558
3630,GME,neutral,0.8078
3631,AMC,negative,0.6630
3632,NFLX,neutral,0.9129
3633,AMZN,neutral,0.9439
3634,AAPL,neutral,0.5514
3635,AMC,neutral,0.8918
3636,NFLX,neutral,0.8639
3637,AMZN,neutral,0.9088
3638,NFLX,neutral,0.9210
3639,NFLX,neutral,0.5103
3640,NFLX,positive,0.6401
3641,AMZN,negative,0.7132
3642,NFLX,neutral,0.9329
3643,AMC,neutral,0.7929
3644,NFLX,positive,0.9158
3645,NFLX,positive,0.5591
3646,NFLX,neutral,0.7078
3647,AMZN,neutral,0.8437
3648,NFLX,negative,0.8413
3649,AMC,positive,0.9181
3650,NFLX,negative,0.9579
3651,AMC,negative,0.5063
3652,NFLX,negative,0.7178
3653,NFLX,negative,0.9567
3654,NFLX,neutral,0.8207
3655,NFLX,neutral,0.5852
3656,AMC,neutral,0.5064
3657,AMC,negative,0.4242
3658,NFLX,positive,0.8465
3659,NFLX,negative,0.8948
3660,NFLX,positive,0.6879
3661,AMC,neutral,0.9347
3662,AMC,neutral,0.7131
3663,AMC,neutral,0.8796
3664,AMZN,neutral,0.9387
3665,AAPL,neutral,0.9491
3666,AMZN,positive,0.9250
3667,AMZN,neutral,0.4964
3668,NFLX,neutral,0.8598
3669,AMZN,neutral,0.8836
3670,NFLX,negative,0.9052
3671,NFLX,negative,0.9684
3672,NFLX,neutral,0.8870
3673,CRM,negative,0.5170
3674,NFLX,neutral,0.7983
3675,TSLA,positive,0.5975
3676,NFLX,positive,0.8073
3677,NFLX,neutral,0.8914
3678,NFLX,neutral,0.6688
3679,NFLX,neutral,0.8855
3680,NFLX,neutral,0.6619
3681,NFLX,negative,0.5590
3682,NFLX,neutral,0.8642
3683,NFLX,neutral,0.9284
3684,NFLX,neutral,0.8833
3685,AMC,negative,0.4938
3686,NFLX,negative,0.8754
3687,NFLX,neutral,0.8581
3688,CRM,neutral,0.9476
3689,NFLX,neutral,0.9386
3690,NFLX,neutral,0.8856
3691,NFLX,negative,0.9438
3692,NFLX,neutral,0.7503
3693,NFLX,positive,0.5662
3694,AMC,neutral,0.8359
3695,NFLX,positive,0.8994
3696,NFLX,neutral,0.8667
3697,NFLX,neutral,0.9366
3698,NFLX,neutral,0.8958
3699,NFLX,neutral,0.9096
3700,TSLA,positive,0.7889
3701,AMC,neutral,0.8997
3702,NFLX,neutral,0.4857
3703,ADBE,neutral,0.9081
3704,AMC,negative,0.9042
3705,NFLX,neutral,0.9351
3706,NFLX,neutral,0.9099
3707,META,neutral,0.9377
3708,NFLX,negative,0.9251
3709,NFLX,neutral,0.9278
3710,NFLX,neutral,0.5902
3711,NFLX,neutral,0.9000
3712,NFLX,negative,0.9154
3713,NFLX,neutral,0.9298
3714,NFLX,neutral,0.5495
3715,AMC,neutral,0.9494
3716,GME,neutral,0.9268
3717,NFLX,negative,0.5475
3718,NFLX,neutral,0.9156
3719,CRM,neutral,0.9467
3720,AMC,neutral,0.9041
3721,AMC,neutral,0.7955
3722,AMZN,neutral,0.9357
3723,NFLX,neutral,0.8870
3724,NFLX,neutral,0.9175
3725,NFLX,neutral,0.7908
3726,AMZN,positive,0.8749
3727,NFLX,positive,0.9058
3728,AMC,neutral,0.9226
3729,NFLX,neutral,0.9081
3730,AMC,neutral,0.8795
3731,AMC,neutral,0.5522
3732,NFLX,positive,0.7315
3733,AMC,neutral,0.9253
3734,GME,neutral,0.9185
3735,AMZN,neutral,0.7908
3736,GOOGL,neutral,0.9409
3737,AMZN,neutral,0.9391
3738,AMZN,neutral,0.8509
3739,NFLX,neutral,0.9111
3740,AMC,negative,0.9575
3741,NFLX,neutral,0.8574
3742,AMZN,neutral,0.7986
3743,NFLX,neutral,0.6968
3744,NFLX,neutral,0.6200
3745,TSLA,neutral,0.9276
3746,NFLX,neutral,0.8301
3747,NFLX,neutral,0.8301
3748,AAPL,neutral,0.9466
3749,NFLX,neutral,0.5712
3750,NFLX,positive,0.7271
3751,AMC,neutral,0.8978
3752,NFLX,neutral,0.9322
3753,AMC,neutral,0.9355
3754,AMZN,neutral,0.7309
3755,NFLX,neutral,0.8741
3756,NFLX,positive,0.8710
3757,AMC,neutral,0.9471
3758,AMC,negative,0.6577
3759,NFLX,positive,0.9315
3760,NFLX,neutral,0.6117
3761,NFLX,neutral,0.7858
3762,NFLX,neutral,0.8936
3763,NFLX,positive,0.8491
3764,AAPL,positive,0.9327
3765,AAPL,positive,0.8258
3766,AMC,neutral,0.9392
3767,NFLX,neutral,0.9227
3768,NFLX,neutral,0.8879
3769,NFLX,positive,0.6174
3770,NFLX,positive,0.7564
3771,NFLX,neutral,0.7177
3772,AAPL,neutral,0.8717
3773,NFLX,neutral,0.8280
3774,AMC,neutral,0.9226
3775,NFLX,positive,0.8912
3776,AMC,neutral,0.9492
3777,NFLX,neutral,0.8667
3778,NFLX,positive,0.6125
3779,NFLX,positive,0.8192
3780,NVDA,neutral,0.9364
3781,AMZN,neutral,0.9040
3782,AMZN,neutral,0.9301
3783,NFLX,positive,0.5827
3784,GME,positive,0.8659
3785,CSCO,neutral,0.9343
3786,GME,neutral,0.7087
3787,GME,positive,0.8659
3788,AMC,neutral,0.9483
3789,AMC,neutral,0.8714
3790,NFLX,neutral,0.9337
3791,NFLX,neutral,0.8735
3792,GME,neutral,0.6708
3793,NFLX,neutral,0.8544
3794,AMZN,neutral,0.9409
3795,NFLX,neutral,0.8138
3796,AAPL,negative,0.6678
3797,NFLX,negative,0.9399
3798,NFLX,neutral,0.8698
3799,NFLX,negative,0.7108
3800,NFLX,neutral,0.9147
3801,TSLA,positive,0.9004
3802,NFLX,neutral,0.8886
3803,AMC,neutral,0.7319
3804,NFLX,neutral,0.9287
3805,NFLX,neutral,0.8664
3806,NFLX,positive,0.6526
3807,AMC,negative,0.9115
3808,AMC,neutral,0.9361
3809,NFLX,neutral,0.5723
3810,META,neutral,0.9366
3811,NFLX,neutral,0.8193
3812,NFLX,neutral,0.8650
3813,META,neutral,0.6726
3814,NFLX,neutral,0.8316
3815,NFLX,neutral,0.9245
3816,NFLX,neutral,0.9397
3817,NFLX,neutral,0.6777
3818,NFLX,neutral,0.9039
3819,TSLA,neutral,0.8481
3820,NFLX,neutral,0.9356
3821,NFLX,neutral,0.7693
3822,NFLX,positive,0.4755
3823,NFLX,neutral,0.9303
3824,META,neutral,0.9340
3825,AMZN,neutral,0.8944
3826,AMC,neutral,0.9491
3827,TSLA,neutral,0.8642
3828,MSFT,positive,0.8001
3829,MSFT,positive,0.6006
3830,MSFT,positive,0.7495
3831,AAPL,neutral,0.9500
3832,NVDA,neutral,0.8858
3833,AMC,neutral,0.9520
3834,MSFT,neutral,0.9300
3835,TSLA,positive,0.6666
3836,GME,neutral,0.9303
3837,AAPL,neutral,0.9485
3838,META,neutral,0.9283
3839,AAPL,positive,0.9456
3840,INTC,neutral,0.9518
3841,CSCO,neutral,0.9242
3842,GOOGL,neutral,0.9377
3843,ORCL,neutral,0.9536
3844,ORCL,neutral,0.9532
3845,AAPL,neutral,0.9482
3846,ADBE,neutral,0.9290
3847,AMZN,neutral,0.8547
3848,GME,neutral,0.7568
3849,GME,neutral,0.8680
3850,GME,positive,0.7091
3851,AMC,neutral,0.8891
3852,AMC,neutral,0.9504
3853,GME,neutral,0.6428
3854,AMC,neutral,0.8794
3855,AMC,negative,0.9266
3856,GME,neutral,0.8191
3857,AMC,neutral,0.8392
3858,AMC,neutral,0.9507
3859,AMC,neutral,0.9526
3860,GME,positive,0.5630
3861,GME,positive,0.8682
3862,AMC,negative,0.9254
3863,GME,neutral,0.7363
3864,GME,neutral,0.9522
3865,AMC,neutral,0.6092
3866,GME,neutral,0.8064
3867,GME,neutral,0.5278
3868,GME,neutral,0.7832
3869,GME,neutral,0.9475
3870,GME,neutral,0.9039
3871,GME,neutral,0.9104
3872,GME,neutral,0.9509
3873,GME,neutral,0.5659
3874,GME,neutral,0.6120
3875,GME,negative,0.9514
3876,GME,neutral,0.8602
3877,GME,neutral,0.9518
3878,GME,negative,0.8591
3879,GME,neutral,0.9513
3880,GME,neutral,0.9452
3881,AMC,neutral,0.9511
3882,GME,neutral,0.9518
3883,AAPL,neutral,0.9401
3884,TSLA,neutral,0.9415
3885,CSCO,neutral,0.8433
3886,MSFT,neutral,0.9518
3887,MSFT,neutral,0.9379
3888,TSLA,neutral,0.8246
3889,TSLA,neutral,0.8631
3890,AMC,neutral,0.9539
3891,NFLX,neutral,0.9277
3892,AAPL,neutral,0.9495
3893,GME,neutral,0.9303
3894,GME,neutral,0.7368
3895,GME,neutral,0.9231
3896,AMC,neutral,0.7861
3897,GME,positive,0.4151
3898,GME,neutral,0.9327
3899,GME,neutral,0.9209
3900,TSLA,negative,0.9445
3901,GME,neutral,0.9141
3902,GME,neutral,0.6241
3903,GME,neutral,0.8191
3904,AMC,positive,0.7993
3905,GME,neutral,0.9387
3906,AMC,neutral,0.8928
3907,AMC,neutral,0.8928
3908,AMC,neutral,0.9474
3909,GME,neutral,0.9192
3910,GME,neutral,0.8580
3911,AMC,neutral,0.5665
3912,GME,neutral,0.9206
3913,AMC,negative,0.9662
3914,GME,neutral,0.8697
3915,GME,positive,0.9115
3916,AMC,neutral,0.9079
3917,AMC,positive,0.5687
3918,AMC,negative,0.6814
3919,GME,positive,0.8276
3920,AMC,positive,0.8507
3921,GME,neutral,0.9380
3922,AMC,neutral,0.7028
3923,GME,neutral,0.8490
3924,GME,neutral,0.8966
3925,AMC,negative,0.4566
3926,GME,neutral,0.7538
3927,GME,neutral,0.9226
3928,AMC,positive,0.8786
3929,AMC,positive,0.9339
3930,AMC,neutral,0.8617
3931,GME,neutral,0.8562
3932,AMC,positive,0.9339
3933,GME,positive,0.6878
3934,GME,positive,0.9001
3935,GME,positive,0.7116
3936,TSLA,negative,0.9151
3937,GME,neutral,0.6153
3938,GME,negative,0.8183
3939,GME,positive,0.8682
3940,GME,positive,0.5630
3941,GME,neutral,0.6738
3942,GME,negative,0.9667
3943,GME,neutral,0.9449
3944,GME,neutral,0.6738
3945,GME,negative,0.8485
3946,GME,neutral,0.9520
3947,GME,positive,0.9200
3948,GME,positive,0.8907
3949,GME,negative,0.9278
3950,GME,neutral,0.9063
3951,GME,neutral,0.7949
3952,AMC,negative,0.9254
3953,GME,neutral,0.6478
3954,GME,neutral,0.9067
3955,AMC,positive,0.9462
3956,AMC,positive,0.9462
3957,TSLA,neutral,0.8912
3958,AMC,positive,0.4535
3959,AMC,neutral,0.9375
3960,GME,neutral,0.9269
3961,TSLA,negative,0.8335
3962,GME,neutral,0.9323
3963,GME,positive,0.9361
3964,GME,neutral,0.8551
3965,GME,neutral,0.9200
3966,GME,neutral,0.8457
3967,GME,negative,0.4359
3968,CRM,negative,0.5170
3969,GME,neutral,0.5252
3970,GME,positive,0.6541
3971,GME,positive,0.7750
3972,GME,neutral,0.9256
3973,GME,neutral,0.6974
3974,GME,neutral,0.9432
3975,GME,positive,0.7576
3976,GME,neutral,0.9332
3977,GME,positive,0.7789
3978,GME,neutral,0.9461
3979,GME,neutral,0.8387
3980,GME,neutral,0.8802
3981,GME,neutral,0.7047
3982,GME,neutral,0.4929
3983,GME,neutral,0.6984
3984,AMC,neutral,0.9406
3985,GME,neutral,0.9331
3986,GME,neutral,0.8960
3987,GME,neutral,0.3865
3988,GME,neutral,0.8698
3989,GME,neutral,0.8228
3990,GME,positive,0.8058
3991,GME,neutral,0.4918
3992,GME,negative,0.5437
3993,TSLA,negative,0.9648
3994,GME,neutral,0.9041
3995,GME,neutral,0.7016
3996,TSLA,negative,0.9648
3997,GME,negative,0.7996
3998,GME,negative,0.7348
3999,GME,neutral,0.8891
4000,GME,neutral,0.5629
4001,GME,neutral,0.6983
4002,GME,negative,0.5073
4003,GME,neutral,0.7013
4004,GME,positive,0.9064
4005,GME,negative,0.6274
4006,GME,negative,0.9568
4007,GME,neutral,0.8790
4008,GME,positive,0.9571
4009,GME,positive,0.4856
4010,GME,negative,0.9460
4011,GME,neutral,0.4975
4012,GME,negative,0.9539
4013,GME,neutral,0.8438
4014,GME,negative,0.8083
4015,GME,neutral,0.7766
4016,GME,neutral,0.8866
4017,AMC,neutral,0.9033
4018,GME,neutral,0.7469
4019,GME,neutral,0.6543
4020,GME,neutral,0.9166
4021,GME,negative,0.8684
4022,GME,neutral,0.4551
4023,GME,neutral,0.8086
4024,GME,negative,0.5085
4025,GME,negative,0.9659
4026,GME,positive,0.3808
4027,GME,neutral,0.9464
4028,GME,neutral,0.4849
4029,GME,neutral,0.9404
4030,GME,neutral,0.9298
4031,GME,neutral,0.9298
4032,GME,neutral,0.9437
4033,GME,neutral,0.6592
4034,GME,neutral,0.9110
4035,GME,neutral,0.9179
4036,GME,neutral,0.9009
4037,GME,negative,0.5739
4038,GME,negative,0.9424
4039,GME,neutral,0.9518
4040,GME,positive,0.9457
4041,GME,negative,0.9380
4042,GME,neutral,0.9495
4043,GME,negative,0.6667
4044,GME,neutral,0.6269
4045,GME,neutral,0.7108
4046,AMC,neutral,0.8974
4047,GME,neutral,0.7073
4048,GME,neutral,0.9329
4049,GME,neutral,0.7600
4050,GME,positive,0.7250
4051,GME,neutral,0.7306
4052,MSFT,neutral,0.9296
4053,GME,neutral,0.8651
4054,GME,neutral,0.9109
4055,GME,neutral,0.8786
4056,GME,neutral,0.9070
4057,GME,neutral,0.9291
4058,GME,negative,0.8695
4059,INTC,positive,0.9263
4060,INTC,positive,0.8625
4061,GME,neutral,0.8225
4062,GME,negative,0.9524
4063,INTC,positive,0.9322
4064,GME,negative,0.9498
4065,GME,negative,0.9717
4066,GME,negative,0.9113
4067,GME,negative,0.9741
4068,GME,negative,0.9570
4069,GME,positive,0.9319
4070,GME,neutral,0.9306
4071,GME,neutral,0.7700
4072,GME,neutral,0.9074
4073,GME,neutral,0.5888
4074,GME,neutral,0.9128
4075,GME,neutral,0.9074
4076,GME,neutral,0.9249
4077,GME,negative,0.7021
4078,GME,neutral,0.9228
4079,GME,neutral,0.8999
4080,GME,positive,0.8326
4081,GME,neutral,0.5789
4082,GME,neutral,0.8686
4083,GME,neutral,0.7736
4084,GME,neutral,0.7235
4085,GME,positive,0.9282
4086,GME,neutral,0.9314
4087,GME,negative,0.9604
4088,GME,neutral,0.8939
4089,GME,negative,0.8366
4090,GME,neutral,0.6126
4091,GME,neutral,0.8008
4092,GME,neutral,0.9516
4093,GME,positive,0.5184
4094,GME,neutral,0.9421
4095,GME,positive,0.9536
4096,GME,neutral,0.7639
4097,GME,neutral,0.8409
4098,GME,neutral,0.8203
4099,GME,neutral,0.5700
4100,GME,positive,0.5672
4101,GME,positive,0.9486
4102,GME,neutral,0.5672
4103,GME,positive,0.8183
4104,GME,positive,0.8743
4105,GME,positive,0.6139
4106,GME,neutral,0.9210
4107,GME,positive,0.9264
4108,GME,neutral,0.8438
4109,GME,neutral,0.9522
4110,GME,positive,0.7836
4111,GME,neutral,0.7363
4112,GME,neutral,0.8446
4113,GME,positive,0.9071
4114,GME,neutral,0.8379
4115,GME,neutral,0.9128
4116,GME,positive,0.5708
4117,GME,neutral,0.9524
4118,GME,neutral,0.8944
4119,GME,neutral,0.8900
4120,GME,neutral,0.6617
4121,GME,positive,0.8199
4122,GME,neutral,0.8930
4123,GME,neutral,0.8619
4124,GME,neutral,0.9444
4125,GME,neutral,0.8377
4126,GME,positive,0.5863
4127,GME,positive,0.8338
4128,GME,neutral,0.9135
4129,GME,neutral,0.6244
4130,GME,neutral,0.9265
4131,GME,neutral,0.9344
4132,AMC,negative,0.9539
4133,GME,neutral,0.9320
4134,AMC,positive,0.9225
4135,GME,neutral,0.8147
4136,GME,neutral,0.9481
4137,GME,positive,0.9276
4138,GME,positive,0.9383
4139,GME,positive,0.5673
4140,GME,neutral,0.8937
4141,GME,neutral,0.8937
4142,GME,neutral,0.7530
4143,GME,neutral,0.9268
4144,GME,neutral,0.9525
4145,GME,positive,0.9181
4146,GME,positive,0.6139
4147,GME,neutral,0.9116
4148,AMC,positive,0.5949
4149,GME,positive,0.9022
4150,GME,neutral,0.9177
4151,GME,neutral,0.7279
4152,GME,neutral,0.9504
4153,GME,positive,0.9058
4154,GME,neutral,0.5229
4155,GME,neutral,0.8087
4156,GME,neutral,0.5229
4157,AMC,neutral,0.6092
4158,GME,neutral,0.9480
4159,GME,neutral,0.9359
4160,GME,negative,0.9366
4161,GME,neutral,0.9113
4162,GME,neutral,0.7244
4163,GME,negative,0.7545
4164,AMC,neutral,0.8905
4165,GME,neutral,0.8021
4166,GME,negative,0.7247
4167,GME,neutral,0.9378
4168,GME,positive,0.5877
4169,GME,neutral,0.5347
4170,GME,neutral,0.9070
4171,GME,negative,0.9040
4172,GME,neutral,0.9292
4173,GME,neutral,0.9402
4174,AMC,negative,0.9563
4175,GME,negative,0.5875
4176,GME,positive,0.6752
4177,GME,neutral,0.9325
4178,AMC,neutral,0.8314
4179,GME,neutral,0.9184
4180,GME,neutral,0.8830
4181,GME,negative,0.6757
4182,GME,negative,0.6757
4183,GME,neutral,0.7964
4184,GME,neutral,0.7658
4185,GME,neutral,0.9086
4186,GME,negative,0.7774
4187,GME,neutral,0.8830
4188,GME,neutral,0.8935
4189,TSLA,neutral,0.5860
4190,GME,neutral,0.8932
4191,GME,neutral,0.9000
4192,GME,negative,0.6963
4193,GME,neutral,0.6325
4194,GME,positive,0.9088
4195,GME,neutral,0.8659
4196,AMC,neutral,0.9082
4197,GME,neutral,0.8630
4198,GME,neutral,0.7692
4199,AMZN,neutral,0.8894
4200,GME,neutral,0.9379
4201,TSLA,positive,0.4007
4202,GME,negative,0.7688
4203,GME,neutral,0.8631
4204,GME,neutral,0.8564
4205,GME,neutral,0.8608
4206,GME,neutral,0.9080
4207,GME,neutral,0.7269
4208,GME,neutral,0.8588
4209,GME,neutral,0.8761
4210,GME,positive,0.9369
4211,GME,neutral,0.9212
4212,GME,neutral,0.8761
4213,TSLA,neutral,0.8179
4214,GME,negative,0.6212
4215,GME,neutral,0.9348
4216,GME,positive,0.6724
4217,GME,positive,0.8619
4218,TSLA,neutral,0.6052
4219,GME,negative,0.8585
4220,GME,positive,0.5825
4221,AMC,neutral,0.8424
4222,GME,neutral,0.8476
4223,GME,positive,0.8701
4224,GME,neutral,0.8978
4225,GME,neutral,0.8978
4226,GME,neutral,0.7413
4227,GME,negative,0.8888
4228,GME,negative,0.9617
4229,AMC,neutral,0.8223
4230,GME,positive,0.4949
4231,GME,positive,0.7084
4232,GME,positive,0.9489
4233,AMC,neutral,0.8166
4234,GME,neutral,0.5252
4235,GME,positive,0.8659
4236,GME,neutral,0.9167
4237,GME,neutral,0.8776
4238,GME,neutral,0.7785
4239,GME,neutral,0.8733
4240,GME,neutral,0.7087
4241,GME,positive,0.7730
4242,GME,neutral,0.9149
4243,GME,negative,0.4880
4244,GME,positive,0.8591
4245,GME,neutral,0.8064
4246,GME,neutral,0.8510
4247,GME,negative,0.6950
4248,GME,neutral,0.9523
4249,GME,neutral,0.9485
4250,GME,neutral,0.8853
4251,META,neutral,0.6091
4252,GME,neutral,0.8742
4253,GME,neutral,0.5278
4254,GME,neutral,0.8511
4255,AMC,negative,0.9517
4256,GME,negative,0.9481
4257,AMC,neutral,0.9388
4258,GME,neutral,0.7673
4259,AMC,neutral,0.8714
4260,GME,neutral,0.9044
4261,AMC,negative,0.7703
4262,GME,neutral,0.8319
4263,TSLA,neutral,0.6969
4264,GME,negative,0.9302
4265,GME,negative,0.9697
4266,TSLA,neutral,0.8923
4267,GME,neutral,0.9086
4268,GME,neutral,0.9300
4269,GME,neutral,0.9272
4270,GOOGL,positive,0.7623
4271,GOOGL,positive,0.9328
4272,TSLA,neutral,0.8721
4273,AMC,neutral,0.5403
4274,GME,neutral,0.9134
4275,GOOGL,negative,0.5098
4276,AMZN,neutral,0.9265
4277,GME,neutral,0.7212
4278,AMZN,negative,0.9283
4279,GME,neutral,0.8805
4280,GME,positive,0.7079
4281,GME,neutral,0.9175
4282,GME,neutral,0.9335
4283,AMZN,positive,0.8767
4284,GME,neutral,0.9490
4285,GOOGL,positive,0.5816
4286,GME,neutral,0.8223
4287,GME,negative,0.9699
4288,GME,neutral,0.8395
4289,GME,neutral,0.8426
4290,GME,negative,0.9315
4291,GME,neutral,0.7031
4292,GME,neutral,0.9440
4293,AMZN,positive,0.9269
4294,AMZN,neutral,0.4869
4295,GME,neutral,0.8367
4296,GME,neutral,0.8525
4297,GME,negative,0.9691
4298,GME,negative,0.8409
4299,AMZN,positive,0.9269
4300,AMZN,positive,0.9385
4301,GME,neutral,0.8667
4302,GME,neutral,0.8803
4303,GME,negative,0.9155
4304,GME,neutral,0.7832
4305,GME,neutral,0.8602
4306,GME,neutral,0.9140
4307,GME,neutral,0.9502
4308,AMZN,positive,0.9358
4309,AMZN,positive,0.8763
4310,GME,negative,0.8834
4311,GME,negative,0.9617
4312,GME,negative,0.9461
4313,GME,negative,0.9521
4314,GME,positive,0.8651
4315,GME,neutral,0.9243
4316,GME,negative,0.7672
4317,GME,neutral,0.8892
4318,GME,negative,0.6825
4319,GME,neutral,0.9230
4320,GME,neutral,0.9373
4321,GME,positive,0.6007
4322,AMC,neutral,0.8608
4323,GME,negative,0.5005
4324,GME,neutral,0.9538
4325,GME,neutral,0.9475
4326,GME,neutral,0.9082
4327,AMC,neutral,0.8761
4328,AMC,neutral,0.8308
4329,GME,neutral,0.9132
4330,GME,positive,0.5340
4331,TSLA,positive,0.5102
4332,GME,negative,0.6520
4333,GME,neutral,0.8030
4334,GME,neutral,0.7449
4335,GME,neutral,0.5645
4336,GME,negative,0.8817
4337,AMZN,neutral,0.9229
4338,GME,neutral,0.8030
4339,AMZN,neutral,0.9000
4340,GME,neutral,0.7669
4341,GME,neutral,0.9150
4342,GME,neutral,0.9317
4343,GME,positive,0.9508
4344,GME,neutral,0.9361
4345,GME,neutral,0.7453
4346,GME,neutral,0.7844
4347,GME,neutral,0.6259
4348,AMC,positive,0.8884
4349,GME,neutral,0.9167
4350,GME,neutral,0.5645
4351,GME,negative,0.8616
4352,GME,negative,0.9635
4353,GME,negative,0.9635
4354,TSLA,negative,0.8612
4355,GME,neutral,0.5659
4356,GME,negative,0.9622
4357,GME,neutral,0.5839
4358,GME,neutral,0.9250
4359,GME,neutral,0.5887
4360,GME,neutral,0.8839
4361,GME,negative,0.9660
4362,GME,neutral,0.9104
4363,GME,neutral,0.9169
4364,GME,neutral,0.9305
4365,GME,positive,0.9079
4366,GME,neutral,0.9509
4367,GME,negative,0.9612
4368,TSLA,neutral,0.4673
4369,GME,neutral,0.8820
4370,GME,neutral,0.8820
4371,GME,neutral,0.6120
4372,GME,negative,0.9001
4373,GME,negative,0.8029
4374,GME,neutral,0.9342
4375,AMC,neutral,0.5236
4376,TSLA,positive,0.9394
4377,GME,neutral,0.8820
4378,AAPL,neutral,0.9007
4379,GME,negative,0.9081
4380,GME,negative,0.7113
4381,GME,neutral,0.7196
4382,GME,neutral,0.9484
4383,GME,positive,0.9276
4384,GME,positive,0.7334
4385,GME,positive,0.9276
4386,GME,positive,0.7657
4387,AMC,neutral,0.9324
4388,GME,positive,0.8496
4389,GME,negative,0.9188
4390,GME,neutral,0.8602
4391,GME,positive,0.6335
4392,GME,neutral,0.6442
4393,GME,neutral,0.9142
4394,GME,neutral,0.7990
4395,GME,neutral,0.8983
4396,GME,neutral,0.9206
4397,GME,positive,0.8775
4398,GME,neutral,0.5536
4399,GME,neutral,0.9518
4400,GME,neutral,0.9138
4401,GME,positive,0.8496
4402,GME,neutral,0.7717
4403,GME,negative,0.6246
4404,MSFT,neutral,0.9209
4405,NFLX,negative,0.9399
4406,GME,negative,0.9479
4407,GME,neutral,0.5327
4408,GME,neutral,0.6151
4409,GME,positive,0.4734
4410,GME,negative,0.9685
4411,GME,negative,0.5907
4412,AMC,neutral,0.9294
4413,GME,negative,0.8071
4414,MSFT,negative,0.9639
4415,GME,negative,0.8071
4416,GME,neutral,0.9399
4417,GME,neutral,0.9376
4418,GME,neutral,0.9513
4419,GME,positive,0.8580
4420,MSFT,positive,0.9292
4421,AAPL,neutral,0.9380
4422,GME,negative,0.9364
4423,GME,neutral,0.9355
4424,GME,neutral,0.9452
4425,GME,negative,0.8262
4426,GME,negative,0.8763
4427,GME,neutral,0.9132
4428,GME,positive,0.5397
4429,GME,neutral,0.5603
4430,GME,positive,0.4902
4431,GME,positive,0.7050
4432,GME,positive,0.6755
4433,GME,neutral,0.5882
4434,GME,neutral,0.9241
4435,GME,neutral,0.9517
4436,GME,negative,0.5301
4437,GME,negative,0.9642
4438,GME,neutral,0.5241
4439,GME,negative,0.3798
4440,GME,positive,0.9258
4441,GME,neutral,0.7463
4442,GME,positive,0.9141
4443,GME,neutral,0.9317
4444,GME,neutral,0.9518
4445,AMC,neutral,0.7319
4446,GME,positive,0.6733
4447,GME,neutral,0.8805
4448,GME,neutral,0.8209
4449,GME,neutral,0.6200
4450,GME,negative,0.5300
4451,GME,neutral,0.7884
4452,GME,positive,0.8787
4453,GME,neutral,0.9522
4454,AMC,positive,0.9034
4455,GME,negative,0.8543
4456,GME,negative,0.5437
4457,GME,positive,0.6317
4458,GME,neutral,0.4979
4459,GME,neutral,0.9526
4460,TSLA,neutral,0.8481
4461,GME,neutral,0.6313
4462,GME,neutral,0.9279
4463,GME,neutral,0.6886
4464,GME,positive,0.7097
4465,GME,neutral,0.9176
4466,GME,positive,0.9089
4467,GME,positive,0.8800
4468,GME,neutral,0.5067
4469,GME,neutral,0.9279
4470,GME,neutral,0.9506
4471,GME,positive,0.5370
4472,GME,neutral,0.8274
4473,GME,neutral,0.9337
4474,ADBE,neutral,0.9236
4475,TSLA,neutral,0.9336
4476,TSLA,neutral,0.9225
4477,GME,neutral,0.9291
4478,NVDA,neutral,0.9250
4479,NVDA,neutral,0.9392
4480,ORCL,neutral,0.9505
4481,ORCL,neutral,0.9537
4482,AMC,neutral,0.9511
4483,ORCL,neutral,0.9153
4484,TSLA,neutral,0.8019
4485,INTC,neutral,0.9498
4486,INTC,neutral,0.9496
4487,INTC,neutral,0.9506
4488,INTC,neutral,0.9521
4489,INTC,neutral,0.9499
4490,META,neutral,0.7062
4491,INTC,neutral,0.8665
4492,INTC,neutral,0.5940
4493,META,neutral,0.9310
4494,INTC,neutral,0.7984
4495,INTC,neutral,0.9453
4496,INTC,neutral,0.4423
4497,INTC,neutral,0.9512
4498,INTC,neutral,0.4626
4499,INTC,positive,0.8420
4500,INTC,negative,0.6948
4501,INTC,positive,0.7476
4502,INTC,neutral,0.9508
4503,INTC,positive,0.6789
4504,INTC,negative,0.8018
4505,INTC,negative,0.9469
4506,INTC,negative,0.5029
4507,INTC,positive,0.7287
4508,INTC,neutral,0.9501
4509,INTC,neutral,0.9317
4510,INTC,neutral,0.9450
4511,AAPL,positive,0.6408
4512,NVDA,negative,0.9593
4513,INTC,positive,0.9337
4514,INTC,neutral,0.8064
4515,INTC,neutral,0.5321
4516,INTC,neutral,0.6056
4517,NVDA,neutral,0.6402
4518,NVDA,neutral,0.9256
4519,INTC,positive,0.8645
4520,INTC,positive,0.6460
4521,INTC,neutral,0.9369
4522,INTC,neutral,0.9169
4523,INTC,positive,0.6299
4524,INTC,neutral,0.8587
4525,INTC,positive,0.6923
4526,INTC,negative,0.3595
4527,INTC,negative,0.4375
4528,INTC,neutral,0.8080
4529,INTC,positive,0.5773
4530,INTC,negative,0.7694
4531,INTC,positive,0.7754
4532,AAPL,neutral,0.9238
4533,INTC,positive,0.9066
4534,INTC,neutral,0.9507
4535,INTC,neutral,0.9470
4536,INTC,neutral,0.9522
4537,INTC,neutral,0.9244
4538,INTC,neutral,0.8131
4539,INTC,positive,0.9272
4540,INTC,neutral,0.5173
4541,INTC,neutral,0.9471
4542,INTC,neutral,0.8028
4543,INTC,negative,0.9218
4544,INTC,negative,0.8755
4545,INTC,neutral,0.9404
4546,INTC,neutral,0.9499
4547,INTC,neutral,0.9515
4548,INTC,neutral,0.5559
4549,INTC,neutral,0.9503
4550,INTC,neutral,0.9277
4551,NVDA,negative,0.9626
4552,INTC,neutral,0.9222
4553,INTC,neutral,0.9137
4554,META,positive,0.6199
4555,INTC,neutral,0.9450
4556,INTC,positive,0.7971
4557,AMZN,positive,0.7767
4558,INTC,positive,0.7326
4559,INTC,positive,0.7995
4560,INTC,neutral,0.9241
4561,INTC,neutral,0.8933
4562,NVDA,neutral,0.6175
4563,INTC,neutral,0.6425
4564,NVDA,neutral,0.7195
4565,INTC,neutral,0.9510
4566,INTC,neutral,0.9508
4567,INTC,neutral,0.9053
4568,INTC,negative,0.9711
4569,INTC,positive,0.6623
4570,INTC,positive,0.8365
4571,INTC,neutral,0.9261
4572,INTC,neutral,0.9373
4573,NVDA,neutral,0.8769
4574,INTC,neutral,0.9522
4575,AAPL,neutral,0.7769
4576,INTC,positive,0.5236
4577,INTC,neutral,0.9503
4578,INTC,neutral,0.9012
4579,INTC,neutral,0.9249
4580,NVDA,positive,0.7626
4581,INTC,neutral,0.8620
4582,META,neutral,0.6431
4583,META,neutral,0.5963
4584,NVDA,positive,0.6625
4585,INTC,negative,0.6666
4586,INTC,neutral,0.9276
4587,INTC,neutral,0.8467
4588,INTC,neutral,0.9543
4589,INTC,neutral,0.9321
4590,INTC,neutral,0.8580
4591,INTC,neutral,0.8855
4592,INTC,neutral,0.6227
4593,NVDA,positive,0.9453
4594,INTC,neutral,0.9484
4595,INTC,positive,0.9384
4596,INTC,neutral,0.9204
4597,INTC,neutral,0.8963
4598,INTC,neutral,0.6416
4599,INTC,neutral,0.9484
4600,INTC,neutral,0.9218
4601,INTC,negative,0.8705
4602,INTC,neutral,0.9175
4603,INTC,negative,0.6347
4604,INTC,neutral,0.9308
4605,INTC,neutral,0.9479
4606,INTC,neutral,0.9475
4607,INTC,negative,0.9666
4608,INTC,neutral,0.9528
4609,INTC,neutral,0.7809
4610,INTC,positive,0.6438
4611,INTC,neutral,0.9021
4612,INTC,negative,0.8542
4613,INTC,neutral,0.9499
4614,INTC,neutral,0.9462
4615,INTC,positive,0.7787
4616,INTC,neutral,0.8737
4617,INTC,negative,0.9514
4618,INTC,neutral,0.9294
4619,INTC,neutral,0.9426
4620,INTC,neutral,0.9300
4621,INTC,neutral,0.9420
4622,INTC,neutral,0.8883
4623,INTC,positive,0.8545
4624,INTC,neutral,0.8382
4625,NVDA,positive,0.5925
4626,INTC,neutral,0.9489
4627,AAPL,neutral,0.6608
4628,INTC,neutral,0.9291
4629,INTC,neutral,0.9354
4630,INTC,neutral,0.8899
4631,INTC,positive,0.7356
4632,AAPL,positive,0.5473
4633,INTC,neutral,0.9352
4634,NVDA,neutral,0.9215
4635,INTC,neutral,0.9197
4636,INTC,neutral,0.9376
4637,NVDA,neutral,0.9389
4638,AAPL,negative,0.6256
4639,NVDA,positive,0.8223
4640,INTC,neutral,0.7559
4641,INTC,positive,0.4920
4642,INTC,neutral,0.9343
4643,INTC,neutral,0.7719
4644,INTC,neutral,0.9138
4645,INTC,neutral,0.9414
4646,INTC,positive,0.8939
4647,INTC,positive,0.9377
4648,INTC,neutral,0.9361
4649,MSFT,neutral,0.8600
4650,AMZN,neutral,0.9270
4651,NVDA,positive,0.8206
4652,NVDA,neutral,0.8676
4653,INTC,positive,0.9507
4654,NVDA,neutral,0.7750
4655,INTC,neutral,0.9124
4656,INTC,neutral,0.6907
4657,INTC,neutral,0.9390
4658,NVDA,negative,0.6836
4659,GOOGL,negative,0.9269
4660,AAPL,neutral,0.5339
4661,NVDA,negative,0.9593
4662,INTC,negative,0.6751
4663,NVDA,negative,0.5781
4664,NVDA,negative,0.8459
4665,INTC,neutral,0.9308
4666,INTC,neutral,0.9308
4667,INTC,neutral,0.9343
4668,AAPL,neutral,0.6605
4669,INTC,neutral,0.8397
4670,INTC,negative,0.9243
4671,INTC,neutral,0.9470
4672,INTC,neutral,0.9137
4673,INTC,positive,0.5009
4674,INTC,neutral,0.7098
4675,INTC,positive,0.5707
4676,INTC,neutral,0.9514
4677,INTC,positive,0.9556
4678,INTC,neutral,0.9449
4679,INTC,neutral,0.5802
4680,INTC,neutral,0.9530
4681,INTC,neutral,0.9243
4682,INTC,neutral,0.9457
4683,INTC,neutral,0.9402
4684,INTC,neutral,0.6072
4685,NVDA,neutral,0.9049
4686,NVDA,neutral,0.6733
4687,GOOGL,negative,0.9061
4688,INTC,neutral,0.9428
4689,INTC,neutral,0.8886
4690,INTC,neutral,0.5955
4691,INTC,negative,0.8246
4692,INTC,neutral,0.9505
4693,INTC,neutral,0.9182
4694,INTC,neutral,0.8819
4695,INTC,positive,0.9445
4696,NVDA,positive,0.8814
4697,NVDA,neutral,0.8379
4698,TSLA,positive,0.8505
4699,TSLA,positive,0.8505
4700,NVDA,neutral,0.9249
4701,INTC,neutral,0.8866
4702,INTC,neutral,0.9230
4703,INTC,neutral,0.6413
4704,INTC,negative,0.5291
4705,INTC,negative,0.7193
4706,INTC,positive,0.8093
4707,INTC,negative,0.9041
4708,INTC,neutral,0.6751
4709,INTC,neutral,0.6751
4710,INTC,neutral,0.7582
4711,NVDA,neutral,0.9429
4712,NVDA,neutral,0.9107
4713,NVDA,neutral,0.9332
4714,INTC,neutral,0.9530
4715,NVDA,neutral,0.9371
4716,INTC,neutral,0.9384
4717,AAPL,neutral,0.8392
4718,INTC,neutral,0.9486
4719,INTC,neutral,0.9149
4720,INTC,neutral,0.9383
4721,INTC,neutral,0.9504
4722,INTC,neutral,0.9447
4723,NVDA,neutral,0.7453
4724,INTC,neutral,0.9423
4725,INTC,negative,0.8999
4726,INTC,positive,0.9465
4727,INTC,negative,0.9264
4728,INTC,positive,0.9465
4729,NVDA,neutral,0.8637
4730,INTC,neutral,0.9331
4731,INTC,neutral,0.9448
4732,TSLA,neutral,0.9481
4733,INTC,positive,0.6747
4734,INTC,neutral,0.9320
4735,INTC,neutral,0.9412
4736,INTC,negative,0.8754
4737,AAPL,positive,0.9199
4738,INTC,neutral,0.9090
4739,GOOGL,neutral,0.7650
4740,INTC,neutral,0.9347
4741,IBM,neutral,0.8529
4742,INTC,neutral,0.9211
4743,INTC,neutral,0.8948
4744,INTC,neutral,0.8787
4745,AAPL,neutral,0.7960
4746,INTC,neutral,0.9457
4747,INTC,neutral,0.9450
4748,INTC,neutral,0.9204
4749,INTC,positive,0.8717
4750,INTC,positive,0.8717
4751,INTC,neutral,0.8616
4752,NVDA,neutral,0.9289
4753,INTC,neutral,0.7404
4754,INTC,positive,0.8132
4755,INTC,neutral,0.9009
4756,TSLA,neutral,0.7264
4757,INTC,neutral,0.6905
4758,INTC,neutral,0.9480
4759,INTC,negative,0.8669
4760,INTC,negative,0.6757
4761,INTC,positive,0.8338
4762,INTC,neutral,0.9500
4763,INTC,neutral,0.9479
4764,INTC,negative,0.9559
4765,INTC,positive,0.6618
4766,INTC,negative,0.8669
4767,INTC,neutral,0.7543
4768,INTC,neutral,0.9514
4769,INTC,positive,0.7927
4770,INTC,neutral,0.9494
4771,INTC,neutral,0.9504
4772,INTC,neutral,0.9383
4773,INTC,positive,0.7191
4774,INTC,neutral,0.9036
4775,INTC,negative,0.9586
4776,INTC,negative,0.9586
4777,IBM,neutral,0.9066
4778,NVDA,positive,0.8888
4779,INTC,positive,0.6526
4780,NVDA,positive,0.9477
4781,INTC,neutral,0.8932
4782,NVDA,neutral,0.9370
4783,IBM,neutral,0.9487
4784,INTC,neutral,0.9465
4785,INTC,neutral,0.9289
4786,INTC,neutral,0.9345
4787,INTC,neutral,0.9457
4788,NVDA,negative,0.8692
4789,INTC,neutral,0.7424
4790,INTC,neutral,0.9538
4791,INTC,neutral,0.9419
4792,INTC,neutral,0.9518
4793,INTC,neutral,0.7719
4794,INTC,neutral,0.9115
4795,INTC,neutral,0.9115
4796,INTC,neutral,0.7734
4797,INTC,neutral,0.9502
4798,NVDA,neutral,0.7124
4799,NVDA,neutral,0.7158
4800,INTC,neutral,0.9475
4801,INTC,neutral,0.7434
4802,INTC,neutral,0.9458
4803,INTC,neutral,0.9137
4804,MSFT,neutral,0.9527
4805,INTC,neutral,0.7229
4806,INTC,neutral,0.9514
4807,INTC,positive,0.7019
4808,INTC,neutral,0.9465
4809,INTC,neutral,0.7991
4810,INTC,neutral,0.9301
4811,INTC,neutral,0.9400
4812,INTC,positive,0.6354
4813,INTC,neutral,0.9481
4814,INTC,neutral,0.9410
4815,GOOGL,positive,0.9153
4816,NVDA,neutral,0.8764
4817,GOOGL,positive,0.7924
4818,INTC,neutral,0.9516
4819,INTC,neutral,0.9492
4820,INTC,neutral,0.8692
4821,INTC,neutral,0.9387
4822,INTC,neutral,0.6021
4823,INTC,positive,0.7331
4824,INTC,positive,0.5402
4825,INTC,positive,0.7484
4826,NVDA,neutral,0.8895
4827,NVDA,neutral,0.5166
4828,INTC,negative,0.8533
4829,NVDA,neutral,0.9322
4830,AAPL,neutral,0.9175
4831,INTC,neutral,0.9504
4832,INTC,neutral,0.6914
4833,INTC,neutral,0.9273
4834,AAPL,neutral,0.8068
4835,GOOGL,positive,0.6667
4836,INTC,neutral,0.8566
4837,NVDA,negative,0.9636
4838,NFLX,neutral,0.6263
4839,NVDA,negative,0.9636
4840,INTC,neutral,0.8698
4841,INTC,neutral,0.9329
4842,INTC,neutral,0.9470
4843,INTC,positive,0.8076
4844,INTC,neutral,0.6090
4845,INTC,neutral,0.9310
4846,INTC,negative,0.5694
4847,INTC,neutral,0.9471
4848,INTC,neutral,0.9175
4849,INTC,positive,0.8976
4850,NVDA,positive,0.4991
4851,INTC,neutral,0.9499
4852,INTC,neutral,0.9008
4853,INTC,neutral,0.9018
4854,NVDA,positive,0.8790
4855,INTC,negative,0.9566
4856,CRM,neutral,0.9337
4857,TSLA,negative,0.8393
4858,INTC,neutral,0.9475
4859,INTC,neutral,0.9399
4860,INTC,neutral,0.9503
4861,INTC,negative,0.4236
4862,NVDA,neutral,0.8686
4863,INTC,positive,0.8966
4864,INTC,negative,0.7874
4865,AAPL,neutral,0.8891
4866,INTC,neutral,0.9482
4867,INTC,neutral,0.9362
4868,AAPL,neutral,0.9140
4869,INTC,neutral,0.9216
4870,INTC,neutral,0.9375
4871,INTC,positive,0.7587
4872,INTC,positive,0.6675
4873,NVDA,negative,0.8509
4874,INTC,neutral,0.7955
4875,INTC,neutral,0.9445
4876,INTC,neutral,0.9499
4877,INTC,neutral,0.9502
4878,IBM,positive,0.8568
4879,NVDA,neutral,0.9335
4880,INTC,neutral,0.9442
4881,INTC,neutral,0.9281
4882,INTC,negative,0.9550
4883,INTC,neutral,0.9287
4884,INTC,negative,0.5773
4885,INTC,neutral,0.9513
4886,INTC,positive,0.8567
4887,INTC,neutral,0.9138
4888,CRM,neutral,0.9481
4889,INTC,neutral,0.9531
4890,INTC,neutral,0.9196
4891,INTC,positive,0.6549
4892,AAPL,neutral,0.9153
4893,INTC,positive,0.6999
4894,INTC,positive,0.6957
4895,INTC,neutral,0.9354
4896,INTC,negative,0.6684
4897,INTC,positive,0.9295
4898,INTC,neutral,0.4951
4899,AMZN,positive,0.6829
4900,INTC,positive,0.6267
4901,NVDA,negative,0.8667
4902,NVDA,neutral,0.8736
4903,INTC,neutral,0.9153
4904,INTC,positive,0.5442
4905,INTC,negative,0.9715
4906,INTC,negative,0.8403
4907,INTC,neutral,0.9017
4908,INTC,neutral,0.9249
4909,INTC,positive,0.9280
4910,INTC,positive,0.9115
4911,INTC,negative,0.9249
4912,INTC,neutral,0.7565
4913,INTC,neutral,0.6765
4914,INTC,neutral,0.9510
4915,INTC,neutral,0.9224
4916,INTC,positive,0.5206
4917,INTC,neutral,0.9428
4918,INTC,positive,0.8909
4919,INTC,neutral,0.9403
4920,INTC,neutral,0.7829
4921,INTC,positive,0.9496
4922,INTC,neutral,0.8399
4923,INTC,neutral,0.9303
4924,INTC,positive,0.8848
4925,INTC,positive,0.9297
4926,INTC,neutral,0.9308
4927,NVDA,neutral,0.6533
4928,INTC,neutral,0.9436
4929,INTC,neutral,0.5642
4930,INTC,neutral,0.7011
4931,INTC,positive,0.7931
4932,INTC,neutral,0.9331
4933,AAPL,negative,0.4996
4934,INTC,neutral,0.9365
4935,AAPL,negative,0.4996
4936,TSLA,negative,0.9687
4937,INTC,neutral,0.8773
4938,AAPL,positive,0.8243
4939,INTC,neutral,0.9381
4940,INTC,neutral,0.9137
4941,INTC,neutral,0.5517
4942,INTC,neutral,0.8603
4943,INTC,neutral,0.9122
4944,NVDA,positive,0.7785
4945,INTC,neutral,0.9488
4946,INTC,neutral,0.4973
4947,INTC,neutral,0.9516
4948,INTC,neutral,0.9357
4949,INTC,negative,0.8320
4950,INTC,neutral,0.9511
4951,INTC,neutral,0.9375
4952,INTC,positive,0.5309
4953,INTC,neutral,0.8348
4954,INTC,neutral,0.6925
4955,INTC,neutral,0.6666
4956,INTC,positive,0.8885
4957,INTC,neutral,0.9480
4958,INTC,positive,0.8494
4959,INTC,neutral,0.9419
4960,INTC,positive,0.5350
4961,INTC,positive,0.7942
4962,INTC,neutral,0.9002
4963,INTC,neutral,0.9472
4964,INTC,neutral,0.9229
4965,INTC,neutral,0.9292
4966,INTC,neutral,0.8162
4967,INTC,positive,0.7601
4968,INTC,positive,0.7225
4969,INTC,neutral,0.8829
4970,INTC,neutral,0.9375
4971,NVDA,neutral,0.8572
4972,INTC,neutral,0.4841
4973,INTC,neutral,0.9175
4974,INTC,neutral,0.9379
4975,INTC,negative,0.5107
4976,INTC,neutral,0.8427
4977,INTC,neutral,0.9504
4978,INTC,neutral,0.9524
4979,INTC,neutral,0.8228
4980,INTC,neutral,0.9393
4981,INTC,positive,0.9263
4982,INTC,positive,0.8625
4983,INTC,positive,0.9268
4984,INTC,positive,0.9039
4985,INTC,positive,0.9322
4986,INTC,negative,0.9669
4987,INTC,positive,0.5099
4988,INTC,positive,0.6329
4989,INTC,negative,0.9645
4990,INTC,negative,0.9371
4991,INTC,negative,0.9371
4992,TSLA,positive,0.7370
4993,INTC,negative,0.8809
4994,NVDA,positive,0.9366
4995,INTC,neutral,0.6132
4996,AAPL,neutral,0.8926
4997,NVDA,neutral,0.9143
4998,INTC,neutral,0.9465
4999,INTC,positive,0.5296
5000,INTC,positive,0.7842
5001,INTC,neutral,0.9195
5002,INTC,neutral,0.9486
5003,INTC,positive,0.6633
5004,INTC,neutral,0.9477
5005,AAPL,negative,0.6245
5006,INTC,positive,0.6710
5007,INTC,neutral,0.9482
5008,INTC,neutral,0.9482
5009,INTC,negative,0.9524
5010,INTC,neutral,0.5385
5011,INTC,neutral,0.9288
5012,INTC,neutral,0.9440
5013,INTC,neutral,0.9162
5014,INTC,neutral,0.8388
5015,INTC,positive,0.5350
5016,NVDA,positive,0.9529
5017,INTC,neutral,0.8252
5018,INTC,positive,0.5843
5019,INTC,neutral,0.9437
5020,AAPL,neutral,0.7173
5021,INTC,neutral,0.9423
5022,INTC,neutral,0.9165
5023,NVDA,positive,0.8985
5024,INTC,neutral,0.8569
5025,INTC,neutral,0.6737
5026,INTC,neutral,0.6737
5027,INTC,positive,0.5669
5028,INTC,neutral,0.9485
5029,INTC,negative,0.9416
5030,INTC,neutral,0.9482
5031,INTC,neutral,0.9286
5032,INTC,positive,0.9256
5033,INTC,neutral,0.9488
5034,INTC,neutral,0.6573
5035,INTC,neutral,0.7699
5036,INTC,neutral,0.9241
5037,INTC,neutral,0.9334
5038,INTC,positive,0.7605
5039,INTC,neutral,0.9137
5040,INTC,neutral,0.9352
5041,INTC,neutral,0.9107
5042,INTC,neutral,0.7777
5043,AMZN,neutral,0.9409
5044,INTC,positive,0.9243
5045,INTC,negative,0.9397
5046,INTC,neutral,0.9170
5047,AAPL,positive,0.9391
5048,AAPL,positive,0.9391
5049,INTC,positive,0.9471
5050,INTC,neutral,0.7127
5051,INTC,positive,0.9073
5052,INTC,neutral,0.9503
5053,INTC,neutral,0.9486
5054,INTC,positive,0.6063
5055,INTC,neutral,0.9518
5056,INTC,neutral,0.8519
5057,INTC,negative,0.9623
5058,INTC,neutral,0.9509
5059,INTC,negative,0.9623
5060,INTC,negative,0.9427
5061,INTC,neutral,0.9518
5062,INTC,neutral,0.9017
5063,INTC,negative,0.9657
5064,CRM,neutral,0.9464
5065,INTC,negative,0.9657
5066,INTC,neutral,0.9521
5067,INTC,negative,0.7073
5068,INTC,negative,0.9654
5069,INTC,negative,0.9662
5070,INTC,neutral,0.5087
5071,INTC,neutral,0.8840
5072,INTC,negative,0.8682
5073,INTC,neutral,0.9001
5074,INTC,positive,0.8857
5075,INTC,positive,0.9470
5076,INTC,neutral,0.9403
5077,INTC,positive,0.8874
5078,INTC,neutral,0.9280
5079,INTC,neutral,0.8028
5080,INTC,neutral,0.9253
5081,INTC,neutral,0.9435
5082,INTC,neutral,0.9230
5083,INTC,negative,0.9176
5084,NVDA,neutral,0.8505
5085,INTC,negative,0.9176
5086,INTC,negative,0.9176
5087,INTC,negative,0.9176
5088,INTC,neutral,0.9345
5089,INTC,positive,0.6408
5090,INTC,neutral,0.9419
5091,AAPL,negative,0.9186
5092,INTC,neutral,0.8589
5093,INTC,neutral,0.9484
5094,INTC,neutral,0.7749
5095,INTC,positive,0.5350
5096,INTC,neutral,0.6286
5097,TSLA,neutral,0.8481
5098,INTC,neutral,0.9526
5099,INTC,neutral,0.7611
5100,INTC,neutral,0.9547
5101,INTC,neutral,0.6087
5102,INTC,negative,0.4263
5103,INTC,neutral,0.9544
5104,INTC,positive,0.9012
5105,NVDA,positive,0.8504
5106,INTC,neutral,0.9135
5107,INTC,neutral,0.9452
5108,INTC,positive,0.7303
5109,INTC,positive,0.7504
5110,INTC,neutral,0.6751
5111,INTC,positive,0.8510
5112,INTC,neutral,0.6044
5113,INTC,neutral,0.8591
5114,INTC,neutral,0.9526
5115,INTC,neutral,0.8246
5116,INTC,neutral,0.8246
5117,INTC,neutral,0.9219
5118,INTC,positive,0.9406
5119,AAPL,neutral,0.5278
5120,INTC,negative,0.9415
5121,INTC,neutral,0.8331
5122,INTC,positive,0.8472
5123,INTC,neutral,0.9408
5124,INTC,neutral,0.8146
5125,INTC,neutral,0.9400
5126,INTC,neutral,0.6277
5127,INTC,neutral,0.8558
5128,NVDA,positive,0.8931
5129,NVDA,negative,0.8309
5130,NVDA,positive,0.7619
5131,NVDA,positive,0.9449
5132,NVDA,positive,0.9342
5133,NVDA,positive,0.6557
5134,AMZN,neutral,0.9306
5135,AMZN,neutral,0.8797
5136,AMZN,positive,0.7829
5137,AMZN,neutral,0.6779
5138,CSCO,neutral,0.9350
5139,TSLA,neutral,0.5923
5140,AMZN,negative,0.8426
5141,AMZN,neutral,0.7164
5142,AAPL,negative,0.9672
5143,AAPL,negative,0.9672
5144,AAPL,negative,0.9382
5145,AMZN,neutral,0.8269
5146,AMC,neutral,0.8834
5147,TSLA,neutral,0.8642
5148,AMZN,negative,0.9535
5149,AMZN,neutral,0.8945
5150,GOOGL,negative,0.9342
5151,TSLA,neutral,0.9352
5152,TSLA,neutral,0.6034
5153,TSLA,neutral,0.4704
5154,GOOGL,positive,0.6040
5155,CRM,neutral,0.9365
5156,NVDA,neutral,0.9517
5157,AAPL,neutral,0.9467
5158,INTC,neutral,0.9516
5159,ORCL,neutral,0.9429
5160,TSLA,neutral,0.8687
5161,GME,neutral,0.9291
5162,ORCL,neutral,0.8869
5163,TSLA,neutral,0.9443
5164,TSLA,positive,0.8288
5165,NFLX,neutral,0.9365
5166,AAPL,neutral,0.9441
5167,META,neutral,0.8589
5168,TSLA,neutral,0.8430
5169,TSLA,neutral,0.8896
5170,TSLA,neutral,0.8231
5171,AAPL,neutral,0.9521
5172,TSLA,negative,0.9363
5173,META,neutral,0.9311
5174,TSLA,positive,0.6042
5175,TSLA,positive,0.8555
5176,TSLA,negative,0.5289
5177,TSLA,positive,0.9078
5178,TSLA,neutral,0.5711
5179,TSLA,positive,0.6335
5180,TSLA,positive,0.9183
5181,INTC,neutral,0.8397
5182,AMC,neutral,0.9523
5183,TSLA,neutral,0.9037
5184,TSLA,negative,0.9612
5185,TSLA,neutral,0.7970
5186,TSLA,neutral,0.6737
5187,TSLA,neutral,0.8622
5188,TSLA,neutral,0.5953
5189,AMC,neutral,0.9517
5190,NVDA,neutral,0.6120
5191,NVDA,neutral,0.6120
5192,TSLA,neutral,0.9385
5193,TSLA,negative,0.9699
5194,TSLA,negative,0.9699
5195,TSLA,positive,0.8505
5196,TSLA,neutral,0.7542
5197,AMC,neutral,0.9189
5198,TSLA,neutral,0.9295
5199,TSLA,neutral,0.8962
5200,AMC,neutral,0.9526
5201,TSLA,positive,0.9001
5202,AAPL,neutral,0.9503
5203,TSLA,negative,0.7993
5204,AMC,neutral,0.9487
5205,TSLA,neutral,0.8968
5206,TSLA,neutral,0.9297
5207,TSLA,neutral,0.8726
5208,TSLA,neutral,0.8766
5209,TSLA,negative,0.9491
5210,TSLA,neutral,0.6186
5211,TSLA,neutral,0.6620
5212,TSLA,neutral,0.9317
5213,TSLA,positive,0.7838
5214,TSLA,positive,0.7883
5215,TSLA,neutral,0.9309
5216,TSLA,positive,0.8092
5217,AAPL,neutral,0.9493
5218,TSLA,positive,0.8092
5219,GOOGL,neutral,0.9290
5220,TSLA,neutral,0.6575
5221,AAPL,neutral,0.9503
5222,TSLA,neutral,0.7201
5223,TSLA,neutral,0.7264
5224,TSLA,neutral,0.9182
5225,AMC,neutral,0.9535
5226,TSLA,positive,0.8352
5227,TSLA,positive,0.6743
5228,TSLA,negative,0.5253
5229,TSLA,neutral,0.8436
5230,AMC,neutral,0.9532
5231,TSLA,positive,0.8772
5232,AMC,neutral,0.9513
5233,TSLA,positive,0.9180
5234,TSLA,positive,0.5432
5235,TSLA,negative,0.9563
5236,AMC,neutral,0.9531
5237,TSLA,neutral,0.8287
5238,TSLA,neutral,0.9091
5239,TSLA,neutral,0.5183
5240,TSLA,neutral,0.5900
5241,TSLA,neutral,0.5900
5242,TSLA,neutral,0.6996
5243,TSLA,neutral,0.9225
5244,AMC,neutral,0.9525
5245,TSLA,neutral,0.7524
5246,AMC,neutral,0.9506
5247,TSLA,neutral,0.9002
5248,TSLA,neutral,0.8533
5249,TSLA,neutral,0.9235
5250,META,neutral,0.9222
5251,TSLA,neutral,0.8218
5252,TSLA,neutral,0.7029
5253,AMC,neutral,0.9527
5254,TSLA,positive,0.5265
5255,TSLA,positive,0.9396
5256,TSLA,neutral,0.9378
5257,TSLA,neutral,0.7753
5258,AMC,neutral,0.9515
5259,AAPL,neutral,0.8068
5260,AMC,neutral,0.9521
5261,TSLA,neutral,0.9150
5262,AMC,neutral,0.9527
5263,TSLA,positive,0.8303
5264,TSLA,neutral,0.4952
5265,AMC,neutral,0.9511
5266,AMZN,neutral,0.9282
5267,TSLA,neutral,0.7480
5268,TSLA,neutral,0.8849
5269,TSLA,neutral,0.8510
5270,TSLA,positive,0.9222
5271,AMC,neutral,0.9516
5272,TSLA,positive,0.7124
5273,TSLA,negative,0.9491
5274,TSLA,neutral,0.5597
5275,TSLA,negative,0.9729
5276,TSLA,negative,0.7363
5277,TSLA,neutral,0.7769
5278,TSLA,neutral,0.7289
5279,AMC,neutral,0.9509
5280,TSLA,positive,0.8748
5281,AMC,neutral,0.9519
5282,TSLA,neutral,0.9359
5283,TSLA,positive,0.9431
5284,AMC,neutral,0.9471
5285,TSLA,neutral,0.8758
5286,TSLA,positive,0.8531
5287,AMC,neutral,0.9529
5288,TSLA,neutral,0.7909
5289,NVDA,positive,0.8578
5290,AMC,neutral,0.9534
5291,TSLA,neutral,0.8795
5292,AMC,neutral,0.9535
5293,TSLA,neutral,0.8213
5294,TSLA,neutral,0.9102
5295,AMC,neutral,0.9540
5296,TSLA,neutral,0.8916
5297,TSLA,positive,0.9254
5298,AMC,neutral,0.9530
5299,TSLA,positive,0.5801
5300,TSLA,neutral,0.9078
5301,AAPL,neutral,0.9501
5302,TSLA,negative,0.6251
5303,TSLA,neutral,0.7784
5304,TSLA,neutral,0.8768
5305,TSLA,neutral,0.7784
5306,AMC,neutral,0.9535
5307,TSLA,positive,0.9032
5308,TSLA,neutral,0.5735
5309,AMC,neutral,0.9509
5310,AAPL,neutral,0.9535
5311,TSLA,negative,0.4826
5312,AMC,neutral,0.9536
5313,TSLA,neutral,0.8982
5314,TSLA,neutral,0.8596
5315,AAPL,neutral,0.9519
5316,TSLA,neutral,0.5033
5317,TSLA,neutral,0.8744
5318,TSLA,neutral,0.9291
5319,AMC,neutral,0.9512
5320,TSLA,neutral,0.9352
5321,TSLA,neutral,0.6553
5322,TSLA,positive,0.9341
5323,AMC,neutral,0.9502
5324,AMC,neutral,0.9519
5325,TSLA,positive,0.7859
5326,TSLA,neutral,0.9205
5327,AAPL,neutral,0.9517
5328,INTC,neutral,0.8475
5329,TSLA,neutral,0.9273
5330,TSLA,positive,0.8685
5331,TSLA,neutral,0.7870
5332,AMC,neutral,0.9535
5333,GME,neutral,0.9518
5334,TSLA,positive,0.9095
5335,TSLA,neutral,0.8606
5336,TSLA,neutral,0.8965
5337,AAPL,neutral,0.9489
5338,AAPL,neutral,0.9525
5339,TSLA,neutral,0.8933
5340,TSLA,neutral,0.8883
5341,TSLA,neutral,0.9366
5342,AAPL,neutral,0.9521
5343,TSLA,negative,0.9501
5344,TSLA,neutral,0.8777
5345,TSLA,neutral,0.9231
5346,AMC,neutral,0.9517
5347,TSLA,negative,0.9707
5348,TSLA,negative,0.4915
5349,AMC,neutral,0.9519
5350,TSLA,negative,0.9325
5351,TSLA,neutral,0.6030
5352,AMC,neutral,0.9522
5353,TSLA,neutral,0.6612
5354,TSLA,negative,0.8254
5355,TSLA,neutral,0.8256
5356,TSLA,neutral,0.7185
5357,AMC,neutral,0.9535
5358,AMC,neutral,0.9514
5359,TSLA,neutral,0.9310
5360,TSLA,positive,0.5913
5361,AMC,neutral,0.9493
5362,AAPL,neutral,0.9515
5363,TSLA,neutral,0.9167
5364,AMC,neutral,0.9531
5365,AMC,neutral,0.9487
5366,TSLA,positive,0.7446
5367,TSLA,positive,0.7446
5368,TSLA,positive,0.7446
5369,TSLA,negative,0.9463
5370,TSLA,negative,0.9635
5371,GME,neutral,0.9524
5372,TSLA,negative,0.9228
5373,AAPL,neutral,0.9519
5374,TSLA,neutral,0.9206
5375,AAPL,neutral,0.9499
5376,AAPL,neutral,0.9449
5377,AMC,neutral,0.9458
5378,AMC,neutral,0.9509
5379,GME,neutral,0.9525
5380,TSLA,neutral,0.9016
5381,AMC,neutral,0.9507
5382,TSLA,neutral,0.8736
5383,AMZN,neutral,0.9473
5384,TSLA,neutral,0.8383
5385,AAPL,neutral,0.9519
5386,TSLA,neutral,0.9146
5387,TSLA,positive,0.7230
5388,TSLA,negative,0.8881
5389,TSLA,neutral,0.7179
5390,NVDA,neutral,0.9325
5391,TSLA,positive,0.5517
5392,TSLA,positive,0.5578
5393,TSLA,positive,0.9049
5394,TSLA,positive,0.9416
5395,TSLA,neutral,0.8400
5396,TSLA,neutral,0.8999
5397,TSLA,positive,0.7892
5398,TSLA,negative,0.9340
5399,TSLA,neutral,0.8946
5400,TSLA,positive,0.7180
5401,AAPL,neutral,0.8437
5402,TSLA,neutral,0.8361
5403,TSLA,negative,0.5493
5404,TSLA,neutral,0.8339
5405,TSLA,neutral,0.9359
5406,TSLA,neutral,0.5051
5407,TSLA,positive,0.9004
5408,TSLA,neutral,0.9164
5409,AMC,neutral,0.9523
5410,TSLA,neutral,0.8982
5411,AMC,neutral,0.9527
5412,AMC,neutral,0.9513
5413,TSLA,neutral,0.7788
5414,TSLA,neutral,0.7884
5415,GME,neutral,0.9522
5416,TSLA,neutral,0.6904
5417,TSLA,neutral,0.9169
5418,AAPL,neutral,0.9504
5419,TSLA,neutral,0.7590
5420,TSLA,neutral,0.9325
5421,META,neutral,0.9340
5422,AAPL,neutral,0.9519
5423,NVDA,neutral,0.9512
5424,AAPL,neutral,0.9497
5425,TSLA,positive,0.9256
5426,NVDA,neutral,0.9524
5427,TSLA,neutral,0.8547
5428,TSLA,neutral,0.8927
5429,GME,neutral,0.9506
5430,TSLA,neutral,0.9403
5431,NVDA,negative,0.6136
5432,TSLA,neutral,0.8700
5433,TSLA,neutral,0.7567
5434,TSLA,neutral,0.8883
5435,TSLA,neutral,0.9364
5436,TSLA,neutral,0.8564
5437,AMC,neutral,0.9530
5438,TSLA,neutral,0.7031
5439,AAPL,neutral,0.9537
5440,AAPL,neutral,0.9505
5441,TSLA,positive,0.9298
5442,AAPL,neutral,0.9455
5443,TSLA,positive,0.9081
5444,AAPL,neutral,0.9494
5445,TSLA,positive,0.6042
5446,TSLA,neutral,0.9309
5447,GME,neutral,0.9465
5448,TSLA,neutral,0.8991
5449,IBM,neutral,0.9482
5450,META,neutral,0.9216
5451,META,neutral,0.8990
5452,AAPL,positive,0.8834
5453,META,neutral,0.9348
5454,AAPL,negative,0.9147
5455,TSLA,neutral,0.9335
5456,META,positive,0.7839
5457,META,neutral,0.9287
5458,INTC,neutral,0.6056
5459,META,neutral,0.8847
5460,META,neutral,0.8538
5461,META,neutral,0.9287
5462,META,neutral,0.8312
5463,CRM,neutral,0.9413
5464,META,neutral,0.9350
5465,META,neutral,0.9268
5466,META,neutral,0.8962
5467,META,neutral,0.9138
5468,META,neutral,0.9516
5469,MSFT,neutral,0.9477
5470,AMC,neutral,0.9475
5471,INTC,neutral,0.9479
5472,META,neutral,0.8991
5473,IBM,neutral,0.9415
5474,META,neutral,0.9311
5475,AAPL,neutral,0.9214
5476,GME,neutral,0.7151
5477,ADBE,neutral,0.9245
5478,INTC,neutral,0.9449
5479,CRM,neutral,0.9455
5480,TSLA,neutral,0.9208
5481,GOOGL,negative,0.8742
5482,INTC,neutral,0.9514
5483,AMC,neutral,0.8117
5484,CRM,neutral,0.9444
5485,AMC,neutral,0.9504
5486,GME,neutral,0.7772
5487,AAPL,negative,0.9356
5488,IBM,neutral,0.9364
5489,IBM,neutral,0.9441
5490,IBM,neutral,0.9482
5491,IBM,negative,0.9255
5492,IBM,negative,0.9255
5493,ADBE,positive,0.8484
5494,AMZN,positive,0.8079
5495,CSCO,neutral,0.9450
5496,TSLA,neutral,0.5225
5497,GOOGL,neutral,0.9360
5498,META,negative,0.4587
5499,ADBE,neutral,0.9319
5500,CRM,positive,0.7485
5501,AMZN,positive,0.7187
5502,AMZN,neutral,0.9375
5503,AMZN,neutral,0.9409
5504,AMZN,negative,0.9416
5505,AMC,neutral,0.9531
5506,AMC,neutral,0.9501
5507,AMC,neutral,0.9511
5508,GME,neutral,0.9149
5509,TSLA,neutral,0.7986
5510,IBM,positive,0.9392
5511,IBM,positive,0.8921
5512,NVDA,neutral,0.9187
5513,AAPL,neutral,0.9189
5514,META,neutral,0.8759
5515,AMZN,neutral,0.9079
5516,CRM,neutral,0.9348
5517,GME,neutral,0.8999
5518,GOOGL,neutral,0.9409
5519,META,neutral,0.7583
5520,TSLA,neutral,0.5445
5521,TSLA,negative,0.9593
5522,GME,neutral,0.9359
5523,AMC,neutral,0.9527
5524,NVDA,negative,0.8309
5525,AAPL,neutral,0.9501
5526,IBM,positive,0.9392
5527,IBM,positive,0.8921
5528,AMZN,neutral,0.9328
5529,MSFT,neutral,0.9082
5530,TSLA,negative,0.9457
5531,INTC,positive,0.9263
5532,INTC,positive,0.9322
5533,AMC,neutral,0.9495
5534,INTC,negative,0.9654
5535,TSLA,neutral,0.8642
5536,TSLA,neutral,0.8927
5537,MSFT,neutral,0.9510
5538,GME,neutral,0.7196
5539,CSCO,neutral,0.6429
5540,TSLA,negative,0.9634
5541,ADBE,neutral,0.9310
5542,AAPL,positive,0.5038
5543,NFLX,neutral,0.9380
5544,CRM,neutral,0.4312
5545,MSFT,negative,0.5686
5546,TSLA,neutral,0.9208
5547,NVDA,neutral,0.9088
5548,AMC,neutral,0.9274
5549,ADBE,neutral,0.9467
5550,TSLA,negative,0.6820
5551,AMC,neutral,0.9326
5552,TSLA,positive,0.7153
5553,TSLA,positive,0.5343
5554,NVDA,neutral,0.9339
5555,TSLA,neutral,0.8828
5556,AMZN,positive,0.6765
5557,CSCO,neutral,0.9343
5558,GME,negative,0.5605
5559,GME,neutral,0.8803
5560,ADBE,positive,0.7191
5561,NFLX,negative,0.7108
5562,TSLA,neutral,0.9528
5563,AAPL,neutral,0.9506
5564,AAPL,neutral,0.9492
5565,ORCL,neutral,0.4122
5566,ORCL,positive,0.6727
5567,ORCL,neutral,0.9353
5568,AAPL,neutral,0.9519
5569,AAPL,neutral,0.9469
5570,AAPL,neutral,0.9519
5571,GME,neutral,0.9053
5572,INTC,neutral,0.9453
5573,AAPL,neutral,0.9476
5574,INTC,neutral,0.9522
5575,META,neutral,0.8962
5576,AAPL,negative,0.4728
5577,AAPL,positive,0.4111
5578,AAPL,negative,0.5211
5579,MSFT,neutral,0.9082
5580,AMC,neutral,0.9512
5581,NVDA,neutral,0.9178
5582,GME,neutral,0.9260
5583,AMC,neutral,0.9539
5584,AMC,neutral,0.9478
5585,NVDA,neutral,0.9256
5586,IBM,neutral,0.9334
5587,AMZN,neutral,0.9233
5588,CRM,neutral,0.7867
5589,META,neutral,0.5662
5590,AMZN,positive,0.5808
5591,AAPL,neutral,0.9052
5592,AMZN,neutral,0.8466
5593,AMZN,neutral,0.9154
5594,AMC,neutral,0.9520
5595,AMZN,neutral,0.7326
5596,AMZN,neutral,0.9421
5597,AMC,neutral,0.8401
5598,GME,neutral,0.9294
5599,AMZN,neutral,0.8278
5600,AMZN,neutral,0.8426
5601,AMC,neutral,0.9521
5602,AMZN,neutral,0.9297
5603,AMZN,neutral,0.8515
5604,GME,neutral,0.7692
5605,TSLA,neutral,0.9368
5606,NFLX,neutral,0.9511
5607,AAPL,neutral,0.9072
5608,META,neutral,0.9275
5609,TSLA,neutral,0.8246
5610,TSLA,neutral,0.8631
5611,TSLA,neutral,0.8900
5612,TSLA,positive,0.7306
5613,TSLA,neutral,0.7319
5614,TSLA,positive,0.5525
5615,TSLA,positive,0.7304
5616,TSLA,neutral,0.8142
5617,NVDA,neutral,0.9335
5618,GOOGL,negative,0.5729
5619,GOOGL,negative,0.9465
5620,AMC,neutral,0.9517
5621,AMC,neutral,0.9529
5622,AAPL,neutral,0.9526
5623,AMZN,neutral,0.9223
5624,TSLA,negative,0.5230
5625,AAPL,neutral,0.9513
5626,AMC,neutral,0.9525
5627,AAPL,neutral,0.9537
5628,AAPL,negative,0.4728
5629,AAPL,positive,0.4111
5630,AAPL,negative,0.5211
5631,META,neutral,0.9201
5632,AAPL,neutral,0.9506
5633,ADBE,neutral,0.9351
5634,NFLX,neutral,0.9048
5635,AAPL,neutral,0.9475
5636,NVDA,neutral,0.9517
5637,AAPL,neutral,0.5189
5638,AAPL,neutral,0.8556
5639,IBM,neutral,0.8199
5640,AAPL,neutral,0.5905
5641,AMZN,neutral,0.9399
5642,INTC,neutral,0.9494
5643,GOOGL,neutral,0.8388
5644,NFLX,neutral,0.5164
5645,NFLX,negative,0.9510
5646,NFLX,negative,0.9503
5647,NFLX,negative,0.9510
5648,NFLX,negative,0.9382
5649,NFLX,negative,0.9344
5650,NFLX,negative,0.9536
5651,GOOGL,negative,0.9629
5652,GOOGL,neutral,0.6084
5653,GOOGL,positive,0.8178
5654,IBM,neutral,0.8292
5655,AAPL,neutral,0.9145
5656,TSLA,negative,0.8881
5657,GOOGL,positive,0.5284
5658,TSLA,positive,0.7086
5659,AAPL,neutral,0.9522
5660,META,neutral,0.9216
5661,MSFT,neutral,0.9404
5662,META,neutral,0.9430
5663,MSFT,neutral,0.9340
5664,AMZN,neutral,0.9342
5665,AMZN,neutral,0.9399
5666,NFLX,neutral,0.9392
5667,MSFT,neutral,0.9387
5668,GOOGL,neutral,0.7274
5669,MSFT,neutral,0.9296
5670,GOOGL,neutral,0.9362
5671,AAPL,neutral,0.9484
5672,AMC,neutral,0.9504
5673,AMC,neutral,0.9521
5674,TSLA,positive,0.8690
5675,AMZN,neutral,0.8945
5676,MSFT,neutral,0.9531
5677,AAPL,neutral,0.9540
5678,AAPL,neutral,0.9513
5679,AAPL,neutral,0.9483
5680,META,neutral,0.5654
5681,AMZN,neutral,0.9135
5682,AAPL,neutral,0.7460
5683,AMZN,neutral,0.5008
5684,AMZN,neutral,0.8944
5685,AMZN,negative,0.9535
5686,GME,neutral,0.9309
5687,AMC,neutral,0.9429
5688,GME,neutral,0.8409
5689,ADBE,negative,0.4448
5690,MSFT,negative,0.6043
5691,NFLX,positive,0.8372
5692,TSLA,neutral,0.9317
5693,ORCL,neutral,0.9544
5694,NFLX,neutral,0.9428
5695,IBM,neutral,0.9242
5696,AAPL,neutral,0.9464
5697,TSLA,neutral,0.8353
5698,AAPL,negative,0.9645
5699,AAPL,positive,0.8197
5700,AAPL,positive,0.5630
5701,MSFT,negative,0.8147
5702,MSFT,negative,0.9159
5703,MSFT,negative,0.9436
5704,NFLX,negative,0.9616
5705,NFLX,negative,0.9616
5706,TSLA,positive,0.9400
5707,TSLA,positive,0.9400
5708,AMC,neutral,0.9529
5709,AAPL,neutral,0.9496
5710,AMZN,neutral,0.8744
5711,AAPL,neutral,0.9465
5712,CSCO,neutral,0.5868
5713,AAPL,neutral,0.9500
5714,AMZN,neutral,0.8592
5715,AMC,neutral,0.8522
5716,NFLX,negative,0.3961
5717,AMC,neutral,0.9380
5718,AAPL,neutral,0.9475
5719,AAPL,neutral,0.9480
5720,INTC,neutral,0.9442
5721,AAPL,neutral,0.9530
5722,AAPL,neutral,0.9500
5723,AAPL,neutral,0.8552
5724,CSCO,neutral,0.9480
5725,AMZN,positive,0.8277
5726,INTC,positive,0.9263
5727,INTC,positive,0.9322
5728,ADBE,neutral,0.9061
5729,AMZN,positive,0.9185
5730,AMZN,neutral,0.4869
5731,AMZN,positive,0.9307
5732,AMZN,positive,0.9269
5733,AMZN,positive,0.9385
5734,AMZN,positive,0.9269
5735,AAPL,neutral,0.9508
5736,AMZN,neutral,0.9409
5737,INTC,negative,0.9654
5738,TSLA,negative,0.9657
5739,INTC,positive,0.7303
5740,INTC,positive,0.7504
5741,TSLA,neutral,0.8642
5742,NFLX,neutral,0.9351
5743,AAPL,neutral,0.9482
5744,AMC,neutral,0.9504
5745,AAPL,neutral,0.9463
5746,GOOGL,neutral,0.9318
5747,AAPL,neutral,0.9489
5748,TSLA,negative,0.5002
5749,AAPL,neutral,0.9474
5750,META,neutral,0.9362
5751,CSCO,neutral,0.9382
5752,CRM,neutral,0.9383
5753,AAPL,neutral,0.9488
5754,AMZN,neutral,0.9522
5755,AMZN,neutral,0.9518
5756,AAPL,neutral,0.9528
5757,TSLA,neutral,0.4548
5758,TSLA,neutral,0.9528
5759,META,neutral,0.9485
5760,MSFT,neutral,0.9244
5761,TSLA,neutral,0.9272
5762,GME,neutral,0.9480
5763,AMC,neutral,0.9506
5764,CSCO,neutral,0.8935
5765,NVDA,neutral,0.9454
5766,IBM,neutral,0.9505
5767,META,neutral,0.9470
5768,CSCO,neutral,0.8516
5769,CSCO,positive,0.6975
5770,CSCO,neutral,0.9209
5771,AMZN,neutral,0.9328
5772,ADBE,neutral,0.9399
5773,MSFT,neutral,0.9129
5774,CSCO,neutral,0.9209
5775,MSFT,neutral,0.9367
5776,NFLX,neutral,0.9308
5777,CSCO,positive,0.6416
5778,CSCO,neutral,0.9209
5779,CSCO,positive,0.7005
5780,AMC,neutral,0.9490
5781,TSLA,positive,0.8683
5782,TSLA,neutral,0.8642
5783,AAPL,neutral,0.9502
5784,AMC,neutral,0.9509
5785,NFLX,negative,0.9616
5786,AMZN,neutral,0.8743
5787,ADBE,neutral,0.9341
5788,TSLA,neutral,0.9032
5789,ADBE,neutral,0.8950
5790,AMZN,neutral,0.9352
5791,MSFT,neutral,0.8731
5792,CSCO,neutral,0.7174
5793,TSLA,neutral,0.9269
5794,NVDA,positive,0.7626
5795,AMZN,neutral,0.9425
5796,TSLA,neutral,0.8522
5797,GOOGL,neutral,0.8822
5798,NVDA,neutral,0.9489
5799,GME,neutral,0.9087
5800,AMZN,neutral,0.9439
5801,AMZN,neutral,0.9388
5802,AAPL,neutral,0.9370
5803,AMZN,neutral,0.9107
5804,AMZN,neutral,0.7319
5805,GME,neutral,0.9116
5806,GME,neutral,0.9402
5807,TSLA,neutral,0.9384
5808,AMZN,neutral,0.8151
5809,AAPL,neutral,0.8506
5810,AMZN,neutral,0.9338
5811,ORCL,neutral,0.8869
5812,NVDA,neutral,0.9297
5813,NFLX,neutral,0.5353
5814,AMZN,neutral,0.8709
5815,TSLA,neutral,0.8461
5816,ADBE,neutral,0.9290
5817,MSFT,neutral,0.9379
5818,GME,neutral,0.9308
5819,ADBE,neutral,0.9071
5820,META,neutral,0.9362
5821,TSLA,neutral,0.9341
5822,TSLA,neutral,0.9418
5823,GME,neutral,0.9518
5824,INTC,neutral,0.9300
5825,INTC,neutral,0.9383
5826,INTC,neutral,0.9303
5827,AAPL,neutral,0.9491
5828,ORCL,neutral,0.9508
5829,AAPL,neutral,0.9492
5830,AAPL,neutral,0.9487
5831,AMZN,neutral,0.9464
5832,AAPL,neutral,0.9479
5833,AAPL,neutral,0.9502
5834,TSLA,neutral,0.8642
5835,NFLX,negative,0.9719
5836,CRM,negative,0.9573
5837,CRM,negative,0.6220
5838,AAPL,neutral,0.9437
5839,CRM,negative,0.9315
5840,CRM,neutral,0.9488
5841,CRM,positive,0.9138
5842,ADBE,neutral,0.9211
5843,CRM,negative,0.6752
5844,CRM,negative,0.9322
5845,CRM,negative,0.9517
5846,MSFT,neutral,0.9469
5847,ORCL,positive,0.6932
5848,CRM,neutral,0.8230
5849,CRM,neutral,0.9276
5850,CRM,neutral,0.7867
5851,CRM,neutral,0.5878
5852,CRM,positive,0.8626
5853,CRM,neutral,0.9481
5854,CRM,neutral,0.9413
5855,CRM,neutral,0.9122
5856,CRM,neutral,0.9439
5857,CRM,negative,0.9454
5858,CRM,positive,0.7233
5859,CRM,neutral,0.9154
5860,CRM,neutral,0.9427
5861,CRM,neutral,0.9281
5862,CRM,positive,0.8321
5863,CRM,neutral,0.9360
5864,CRM,neutral,0.9519
5865,CRM,negative,0.8427
5866,CRM,negative,0.9565
5867,CRM,negative,0.7869
5868,CRM,neutral,0.9534
5869,CRM,neutral,0.9447
5870,CRM,negative,0.9706
5871,CRM,neutral,0.9290
5872,CRM,negative,0.9640
5873,CRM,neutral,0.9529
5874,CRM,positive,0.7952
5875,CRM,neutral,0.9369
5876,CRM,negative,0.9467
5877,CRM,positive,0.5067
5878,CRM,negative,0.9569
5879,CRM,positive,0.9436
5880,CRM,neutral,0.9162
5881,CRM,negative,0.8406
5882,CRM,neutral,0.9007
5883,CRM,positive,0.9232
5884,CRM,neutral,0.9325
5885,CRM,positive,0.5550
5886,CRM,neutral,0.8866
5887,CRM,positive,0.9494
5888,CRM,neutral,0.9102
5889,CRM,neutral,0.9477
5890,CRM,positive,0.5420
5891,CRM,neutral,0.9293
5892,CRM,neutral,0.9038
5893,CRM,neutral,0.9424
5894,GME,neutral,0.9336
5895,CRM,neutral,0.9358
5896,CRM,positive,0.8431
5897,CRM,neutral,0.9458
5898,CRM,negative,0.7205
5899,CRM,neutral,0.9353
5900,MSFT,neutral,0.9508
5901,AAPL,neutral,0.9351
5902,CRM,neutral,0.9152
5903,CRM,neutral,0.9398
5904,CRM,neutral,0.9480
5905,CRM,positive,0.7190
5906,CRM,neutral,0.9426
5907,ADBE,neutral,0.8701
5908,CRM,neutral,0.9337
5909,CRM,neutral,0.9285
5910,CRM,positive,0.9081
5911,MSFT,negative,0.5896
5912,CRM,neutral,0.4962
5913,CRM,neutral,0.5109
5914,CRM,positive,0.8700
5915,IBM,neutral,0.9415
5916,CRM,neutral,0.8269
5917,CRM,neutral,0.7439
5918,CRM,neutral,0.8926
5919,CRM,neutral,0.6248
5920,CRM,negative,0.9332
5921,CRM,neutral,0.9506
5922,CRM,neutral,0.4312
5923,ADBE,neutral,0.8411
5924,CRM,neutral,0.9467
5925,CRM,negative,0.9719
5926,CRM,neutral,0.9216
5927,CRM,neutral,0.9311
5928,CRM,neutral,0.9447
5929,CRM,neutral,0.7400
5930,CRM,positive,0.6582
5931,CRM,neutral,0.9455
5932,CRM,neutral,0.9318
5933,CRM,neutral,0.6581
5934,CRM,neutral,0.9499
5935,CRM,neutral,0.9104
5936,CRM,neutral,0.9486
5937,CRM,positive,0.8869
5938,CRM,positive,0.5678
5939,CRM,neutral,0.9192
5940,CRM,neutral,0.9458
5941,CRM,positive,0.8556
5942,CRM,positive,0.8890
5943,MSFT,neutral,0.9328
5944,ORCL,neutral,0.8023
5945,CRM,neutral,0.8878
5946,ORCL,neutral,0.9246
5947,CRM,positive,0.7831
5948,ORCL,negative,0.9683
5949,CRM,neutral,0.4977
5950,INTC,neutral,0.9449
5951,CRM,neutral,0.5796
5952,CRM,neutral,0.8310
5953,CRM,positive,0.9093
5954,CRM,neutral,0.8915
5955,CRM,neutral,0.8972
5956,CRM,neutral,0.9507
5957,AAPL,neutral,0.9398
5958,CRM,neutral,0.9038
5959,CRM,neutral,0.6095
5960,CRM,neutral,0.9336
5961,MSFT,neutral,0.9469
5962,CRM,negative,0.5854
5963,CRM,neutral,0.9455
5964,CRM,neutral,0.5835
5965,CRM,neutral,0.8896
5966,CRM,neutral,0.9178
5967,CRM,positive,0.6604
5968,CRM,positive,0.7735
5969,CRM,positive,0.7952
5970,CRM,neutral,0.9412
5971,CRM,positive,0.5223
5972,CRM,neutral,0.9151
5973,CRM,neutral,0.9362
5974,CRM,positive,0.9531
5975,CRM,neutral,0.8955
5976,CRM,neutral,0.9293
5977,CRM,negative,0.5552
5978,CRM,neutral,0.7940
5979,CRM,neutral,0.9320
5980,CRM,neutral,0.9334
5981,CRM,neutral,0.9312
5982,CRM,neutral,0.6501
5983,CRM,neutral,0.9438
5984,CRM,neutral,0.5155
5985,CRM,neutral,0.9356
5986,CRM,neutral,0.5324
5987,CRM,positive,0.6545
5988,ORCL,negative,0.9408
5989,CRM,positive,0.6807
5990,CRM,neutral,0.9387
5991,CRM,neutral,0.9175
5992,CRM,neutral,0.9459
5993,ORCL,neutral,0.9282
5994,CRM,neutral,0.8347
5995,CRM,negative,0.9633
5996,CRM,positive,0.7299
5997,CRM,neutral,0.9449
5998,CRM,neutral,0.8251
5999,CRM,neutral,0.9427
6000,CRM,neutral,0.7479
6001,CRM,neutral,0.9468
6002,AAPL,negative,0.6360
6003,CRM,neutral,0.9534
6004,CRM,neutral,0.9529
6005,CRM,neutral,0.9523
6006,CRM,neutral,0.9488
6007,CRM,neutral,0.8513
6008,MSFT,neutral,0.9496
6009,CRM,neutral,0.9413
6010,CRM,neutral,0.9361
6011,CRM,neutral,0.9374
6012,ADBE,neutral,0.8839
6013,CRM,neutral,0.9334
6014,CRM,neutral,0.8896
6015,CRM,neutral,0.9066
6016,INTC,neutral,0.9400
6017,CRM,neutral,0.9344
6018,CRM,neutral,0.9444
6019,CRM,neutral,0.6602
6020,CRM,positive,0.9577
6021,ADBE,neutral,0.7974
6022,CRM,neutral,0.7675
6023,CRM,neutral,0.8827
6024,CRM,neutral,0.9488
6025,INTC,neutral,0.9504
6026,AMZN,neutral,0.8145
6027,CRM,neutral,0.9406
6028,CRM,neutral,0.9038
6029,CRM,neutral,0.9462
6030,CRM,negative,0.3961
6031,AMZN,neutral,0.8005
6032,ORCL,negative,0.9678
6033,CRM,neutral,0.8350
6034,AMZN,neutral,0.9079
6035,CRM,neutral,0.7910
6036,CRM,neutral,0.9121
6037,CRM,neutral,0.9143
6038,AMZN,neutral,0.9153
6039,CRM,neutral,0.9154
6040,CRM,neutral,0.9225
6041,CRM,neutral,0.9518
6042,CRM,negative,0.4670
6043,CRM,neutral,0.8987
6044,AMZN,positive,0.7911
6045,CRM,neutral,0.9353
6046,CSCO,neutral,0.8880
6047,CRM,neutral,0.9525
6048,CRM,neutral,0.9503
6049,CRM,positive,0.9496
6050,CRM,neutral,0.9502
6051,CRM,neutral,0.9520
6052,CRM,positive,0.9432
6053,CRM,neutral,0.9511
6054,CRM,positive,0.6445
6055,CRM,negative,0.9564
6056,CRM,neutral,0.9337
6057,CRM,neutral,0.9320
6058,CRM,neutral,0.9170
6059,CRM,positive,0.6131
6060,CRM,positive,0.7952
6061,CRM,neutral,0.8970
6062,CRM,neutral,0.9361
6063,CRM,neutral,0.9027
6064,CRM,positive,0.8890
6065,CRM,neutral,0.9503
6066,CRM,positive,0.5467
6067,CRM,neutral,0.7703
6068,CRM,neutral,0.9333
6069,CRM,neutral,0.9245
6070,CRM,neutral,0.9467
6071,CRM,neutral,0.9448
6072,CRM,positive,0.8032
6073,CRM,neutral,0.8863
6074,IBM,neutral,0.8655
6075,ADBE,neutral,0.8119
6076,CRM,neutral,0.9338
6077,CRM,neutral,0.8844
6078,CRM,neutral,0.8956
6079,CRM,neutral,0.9276
6080,CRM,negative,0.5359
6081,AAPL,neutral,0.9467
6082,CRM,neutral,0.9481
6083,CRM,negative,0.7716
6084,CRM,neutral,0.9284
6085,CRM,neutral,0.8446
6086,CRM,negative,0.5170
6087,CRM,neutral,0.9383
6088,CRM,neutral,0.9305
6089,CRM,neutral,0.8596
6090,INTC,neutral,0.9428
6091,AMZN,positive,0.5987
6092,MSFT,neutral,0.9377
6093,CRM,neutral,0.9178
6094,CRM,negative,0.9496
6095,CRM,positive,0.6105
6096,CRM,neutral,0.9476
6097,AAPL,neutral,0.9461
6098,CRM,neutral,0.9483
6099,CRM,neutral,0.7816
6100,CRM,neutral,0.8199
6101,CRM,neutral,0.8690
6102,CRM,positive,0.9441
6103,CRM,neutral,0.7394
6104,CRM,neutral,0.3822
6105,CRM,neutral,0.9448
6106,CRM,neutral,0.9374
6107,CRM,neutral,0.9348
6108,MSFT,neutral,0.9296
6109,ADBE,neutral,0.8677
6110,CRM,neutral,0.7722
6111,CRM,neutral,0.9307
6112,CRM,neutral,0.9231
6113,CRM,neutral,0.9415
6114,CRM,negative,0.8252
6115,AMZN,neutral,0.9368
6116,AMZN,neutral,0.9450
6117,AAPL,neutral,0.9482
6118,CRM,negative,0.9707
6119,INTC,neutral,0.9482
6120,CRM,neutral,0.9242
6121,CRM,negative,0.9598
6122,CRM,neutral,0.8515
6123,ORCL,negative,0.9687
6124,IBM,neutral,0.8215
6125,CRM,neutral,0.9479
6126,CRM,neutral,0.9095
6127,CRM,neutral,0.9503
6128,CRM,neutral,0.8705
6129,CRM,neutral,0.9376
6130,CRM,negative,0.9507
6131,CRM,neutral,0.8455
6132,CRM,neutral,0.9050
6133,CRM,neutral,0.8590
6134,CRM,negative,0.9740
6135,CRM,neutral,0.9439
6136,CRM,positive,0.9051
6137,CRM,positive,0.9412
6138,CRM,neutral,0.8217
6139,CRM,positive,0.6210
6140,CRM,positive,0.8673
6141,CRM,neutral,0.8992
6142,CRM,positive,0.9030
6143,CRM,positive,0.7485
6144,CRM,neutral,0.9069
6145,CRM,neutral,0.9321
6146,CRM,neutral,0.9356
6147,CRM,neutral,0.7332
6148,CRM,positive,0.5115
6149,CRM,neutral,0.9305
6150,CRM,neutral,0.9467
6151,CRM,neutral,0.7830
6152,CRM,negative,0.4893
6153,CRM,neutral,0.8747
6154,CRM,neutral,0.9382
6155,CRM,neutral,0.6952
6156,CRM,neutral,0.9425
6157,ADBE,neutral,0.8358
6158,IBM,neutral,0.9065
6159,AMZN,neutral,0.9409
6160,AAPL,neutral,0.9449
6161,CRM,neutral,0.9464
6162,CRM,neutral,0.9462
6163,CRM,neutral,0.5311
6164,CRM,neutral,0.9113
6165,CRM,neutral,0.8835
6166,MSFT,neutral,0.8998
6167,AMZN,negative,0.5591
6168,CRM,neutral,0.9281
6169,CRM,neutral,0.9038
6170,TSLA,neutral,0.8700
6171,META,neutral,0.8595
6172,CRM,neutral,0.9378
6173,CRM,neutral,0.9358
6174,CRM,positive,0.9196
6175,CRM,positive,0.9180
6176,AAPL,neutral,0.9409
6177,AAPL,neutral,0.9457
6178,META,neutral,0.9190
6179,AAPL,neutral,0.9458
6180,AMZN,neutral,0.9504
6181,CRM,neutral,0.9530
6182,MSFT,neutral,0.9377
6183,AMC,neutral,0.9513
6184,GME,neutral,0.9522
6185,CRM,positive,0.9232
6186,NVDA,positive,0.9297
6187,META,positive,0.8390
6188,CSCO,positive,0.7926
6189,NFLX,neutral,0.9339
6190,NFLX,neutral,0.5538
6191,AMZN,neutral,0.9135
6192,CSCO,neutral,0.8065
6193,AMZN,neutral,0.9538
6194,AMZN,neutral,0.9530
6195,NFLX,positive,0.5591
6196,ORCL,positive,0.6949
6197,AMZN,positive,0.9251
6198,AMZN,neutral,0.7793
6199,AMZN,neutral,0.7780
6200,AMZN,positive,0.9465
6201,AMZN,neutral,0.6191
6202,AMC,neutral,0.9502
6203,AMC,neutral,0.9495
6204,NVDA,neutral,0.6895
6205,AAPL,neutral,0.9501
6206,AMC,neutral,0.9483
6207,GME,neutral,0.9452
6208,TSLA,neutral,0.8246
6209,ADBE,neutral,0.8902
6210,CSCO,neutral,0.9209
6211,GOOGL,neutral,0.9514
6212,TSLA,neutral,0.8692
6213,IBM,neutral,0.9531
6214,MSFT,neutral,0.9516
6215,TSLA,neutral,0.8062
6216,TSLA,neutral,0.8414
6217,AAPL,neutral,0.9486
6218,MSFT,neutral,0.9519
6219,AAPL,neutral,0.9537
6220,AAPL,neutral,0.9519
6221,TSLA,neutral,0.8642
6222,IBM,neutral,0.9468
6223,ADBE,neutral,0.9237
6224,ORCL,neutral,0.9321
6225,AMZN,neutral,0.9026
6226,NFLX,neutral,0.6263
6227,GOOGL,neutral,0.9360
6228,AMZN,negative,0.9657
6229,META,neutral,0.8572
6230,ORCL,neutral,0.9061
6231,META,neutral,0.9181
6232,META,neutral,0.9343
6233,AMZN,neutral,0.8390
6234,AMC,neutral,0.9493
6235,AMC,neutral,0.9366
6236,AMZN,neutral,0.9522
6237,AMZN,neutral,0.9526
6238,CRM,neutral,0.9066
6239,AMZN,neutral,0.9508
6240,MSFT,neutral,0.9367
6241,AMC,neutral,0.8950
6242,AAPL,neutral,0.9401
6243,AMZN,neutral,0.7283
6244,CSCO,neutral,0.9280
6245,CSCO,neutral,0.9538
6246,INTC,positive,0.9066
6247,GOOGL,neutral,0.9412
6248,META,negative,0.7218
6249,META,neutral,0.4896
6250,TSLA,neutral,0.8892
6251,AMZN,neutral,0.9317
6252,AAPL,neutral,0.9496
6253,AAPL,neutral,0.9457
6254,AAPL,neutral,0.9503
6255,IBM,neutral,0.9066
6256,AAPL,neutral,0.9449
6257,AAPL,neutral,0.9482
6258,AMC,neutral,0.9496
6259,MSFT,neutral,0.9387
6260,IBM,negative,0.6307
6261,AAPL,neutral,0.9475
6262,AMC,neutral,0.9486
6263,AAPL,neutral,0.9482
6264,AAPL,neutral,0.9463
6265,AMC,neutral,0.9540
6266,CSCO,neutral,0.9425
6267,MSFT,neutral,0.9499
6268,AAPL,neutral,0.9487
6269,AAPL,neutral,0.9476
6270,CRM,neutral,0.9305
6271,AMC,neutral,0.9526
6272,TSLA,negative,0.9656
6273,GME,neutral,0.9332
6274,NVDA,neutral,0.6533
6275,GME,neutral,0.4918
6276,NVDA,positive,0.8017
6277,AAPL,neutral,0.9511
6278,AAPL,neutral,0.9472
6279,AAPL,neutral,0.9515
6280,AMC,neutral,0.9531
6281,ORCL,neutral,0.9430
6282,AAPL,neutral,0.9013
6283,AMC,neutral,0.9487
6284,AMC,neutral,0.9477
6285,AMZN,neutral,0.5836
6286,IBM,neutral,0.9413
6287,NVDA,neutral,0.9256
6288,AMZN,neutral,0.9366
6289,MSFT,negative,0.8201
6290,AMC,neutral,0.9511
6291,GOOGL,negative,0.7069
6292,AMZN,positive,0.9402
6293,AMC,neutral,0.9486
6294,TSLA,negative,0.9457
6295,AMC,neutral,0.9478
6296,AAPL,neutral,0.9467
6297,AMC,neutral,0.9521
6298,AAPL,neutral,0.9479
6299,AAPL,neutral,0.9469
6300,TSLA,neutral,0.8246
6301,TSLA,neutral,0.8631
6302,GME,neutral,0.9136
6303,AMC,neutral,0.9535
6304,AMZN,neutral,0.6579
6305,GME,neutral,0.9051
6306,INTC,neutral,0.9543
6307,GME,neutral,0.9277
6308,INTC,neutral,0.9412
6309,AAPL,neutral,0.9502
6310,AAPL,neutral,0.9476
6311,AMZN,neutral,0.9464
6312,TSLA,neutral,0.8642
6313,INTC,neutral,0.9512
6314,AMC,neutral,0.9493
6315,CSCO,neutral,0.9499
6316,AMC,neutral,0.9329
6317,AMZN,positive,0.9102
6318,AMC,neutral,0.9525
6319,INTC,neutral,0.9249
6320,AAPL,neutral,0.9522
6321,AAPL,neutral,0.9505
6322,GME,negative,0.6066
6323,GME,negative,0.7639
6324,AAPL,neutral,0.8763
6325,GME,positive,0.7736
6326,GME,neutral,0.8828
6327,AMC,neutral,0.8618
6328,GME,neutral,0.6241
6329,AMC,positive,0.7993
6330,AMC,positive,0.6378
6331,AMC,negative,0.9662
6332,AMC,negative,0.6814
6333,GME,neutral,0.7538
6334,AMC,neutral,0.9170
6335,AMC,negative,0.4566
6336,AMC,neutral,0.7028
6337,AMC,neutral,0.8590
6338,GME,positive,0.8682
6339,GME,positive,0.9200
6340,GME,positive,0.8907
6341,GME,positive,0.4856
6342,GME,neutral,0.8438
6343,GME,neutral,0.9110
6344,GME,neutral,0.9454
6345,GME,positive,0.9265
6346,AAPL,neutral,0.5579
6347,GME,positive,0.9267
6348,GME,neutral,0.7235
6349,GME,negative,0.9604
6350,GME,positive,0.8183
6351,GME,positive,0.8743
6352,GME,positive,0.9264
6353,GME,positive,0.8338
6354,GME,positive,0.9276
6355,GME,neutral,0.9320
6356,GME,positive,0.8870
6357,GME,neutral,0.8761
6358,GME,neutral,0.8761
6359,GME,positive,0.6724
6360,GME,neutral,0.7413
6361,GME,positive,0.7084
6362,GME,negative,0.6950
6363,GME,negative,0.5908
6364,GME,neutral,0.8319
6365,TSLA,neutral,0.8721
6366,GME,positive,0.7079
6367,GME,neutral,0.9273
6368,GME,neutral,0.9039
6369,GME,positive,0.5340
6370,GME,neutral,0.6120
6371,GME,negative,0.9635
6372,GME,negative,0.9660
6373,GME,negative,0.9635
6374,GME,neutral,0.5659
6375,GME,neutral,0.6442
6376,GME,neutral,0.7990
6377,GME,negative,0.8071
6378,GME,negative,0.8071
6379,GME,neutral,0.5636
6380,GME,positive,0.8580
6381,GME,positive,0.7050
6382,ORCL,neutral,0.9508
6383,AMZN,neutral,0.9510
6384,AMZN,neutral,0.9507
6385,GME,neutral,0.9275
6386,AMZN,neutral,0.8749
6387,AMZN,neutral,0.8749
6388,AMC,neutral,0.9483
6389,AMC,neutral,0.9504
6390,AMC,neutral,0.9527
6391,AMC,neutral,0.9524
6392,AMC,neutral,0.9487
6393,META,neutral,0.8291
6394,META,neutral,0.9212
6395,AAPL,negative,0.9282
6396,AAPL,negative,0.9419
6397,META,neutral,0.9231
6398,META,neutral,0.8847
6399,META,neutral,0.9340
6400,META,neutral,0.9092
6401,META,neutral,0.9063
6402,AAPL,neutral,0.9081
6403,GOOGL,neutral,0.5582
6404,AAPL,negative,0.7480
6405,AAPL,neutral,0.5963
6406,META,neutral,0.9070
6407,AAPL,negative,0.7449
6408,AAPL,negative,0.7449
6409,AAPL,negative,0.6377
6410,AAPL,negative,0.6377
6411,META,neutral,0.5234
6412,META,neutral,0.5234
6413,TSLA,neutral,0.9200
6414,GOOGL,negative,0.8898
6415,NVDA,neutral,0.9424
6416,AAPL,negative,0.8684
6417,AAPL,neutral,0.8808
6418,NFLX,neutral,0.7333
6419,AAPL,neutral,0.8756
6420,AAPL,neutral,0.8756
6421,AAPL,neutral,0.7463
6422,AAPL,neutral,0.8791
6423,AAPL,neutral,0.8791
6424,NVDA,positive,0.8985
6425,AMZN,neutral,0.9379
6426,GME,positive,0.9508
6427,TSLA,neutral,0.9201
6428,INTC,neutral,0.9135
6429,NVDA,neutral,0.9028
6430,AAPL,neutral,0.9493
6431,AAPL,neutral,0.9532
6432,TSLA,neutral,0.8961
6433,AAPL,neutral,0.9534
6434,TSLA,neutral,0.8300
6435,AAPL,neutral,0.9528
6436,AAPL,neutral,0.9528
6437,META,positive,0.9524
6438,TSLA,positive,0.6848
6439,TSLA,neutral,0.8247
6440,TSLA,neutral,0.9389
6441,TSLA,neutral,0.9352
6442,TSLA,negative,0.8633
6443,TSLA,neutral,0.9240
6444,TSLA,neutral,0.9361
6445,TSLA,neutral,0.9528
6446,AAPL,neutral,0.9483
6447,TSLA,neutral,0.8316
6448,AMC,neutral,0.9526
6449,TSLA,neutral,0.9299
6450,TSLA,neutral,0.5405
6451,AMC,neutral,0.9539
6452,AAPL,neutral,0.9503
6453,TSLA,neutral,0.4704
6454,TSLA,neutral,0.6298
6455,AMC,neutral,0.9517
6456,TSLA,neutral,0.9353
6457,TSLA,neutral,0.9082
6458,TSLA,positive,0.8209
6459,TSLA,neutral,0.9141
6460,TSLA,positive,0.9193
6461,TSLA,negative,0.7853
6462,AAPL,neutral,0.9515
6463,AAPL,neutral,0.9515
6464,AAPL,neutral,0.9518
6465,TSLA,negative,0.6070
6466,TSLA,neutral,0.9252
6467,TSLA,positive,0.5419
6468,TSLA,negative,0.7454
6469,TSLA,positive,0.9163
6470,TSLA,negative,0.9410
6471,AAPL,neutral,0.9500
6472,AAPL,neutral,0.9510
6473,TSLA,neutral,0.8550
6474,TSLA,neutral,0.9007
6475,TSLA,neutral,0.9325
6476,AAPL,neutral,0.9522
6477,TSLA,neutral,0.6985
6478,TSLA,positive,0.6228
6479,TSLA,neutral,0.9242
6480,TSLA,neutral,0.9411
6481,TSLA,neutral,0.9236
6482,TSLA,neutral,0.8353
6483,TSLA,neutral,0.7688
6484,TSLA,neutral,0.8890
6485,TSLA,positive,0.4873
6486,TSLA,neutral,0.9509
6487,NVDA,positive,0.4981
6488,AMC,neutral,0.9340
6489,TSLA,negative,0.5416
6490,AMC,neutral,0.9522
6491,TSLA,neutral,0.5977
6492,TSLA,positive,0.8631
6493,TSLA,neutral,0.9496
6494,TSLA,neutral,0.8381
6495,AAPL,neutral,0.9501
6496,TSLA,positive,0.8591
6497,TSLA,positive,0.9166
6498,TSLA,positive,0.8144
6499,TSLA,neutral,0.7029
6500,TSLA,positive,0.7196
6501,TSLA,neutral,0.8838
6502,TSLA,neutral,0.7328
6503,TSLA,neutral,0.9084
6504,TSLA,neutral,0.9093
6505,TSLA,neutral,0.9076
6506,TSLA,neutral,0.7745
6507,TSLA,neutral,0.9020
6508,TSLA,negative,0.9541
6509,TSLA,positive,0.8896
6510,TSLA,positive,0.8973
6511,GME,neutral,0.8039
6512,GME,neutral,0.9140
6513,ORCL,neutral,0.8892
6514,AMZN,neutral,0.9427
6515,MSFT,neutral,0.9386
6516,AMZN,positive,0.7972
6517,ADBE,neutral,0.9299
6518,NFLX,neutral,0.9409
6519,AMC,neutral,0.9534
6520,NVDA,neutral,0.9359
6521,IBM,neutral,0.9270
6522,AMC,neutral,0.7637
6523,AMZN,neutral,0.9388
6524,GME,negative,0.6066
6525,CRM,neutral,0.9320
6526,INTC,neutral,0.9300
6527,AMC,neutral,0.9492
6528,GME,neutral,0.9277
6529,NVDA,negative,0.5039
6530,NVDA,negative,0.5758
6531,INTC,negative,0.4475
6532,NVDA,neutral,0.9430
6533,INTC,negative,0.9586
6534,INTC,negative,0.9586
6535,AAPL,neutral,0.9479
6536,AAPL,neutral,0.9470
6537,AAPL,neutral,0.9460
6538,AMC,neutral,0.9175
6539,GME,neutral,0.9495
6540,INTC,neutral,0.9442
6541,IBM,neutral,0.9374
6542,AAPL,neutral,0.9492
6543,META,neutral,0.9292
6544,TSLA,neutral,0.8981
6545,CSCO,neutral,0.8935
6546,CRM,neutral,0.9320
6547,CSCO,neutral,0.9396
6548,GOOGL,neutral,0.9236
6549,NVDA,positive,0.5582
6550,AMC,neutral,0.9462
6551,GME,positive,0.4734
6552,TSLA,neutral,0.9193
6553,CRM,neutral,0.8230
6554,AMZN,neutral,0.9094
6555,META,neutral,0.6983
6556,AMZN,neutral,0.7974
6557,CSCO,positive,0.8013
6558,AMZN,neutral,0.7617
6559,META,neutral,0.9216
6560,AMZN,neutral,0.8916
6561,TSLA,positive,0.8027
6562,AMZN,neutral,0.5618
6563,AMZN,negative,0.6646
6564,AMC,neutral,0.9309
6565,AMZN,positive,0.7473
6566,TSLA,positive,0.6408
6567,META,positive,0.4658
6568,TSLA,neutral,0.5611
6569,AAPL,neutral,0.6499
6570,META,negative,0.4598
6571,TSLA,positive,0.5988
6572,NVDA,neutral,0.9256
6573,TSLA,positive,0.6408
6574,AAPL,negative,0.7480
6575,GOOGL,neutral,0.4909
6576,GOOGL,positive,0.6199
6577,MSFT,neutral,0.9386
6578,AAPL,neutral,0.9360
6579,AAPL,neutral,0.9385
6580,AMZN,neutral,0.9342
6581,AAPL,neutral,0.9122
6582,NVDA,neutral,0.8242
6583,TSLA,neutral,0.7759
6584,ADBE,neutral,0.8008
6585,TSLA,neutral,0.9379
6586,TSLA,neutral,0.9234
6587,TSLA,positive,0.7601
6588,AAPL,positive,0.6937
6589,AMZN,neutral,0.9522
6590,AAPL,neutral,0.9478
6591,TSLA,neutral,0.9208
6592,MSFT,negative,0.5686
6593,META,neutral,0.7869
6594,TSLA,positive,0.8288
6595,AAPL,neutral,0.7735
6596,AAPL,negative,0.8054
6597,AAPL,neutral,0.9300
6598,AMZN,negative,0.6655
6599,ADBE,positive,0.8782
6600,ADBE,positive,0.6565
6601,ADBE,positive,0.5744
6602,ADBE,neutral,0.9396
6603,AAPL,neutral,0.8935
6604,META,neutral,0.9194
6605,ADBE,positive,0.8584
6606,TSLA,neutral,0.8168
6607,GOOGL,neutral,0.7484
6608,TSLA,neutral,0.7268
6609,ADBE,neutral,0.8863
6610,ADBE,positive,0.7137
6611,ADBE,positive,0.8484
6612,TSLA,neutral,0.5413
6613,ADBE,negative,0.4398
6614,TSLA,positive,0.7919
6615,AMZN,neutral,0.9320
6616,TSLA,neutral,0.8990
6617,AMZN,neutral,0.8894
6618,TSLA,neutral,0.9440
6619,TSLA,neutral,0.9440
6620,TSLA,positive,0.7392
6621,NFLX,neutral,0.8984
6622,AMZN,neutral,0.8916
6623,AAPL,neutral,0.9370
6624,AMC,neutral,0.8880
6625,AMZN,neutral,0.9374
6626,ORCL,neutral,0.9523
6627,ORCL,neutral,0.9517
6628,AAPL,neutral,0.7950
6629,GME,negative,0.6706
6630,META,positive,0.8218
6631,AMC,neutral,0.9023
6632,AMC,neutral,0.6519
6633,TSLA,neutral,0.9452
6634,AMC,neutral,0.9224
6635,AMZN,neutral,0.9470
6636,GME,negative,0.9652
6637,AMC,positive,0.9368
6638,AMC,neutral,0.9509
6639,AMC,neutral,0.9462
6640,TSLA,neutral,0.8927
6641,AAPL,neutral,0.9493
6642,AMC,neutral,0.9226
6643,TSLA,positive,0.8038
6644,TSLA,neutral,0.8639
6645,TSLA,neutral,0.8541
6646,TSLA,neutral,0.8541
6647,AMZN,neutral,0.9368
6648,TSLA,positive,0.8370
6649,AAPL,neutral,0.9530
6650,NFLX,neutral,0.9372
6651,AMC,neutral,0.9543
6652,TSLA,neutral,0.7978
6653,TSLA,neutral,0.9080
6654,TSLA,neutral,0.7693
6655,TSLA,neutral,0.6159
6656,TSLA,neutral,0.8688
6657,TSLA,neutral,0.8454
6658,GME,neutral,0.9302
6659,AMC,neutral,0.9479
6660,TSLA,neutral,0.6543
6661,TSLA,neutral,0.9208
6662,TSLA,neutral,0.8251
6663,AMC,neutral,0.9539
6664,GME,negative,0.6699
6665,AMZN,positive,0.6726
6666,AMC,neutral,0.9534
6667,AMC,neutral,0.9535
6668,AMC,neutral,0.9535
6669,AMC,neutral,0.9521
6670,TSLA,positive,0.7965
6671,TSLA,positive,0.4404
6672,TSLA,positive,0.8752
6673,AMC,neutral,0.9532
6674,AMC,neutral,0.7398
6675,AMC,neutral,0.9513
6676,AMC,neutral,0.9530
6677,AMZN,neutral,0.9536
6678,AMZN,neutral,0.9504
6679,AMC,neutral,0.9525
6680,AMZN,neutral,0.9338
6681,AMC,neutral,0.9506
6682,AMC,neutral,0.9496
6683,AMC,neutral,0.9504
6684,GME,neutral,0.7772
6685,GME,neutral,0.6428
6686,AMZN,neutral,0.9285
6687,AMZN,neutral,0.9134
6688,AMZN,neutral,0.8992
6689,AMZN,positive,0.6607
6690,AMC,neutral,0.9516
6691,AMZN,neutral,0.8930
6692,AMZN,neutral,0.8994
6693,GME,positive,0.9001
6694,AMC,positive,0.9353
6695,AMC,neutral,0.9529
6696,NVDA,neutral,0.9422
6697,AAPL,neutral,0.9518
6698,AAPL,neutral,0.9521
6699,AMC,neutral,0.9527
6700,NVDA,neutral,0.9308
6701,AAPL,neutral,0.9526
6702,META,neutral,0.9536
6703,AMC,neutral,0.9535
6704,META,neutral,0.9334
6705,AAPL,neutral,0.9525
6706,TSLA,neutral,0.9237
6707,TSLA,neutral,0.9229
6708,TSLA,negative,0.4934
6709,CRM,neutral,0.9376
6710,TSLA,neutral,0.8635
6711,GME,neutral,0.9269
6712,TSLA,neutral,0.8256
6713,TSLA,neutral,0.9180
6714,TSLA,positive,0.5246
6715,AMZN,neutral,0.9515
6716,AMC,neutral,0.9532
6717,TSLA,positive,0.8084
6718,TSLA,neutral,0.9381
6719,ORCL,neutral,0.9486
6720,AMC,neutral,0.9527
6721,AMC,neutral,0.9525
6722,AMC,neutral,0.9513
6723,IBM,neutral,0.9526
6724,META,negative,0.4763
6725,INTC,neutral,0.9444
6726,AAPL,positive,0.6523
6727,CRM,neutral,0.9325
6728,CRM,neutral,0.9513
6729,CRM,neutral,0.9320
6730,TSLA,neutral,0.8975
6731,IBM,positive,0.7657
6732,GOOGL,neutral,0.9362
6733,CSCO,neutral,0.8467
6734,TSLA,positive,0.8772
6735,AMZN,neutral,0.5802
6736,AMC,neutral,0.9505
6737,TSLA,neutral,0.8981
6738,AAPL,neutral,0.9457
6739,TSLA,neutral,0.9059
6740,TSLA,neutral,0.9080
6741,TSLA,neutral,0.9059
6742,AAPL,neutral,0.9497
6743,AAPL,neutral,0.9495
6744,TSLA,negative,0.6591
6745,NFLX,neutral,0.9341
6746,AMC,negative,0.7915
6747,GME,neutral,0.9242
6748,GME,positive,0.8104
6749,GME,neutral,0.9166
6750,AMC,neutral,0.9523
6751,CSCO,positive,0.8895
6752,TSLA,neutral,0.6721
6753,INTC,neutral,0.7995
6754,MSFT,positive,0.8936
6755,MSFT,neutral,0.9361
6756,AAPL,negative,0.9471
6757,INTC,neutral,0.9361
6758,CRM,neutral,0.4312
6759,CRM,neutral,0.9169
6760,INTC,neutral,0.6274
6761,INTC,negative,0.8669
6762,INTC,neutral,0.7434
6763,META,neutral,0.9222
6764,AAPL,neutral,0.9475
6765,NVDA,neutral,0.5894
6766,MSFT,neutral,0.9427
6767,NFLX,neutral,0.9375
6768,NVDA,neutral,0.5894
6769,CSCO,neutral,0.7161
6770,NVDA,neutral,0.8029
6771,CRM,neutral,0.6952
6772,MSFT,neutral,0.9209
6773,MSFT,neutral,0.9379
6774,AMZN,neutral,0.9047
6775,GME,neutral,0.9050
6776,TSLA,neutral,0.8228
6777,IBM,neutral,0.9519
6778,IBM,neutral,0.9493
6779,TSLA,neutral,0.9341
6780,GOOGL,neutral,0.9230
6781,META,neutral,0.6726
6782,META,neutral,0.9232
6783,GME,positive,0.9286
6784,AMC,neutral,0.9525
6785,AMC,neutral,0.9503
6786,AAPL,neutral,0.9527
6787,AMC,neutral,0.9512
6788,TSLA,neutral,0.8642
6789,META,negative,0.7288
6790,MSFT,neutral,0.9536
6791,IBM,positive,0.7657
6792,MSFT,neutral,0.9528
6793,MSFT,neutral,0.9517
6794,ADBE,neutral,0.9530
6795,ADBE,neutral,0.9516
6796,INTC,neutral,0.9383
6797,INTC,neutral,0.9303
6798,INTC,neutral,0.9300
6799,TSLA,neutral,0.9208
6800,TSLA,neutral,0.9496
6801,AAPL,neutral,0.9523
6802,META,neutral,0.9372
6803,AAPL,neutral,0.9489
6804,INTC,neutral,0.9547
6805,INTC,neutral,0.9544
6806,AAPL,neutral,0.9504
6807,AAPL,neutral,0.9499
6808,TSLA,neutral,0.9208
6809,TSLA,neutral,0.9176
6810,GME,negative,0.9308
6811,GME,neutral,0.6631
6812,CSCO,neutral,0.9403
6813,META,neutral,0.9293
6814,ADBE,neutral,0.9327
6815,AAPL,neutral,0.9375
6816,AMZN,neutral,0.9538
6817,AMZN,neutral,0.9530
6818,AAPL,neutral,0.9487
6819,TSLA,positive,0.6848
6820,TSLA,positive,0.8556
6821,TSLA,neutral,0.8580
6822,TSLA,neutral,0.7990
6823,TSLA,neutral,0.8492
6824,IBM,neutral,0.9471
6825,TSLA,positive,0.8726
6826,TSLA,negative,0.8319
6827,TSLA,positive,0.9386
6828,TSLA,neutral,0.9018
6829,TSLA,positive,0.7402
6830,TSLA,neutral,0.8514
6831,TSLA,positive,0.6305
6832,TSLA,positive,0.6305
6833,TSLA,positive,0.6305
6834,TSLA,neutral,0.8173
6835,TSLA,neutral,0.8471
6836,TSLA,neutral,0.8989
6837,ADBE,neutral,0.9196
6838,TSLA,positive,0.6244
6839,TSLA,neutral,0.8108
6840,TSLA,neutral,0.8881
6841,TSLA,positive,0.6886
6842,TSLA,positive,0.8303
6843,TSLA,positive,0.9254
6844,TSLA,positive,0.8814
6845,TSLA,neutral,0.8927
6846,TSLA,positive,0.9330
6847,TSLA,neutral,0.8091
6848,META,neutral,0.9026
6849,AAPL,neutral,0.9501
6850,TSLA,neutral,0.8642
6851,META,neutral,0.9300
6852,ORCL,neutral,0.9458
6853,INTC,neutral,0.9470
6854,NVDA,neutral,0.9307
6855,CRM,neutral,0.8596
6856,TSLA,neutral,0.8132
6857,GOOGL,neutral,0.9207
6858,GOOGL,neutral,0.9109
6859,GME,neutral,0.7657
6860,TSLA,positive,0.5283
6861,AMZN,negative,0.9535
6862,GME,negative,0.9649
6863,MSFT,neutral,0.9312
6864,TSLA,neutral,0.7704
6865,TSLA,neutral,0.6134
6866,TSLA,neutral,0.9316
6867,TSLA,neutral,0.5987
6868,AMZN,positive,0.6401
6869,TSLA,neutral,0.8910
6870,TSLA,neutral,0.6544
6871,AMZN,neutral,0.8540
6872,MSFT,neutral,0.6717
6873,TSLA,neutral,0.9405
6874,TSLA,neutral,0.6621
6875,TSLA,neutral,0.8882
6876,AAPL,neutral,0.7562
6877,TSLA,negative,0.9616
6878,TSLA,neutral,0.8387
6879,TSLA,positive,0.8690
6880,TSLA,neutral,0.8132
6881,TSLA,neutral,0.7910
6882,TSLA,neutral,0.8734
6883,TSLA,neutral,0.8945
6884,TSLA,neutral,0.7054
6885,TSLA,positive,0.9106
6886,TSLA,neutral,0.6942
6887,TSLA,positive,0.7370
6888,TSLA,neutral,0.7756
6889,TSLA,neutral,0.8612
6890,TSLA,positive,0.5283
6891,TSLA,neutral,0.6295
6892,TSLA,negative,0.9657
6893,TSLA,neutral,0.9372
6894,TSLA,neutral,0.9254
6895,TSLA,negative,0.9502
6896,TSLA,neutral,0.8621
6897,TSLA,negative,0.9633
6898,TSLA,negative,0.9633
6899,TSLA,neutral,0.9257
6900,TSLA,neutral,0.7955
6901,TSLA,positive,0.9253
6902,TSLA,positive,0.9345
6903,TSLA,positive,0.8450
6904,TSLA,neutral,0.9350
6905,TSLA,neutral,0.6621
6906,TSLA,neutral,0.8991
6907,GOOGL,neutral,0.8989
6908,TSLA,neutral,0.9418
6909,TSLA,neutral,0.9032
6910,TSLA,positive,0.9499
6911,TSLA,positive,0.8910
6912,AMC,neutral,0.9535
6913,GME,negative,0.7214
6914,INTC,neutral,0.8545
6915,AMC,neutral,0.9517
6916,GME,positive,0.7736
6917,AAPL,neutral,0.9492
6918,AMZN,neutral,0.9448
6919,CRM,neutral,0.9486
6920,AAPL,neutral,0.9482
6921,AAPL,neutral,0.8766
6922,GME,neutral,0.6118
6923,GME,positive,0.9520
6924,GME,neutral,0.8680
6925,AMC,neutral,0.9342
6926,AMC,neutral,0.9173
6927,AMC,neutral,0.9511
6928,TSLA,neutral,0.8927
6929,NVDA,positive,0.9463
6930,INTC,negative,0.9218
6931,CRM,neutral,0.9413
6932,CRM,neutral,0.9519
6933,CRM,neutral,0.9534
6934,CRM,neutral,0.9369
6935,AAPL,neutral,0.9305
6936,MSFT,neutral,0.9249
6937,ORCL,neutral,0.9524
6938,TSLA,neutral,0.9253
6939,AAPL,neutral,0.9005
6940,MSFT,neutral,0.9379
6941,TSLA,neutral,0.8880
6942,NVDA,neutral,0.9150
6943,NFLX,positive,0.7271
6944,INTC,neutral,0.9165
6945,TSLA,neutral,0.9201
6946,AMZN,neutral,0.9157
6947,NFLX,neutral,0.9227
6948,NFLX,neutral,0.9116
6949,META,neutral,0.7860
6950,AMZN,neutral,0.9271
6951,AMZN,neutral,0.9248
6952,AMZN,neutral,0.9231
6953,TSLA,neutral,0.9328
6954,INTC,neutral,0.9300
6955,AMZN,neutral,0.8923
6956,AMZN,neutral,0.9179
6957,AMZN,neutral,0.9246
6958,AMZN,neutral,0.9126
6959,NFLX,neutral,0.9362
6960,GME,neutral,0.9258
6961,TSLA,neutral,0.9200
6962,AMZN,neutral,0.9157
6963,NFLX,neutral,0.9199
6964,IBM,positive,0.9148
6965,IBM,positive,0.9392
6966,IBM,positive,0.8921
6967,IBM,positive,0.9309
6968,NVDA,neutral,0.8662
6969,NVDA,neutral,0.9374
6970,NVDA,neutral,0.9335
6971,AMZN,neutral,0.9179
6972,AMZN,neutral,0.7958
6973,AMZN,neutral,0.9198
6974,AMZN,neutral,0.9169
6975,NFLX,neutral,0.9423
6976,TSLA,neutral,0.8744
6977,AMZN,neutral,0.9247
6978,AMZN,neutral,0.9294
6979,GOOGL,neutral,0.8516
6980,AMZN,neutral,0.8819
6981,AMZN,neutral,0.8919
6982,AMZN,neutral,0.8261
6983,AMZN,neutral,0.9135
6984,AMZN,neutral,0.8894
6985,AMZN,neutral,0.9301
6986,AMZN,neutral,0.9165
6987,AMZN,neutral,0.9477
6988,AMZN,neutral,0.9475
6989,AMZN,positive,0.8767
6990,AMZN,neutral,0.9379
6991,AMZN,neutral,0.9338
6992,AMZN,neutral,0.9075
6993,NFLX,positive,0.4790
6994,AMC,neutral,0.9517
6995,GME,neutral,0.9490
6996,GME,negative,0.6066
6997,GME,neutral,0.9502
6998,AMC,neutral,0.9483
6999,META,neutral,0.9283
7000,MSFT,neutral,0.9443
7001,TSLA,neutral,0.9511
7002,MSFT,neutral,0.9525
7003,NFLX,neutral,0.5938
7004,NFLX,neutral,0.9365
7005,CRM,neutral,0.9488
7006,AAPL,neutral,0.8935
7007,IBM,positive,0.5001
7008,CRM,negative,0.7869
7009,CRM,neutral,0.9460
7010,AAPL,neutral,0.9449
7011,TSLA,negative,0.9590
7012,IBM,neutral,0.9415
7013,INTC,neutral,0.9402
7014,MSFT,neutral,0.9469
7015,CRM,neutral,0.9459
7016,INTC,neutral,0.9419
7017,CRM,neutral,0.9488
7018,CRM,neutral,0.9406
7019,INTC,neutral,0.9419
7020,MSFT,neutral,0.9482
7021,MSFT,neutral,0.9483
7022,CSCO,neutral,0.9477
7023,MSFT,negative,0.8201
7024,MSFT,neutral,0.9475
7025,AMZN,neutral,0.9409
7026,GOOGL,negative,0.7069
7027,AMC,neutral,0.9483
7028,NFLX,negative,0.7427
7029,AAPL,positive,0.5405
7030,AAPL,neutral,0.9487
7031,TSLA,neutral,0.9340
7032,AAPL,neutral,0.9491
7033,MSFT,neutral,0.9296
7034,GOOGL,neutral,0.8855
7035,NVDA,neutral,0.9279
7036,GME,neutral,0.9428
7037,GME,neutral,0.7453
7038,MSFT,neutral,0.9240
7039,MSFT,neutral,0.8516
7040,AMC,neutral,0.9356
7041,GOOGL,neutral,0.9231
7042,AMC,neutral,0.9534
7043,GME,neutral,0.9516
7044,AMC,neutral,0.9493
7045,CRM,neutral,0.9365
7046,AAPL,neutral,0.9502
7047,GME,negative,0.6122
7048,GOOGL,neutral,0.9488
7049,GOOGL,neutral,0.9492
7050,TSLA,positive,0.6252
7051,AAPL,neutral,0.9229
7052,AAPL,neutral,0.9476
7053,AAPL,neutral,0.9483
7054,AMC,neutral,0.9490
7055,CRM,positive,0.9114
7056,AMZN,neutral,0.9399
7057,META,negative,0.4190
7058,META,neutral,0.9222
7059,NFLX,neutral,0.9371
7060,AAPL,neutral,0.9336
7061,AAPL,neutral,0.9494
7062,AAPL,neutral,0.9502
7063,TSLA,neutral,0.8370
7064,TSLA,neutral,0.9355
7065,TSLA,neutral,0.9472
7066,GME,negative,0.7113
7067,TSLA,neutral,0.9107
7068,TSLA,neutral,0.7978
7069,TSLA,neutral,0.9080
7070,TSLA,neutral,0.7693
7071,TSLA,neutral,0.8176
7072,TSLA,neutral,0.6159
7073,TSLA,neutral,0.8688
7074,TSLA,neutral,0.8454
7075,TSLA,neutral,0.9180
7076,AMZN,neutral,0.8955
7077,AMZN,neutral,0.7861
7078,AMZN,neutral,0.8437
7079,AMZN,positive,0.5988
7080,NFLX,neutral,0.8667
7081,NFLX,neutral,0.6968
7082,AMZN,neutral,0.7247
7083,NFLX,positive,0.8912
7084,NFLX,neutral,0.6959
7085,TSLA,neutral,0.8246
7086,AAPL,neutral,0.9266
7087,AMZN,neutral,0.8437
7088,AMZN,positive,0.5988
7089,AMZN,neutral,0.9387
7090,META,negative,0.6381
7091,NFLX,negative,0.6758
7092,AMZN,positive,0.8749
7093,NFLX,neutral,0.6959
7094,AMZN,neutral,0.7228
7095,INTC,neutral,0.9475
7096,IBM,positive,0.9309
7097,GOOGL,neutral,0.5436
7098,GOOGL,positive,0.7057
7099,NVDA,neutral,0.6260
7100,CSCO,neutral,0.7972
7101,NVDA,positive,0.8398
7102,NVDA,positive,0.8398
7103,NVDA,positive,0.7561
7104,INTC,neutral,0.8855
7105,IBM,positive,0.8416
7106,IBM,negative,0.8370
7107,IBM,negative,0.9648
7108,IBM,neutral,0.9397
7109,IBM,negative,0.9522
7110,IBM,neutral,0.9516
7111,IBM,positive,0.5873
7112,TSLA,positive,0.9354
7113,MSFT,neutral,0.8600
7114,IBM,positive,0.8513
7115,CRM,neutral,0.9375
7116,CRM,neutral,0.9511
7117,CRM,neutral,0.9320
7118,AAPL,neutral,0.5210
7119,CRM,neutral,0.9365
7120,INTC,neutral,0.6414
7121,GME,neutral,0.5636
7122,TSLA,neutral,0.8261
7123,AAPL,neutral,0.9515
7124,CRM,negative,0.7869
7125,MSFT,neutral,0.9505
7126,MSFT,neutral,0.9340
7127,GME,neutral,0.9472
7128,AAPL,neutral,0.9492
7129,AMC,neutral,0.8633
7130,AAPL,neutral,0.9502
7131,AMC,neutral,0.9524
7132,AAPL,neutral,0.9456
7133,AAPL,neutral,0.9483
7134,AMZN,neutral,0.7861
7135,AMZN,neutral,0.5008
7136,MSFT,neutral,0.9502
7137,AMZN,neutral,0.6564
7138,AMZN,neutral,0.6564
7139,INTC,neutral,0.9383
7140,AAPL,neutral,0.9496
7141,AAPL,neutral,0.9465
7142,GOOGL,neutral,0.5068
7143,INTC,neutral,0.9502
7144,AAPL,neutral,0.9500
7145,AAPL,neutral,0.9449
7146,AMC,neutral,0.7756
7147,CRM,neutral,0.9444
7148,CSCO,neutral,0.9470
7149,AAPL,negative,0.9356
7150,AAPL,neutral,0.9482
7151,AMC,neutral,0.9499
7152,AAPL,neutral,0.9475
7153,AMZN,neutral,0.6280
7154,TSLA,negative,0.9648
7155,TSLA,negative,0.9648
7156,TSLA,negative,0.9687
7157,IBM,neutral,0.9409
7158,CRM,neutral,0.9307
7159,GOOGL,neutral,0.9409
7160,GME,negative,0.5875
7161,META,negative,0.9147
7162,GME,neutral,0.9517
7163,AMC,neutral,0.9517
7164,TSLA,positive,0.8726
7165,TSLA,positive,0.8279
7166,TSLA,neutral,0.9251
7167,IBM,neutral,0.9468
7168,NVDA,neutral,0.9513
7169,CRM,neutral,0.9369
7170,CSCO,negative,0.9166
7171,CSCO,neutral,0.8642
7172,CSCO,negative,0.9710
7173,META,neutral,0.9470
7174,IBM,neutral,0.9505
7175,NFLX,neutral,0.9238
7176,META,positive,0.5210
7177,NFLX,neutral,0.9054
7178,AMC,neutral,0.9517
7179,AAPL,neutral,0.9526
7180,TSLA,neutral,0.8975
7181,NFLX,negative,0.5042
7182,CSCO,neutral,0.9154
7183,TSLA,neutral,0.9059
7184,NVDA,neutral,0.9278
7185,NFLX,neutral,0.8577
7186,TSLA,neutral,0.9201
7187,INTC,neutral,0.9503
7188,AMC,neutral,0.5717
7189,AMC,neutral,0.9273
7190,AMC,positive,0.6088
7191,AMC,neutral,0.9504
7192,AAPL,neutral,0.9411
7193,AAPL,neutral,0.9499
7194,AAPL,neutral,0.9490
7195,TSLA,negative,0.9457
7196,AAPL,neutral,0.9483
7197,INTC,neutral,0.9494
7198,AAPL,neutral,0.9468
7199,AAPL,neutral,0.8623
7200,AAPL,neutral,0.9494
7201,AAPL,neutral,0.9189
7202,TSLA,neutral,0.9466
7203,NVDA,neutral,0.9206
7204,NVDA,neutral,0.9158
7205,INTC,neutral,0.9308
7206,NVDA,neutral,0.9517
7207,CRM,neutral,0.9334
7208,AMZN,negative,0.7675
7209,AMC,neutral,0.9502
7210,GME,neutral,0.9449
7211,AAPL,neutral,0.9212
7212,AMC,neutral,0.9514
7213,META,neutral,0.7474
7214,CSCO,neutral,0.8794
7215,TSLA,negative,0.9657
7216,AMZN,neutral,0.9240
7217,NVDA,neutral,0.9158
7218,META,neutral,0.9543
7219,CSCO,neutral,0.9403
7220,TSLA,positive,0.8631
7221,NFLX,neutral,0.9379
7222,AMC,neutral,0.9245
7223,NVDA,neutral,0.9359
7224,AMZN,neutral,0.9260
7225,AMZN,neutral,0.7865
7226,TSLA,neutral,0.9231
7227,TSLA,negative,0.9249
7228,TSLA,neutral,0.8736
7229,AMZN,neutral,0.9473
7230,TSLA,positive,0.9416
7231,TSLA,positive,0.9004
7232,AMZN,neutral,0.9317
7233,GME,neutral,0.9279
7234,TSLA,neutral,0.8642
7235,TSLA,neutral,0.9093
7236,AAPL,neutral,0.9521
7237,CSCO,neutral,0.9478
7238,CSCO,neutral,0.9480
7239,AAPL,neutral,0.9511
7240,CRM,neutral,0.9339
7241,MSFT,neutral,0.9212
7242,TSLA,neutral,0.8642
7243,TSLA,positive,0.7329
7244,IBM,positive,0.8921
7245,IBM,positive,0.9392
7246,INTC,neutral,0.9502
7247,AAPL,neutral,0.9519
7248,AAPL,neutral,0.9457
7249,TSLA,neutral,0.9179
7250,NFLX,neutral,0.7032
7251,AAPL,positive,0.6693
7252,TSLA,neutral,0.5528
7253,TSLA,neutral,0.6543
7254,AMZN,neutral,0.9317
7255,AMZN,negative,0.8823
7256,AMZN,positive,0.6838
7257,TSLA,neutral,0.8495
7258,TSLA,neutral,0.8942
7259,TSLA,neutral,0.7591
7260,AMC,neutral,0.9379
7261,TSLA,neutral,0.7698
7262,AMZN,neutral,0.9309
7263,AMZN,positive,0.7874
7264,AMZN,neutral,0.5097
7265,AMZN,neutral,0.9405
7266,INTC,neutral,0.8620
7267,AMZN,positive,0.6139
7268,MSFT,neutral,0.9340
7269,MSFT,neutral,0.9485
7270,AAPL,positive,0.7769
7271,MSFT,negative,0.6817
7272,MSFT,positive,0.5050
7273,AAPL,positive,0.8197
7274,AAPL,positive,0.5630
7275,AMZN,neutral,0.9470
7276,META,neutral,0.8981
7277,AAPL,neutral,0.9214
7278,GME,neutral,0.9331
7279,NFLX,neutral,0.9379
7280,MSFT,negative,0.5686
7281,GOOGL,neutral,0.9194
7282,META,neutral,0.7869
7283,AMZN,neutral,0.9372
7284,TSLA,neutral,0.9200
7285,GOOGL,positive,0.5237
7286,GOOGL,negative,0.6195
7287,AAPL,neutral,0.9386
7288,META,neutral,0.9235
7289,IBM,neutral,0.9304
7290,AMZN,negative,0.8774
7291,AMZN,negative,0.8774
7292,AAPL,neutral,0.8099
7293,AMZN,neutral,0.7290
7294,AMZN,negative,0.6817
7295,GOOGL,neutral,0.9360
7296,MSFT,neutral,0.9427
7297,NVDA,neutral,0.9475
7298,GME,neutral,0.8608
7299,AMZN,neutral,0.9375
7300,AAPL,negative,0.8388
7301,AAPL,negative,0.8388
7302,CRM,neutral,0.9382
7303,META,neutral,0.7523
7304,MSFT,negative,0.9639
7305,MSFT,neutral,0.9379
7306,AMC,positive,0.8684
7307,TSLA,neutral,0.8853
7308,AAPL,neutral,0.9528
7309,AAPL,neutral,0.9528
7310,INTC,neutral,0.9453
7311,INTC,neutral,0.9512
7312,AAPL,neutral,0.9476
7313,MSFT,negative,0.9175
7314,NFLX,neutral,0.9423
7315,MSFT,neutral,0.8093
7316,MSFT,neutral,0.9446
7317,MSFT,neutral,0.9481
7318,ADBE,neutral,0.9457
7319,AMC,neutral,0.9529
7320,AAPL,neutral,0.9464
7321,NFLX,neutral,0.6628
7322,NFLX,negative,0.9444
7323,NFLX,neutral,0.9394
7324,NFLX,neutral,0.7701
7325,NFLX,positive,0.6479
7326,INTC,neutral,0.9012
7327,AMC,neutral,0.9339
7328,AMC,positive,0.9130
7329,INTC,neutral,0.9444
7330,AMC,neutral,0.9113
7331,AAPL,neutral,0.9466
7332,AMC,positive,0.8010
7333,INTC,neutral,0.9218
7334,NFLX,positive,0.8805
7335,AMZN,neutral,0.8393
7336,NFLX,neutral,0.8639
7337,AMC,negative,0.7782
7338,AAPL,neutral,0.9492
7339,IBM,negative,0.9522
7340,TSLA,negative,0.9590
7341,TSLA,negative,0.9213
7342,NFLX,neutral,0.6294
7343,INTC,neutral,0.9354
7344,NFLX,neutral,0.9452
7345,TSLA,neutral,0.9382
7346,AAPL,neutral,0.9483
7347,AAPL,neutral,0.9521
7348,NFLX,negative,0.8453
7349,META,negative,0.5083
7350,NFLX,neutral,0.9352
7351,NFLX,neutral,0.9350
7352,META,negative,0.6797
7353,META,negative,0.9108
7354,NFLX,neutral,0.9244
7355,NFLX,neutral,0.8755
7356,AAPL,neutral,0.6081
7357,NFLX,neutral,0.8533
7358,NFLX,negative,0.8588
7359,AAPL,positive,0.9050
7360,AAPL,neutral,0.5189
7361,AAPL,neutral,0.9418
7362,AAPL,neutral,0.6989
7363,AAPL,neutral,0.8556
7364,AAPL,neutral,0.9473
7365,NFLX,neutral,0.8723
7366,NFLX,neutral,0.9274
7367,AAPL,neutral,0.9250
7368,AMC,neutral,0.9483
7369,AMC,neutral,0.9407
7370,NFLX,neutral,0.9389
7371,IBM,neutral,0.8199
7372,AMC,neutral,0.9024
7373,AMC,neutral,0.6409
7374,IBM,neutral,0.8467
7375,AMC,neutral,0.8185
7376,META,neutral,0.5151
7377,AMC,neutral,0.8360
7378,AMC,positive,0.7461
7379,AMC,positive,0.6956
7380,AMC,neutral,0.9478
7381,AAPL,neutral,0.9448
7382,AMC,negative,0.9026
7383,NFLX,neutral,0.6830
7384,NFLX,neutral,0.7338
7385,AMC,neutral,0.5414
7386,INTC,neutral,0.7404
7387,NFLX,neutral,0.8906
7388,NFLX,neutral,0.9401
7389,NFLX,negative,0.8260
7390,NFLX,neutral,0.4828
7391,AMC,neutral,0.9522
7392,IBM,neutral,0.9066
7393,GOOGL,neutral,0.8388
7394,NFLX,negative,0.7373
7395,NFLX,positive,0.7803
7396,NFLX,neutral,0.8203
7397,AAPL,neutral,0.9007
7398,META,neutral,0.9288
7399,NFLX,neutral,0.8755
7400,NFLX,negative,0.8626
7401,AAPL,neutral,0.9266
7402,AAPL,neutral,0.9449
7403,AAPL,neutral,0.9458
7404,NFLX,neutral,0.9172
7405,NFLX,neutral,0.9172
7406,NFLX,neutral,0.7392
7407,NFLX,neutral,0.8716
7408,META,neutral,0.8561
7409,AAPL,neutral,0.9482
7410,AMC,positive,0.8377
7411,MSFT,neutral,0.8689
7412,NFLX,neutral,0.8902
7413,AMC,negative,0.8976
7414,AAPL,neutral,0.8468
7415,AMC,neutral,0.9321
7416,AMC,negative,0.7921
7417,AMZN,neutral,0.9222
7418,CSCO,neutral,0.9470
7419,AMC,neutral,0.8366
7420,AMZN,neutral,0.9009
7421,NFLX,negative,0.8558
7422,AMC,neutral,0.6697
7423,INTC,neutral,0.9471
7424,AMC,negative,0.6630
7425,CSCO,positive,0.7987
7426,NFLX,negative,0.8171
7427,MSFT,neutral,0.9148
7428,AMC,neutral,0.9464
7429,NFLX,neutral,0.9038
7430,NFLX,neutral,0.9210
7431,NFLX,neutral,0.5103
7432,AMC,neutral,0.9471
7433,NFLX,positive,0.6401
7434,AMZN,negative,0.8492
7435,AMC,neutral,0.8936
7436,AMC,neutral,0.7929
7437,AAPL,neutral,0.9502
7438,AAPL,neutral,0.9526
7439,NFLX,neutral,0.7078
7440,AMZN,neutral,0.8437
7441,AMC,positive,0.9181
7442,AMC,neutral,0.9534
7443,NFLX,negative,0.7178
7444,AMZN,positive,0.7872
7445,AMZN,neutral,0.9119
7446,NFLX,negative,0.7178
7447,AMC,neutral,0.9522
7448,NFLX,negative,0.9567
7449,AAPL,neutral,0.9482
7450,NVDA,neutral,0.9274
7451,NFLX,neutral,0.8207
7452,NFLX,neutral,0.8835
7453,NFLX,neutral,0.8835
7454,AMC,neutral,0.9535
7455,NFLX,positive,0.9415
7456,AMC,negative,0.4242
7457,NFLX,positive,0.8465
7458,META,neutral,0.8640
7459,NFLX,neutral,0.7983
7460,NFLX,neutral,0.8870
7461,GOOGL,neutral,0.9278
7462,NFLX,neutral,0.6688
7463,NFLX,neutral,0.8642
7464,NFLX,negative,0.5590
7465,AMC,positive,0.9178
7466,TSLA,neutral,0.9352
7467,NFLX,negative,0.9382
7468,AMZN,neutral,0.6191
7469,NFLX,negative,0.9510
7470,NFLX,negative,0.9503
7471,NFLX,negative,0.9344
7472,NFLX,negative,0.9536
7473,NFLX,negative,0.9510
7474,GME,negative,0.6066
7475,NFLX,negative,0.8754
7476,AMC,neutral,0.8586
7477,AMC,negative,0.4938
7478,NFLX,neutral,0.8581
7479,TSLA,positive,0.7534
7480,AAPL,neutral,0.9490
7481,NFLX,negative,0.9438
7482,NFLX,neutral,0.7503
7483,AMC,neutral,0.9033
7484,AAPL,neutral,0.9500
7485,NFLX,positive,0.8994
7486,NFLX,positive,0.5662
7487,AMC,neutral,0.8997
7488,CSCO,neutral,0.9480
7489,NFLX,neutral,0.4857
7490,AMC,negative,0.9042
7491,AMC,neutral,0.8875
7492,NFLX,neutral,0.7230
7493,NFLX,neutral,0.5902
7494,NFLX,negative,0.9154
7495,NFLX,positive,0.8481
7496,AMC,neutral,0.9494
7497,NFLX,neutral,0.5495
7498,AMC,neutral,0.7955
7499,AMC,neutral,0.6937
7500,NFLX,neutral,0.9175
7501,NFLX,neutral,0.7908
7502,AMC,neutral,0.9226
7503,AAPL,neutral,0.9474
7504,NFLX,positive,0.6958
7505,AMZN,neutral,0.9391
7506,AMC,neutral,0.9502
7507,NFLX,neutral,0.5712
7508,AAPL,neutral,0.9452
7509,NFLX,neutral,0.7392
7510,NFLX,neutral,0.7858
7511,AAPL,neutral,0.9440
7512,NFLX,neutral,0.8936
7513,NFLX,neutral,0.5188
7514,INTC,neutral,0.8388
7515,AAPL,neutral,0.9145
7516,AAPL,neutral,0.8717
7517,AMC,neutral,0.9226
7518,NFLX,neutral,0.8280
7519,TSLA,neutral,0.9440
7520,TSLA,neutral,0.9440
7521,AAPL,neutral,0.9308
7522,GME,neutral,0.8776
7523,AMC,neutral,0.7783
7524,MSFT,negative,0.8201
7525,AMC,neutral,0.9483
7526,AMC,neutral,0.8714
7527,AMC,neutral,0.5403
7528,AAPL,neutral,0.9501
7529,NFLX,neutral,0.6959
7530,GME,neutral,0.6708
7531,AMC,neutral,0.9324
7532,NFLX,negative,0.9399
7533,NFLX,neutral,0.8886
7534,NFLX,positive,0.6246
7535,GOOGL,negative,0.7069
7536,NFLX,neutral,0.7276
7537,TSLA,neutral,0.8839
7538,AMC,neutral,0.7319
7539,NFLX,neutral,0.9287
7540,AMC,neutral,0.9361
7541,TSLA,negative,0.9657
7542,NFLX,neutral,0.9245
7543,AAPL,neutral,0.9435
7544,NFLX,neutral,0.8316
7545,NFLX,neutral,0.9419
7546,AAPL,positive,0.7300
7547,NFLX,neutral,0.9303
7548,META,neutral,0.9136
7549,AMC,negative,0.9720
7550,AMZN,neutral,0.8944
7551,AAPL,neutral,0.9532
7552,AAPL,neutral,0.9475
7553,AMC,neutral,0.9534
7554,NFLX,neutral,0.8394
7555,AMC,neutral,0.9496
7556,AAPL,neutral,0.9503
7557,AAPL,neutral,0.9499
7558,AAPL,positive,0.5405
7559,AAPL,neutral,0.9527
7560,AAPL,neutral,0.9472
7561,AAPL,neutral,0.9489
7562,AAPL,neutral,0.9525
7563,AAPL,neutral,0.9521
7564,NFLX,neutral,0.8577
7565,CSCO,neutral,0.9434
7566,GME,neutral,0.9480
7567,AAPL,neutral,0.9485
7568,AAPL,neutral,0.9482
7569,AMC,neutral,0.9483
7570,AMC,neutral,0.9471
7571,TSLA,neutral,0.8642
7572,AAPL,neutral,0.9497
7573,GOOGL,positive,0.7869
7574,INTC,neutral,0.9285
7575,AAPL,neutral,0.9320
7576,AAPL,negative,0.9356
7577,CRM,neutral,0.3822
7578,INTC,positive,0.6063
7579,AMZN,neutral,0.9079
7580,NVDA,neutral,0.9335
7581,GME,neutral,0.9523
7582,AAPL,neutral,0.9482
7583,GME,neutral,0.9452
7584,META,neutral,0.9340
7585,META,neutral,0.5662
7586,GME,neutral,0.9166
7587,AAPL,negative,0.4728
7588,AAPL,negative,0.5211
7589,CSCO,neutral,0.8632
7590,INTC,neutral,0.9136
7591,GME,neutral,0.9268
7592,AMZN,neutral,0.8894
7593,TSLA,neutral,0.8481
7594,AAPL,neutral,0.9470
7595,AAPL,neutral,0.9448
7596,AAPL,neutral,0.9476
7597,AAPL,neutral,0.9502
7598,INTC,neutral,0.9218
7599,INTC,neutral,0.9347
7600,AMZN,neutral,0.6579
7601,IBM,neutral,0.7162
7602,IBM,neutral,0.9125
7603,IBM,negative,0.4360
7604,CSCO,neutral,0.9099
7605,CSCO,positive,0.7859
7606,IBM,negative,0.6347
7607,AMZN,neutral,0.8992
7608,AAPL,neutral,0.9494
7609,INTC,neutral,0.9504
7610,AAPL,neutral,0.9478
7611,META,neutral,0.9543
7612,AAPL,neutral,0.9478
7613,AAPL,neutral,0.9517
7614,INTC,neutral,0.4423
7615,NVDA,negative,0.8309
7616,AAPL,neutral,0.9495
7617,IBM,neutral,0.9325
7618,TSLA,negative,0.9616
7619,AAPL,neutral,0.9489
7620,GOOGL,neutral,0.4909
7621,GOOGL,positive,0.6199
7622,AAPL,neutral,0.9483
7623,MSFT,neutral,0.8445
7624,AAPL,neutral,0.9477
7625,AAPL,neutral,0.9505
7626,TSLA,neutral,0.9288
7627,CRM,neutral,0.9175
7628,AAPL,neutral,0.9476
7629,NFLX,neutral,0.9401
7630,AAPL,neutral,0.9468
7631,IBM,positive,0.9392
7632,IBM,positive,0.8921
7633,TSLA,positive,0.8772
7634,NVDA,negative,0.8926
7635,ADBE,neutral,0.9399
7636,CSCO,negative,0.4488
7637,CRM,negative,0.5359
7638,AAPL,neutral,0.9478
7639,TSLA,neutral,0.9327
7640,MSFT,neutral,0.9264
7641,AMC,neutral,0.9523
7642,AAPL,neutral,0.9465
7643,TSLA,negative,0.9657
7644,META,negative,0.9375
7645,INTC,neutral,0.9345
7646,TSLA,neutral,0.9488
7647,TSLA,neutral,0.9466
7648,AMZN,positive,0.6139
7649,AMZN,neutral,0.9485
7650,GME,neutral,0.9439
7651,TSLA,neutral,0.9406
7652,GME,neutral,0.9465
7653,AMZN,positive,0.8848
7654,GME,neutral,0.9495
7655,TSLA,neutral,0.5225
7656,GME,neutral,0.9481
7657,NFLX,neutral,0.9512
7658,TSLA,neutral,0.9506
7659,TSLA,neutral,0.9514
7660,GME,negative,0.6046
7661,AMC,neutral,0.9533
7662,ORCL,neutral,0.9537
7663,AAPL,neutral,0.9451
7664,AAPL,neutral,0.9448
7665,ORCL,neutral,0.9449
7666,AMC,neutral,0.9478
7667,AAPL,neutral,0.9481
7668,AAPL,neutral,0.9468
7669,AAPL,neutral,0.9460
7670,AAPL,neutral,0.9481
7671,AAPL,neutral,0.9490
7672,AAPL,neutral,0.9470
7673,AAPL,neutral,0.9509
7674,AMC,neutral,0.9503
7675,AAPL,neutral,0.9495
7676,AAPL,neutral,0.9463
7677,CSCO,neutral,0.9425
7678,NFLX,neutral,0.9521
7679,AAPL,neutral,0.9488
7680,CSCO,neutral,0.9480
7681,AMC,neutral,0.9539
7682,AAPL,neutral,0.9463
7683,AMC,neutral,0.9517
7684,AAPL,neutral,0.9529
7685,CRM,neutral,0.9529
7686,INTC,neutral,0.9538
7687,INTC,neutral,0.9518
7688,TSLA,neutral,0.8246
7689,IBM,positive,0.8568
7690,MSFT,neutral,0.9396
7691,MSFT,neutral,0.9152
7692,AMC,neutral,0.9491
7693,INTC,neutral,0.8569
7694,INTC,negative,0.9416
7695,NVDA,neutral,0.6895
7696,AAPL,neutral,0.9408
7697,INTC,positive,0.7605
7698,INTC,positive,0.9471
7699,GME,neutral,0.9452
7700,MSFT,neutral,0.9379
7701,INTC,neutral,0.6414
7702,INTC,neutral,0.8519
7703,INTC,negative,0.6877
7704,AAPL,neutral,0.9316
7705,INTC,positive,0.9470
7706,INTC,negative,0.8655
7707,INTC,neutral,0.8028
7708,INTC,neutral,0.9253
7709,NVDA,negative,0.7774
7710,INTC,neutral,0.7749
7711,AAPL,positive,0.8510
7712,INTC,neutral,0.6087
7713,NVDA,positive,0.8504
7714,INTC,neutral,0.7611
7715,INTC,neutral,0.9452
7716,INTC,neutral,0.9135
7717,META,neutral,0.9340
7718,INTC,neutral,0.8246
7719,NVDA,positive,0.9406
7720,NVDA,neutral,0.5399
7721,INTC,neutral,0.9219
7722,INTC,positive,0.8472
7723,INTC,neutral,0.8331
7724,TSLA,neutral,0.9359
7725,INTC,neutral,0.6277
7726,GME,negative,0.7917
7727,GME,neutral,0.8558
7728,MSFT,neutral,0.9353
7729,GOOGL,neutral,0.8278
7730,GOOGL,positive,0.5135
7731,AMZN,neutral,0.9394
7732,GOOGL,neutral,0.9429
7733,GOOGL,positive,0.7253
7734,AAPL,neutral,0.9526
7735,TSLA,neutral,0.9196
7736,AMC,neutral,0.9530
7737,AMC,neutral,0.9523
7738,AMC,neutral,0.9523
7739,AMC,neutral,0.9523
7740,AMC,neutral,0.9527
7741,AAPL,neutral,0.8148
7742,AAPL,negative,0.8054
7743,TSLA,neutral,0.8719
7744,TSLA,neutral,0.5302
7745,AMC,neutral,0.9504
7746,AAPL,neutral,0.9364
7747,AMZN,neutral,0.9394
7748,MSFT,neutral,0.9367
7749,AAPL,neutral,0.9337
7750,META,neutral,0.6417
7751,META,neutral,0.9150
7752,AAPL,neutral,0.9276
7753,AAPL,neutral,0.9478
7754,MSFT,negative,0.9321
7755,MSFT,neutral,0.9371
7756,GOOGL,positive,0.8976
7757,AMZN,neutral,0.7721
7758,TSLA,positive,0.6774
7759,TSLA,neutral,0.9134
7760,IBM,neutral,0.9482
7761,AMZN,positive,0.5060
7762,AMZN,neutral,0.8169
7763,TSLA,neutral,0.7427
7764,CRM,neutral,0.9476
7765,AMZN,negative,0.8306
7766,AMZN,negative,0.8306
7767,ORCL,neutral,0.9374
7768,AMZN,neutral,0.8051
7769,CRM,neutral,0.9479
7770,CRM,neutral,0.9503
7771,TSLA,negative,0.7394
7772,TSLA,neutral,0.9176
7773,AMZN,neutral,0.8201
7774,AMZN,neutral,0.9409
7775,GME,negative,0.9685
7776,GME,negative,0.9479
7777,MSFT,negative,0.9639
7778,NFLX,positive,0.8682
7779,NFLX,positive,0.6907
7780,CSCO,neutral,0.9480
7781,CRM,neutral,0.8835
7782,CSCO,negative,0.9674
7783,CSCO,negative,0.9498
7784,AMZN,neutral,0.6157
7785,AMZN,positive,0.8896
7786,AMZN,positive,0.9402
7787,INTC,neutral,0.9400
7788,AMZN,neutral,0.6579
7789,AAPL,neutral,0.9491
7790,GME,neutral,0.8403
7791,GME,negative,0.7440
7792,AMZN,neutral,0.9504
7793,GME,neutral,0.9480
7794,TSLA,neutral,0.9029
7795,TSLA,neutral,0.9403
7796,TSLA,neutral,0.8614
7797,TSLA,neutral,0.9296
7798,TSLA,neutral,0.9421
7799,TSLA,neutral,0.9375
7800,TSLA,negative,0.8529
7801,TSLA,negative,0.7330
7802,TSLA,negative,0.4459
7803,TSLA,neutral,0.8237
7804,TSLA,neutral,0.8062
7805,TSLA,neutral,0.8726
7806,TSLA,neutral,0.6186
7807,TSLA,neutral,0.9317
7808,TSLA,positive,0.6575
7809,TSLA,neutral,0.8283
7810,TSLA,neutral,0.9182
7811,TSLA,neutral,0.9197
7812,TSLA,positive,0.9078
7813,TSLA,positive,0.8778
7814,TSLA,neutral,0.8028
7815,TSLA,neutral,0.9341
7816,TSLA,neutral,0.5325
7817,TSLA,neutral,0.8744
7818,TSLA,neutral,0.9291
7819,TSLA,neutral,0.8867
7820,TSLA,neutral,0.9272
7821,TSLA,neutral,0.7909
7822,TSLA,neutral,0.8782
7823,TSLA,neutral,0.8804
7824,TSLA,positive,0.6528
7825,TSLA,neutral,0.8965
7826,TSLA,neutral,0.9366
7827,TSLA,neutral,0.9231
7828,TSLA,neutral,0.8625
7829,TSLA,neutral,0.9309
7830,TSLA,positive,0.7992
7831,AMZN,neutral,0.9473
7832,TSLA,neutral,0.9404
7833,TSLA,positive,0.7230
7834,TSLA,neutral,0.8891
7835,AMZN,neutral,0.9242
7836,GME,neutral,0.9051
7837,TSLA,positive,0.8007
7838,TSLA,neutral,0.5176
7839,TSLA,neutral,0.8595
7840,GME,neutral,0.5882
7841,TSLA,neutral,0.9169
7842,TSLA,neutral,0.9325
7843,AAPL,neutral,0.9429
7844,TSLA,neutral,0.8927
7845,AMC,neutral,0.9504
7846,GME,neutral,0.5659
7847,AAPL,neutral,0.9494
7848,CRM,neutral,0.9347
7849,AAPL,neutral,0.9476
7850,AAPL,neutral,0.9476
7851,MSFT,neutral,0.9520
7852,AMC,neutral,0.9503
7853,ORCL,neutral,0.9486
7854,TSLA,neutral,0.9290
7855,GME,neutral,0.9431
7856,TSLA,neutral,0.9213
7857,TSLA,negative,0.9616
7858,META,neutral,0.8991
7859,CSCO,neutral,0.9467
7860,GME,neutral,0.9241
7861,MSFT,positive,0.6988
7862,INTC,neutral,0.6056
7863,ADBE,neutral,0.9356
7864,ORCL,neutral,0.9429
7865,AAPL,neutral,0.9306
7866,AMZN,neutral,0.5241
7867,GME,positive,0.8702
7868,AMC,neutral,0.9360
7869,META,neutral,0.9216
7870,MSFT,neutral,0.9340
7871,AMZN,neutral,0.8195
7872,NFLX,neutral,0.9350
7873,TSLA,neutral,0.9365
7874,NFLX,neutral,0.9311
7875,NFLX,neutral,0.9379
7876,GME,positive,0.6088
7877,ORCL,neutral,0.8625
7878,AMZN,positive,0.8689
7879,AMZN,neutral,0.9331
7880,AMZN,neutral,0.9079
7881,AMZN,neutral,0.9153
7882,CRM,neutral,0.9320
7883,NVDA,neutral,0.9333
7884,AMZN,neutral,0.7270
7885,AMZN,neutral,0.9357
7886,CRM,neutral,0.9374
7887,GOOGL,neutral,0.9409
7888,GME,neutral,0.5700
7889,AMZN,neutral,0.6081
7890,AMZN,neutral,0.8115
7891,CSCO,neutral,0.7161
7892,AMZN,neutral,0.9375
7893,GME,negative,0.5605
7894,META,neutral,0.9219
7895,META,neutral,0.9246
7896,META,neutral,0.9209
7897,AMZN,neutral,0.7212
7898,IBM,neutral,0.9285
7899,IBM,positive,0.8883
7900,MSFT,neutral,0.9560
7901,ORCL,positive,0.8249
7902,TSLA,neutral,0.8642
7903,AAPL,neutral,0.9482
7904,AMZN,positive,0.9233
7905,NVDA,positive,0.7561
7906,NVDA,positive,0.8398
7907,NVDA,positive,0.8398
7908,NVDA,negative,0.9500
7909,TSLA,neutral,0.7356
7910,CRM,neutral,0.9318
7911,AAPL,neutral,0.8056
7912,CRM,neutral,0.9320
7913,INTC,neutral,0.9531
7914,AAPL,positive,0.8688
7915,MSFT,negative,0.8683
7916,MSFT,neutral,0.7589
7917,CRM,neutral,0.9365
7918,AAPL,neutral,0.9458
7919,INTC,neutral,0.6751
7920,NFLX,neutral,0.8608
7921,TSLA,neutral,0.9361
7922,TSLA,neutral,0.4262
7923,TSLA,positive,0.9319
7924,TSLA,positive,0.9331
7925,TSLA,neutral,0.9163
7926,AAPL,neutral,0.9462
7927,CRM,neutral,0.8896
7928,TSLA,neutral,0.9032
7929,AMZN,neutral,0.7598
7930,GME,neutral,0.8805
7931,GME,neutral,0.5252
7932,MSFT,neutral,0.8452
7933,INTC,neutral,0.9521
7934,INTC,neutral,0.9506
7935,INTC,neutral,0.9331
7936,AAPL,neutral,0.9217
7937,AAPL,positive,0.7429
7938,AAPL,neutral,0.9500
7939,AMZN,neutral,0.8209
7940,GME,neutral,0.9355
7941,AMC,neutral,0.9529
7942,AMZN,neutral,0.9079
7943,GME,neutral,0.9077
7944,GME,neutral,0.8983
7945,NVDA,neutral,0.9308
7946,NFLX,neutral,0.9076
7947,AAPL,neutral,0.9495
7948,AMC,neutral,0.9503
7949,AAPL,neutral,0.9495
7950,AMC,neutral,0.9493
7951,AMC,neutral,0.9517
7952,AAPL,neutral,0.9478
7953,AAPL,neutral,0.9504
7954,AAPL,neutral,0.9455
7955,AAPL,neutral,0.9491
7956,AAPL,neutral,0.9486
7957,MSFT,neutral,0.9505
7958,AAPL,neutral,0.9370
7959,AAPL,neutral,0.9492
7960,AAPL,neutral,0.9448
7961,AMC,neutral,0.9455
7962,AAPL,neutral,0.9483
7963,AAPL,neutral,0.9482
7964,AAPL,neutral,0.9447
7965,AMZN,neutral,0.9399
7966,AAPL,neutral,0.9500
7967,AAPL,neutral,0.9449
7968,AAPL,neutral,0.9482
7969,AMZN,neutral,0.9374
7970,META,negative,0.4587
7971,META,positive,0.8634
7972,AAPL,positive,0.9361
7973,AAPL,positive,0.8717
7974,GME,neutral,0.3865
7975,IBM,neutral,0.8022
7976,GME,positive,0.8701
7977,AAPL,neutral,0.8268
7978,TSLA,neutral,0.9484
7979,AAPL,neutral,0.9350
7980,AAPL,neutral,0.9291
7981,AMC,neutral,0.9478
7982,AAPL,neutral,0.9495
7983,GME,neutral,0.9258
7984,NVDA,neutral,0.9335
7985,AAPL,neutral,0.9490
7986,NVDA,neutral,0.9186
7987,AMC,negative,0.9615
7988,TSLA,neutral,0.8642
7989,GME,neutral,0.9497
7990,GME,neutral,0.8042
7991,AAPL,neutral,0.9460
7992,AMC,neutral,0.9512
7993,IBM,positive,0.9309
7994,AAPL,positive,0.8435
7995,AAPL,neutral,0.8027
7996,AMC,neutral,0.9522
7997,AMC,neutral,0.9309
7998,TSLA,neutral,0.8246
7999,TSLA,neutral,0.8631
8000,NVDA,negative,0.9593
8001,NVDA,negative,0.9563
8002,NVDA,neutral,0.5177
8003,NVDA,positive,0.6213
8004,META,neutral,0.9275
8005,NVDA,positive,0.5501
8006,NVDA,neutral,0.5522
8007,NVDA,negative,0.4902
8008,NVDA,neutral,0.8736
8009,NFLX,neutral,0.9521
8010,META,neutral,0.6795
8011,ORCL,neutral,0.9524
8012,TSLA,neutral,0.9144
8013,AMZN,neutral,0.7661
8014,INTC,neutral,0.9285
8015,AMZN,neutral,0.9054
8016,TSLA,neutral,0.9208
8017,AMZN,neutral,0.6728
8018,AMZN,neutral,0.6728
8019,IBM,neutral,0.9288
8020,TSLA,neutral,0.8461
8021,TSLA,neutral,0.9295
8022,TSLA,neutral,0.8450
8023,AMZN,neutral,0.7721
8024,TSLA,negative,0.6394
8025,TSLA,positive,0.6774
8026,TSLA,neutral,0.7427
8027,TSLA,positive,0.7541
8028,TSLA,negative,0.7394
8029,AMZN,neutral,0.8201
8030,AAPL,neutral,0.9457
8031,AAPL,neutral,0.9496
8032,META,neutral,0.9371
8033,AMC,neutral,0.9448
8034,AMZN,neutral,0.9493
8035,AMZN,neutral,0.9467
8036,TSLA,neutral,0.8246
8037,AMC,neutral,0.9502
8038,META,neutral,0.9536
8039,META,positive,0.7231
8040,GOOGL,neutral,0.9450
8041,GOOGL,neutral,0.6416
8042,GOOGL,positive,0.8363
8043,META,neutral,0.8345
8044,META,negative,0.8995
8045,META,neutral,0.9066
8046,META,neutral,0.6813
8047,AMC,neutral,0.9530
8048,META,negative,0.8004
8049,META,neutral,0.9491
8050,META,negative,0.8821
8051,META,negative,0.8821
8052,GOOGL,neutral,0.8190
8053,AMC,neutral,0.9502
8054,GOOGL,positive,0.7407
8055,GOOGL,neutral,0.8145
8056,META,positive,0.7231
8057,META,positive,0.8785
8058,META,positive,0.6328
8059,META,neutral,0.8548
8060,GOOGL,neutral,0.8605
8061,GOOGL,neutral,0.8870
8062,META,neutral,0.8987
8063,GOOGL,negative,0.9612
8064,GOOGL,neutral,0.6932
8065,META,neutral,0.7806
8066,GOOGL,negative,0.7340
8067,META,negative,0.9372
8068,META,negative,0.7179
8069,GOOGL,neutral,0.9450
8070,GOOGL,positive,0.8263
8071,GOOGL,positive,0.8263
8072,GOOGL,neutral,0.9225
8073,GOOGL,positive,0.6786
8074,GOOGL,neutral,0.5555
8075,ADBE,neutral,0.9319
8076,IBM,neutral,0.9476
8077,AMC,neutral,0.8971
8078,NFLX,positive,0.7458
8079,GOOGL,positive,0.7366
8080,META,neutral,0.5654
8081,NFLX,neutral,0.7987
8082,AMC,neutral,0.9495
8083,ORCL,negative,0.7005
8084,ORCL,neutral,0.5266
8085,ORCL,neutral,0.8986
8086,ORCL,neutral,0.9528
8087,ORCL,neutral,0.9417
8088,ORCL,positive,0.9497
8089,ORCL,neutral,0.8957
8090,ORCL,neutral,0.9509
8091,ORCL,neutral,0.8613
8092,ORCL,neutral,0.9278
8093,ORCL,neutral,0.8892
8094,ORCL,neutral,0.9214
8095,ORCL,neutral,0.9298
8096,ORCL,neutral,0.9537
8097,ORCL,neutral,0.9505
8098,ORCL,neutral,0.6917
8099,ORCL,neutral,0.8716
8100,ORCL,positive,0.8811
8101,CRM,negative,0.9322
8102,ORCL,positive,0.8783
8103,ORCL,neutral,0.6507
8104,ORCL,neutral,0.9476
8105,AMC,negative,0.6089
8106,ORCL,neutral,0.6267
8107,ORCL,neutral,0.9455
8108,ORCL,neutral,0.8745
8109,ORCL,positive,0.9139
8110,ORCL,positive,0.7959
8111,ORCL,neutral,0.9239
8112,ORCL,neutral,0.9370
8113,ORCL,positive,0.7724
8114,ORCL,positive,0.9497
8115,ORCL,neutral,0.9429
8116,ORCL,positive,0.6932
8117,AMZN,neutral,0.9191
8118,ORCL,neutral,0.9334
8119,ORCL,neutral,0.9395
8120,ORCL,positive,0.6455
8121,ORCL,neutral,0.8067
8122,ORCL,neutral,0.9332
8123,ORCL,negative,0.8819
8124,ORCL,positive,0.4887
8125,CRM,negative,0.8406
8126,ORCL,neutral,0.9061
8127,CRM,neutral,0.9399
8128,ORCL,neutral,0.9502
8129,ORCL,neutral,0.9216
8130,ORCL,neutral,0.9458
8131,ORCL,neutral,0.9296
8132,ORCL,positive,0.9239
8133,ORCL,neutral,0.9448
8134,ORCL,positive,0.7771
8135,META,neutral,0.6431
8136,ORCL,positive,0.6955
8137,GOOGL,negative,0.5010
8138,ORCL,neutral,0.9352
8139,GOOGL,negative,0.8637
8140,ORCL,neutral,0.9064
8141,ORCL,neutral,0.8081
8142,ORCL,positive,0.7311
8143,ORCL,positive,0.5461
8144,ORCL,neutral,0.7421
8145,TSLA,negative,0.8182
8146,TSLA,neutral,0.7356
8147,TSLA,neutral,0.7356
8148,ORCL,positive,0.8204
8149,ORCL,neutral,0.9469
8150,ORCL,positive,0.7148
8151,ORCL,neutral,0.9329
8152,ORCL,neutral,0.9446
8153,ORCL,negative,0.8897
8154,ORCL,neutral,0.9445
8155,ORCL,neutral,0.9294
8156,ORCL,positive,0.4571
8157,ORCL,neutral,0.7167
8158,ADBE,neutral,0.7600
8159,CRM,positive,0.8869
8160,ORCL,neutral,0.8023
8161,ORCL,positive,0.9456
8162,ORCL,neutral,0.9246
8163,ORCL,neutral,0.5110
8164,ORCL,neutral,0.8146
8165,ORCL,neutral,0.6699
8166,ORCL,neutral,0.9533
8167,ORCL,neutral,0.9522
8168,ORCL,neutral,0.9499
8169,ORCL,positive,0.7967
8170,ORCL,positive,0.6742
8171,ORCL,negative,0.9683
8172,ORCL,negative,0.9655
8173,ORCL,neutral,0.9369
8174,ORCL,positive,0.5000
8175,ORCL,neutral,0.9355
8176,ORCL,neutral,0.9420
8177,ORCL,neutral,0.9330
8178,ORCL,neutral,0.9307
8179,ORCL,neutral,0.9153
8180,ORCL,neutral,0.9235
8181,ORCL,neutral,0.8766
8182,ORCL,neutral,0.4122
8183,ORCL,positive,0.9523
8184,ORCL,neutral,0.8929
8185,ORCL,neutral,0.7788
8186,NVDA,neutral,0.8896
8187,ORCL,neutral,0.9449
8188,ORCL,neutral,0.5189
8189,CRM,neutral,0.7940
8190,ORCL,neutral,0.9144
8191,ORCL,positive,0.8022
8192,ADBE,neutral,0.8768
8193,ORCL,negative,0.9408
8194,CRM,positive,0.6545
8195,ORCL,neutral,0.9361
8196,ORCL,neutral,0.9013
8197,ORCL,positive,0.9311
8198,ORCL,negative,0.9717
8199,ORCL,neutral,0.6668
8200,ORCL,neutral,0.6338
8201,ORCL,neutral,0.9321
8202,IBM,positive,0.9477
8203,ORCL,neutral,0.9385
8204,ORCL,neutral,0.9156
8205,ORCL,positive,0.6752
8206,ORCL,neutral,0.9348
8207,ORCL,neutral,0.9544
8208,ORCL,neutral,0.9450
8209,AMZN,negative,0.8848
8210,ORCL,positive,0.8931
8211,AMZN,negative,0.8848
8212,ORCL,neutral,0.6892
8213,MSFT,negative,0.9649
8214,MSFT,neutral,0.4549
8215,ORCL,neutral,0.9070
8216,ORCL,neutral,0.9466
8217,ORCL,neutral,0.8678
8218,ORCL,positive,0.8404
8219,ORCL,neutral,0.9486
8220,ORCL,negative,0.9569
8221,ORCL,neutral,0.7783
8222,ORCL,neutral,0.7617
8223,ORCL,neutral,0.9355
8224,ORCL,positive,0.5654
8225,ORCL,positive,0.8670
8226,ORCL,neutral,0.8907
8227,ORCL,neutral,0.9267
8228,ORCL,negative,0.9678
8229,ORCL,neutral,0.9356
8230,ORCL,neutral,0.4148
8231,ORCL,neutral,0.9288
8232,ORCL,positive,0.6727
8233,CRM,positive,0.8890
8234,ORCL,neutral,0.9486
8235,ORCL,neutral,0.8686
8236,AMZN,neutral,0.9230
8237,ORCL,neutral,0.6215
8238,ORCL,positive,0.7965
8239,ORCL,positive,0.6949
8240,ORCL,positive,0.7927
8241,ORCL,neutral,0.7800
8242,ORCL,neutral,0.6269
8243,ORCL,neutral,0.9394
8244,ORCL,positive,0.5249
8245,ORCL,neutral,0.9408
8246,ORCL,neutral,0.9439
8247,ORCL,negative,0.3757
8248,ORCL,neutral,0.8736
8249,GOOGL,neutral,0.5541
8250,ORCL,neutral,0.5943
8251,ORCL,positive,0.9354
8252,ORCL,positive,0.6753
8253,ORCL,neutral,0.9532
8254,ORCL,neutral,0.9536
8255,AMZN,neutral,0.8514
8256,IBM,positive,0.9372
8257,ORCL,neutral,0.5817
8258,ORCL,neutral,0.9436
8259,ORCL,negative,0.8908
8260,ORCL,neutral,0.9408
8261,ORCL,neutral,0.9476
8262,ORCL,neutral,0.9179
8263,INTC,positive,0.7942
8264,ORCL,neutral,0.9358
8265,ORCL,negative,0.8415
8266,ORCL,negative,0.6371
8267,ORCL,neutral,0.9519
8268,ORCL,negative,0.8637
8269,ORCL,negative,0.7084
8270,ORCL,negative,0.8637
8271,ORCL,neutral,0.9517
8272,ORCL,neutral,0.7353
8273,ORCL,positive,0.6455
8274,ORCL,neutral,0.9524
8275,ORCL,positive,0.6362
8276,ORCL,neutral,0.9505
8277,ORCL,neutral,0.6947
8278,ORCL,neutral,0.9251
8279,ORCL,neutral,0.9351
8280,ORCL,positive,0.9167
8281,ORCL,neutral,0.7376
8282,ORCL,neutral,0.9522
8283,ORCL,neutral,0.9511
8284,ORCL,neutral,0.9430
8285,ORCL,neutral,0.9513
8286,ORCL,negative,0.9734
8287,ORCL,neutral,0.9374
8288,ORCL,negative,0.8351
8289,ORCL,positive,0.7588
8290,ORCL,positive,0.9227
8291,ORCL,neutral,0.9280
8292,ORCL,neutral,0.9410
8293,CRM,neutral,0.9242
8294,ORCL,neutral,0.9439
8295,ORCL,neutral,0.9336
8296,ORCL,neutral,0.9285
8297,ORCL,negative,0.9687
8298,ORCL,neutral,0.6160
8299,ORCL,positive,0.7034
8300,CRM,neutral,0.8217
8301,ORCL,neutral,0.5331
8302,ORCL,positive,0.6455
8303,ORCL,neutral,0.8252
8304,ORCL,neutral,0.9335
8305,ORCL,neutral,0.6670
8306,ORCL,negative,0.5852
8307,ORCL,neutral,0.7860
8308,MSFT,neutral,0.6740
8309,ADBE,neutral,0.8261
8310,ORCL,neutral,0.9216
8311,ORCL,neutral,0.9401
8312,AMZN,neutral,0.8777
8313,MSFT,neutral,0.8998
8314,ORCL,neutral,0.6941
8315,MSFT,neutral,0.5315
8316,ORCL,neutral,0.9324
8317,ORCL,neutral,0.9524
8318,MSFT,neutral,0.9411
8319,AMC,neutral,0.9471
8320,IBM,neutral,0.9303
8321,ORCL,neutral,0.9450
8322,AMZN,neutral,0.9435
8323,AMC,neutral,0.8918
8324,MSFT,neutral,0.5847
8325,INTC,negative,0.8999
8326,INTC,neutral,0.9273
8327,AMZN,neutral,0.9047
8328,AAPL,neutral,0.9491
8329,TSLA,negative,0.9520
8330,TSLA,neutral,0.8324
8331,INTC,neutral,0.9453
8332,AAPL,positive,0.7912
8333,AAPL,neutral,0.9476
8334,TSLA,positive,0.8274
8335,INTC,neutral,0.9512
8336,AAPL,neutral,0.9494
8337,TSLA,positive,0.8479
8338,TSLA,neutral,0.9528
8339,AMZN,neutral,0.9184
8340,AAPL,neutral,0.9483
8341,AAPL,neutral,0.9494
8342,AMC,neutral,0.9539
8343,AMC,neutral,0.9529
8344,TSLA,neutral,0.8981
8345,ADBE,neutral,0.9315
8346,AAPL,neutral,0.9518
8347,AMC,neutral,0.9492
8348,AAPL,neutral,0.9510
8349,NFLX,neutral,0.9394
8350,AAPL,neutral,0.9486
8351,AAPL,neutral,0.9522
8352,AAPL,neutral,0.9522
8353,NVDA,neutral,0.9312
8354,TSLA,neutral,0.6665
8355,AAPL,neutral,0.9523
8356,AAPL,neutral,0.9475
8357,TSLA,positive,0.6408
8358,AAPL,neutral,0.6824
8359,MSFT,neutral,0.9486
8360,AAPL,neutral,0.9489
8361,TSLA,positive,0.9338
8362,TSLA,neutral,0.8906
8363,AAPL,neutral,0.9510
8364,NFLX,positive,0.9389
8365,TSLA,positive,0.6408
8366,AAPL,neutral,0.9492
8367,AAPL,neutral,0.9513
8368,AAPL,neutral,0.9521
8369,CSCO,neutral,0.9397
8370,AMC,neutral,0.9530
8371,NVDA,neutral,0.8242
8372,AMC,neutral,0.9529
8373,AAPL,neutral,0.9450
8374,AAPL,neutral,0.9502
8375,NVDA,neutral,0.9468
8376,AAPL,neutral,0.9476
8377,AAPL,neutral,0.9482
8378,NVDA,neutral,0.7651
8379,GME,neutral,0.9135
8380,NVDA,neutral,0.5441
8381,AAPL,neutral,0.9477
8382,AAPL,neutral,0.9494
8383,AMC,neutral,0.9512
8384,AMZN,neutral,0.9425
8385,AAPL,neutral,0.9478
8386,AAPL,neutral,0.9445
8387,AAPL,neutral,0.9490
8388,AMC,neutral,0.9526
8389,NVDA,neutral,0.9414
8390,AAPL,neutral,0.9496
8391,AAPL,neutral,0.9503
8392,AAPL,neutral,0.9499
8393,AAPL,neutral,0.9457
8394,AAPL,neutral,0.9444
8395,INTC,positive,0.6618
8396,AMC,neutral,0.9523
8397,AMC,neutral,0.9523
8398,AMC,neutral,0.9534
8399,AMC,neutral,0.9535
8400,NFLX,neutral,0.8904
8401,AAPL,neutral,0.9457
8402,AMC,neutral,0.9488
8403,AMC,neutral,0.9535
8404,AAPL,neutral,0.9500
8405,AAPL,neutral,0.9480
8406,AMC,neutral,0.9513
8407,AAPL,neutral,0.9461
8408,AAPL,neutral,0.9489
8409,AMC,neutral,0.9496
8410,AMC,neutral,0.9515
8411,ORCL,neutral,0.9355
8412,ADBE,neutral,0.9061
8413,CSCO,neutral,0.9470
8414,ADBE,positive,0.5744
8415,AMC,neutral,0.9521
8416,AMC,neutral,0.9499
8417,AMC,neutral,0.9507
8418,ADBE,neutral,0.9396
8419,AMC,neutral,0.9491
8420,AMC,neutral,0.9526
8421,AMC,neutral,0.9517
8422,NVDA,positive,0.5577
8423,AMC,neutral,0.9527
8424,NVDA,neutral,0.8070
8425,AAPL,neutral,0.9526
8426,AAPL,neutral,0.9499
8427,AMC,neutral,0.9534
8428,ADBE,positive,0.8584
8429,AMC,neutral,0.9540
8430,AAPL,neutral,0.9463
8431,AMC,neutral,0.9530
8432,AAPL,neutral,0.9323
8433,AMC,neutral,0.9535
8434,AMC,neutral,0.9525
8435,ADBE,positive,0.5744
8436,AMC,neutral,0.9509
8437,AAPL,neutral,0.9487
8438,AAPL,neutral,0.9531
8439,AAPL,neutral,0.9535
8440,AMC,neutral,0.9536
8441,AMC,neutral,0.9530
8442,AMZN,neutral,0.9399
8443,AMC,neutral,0.9524
8444,CSCO,neutral,0.9434
8445,MSFT,neutral,0.9411
8446,AMC,neutral,0.9368
8447,GME,neutral,0.9473
8448,TSLA,negative,0.9520
8449,AMZN,negative,0.9535
8450,AAPL,positive,0.7912
8451,META,positive,0.9524
8452,TSLA,positive,0.8274
8453,TSLA,positive,0.7536
8454,AAPL,positive,0.8834
8455,AAPL,negative,0.9147
8456,ADBE,negative,0.8039
8457,AMZN,neutral,0.5912
8458,GOOGL,neutral,0.9383
8459,MSFT,neutral,0.9379
8460,MSFT,neutral,0.8354
8461,MSFT,neutral,0.9381
8462,NVDA,neutral,0.8801
8463,AAPL,neutral,0.9322
8464,MSFT,neutral,0.4886
8465,AMZN,neutral,0.8996
8466,ORCL,neutral,0.8625
8467,AAPL,neutral,0.7848
8468,AAPL,neutral,0.5366
8469,AAPL,neutral,0.5366
8470,AAPL,negative,0.3855
8471,GME,neutral,0.8409
8472,GME,neutral,0.7279
8473,AAPL,negative,0.3855
8474,AMZN,neutral,0.9366
8475,GME,neutral,0.5645
8476,AAPL,neutral,0.9408
8477,GME,neutral,0.5645
8478,GME,positive,0.9286
8479,META,neutral,0.9366
8480,META,neutral,0.9340
8481,CSCO,neutral,0.9478
8482,NVDA,neutral,0.9476
8483,IBM,neutral,0.5073
8484,IBM,neutral,0.9520
8485,IBM,neutral,0.9509
8486,MSFT,neutral,0.9396
8487,META,negative,0.8978
8488,ADBE,neutral,0.9228
8489,AAPL,neutral,0.9505
8490,ORCL,neutral,0.9179
8491,AMC,neutral,0.9495
8492,TSLA,neutral,0.8700
8493,TSLA,neutral,0.9196
8494,GME,positive,0.5673
8495,GME,neutral,0.9149
8496,IBM,neutral,0.8196
8497,IBM,negative,0.4863
8498,AAPL,neutral,0.7037
8499,CRM,neutral,0.9427
8500,IBM,neutral,0.9487
8501,IBM,positive,0.9392
8502,INTC,neutral,0.9428
8503,AMZN,neutral,0.9409
8504,AMZN,neutral,0.9244
8505,CRM,neutral,0.9152
8506,TSLA,negative,0.9563
8507,NVDA,neutral,0.9489
8508,MSFT,negative,0.6043
8509,AAPL,neutral,0.9479
8510,AAPL,neutral,0.9463
8511,CRM,neutral,0.9154
8512,CRM,neutral,0.5155
8513,MSFT,negative,0.6055
8514,CRM,neutral,0.9320
8515,GME,neutral,0.8900
8516,CRM,positive,0.5115
8517,CRM,neutral,0.9113
8518,AMZN,negative,0.5678
8519,CSCO,neutral,0.9241
8520,TSLA,neutral,0.9225
8521,GME,negative,0.6066
8522,AAPL,neutral,0.9521
8523,AAPL,neutral,0.9502
8524,IBM,negative,0.5268
8525,ORCL,neutral,0.9153
8526,AMZN,neutral,0.5274
8527,AMZN,neutral,0.9483
8528,AMZN,neutral,0.8145
8529,CRM,neutral,0.9173
8530,AMC,neutral,0.9287
8531,AMZN,neutral,0.8524
8532,AMZN,neutral,0.7612
8533,TSLA,neutral,0.8927
8534,NVDA,neutral,0.9527
8535,AAPL,neutral,0.9532
8536,AMC,neutral,0.9477
8537,AMC,neutral,0.9518
8538,GME,neutral,0.9206
8539,AMC,neutral,0.9519
8540,GOOGL,neutral,0.6431
8541,AMZN,neutral,0.9062
8542,NVDA,neutral,0.9504
8543,AMC,neutral,0.9490
8544,NVDA,neutral,0.9341
8545,INTC,neutral,0.9538
8546,CRM,neutral,0.9520
8547,CRM,neutral,0.9502
8548,GME,neutral,0.9522
8549,ADBE,neutral,0.9332
8550,GME,neutral,0.9431
8551,AMC,neutral,0.9511
8552,AMC,neutral,0.9500
8553,AMC,neutral,0.9523
8554,AMC,neutral,0.9530
8555,AMC,neutral,0.9533
8556,AAPL,neutral,0.9537
8557,AAPL,neutral,0.9514
8558,GOOGL,neutral,0.9000
8559,MSFT,neutral,0.9411
8560,TSLA,neutral,0.9496
8561,CSCO,neutral,0.9434
8562,AAPL,neutral,0.9474
8563,AAPL,neutral,0.9497
8564,AMC,neutral,0.9495
8565,AAPL,neutral,0.9505
8566,MSFT,neutral,0.8876
8567,TSLA,neutral,0.8642
8568,GME,neutral,0.9192
8569,GME,neutral,0.7657
8570,AMZN,neutral,0.9422
8571,TSLA,neutral,0.8481
8572,TSLA,neutral,0.8246
8573,AMC,neutral,0.9517
8574,AAPL,neutral,0.9517
8575,AAPL,neutral,0.9525
8576,AAPL,neutral,0.9521
8577,AMC,neutral,0.9524
8578,AMC,neutral,0.9493
8579,AAPL,neutral,0.9515
8580,AAPL,neutral,0.9449
8581,AMC,neutral,0.9458
8582,AMC,neutral,0.9515
8583,AMC,neutral,0.9503
8584,AAPL,neutral,0.9494
8585,AMZN,neutral,0.9504
8586,TSLA,neutral,0.8642
8587,AMC,positive,0.6401
8588,AMC,neutral,0.6747
8589,AMC,neutral,0.7631
8590,AMC,neutral,0.5559
8591,GME,neutral,0.8979
8592,GME,positive,0.7736
8593,TSLA,neutral,0.8267
8594,AMC,neutral,0.8383
8595,CRM,neutral,0.9311
8596,TSLA,neutral,0.9462
8597,AAPL,neutral,0.9445
8598,AMZN,neutral,0.9080
8599,AAPL,neutral,0.9518
8600,MSFT,neutral,0.9510
8601,AMC,neutral,0.9523
8602,AMC,neutral,0.9523
8603,AAPL,neutral,0.9525
8604,AAPL,neutral,0.9470
8605,AAPL,neutral,0.9452
8606,GME,negative,0.8700
8607,GME,neutral,0.9016
8608,GME,negative,0.7077
8609,TSLA,positive,0.7493
8610,TSLA,neutral,0.8612
8611,MSFT,positive,0.5565
8612,META,neutral,0.7993
8613,META,neutral,0.7993
8614,META,neutral,0.9108
8615,META,neutral,0.9208
8616,META,neutral,0.5859
8617,META,neutral,0.7902
8618,META,neutral,0.9521
8619,META,neutral,0.9248
8620,META,neutral,0.5400
8621,META,neutral,0.7888
8622,META,positive,0.8387
8623,META,neutral,0.9405
8624,META,neutral,0.9265
8625,META,neutral,0.8362
8626,GME,neutral,0.9256
8627,META,positive,0.7732
8628,META,neutral,0.9231
8629,META,neutral,0.9381
8630,META,neutral,0.8453
8631,INTC,neutral,0.9412
8632,AAPL,neutral,0.9532
8633,NFLX,neutral,0.6747
8634,INTC,neutral,0.9496
8635,CSCO,neutral,0.6429
8636,AAPL,neutral,0.9501
8637,AAPL,neutral,0.9502
8638,NFLX,negative,0.9444
8639,NFLX,neutral,0.9394
8640,NFLX,negative,0.9153
8641,NFLX,positive,0.6479
8642,NFLX,neutral,0.8723
8643,CSCO,positive,0.8013
8644,NFLX,neutral,0.9386
8645,CSCO,neutral,0.6964
8646,AMC,neutral,0.9113
8647,NFLX,positive,0.8805
8648,AMC,neutral,0.9526
8649,AAPL,neutral,0.9492
8650,NFLX,negative,0.5134
8651,ADBE,neutral,0.9369
8652,GME,neutral,0.7269
8653,NFLX,neutral,0.9104
8654,AAPL,neutral,0.9492
8655,NFLX,neutral,0.8768
8656,NFLX,neutral,0.9452
8657,NFLX,neutral,0.8980
8658,AMC,negative,0.9436
8659,NVDA,neutral,0.8242
8660,NFLX,neutral,0.6580
8661,NVDA,neutral,0.7651
8662,NFLX,neutral,0.7915
8663,NFLX,neutral,0.7599
8664,AMZN,neutral,0.9435
8665,NFLX,neutral,0.8533
8666,AAPL,neutral,0.9462
8667,NFLX,neutral,0.9311
8668,GME,neutral,0.9136
8669,AAPL,neutral,0.9502
8670,AAPL,neutral,0.9473
8671,NVDA,neutral,0.5441
8672,AMC,neutral,0.8965
8673,NFLX,neutral,0.8195
8674,AMC,neutral,0.9353
8675,AMC,neutral,0.9024
8676,NVDA,neutral,0.9414
8677,NFLX,positive,0.5216
8678,NFLX,neutral,0.7531
8679,NFLX,neutral,0.5255
8680,AAPL,neutral,0.9447
8681,NFLX,negative,0.9687
8682,AMC,neutral,0.9478
8683,NFLX,neutral,0.5538
8684,AMC,neutral,0.5414
8685,INTC,positive,0.6618
8686,NFLX,neutral,0.4828
8687,NFLX,positive,0.7803
8688,AAPL,neutral,0.9465
8689,NFLX,positive,0.6792
8690,GOOGL,neutral,0.5064
8691,AAPL,neutral,0.9480
8692,AAPL,neutral,0.9461
8693,AMZN,neutral,0.7961
8694,AMZN,neutral,0.9158
8695,AMZN,neutral,0.9158
8696,AMC,negative,0.9323
8697,NFLX,neutral,0.9172
8698,NFLX,neutral,0.9172
8699,AMC,positive,0.8377
8700,AMC,neutral,0.9487
8701,AMC,neutral,0.7855
8702,NFLX,neutral,0.8747
8703,NFLX,neutral,0.6468
8704,AMC,negative,0.8976
8705,AMC,positive,0.9029
8706,NFLX,neutral,0.8719
8707,NFLX,neutral,0.8719
8708,NFLX,positive,0.6392
8709,AMC,neutral,0.9431
8710,AAPL,neutral,0.8468
8711,ADBE,positive,0.5744
8712,AMZN,neutral,0.9079
8713,AMZN,neutral,0.9009
8714,ADBE,neutral,0.9396
8715,INTC,negative,0.4236
8716,NFLX,neutral,0.7078
8717,AMC,positive,0.9181
8718,AMZN,neutral,0.6230
8719,AAPL,neutral,0.9480
8720,ADBE,positive,0.8584
8721,GOOGL,neutral,0.4408
8722,NFLX,negative,0.9567
8723,AMC,negative,0.4242
8724,TSLA,neutral,0.6620
8725,ADBE,positive,0.5744
8726,AMZN,neutral,0.9387
8727,NFLX,neutral,0.8598
8728,INTC,neutral,0.9354
8729,GOOGL,negative,0.8824
8730,GOOGL,neutral,0.7912
8731,INTC,neutral,0.9331
8732,TSLA,positive,0.7534
8733,NFLX,neutral,0.7503
8734,NFLX,neutral,0.4973
8735,NFLX,positive,0.5662
8736,NFLX,positive,0.8656
8737,NFLX,neutral,0.8162
8738,NFLX,neutral,0.5902
8739,NFLX,negative,0.9154
8740,NFLX,neutral,0.9329
8741,NFLX,neutral,0.8209
8742,AMC,neutral,0.7955
8743,NFLX,neutral,0.9175
8744,AMZN,positive,0.8749
8745,NFLX,neutral,0.9152
8746,NFLX,neutral,0.6132
8747,NFLX,neutral,0.9374
8748,GOOGL,neutral,0.9409
8749,AMC,neutral,0.9502
8750,NFLX,positive,0.7271
8751,AMC,negative,0.6577
8752,NFLX,neutral,0.7858
8753,GME,neutral,0.8776
8754,GME,neutral,0.9272
8755,NFLX,neutral,0.6546
8756,NFLX,neutral,0.6959
8757,GME,positive,0.7765
8758,GOOGL,negative,0.7069
8759,NFLX,neutral,0.5678
8760,NFLX,neutral,0.7276
8761,AMC,neutral,0.7319
8762,AMC,negative,0.9115
8763,NFLX,negative,0.9040
8764,NFLX,neutral,0.7693
8765,AAPL,neutral,0.9511
8766,NFLX,neutral,0.8146
8767,AAPL,neutral,0.9500
8768,AMZN,neutral,0.8944
8769,NVDA,positive,0.9342
8770,TSLA,positive,0.7737
8771,TSLA,negative,0.7583
8772,NVDA,neutral,0.9468
8773,AMC,neutral,0.9529
8774,AAPL,neutral,0.9489
8775,AMC,neutral,0.9500
8776,AAPL,neutral,0.9483
8777,GME,negative,0.6122
8778,GOOGL,neutral,0.9488
8779,GOOGL,neutral,0.9492
8780,META,neutral,0.9293
8781,TSLA,neutral,0.8461
8782,TSLA,positive,0.9029
8783,TSLA,positive,0.9029
8784,TSLA,positive,0.8781
8785,TSLA,positive,0.9106
8786,TSLA,positive,0.9106
8787,TSLA,positive,0.7370
8788,AAPL,neutral,0.9336
8789,AAPL,neutral,0.9334
8790,ORCL,neutral,0.9374
8791,CRM,neutral,0.8992
8792,AAPL,neutral,0.9474
8793,AMC,neutral,0.9483
8794,AAPL,neutral,0.9447
8795,AAPL,neutral,0.9460
8796,AAPL,neutral,0.9481
8797,AAPL,neutral,0.9520
8798,MSFT,neutral,0.9496
8799,TSLA,positive,0.8231
8800,AMZN,neutral,0.9026
8801,CRM,neutral,0.9365
8802,CSCO,neutral,0.9268
8803,AAPL,neutral,0.9483
8804,AAPL,neutral,0.9494
8805,TSLA,negative,0.8761
8806,TSLA,negative,0.8891
8807,TSLA,positive,0.6365
8808,AAPL,neutral,0.9496
8809,AAPL,neutral,0.9496
8810,AAPL,neutral,0.9496
8811,AAPL,neutral,0.9476
8812,AMC,neutral,0.9471
8813,AAPL,neutral,0.9480
8814,AAPL,neutral,0.9463
8815,AMZN,neutral,0.9210
8816,AAPL,neutral,0.9520
8817,MSFT,neutral,0.9411
8818,AAPL,neutral,0.9468
8819,AAPL,neutral,0.9480
8820,AAPL,neutral,0.9491
8821,AMZN,positive,0.8848
8822,AMZN,positive,0.8896
8823,CRM,negative,0.6295
8824,CRM,positive,0.9436
8825,NFLX,positive,0.8372
8826,GOOGL,negative,0.8742
8827,ADBE,neutral,0.8718
8828,TSLA,positive,0.8556
8829,ADBE,neutral,0.9351
8830,CSCO,neutral,0.9403
8831,GME,neutral,0.8039
8832,GME,positive,0.7334
8833,GME,negative,0.9308
8834,GME,neutral,0.6631
8835,ADBE,neutral,0.9341
8836,ADBE,neutral,0.8815
8837,AMZN,neutral,0.5912
8838,AAPL,neutral,0.9482
8839,IBM,positive,0.9309
8840,IBM,positive,0.9148
8841,IBM,positive,0.9392
8842,MSFT,positive,0.9419
8843,TSLA,neutral,0.8642
8844,META,neutral,0.9303
8845,META,neutral,0.7868
8846,META,neutral,0.4896
8847,META,negative,0.7218
8848,TSLA,neutral,0.8892
8849,META,neutral,0.9177
8850,AAPL,neutral,0.9494
8851,AAPL,neutral,0.9502
8852,AMC,neutral,0.9480
8853,AMZN,positive,0.9185
8854,AMZN,positive,0.9307
8855,AMZN,positive,0.9358
8856,AMZN,positive,0.8763
8857,AMZN,neutral,0.9485
8858,TSLA,neutral,0.9508
8859,MSFT,neutral,0.9411
8860,AAPL,neutral,0.9518
8861,TSLA,positive,0.7366
8862,TSLA,negative,0.5448
8863,TSLA,neutral,0.4375
8864,TSLA,positive,0.5128
8865,TSLA,neutral,0.6382
8866,TSLA,neutral,0.9482
8867,TSLA,neutral,0.8087
8868,AMZN,neutral,0.9499
8869,TSLA,negative,0.9648
8870,AMZN,neutral,0.9500
8871,TSLA,negative,0.9687
8872,TSLA,negative,0.9648
8873,MSFT,neutral,0.9122
8874,AMZN,neutral,0.7351
8875,TSLA,neutral,0.4587
8876,AAPL,neutral,0.9373
8877,AMC,neutral,0.8355
8878,AMC,neutral,0.6382
8879,MSFT,neutral,0.9105
8880,TSLA,neutral,0.8246
8881,GME,negative,0.6706
8882,ORCL,neutral,0.9429
8883,GME,negative,0.5005
8884,AAPL,positive,0.8620
8885,TSLA,negative,0.6062
8886,TSLA,neutral,0.8981
8887,TSLA,neutral,0.9173
8888,META,neutral,0.8312
8889,META,neutral,0.7155
8890,CRM,positive,0.9232
8891,META,neutral,0.8894
8892,AAPL,negative,0.5077
8893,TSLA,positive,0.7356
8894,TSLA,negative,0.9616
8895,TSLA,neutral,0.5416
8896,TSLA,positive,0.5632
8897,AMZN,neutral,0.9073
8898,AMZN,negative,0.6424
8899,TSLA,negative,0.5713
8900,IBM,negative,0.4786
8901,IBM,negative,0.5268
8902,IBM,positive,0.9392
8903,AAPL,positive,0.9123
8904,MSFT,neutral,0.8600
8905,MSFT,neutral,0.8762
8906,NFLX,neutral,0.9344
8907,AMZN,positive,0.8162
8908,GOOGL,neutral,0.4408
8909,CRM,neutral,0.9305
8910,AMC,neutral,0.9519
8911,ORCL,neutral,0.9351
8912,NFLX,neutral,0.7526
8913,TSLA,negative,0.9167
8914,AAPL,neutral,0.9440
8915,AMZN,neutral,0.8888
8916,TSLA,positive,0.7970
8917,NFLX,positive,0.8146
8918,NFLX,positive,0.5807
8919,NFLX,positive,0.4991
8920,NFLX,positive,0.4991
8921,NFLX,neutral,0.5950
8922,NFLX,positive,0.6907
8923,NFLX,positive,0.8682
8924,GOOGL,negative,0.9574
8925,TSLA,neutral,0.6570
8926,NFLX,neutral,0.8990
8927,GME,neutral,0.9522
8928,AAPL,positive,0.6408
8929,AAPL,neutral,0.9346
8930,MSFT,negative,0.9689
8931,META,neutral,0.8983
8932,META,neutral,0.9343
8933,TSLA,neutral,0.6451
8934,META,negative,0.8825
8935,AMZN,neutral,0.7922
8936,AMZN,neutral,0.8390
8937,CRM,neutral,0.9311
8938,INTC,neutral,0.9075
8939,AMC,neutral,0.9508
8940,AMC,neutral,0.7383
8941,AMC,neutral,0.8556
8942,NVDA,neutral,0.8955
8943,NVDA,positive,0.7386
8944,AAPL,neutral,0.9489
8945,TSLA,negative,0.9208
8946,TSLA,neutral,0.5445
8947,CSCO,neutral,0.9209
8948,AMZN,neutral,0.9338
8949,TSLA,neutral,0.9368
8950,TSLA,neutral,0.8642
8951,AMZN,neutral,0.6579
8952,INTC,neutral,0.9494
8953,CSCO,neutral,0.8808
8954,NVDA,neutral,0.8869
8955,AMZN,neutral,0.6493
8956,META,neutral,0.9519
8957,CSCO,neutral,0.9478
8958,AAPL,neutral,0.9451
8959,MSFT,neutral,0.9486
8960,AAPL,neutral,0.9510
8961,AAPL,neutral,0.9514
8962,AMC,neutral,0.9480
8963,AAPL,neutral,0.9445
8964,AAPL,neutral,0.9448
8965,AAPL,neutral,0.9496
8966,AAPL,neutral,0.9482
8967,AAPL,neutral,0.9460
8968,AAPL,neutral,0.9481
8969,AAPL,neutral,0.9481
8970,AAPL,neutral,0.9490
8971,AAPL,neutral,0.9476
8972,NFLX,neutral,0.9521
8973,AAPL,neutral,0.9501
8974,AAPL,neutral,0.9465
8975,AAPL,neutral,0.9497
8976,AAPL,neutral,0.9478
8977,AAPL,neutral,0.9505
8978,AMC,negative,0.9424
8979,AAPL,positive,0.6937
8980,AMC,neutral,0.9523
8981,AMC,neutral,0.9504
8982,NFLX,neutral,0.9334
8983,GME,neutral,0.9215
8984,TSLA,neutral,0.8927
8985,TSLA,neutral,0.9349
8986,GME,negative,0.6706
8987,TSLA,positive,0.7838
8988,TSLA,negative,0.9273
8989,TSLA,negative,0.7271
8990,TSLA,positive,0.6305
8991,TSLA,positive,0.6305
8992,TSLA,positive,0.6305
8993,GME,positive,0.7334
8994,NVDA,neutral,0.8954
8995,NVDA,positive,0.9485
8996,NFLX,neutral,0.9511
8997,NFLX,neutral,0.9463
8998,NVDA,neutral,0.9525
8999,ADBE,neutral,0.9227
9000,GME,positive,0.7116
9001,GME,neutral,0.9269
9002,GME,negative,0.5739
9003,GME,neutral,0.8866
9004,GME,negative,0.5739
9005,GME,positive,0.8304
9006,GME,neutral,0.9051
9007,AAPL,neutral,0.9476
9008,MSFT,neutral,0.9508
9009,CSCO,neutral,0.9367
9010,META,neutral,0.9212
9011,AAPL,negative,0.6128
9012,META,neutral,0.5584
9013,META,neutral,0.5117
9014,META,neutral,0.9261
9015,MSFT,neutral,0.6554
9016,META,neutral,0.8572
9017,META,neutral,0.8962
9018,META,neutral,0.9327
9019,META,neutral,0.9312
9020,GOOGL,neutral,0.9492
9021,AMZN,positive,0.9254
9022,META,neutral,0.9216
9023,GOOGL,neutral,0.9288
9024,AMZN,negative,0.7584
9025,META,neutral,0.8991
9026,AAPL,neutral,0.7232
9027,META,neutral,0.9216
9028,TSLA,neutral,0.9328
9029,META,neutral,0.9156
9030,META,negative,0.4952
9031,AAPL,positive,0.9018
9032,AAPL,negative,0.9628
9033,GOOGL,neutral,0.5120
9034,META,neutral,0.8458
9035,AAPL,negative,0.9628
9036,TSLA,neutral,0.5611
9037,TSLA,neutral,0.7850
9038,META,negative,0.4598
9039,AAPL,neutral,0.6499
9040,AAPL,negative,0.9136
9041,INTC,negative,0.9666
9042,AMC,neutral,0.9528
9043,INTC,negative,0.9384
9044,META,neutral,0.9499
9045,META,negative,0.8307
9046,INTC,neutral,0.8737
9047,AAPL,negative,0.9683
9048,INTC,neutral,0.9300
9049,META,neutral,0.9163
9050,META,neutral,0.6397
9051,META,neutral,0.8991
9052,META,negative,0.7571
9053,META,neutral,0.5538
9054,GOOGL,neutral,0.8368
9055,AAPL,neutral,0.9502
9056,CSCO,positive,0.8216
9057,AMC,neutral,0.9530
9058,META,neutral,0.8696
9059,META,neutral,0.8703
9060,META,negative,0.6904
9061,META,neutral,0.9028
9062,META,neutral,0.7803
9063,META,neutral,0.8745
9064,MSFT,negative,0.5686
9065,META,neutral,0.9227
9066,META,neutral,0.8582
9067,META,neutral,0.7494
9068,META,neutral,0.5641
9069,GOOGL,positive,0.9126
9070,GOOGL,positive,0.9126
9071,META,neutral,0.5217
9072,META,neutral,0.7560
9073,META,neutral,0.9130
9074,AAPL,neutral,0.9500
9075,META,neutral,0.9235
9076,INTC,neutral,0.9480
9077,INTC,neutral,0.9514
9078,META,neutral,0.7924
9079,INTC,negative,0.9559
9080,INTC,neutral,0.9494
9081,INTC,neutral,0.9255
9082,INTC,neutral,0.9383
9083,IBM,neutral,0.9304
9084,META,neutral,0.9368
9085,GOOGL,neutral,0.8093
9086,GOOGL,positive,0.6667
9087,AMZN,neutral,0.9391
9088,META,neutral,0.8629
9089,AAPL,neutral,0.8783
9090,META,neutral,0.9141
9091,META,neutral,0.9424
9092,ORCL,positive,0.5249
9093,META,neutral,0.9415
9094,META,neutral,0.9289
9095,META,negative,0.9656
9096,META,negative,0.4593
9097,INTC,neutral,0.9249
9098,INTC,neutral,0.9510
9099,INTC,neutral,0.9303
9100,GME,neutral,0.9166
9101,GOOGL,neutral,0.7885
9102,META,neutral,0.8795
9103,META,neutral,0.9425
9104,META,neutral,0.9058
9105,META,neutral,0.8747
9106,GME,neutral,0.8438
9107,META,neutral,0.8860
9108,META,neutral,0.9359
9109,META,neutral,0.7474
9110,META,neutral,0.9472
9111,META,neutral,0.9160
9112,META,positive,0.9294
9113,META,neutral,0.9399
9114,TSLA,negative,0.9502
9115,TSLA,neutral,0.9286
9116,META,neutral,0.9147
9117,META,neutral,0.9199
9118,META,neutral,0.5800
9119,META,neutral,0.8803
9120,META,negative,0.7839
9121,META,neutral,0.7040
9122,AAPL,neutral,0.9482
9123,AAPL,neutral,0.5214
9124,META,neutral,0.6312
9125,META,neutral,0.9083
9126,AAPL,neutral,0.9435
9127,META,neutral,0.9206
9128,META,positive,0.5977
9129,GOOGL,negative,0.7659
9130,META,neutral,0.8069
9131,GOOGL,negative,0.7659
9132,GOOGL,negative,0.7659
9133,META,neutral,0.9270
9134,META,neutral,0.8595
9135,META,negative,0.7860
9136,TSLA,negative,0.9457
9137,AAPL,neutral,0.9370
9138,TSLA,neutral,0.9200
9139,MSFT,neutral,0.9427
9140,AAPL,neutral,0.9336
9141,AMC,neutral,0.9436
9142,AMZN,neutral,0.9474
9143,AMZN,neutral,0.8894
9144,AMC,neutral,0.9496
9145,TSLA,neutral,0.8828
9146,AAPL,neutral,0.9524
9147,AMC,neutral,0.9520
9148,META,neutral,0.9503
9149,AMC,neutral,0.9529
9150,AAPL,neutral,0.9489
9151,AMC,neutral,0.9517
9152,AMZN,neutral,0.8945
9153,NVDA,neutral,0.9291
9154,IBM,neutral,0.9189
9155,TSLA,negative,0.5787
9156,INTC,neutral,0.9470
9157,NFLX,neutral,0.9362
9158,NVDA,positive,0.9381
9159,AMZN,neutral,0.9153
9160,META,neutral,0.9536
9161,TSLA,neutral,0.8700
9162,META,neutral,0.9511
9163,MSFT,neutral,0.9515
9164,IBM,positive,0.5001
9165,INTC,neutral,0.9253
9166,CSCO,neutral,0.9250
9167,AMC,neutral,0.9523
9168,AMC,neutral,0.9520
9169,AAPL,neutral,0.9470
9170,AAPL,neutral,0.9482
9171,AAPL,neutral,0.9487
9172,AMZN,neutral,0.9464
9173,AAPL,neutral,0.9479
9174,AAPL,neutral,0.9511
9175,MSFT,neutral,0.9411
9176,AMC,neutral,0.9483
9177,MSFT,neutral,0.9221
9178,GME,neutral,0.6984
9179,AMC,neutral,0.9517
9180,AAPL,neutral,0.9514
9181,AAPL,neutral,0.9477
9182,AAPL,neutral,0.9505
9183,AAPL,neutral,0.9496
9184,AMC,neutral,0.9496
9185,AAPL,neutral,0.9482
9186,AMC,neutral,0.9503
9187,AAPL,neutral,0.9496
9188,AAPL,neutral,0.9490
9189,AAPL,neutral,0.9511
9190,AAPL,neutral,0.9489
9191,AAPL,neutral,0.9472
9192,AAPL,neutral,0.9521
9193,AMC,neutral,0.9517
9194,AAPL,neutral,0.9497
9195,AAPL,neutral,0.9520
9196,AAPL,neutral,0.9485
9197,AAPL,neutral,0.9482
9198,AAPL,neutral,0.9501
9199,AMC,neutral,0.9483
9200,MSFT,neutral,0.9510
9201,TSLA,neutral,0.9506
9202,AAPL,neutral,0.9497
9203,TSLA,neutral,0.8642
9204,MSFT,neutral,0.9434
9205,MSFT,neutral,0.7594
9206,AMZN,neutral,0.9510
9207,CRM,neutral,0.8269
9208,MSFT,neutral,0.9328
9209,ORCL,neutral,0.8929
9210,GOOGL,positive,0.6718
9211,AMZN,negative,0.9416
9212,TSLA,neutral,0.9080
9213,ADBE,neutral,0.8677
9214,INTC,positive,0.9268
9215,CRM,neutral,0.9365
9216,TSLA,neutral,0.9126
9217,AAPL,neutral,0.9337
9218,AAPL,neutral,0.9481
9219,AAPL,negative,0.9645
9220,AAPL,positive,0.5630
9221,MSFT,neutral,0.9147
9222,NVDA,neutral,0.9541
9223,NVDA,neutral,0.9538
9224,INTC,positive,0.5843
9225,TSLA,neutral,0.8246
9226,ADBE,neutral,0.9355
9227,NVDA,neutral,0.9290
9228,GME,positive,0.9286
9229,NVDA,neutral,0.9512
9230,IBM,neutral,0.9242
9231,AMZN,neutral,0.7142
9232,META,neutral,0.8095
9233,META,neutral,0.8826
9234,META,neutral,0.9011
9235,CSCO,neutral,0.9425
9236,META,neutral,0.8075
9237,INTC,positive,0.8390
9238,INTC,negative,0.9586
9239,INTC,negative,0.9586
9240,ORCL,positive,0.5249
9241,IBM,neutral,0.8022
9242,INTC,positive,0.7536
9243,INTC,neutral,0.8302
9244,IBM,neutral,0.9374
9245,META,neutral,0.6417
9246,TSLA,neutral,0.5725
9247,AAPL,negative,0.9631
9248,AAPL,negative,0.8604
9249,CRM,neutral,0.9534
9250,CRM,neutral,0.9369
9251,INTC,neutral,0.9197
9252,GOOGL,neutral,0.9000
9253,AMZN,neutral,0.9499
9254,AMC,neutral,0.9436
9255,GME,negative,0.7214
9256,AMC,neutral,0.9470
9257,AMC,negative,0.8597
9258,AMC,neutral,0.9465
9259,AMC,neutral,0.9226
9260,AMC,negative,0.9706
9261,GME,positive,0.5577
9262,AMC,neutral,0.8196
9263,AMC,neutral,0.9248
9264,AMC,neutral,0.8759
9265,AMC,neutral,0.9036
9266,AMC,negative,0.7992
9267,AMC,neutral,0.8674
9268,AMC,neutral,0.7943
9269,AMC,neutral,0.9135
9270,AMC,neutral,0.9279
9271,AMC,neutral,0.9539
9272,META,neutral,0.9231
9273,AMC,positive,0.9378
9274,AMC,neutral,0.9379
9275,AMC,positive,0.5519
9276,AMC,neutral,0.5274
9277,AMC,neutral,0.9089
9278,AMC,positive,0.8084
9279,AMC,negative,0.6765
9280,AMC,neutral,0.8711
9281,AMC,neutral,0.9529
9282,AMC,positive,0.6401
9283,AMC,negative,0.8980
9284,AMC,neutral,0.8034
9285,AMC,positive,0.6628
9286,AMC,neutral,0.9527
9287,AMC,negative,0.7015
9288,AMC,neutral,0.6055
9289,AMC,neutral,0.9303
9290,AMC,negative,0.9061
9291,AMC,negative,0.9649
9292,AMC,negative,0.8436
9293,AMC,negative,0.8803
9294,GME,negative,0.9191
9295,AMC,neutral,0.6965
9296,AMC,negative,0.6089
9297,AMC,negative,0.8039
9298,AMC,positive,0.8331
9299,AMC,neutral,0.7480
9300,AMC,negative,0.9380
9301,AMC,negative,0.9578
9302,AMC,neutral,0.8731
9303,AMC,neutral,0.6747
9304,AMC,positive,0.5563
9305,AMC,neutral,0.6476
9306,GME,neutral,0.8489
9307,AMC,neutral,0.6720
9308,AMC,neutral,0.9492
9309,AMC,negative,0.9527
9310,AMC,negative,0.8848
9311,AMC,neutral,0.9360
9312,AMC,neutral,0.5563
9313,AMC,positive,0.9222
9314,AMC,neutral,0.7750
9315,AMC,negative,0.9682
9316,AMC,neutral,0.9264
9317,GME,positive,0.6430
9318,AMC,negative,0.7782
9319,AMC,positive,0.7932
9320,AMC,positive,0.8964
9321,AMC,negative,0.9143
9322,AMC,negative,0.9424
9323,AMC,neutral,0.7631
9324,META,neutral,0.8871
9325,AMC,neutral,0.5888
9326,AMC,neutral,0.8209
9327,AMC,neutral,0.9307
9328,AMC,positive,0.9494
9329,GME,negative,0.9209
9330,AMC,neutral,0.9375
9331,AMC,neutral,0.9356
9332,AMC,neutral,0.8159
9333,AMC,neutral,0.5559
9334,AMC,neutral,0.9303
9335,AMC,neutral,0.9349
9336,AMC,negative,0.9713
9337,AMC,neutral,0.8816
9338,AMC,neutral,0.9228
9339,AMC,positive,0.9555
9340,AMC,neutral,0.6642
9341,GME,negative,0.6001
9342,AMC,neutral,0.9140
9343,AMC,positive,0.5124
9344,AMC,positive,0.4697
9345,AMC,neutral,0.9448
9346,AMC,neutral,0.7760
9347,AMC,negative,0.9701
9348,AMC,negative,0.9563
9349,AMC,negative,0.7504
9350,AMC,positive,0.8993
9351,AMC,neutral,0.9309
9352,AMC,neutral,0.9311
9353,AMC,neutral,0.8380
9354,AMC,neutral,0.7909
9355,AMC,neutral,0.9220
9356,AMC,neutral,0.9340
9357,AMC,neutral,0.5538
9358,AMC,positive,0.8525
9359,AMC,neutral,0.8920
9360,AMC,positive,0.9130
9361,AMC,positive,0.7736
9362,AMC,neutral,0.9475
9363,AMC,neutral,0.9113
9364,AMC,neutral,0.5635
9365,GME,neutral,0.8828
9366,AMC,neutral,0.8748
9367,AMC,negative,0.6890
9368,AMC,neutral,0.9311
9369,AMC,negative,0.9640
9370,AMC,neutral,0.9327
9371,AMC,neutral,0.9334
9372,AMC,neutral,0.8383
9373,AMC,positive,0.7740
9374,AMC,neutral,0.9112
9375,AMC,neutral,0.9526
9376,AMC,neutral,0.6688
9377,AMC,negative,0.7782
9378,AMC,neutral,0.9528
9379,AMC,neutral,0.9309
9380,AMC,neutral,0.9534
9381,AMC,neutral,0.7892
9382,AMC,neutral,0.7964
9383,AMC,neutral,0.9175
9384,AMC,neutral,0.7186
9385,AMC,positive,0.7878
9386,AMC,neutral,0.8633
9387,AMC,neutral,0.9038
9388,AMC,positive,0.7462
9389,AMC,neutral,0.6103
9390,AMC,neutral,0.8579
9391,GME,neutral,0.6991
9392,NFLX,negative,0.8453
9393,AMC,positive,0.4371
9394,AMC,positive,0.9107
9395,AMC,neutral,0.5568
9396,AMC,negative,0.9021
9397,AMC,neutral,0.7295
9398,AMC,neutral,0.8189
9399,AMC,neutral,0.9530
9400,GME,negative,0.8785
9401,AMC,negative,0.9436
9402,AMC,neutral,0.9368
9403,AMC,neutral,0.9543
9404,AMC,negative,0.5409
9405,AMC,neutral,0.8857
9406,AMC,negative,0.7460
9407,AMC,neutral,0.9529
9408,GME,neutral,0.9064
9409,AMC,negative,0.9352
9410,AMC,positive,0.7421
9411,AMC,neutral,0.8776
9412,AMC,neutral,0.8846
9413,AMC,neutral,0.8631
9414,AMC,neutral,0.9455
9415,AMC,neutral,0.5608
9416,AMC,neutral,0.9245
9417,AMC,neutral,0.9530
9418,AMC,neutral,0.9523
9419,AMZN,neutral,0.9435
9420,AMC,neutral,0.8934
9421,AMC,neutral,0.6558
9422,AMC,positive,0.9090
9423,AMC,positive,0.6314
9424,GME,neutral,0.9222
9425,AMC,neutral,0.8774
9426,AMC,neutral,0.8359
9427,AMC,neutral,0.5294
9428,AMC,neutral,0.6033
9429,AMC,neutral,0.8237
9430,AMC,neutral,0.7106
9431,AMC,neutral,0.9505
9432,AMC,negative,0.8101
9433,AMC,neutral,0.8966
9434,AMC,neutral,0.8715
9435,AMC,positive,0.7513
9436,AMC,neutral,0.9171
9437,AMC,neutral,0.8597
9438,AMC,neutral,0.9280
9439,AMC,neutral,0.5716
9440,AMC,neutral,0.6933
9441,AMC,neutral,0.9520
9442,AMC,neutral,0.9517
9443,AMC,negative,0.7915
9444,AMC,positive,0.9068
9445,AMC,neutral,0.9529
9446,AMC,neutral,0.6708
9447,AMC,positive,0.5784
9448,AMC,neutral,0.9092
9449,AMC,positive,0.8239
9450,AMC,neutral,0.9388
9451,AMC,neutral,0.9138
9452,AMC,neutral,0.9305
9453,AMC,neutral,0.9222
9454,GME,neutral,0.8780
9455,AMC,neutral,0.9273
9456,AMC,neutral,0.6874
9457,AMC,negative,0.8917
9458,AMC,neutral,0.9483
9459,AMC,neutral,0.5542
9460,AMC,negative,0.7303
9461,AMC,neutral,0.8965
9462,AMC,neutral,0.9503
9463,AMC,neutral,0.9407
9464,AMC,neutral,0.6479
9465,NFLX,positive,0.9485
9466,AMC,neutral,0.9329
9467,AMC,neutral,0.9531
9468,AMC,negative,0.9668
9469,AMC,neutral,0.9490
9470,AMC,neutral,0.9089
9471,GME,positive,0.9520
9472,AMC,positive,0.7376
9473,AMC,negative,0.5011
9474,AMC,neutral,0.9512
9475,AMC,neutral,0.8680
9476,AMC,neutral,0.9480
9477,AMC,neutral,0.7472
9478,AMC,neutral,0.9189
9479,AMC,neutral,0.5042
9480,AMC,positive,0.8104
9481,AMC,neutral,0.9477
9482,AMC,neutral,0.9302
9483,AMC,negative,0.9648
9484,AMC,neutral,0.9526
9485,AMC,neutral,0.9136
9486,AMC,negative,0.6162
9487,AMC,neutral,0.8162
9488,AMC,neutral,0.9496
9489,AMC,neutral,0.8921
9490,AMC,positive,0.6088
9491,AMC,neutral,0.6802
9492,AMC,neutral,0.6409
9493,AMC,neutral,0.6385
9494,AMC,neutral,0.8903
9495,GME,negative,0.8301
9496,AMC,neutral,0.8185
9497,AMC,neutral,0.9166
9498,AMC,neutral,0.9518
9499,AMC,negative,0.9359
9500,AMC,neutral,0.9539
9501,AMC,negative,0.9036
9502,AMC,neutral,0.9057
9503,AMC,positive,0.7461
9504,GME,negative,0.8785
9505,AMC,neutral,0.9104
9506,AMC,negative,0.9602
9507,AMC,neutral,0.7287
9508,AMC,positive,0.6956
9509,AMC,neutral,0.5609
9510,AMC,neutral,0.9508
9511,AMC,neutral,0.8360
9512,AMC,neutral,0.9478
9513,AMC,positive,0.8798
9514,AMC,neutral,0.6409
9515,AMC,neutral,0.9350
9516,AMC,neutral,0.9483
9517,AMC,neutral,0.9186
9518,AMC,neutral,0.9290
9519,AMC,neutral,0.7464
9520,AMC,neutral,0.9516
9521,AMC,neutral,0.9130
9522,AMC,neutral,0.9366
9523,AMC,neutral,0.7746
9524,AMC,neutral,0.9493
9525,AMC,negative,0.9690
9526,AMC,negative,0.9447
9527,AMC,neutral,0.9134
9528,GME,neutral,0.7498
9529,AMC,neutral,0.9519
9530,AMC,negative,0.9359
9531,AMC,positive,0.7697
9532,AMC,negative,0.9026
9533,AMC,neutral,0.9397
9534,AMC,neutral,0.8827
9535,GME,neutral,0.8958
9536,AMC,neutral,0.6549
9537,GME,positive,0.7699
9538,AMC,positive,0.5129
9539,AMC,neutral,0.9401
9540,AMC,neutral,0.9300
9541,AMC,neutral,0.8042
9542,AMC,neutral,0.5414
9543,AMC,positive,0.7456
9544,AMC,neutral,0.9366
9545,META,neutral,0.9264
9546,GME,neutral,0.6765
9547,AMC,negative,0.9316
9548,GME,neutral,0.6995
9549,AMC,neutral,0.9095
9550,AMC,negative,0.6321
9551,AMC,neutral,0.9523
9552,AMC,neutral,0.9523
9553,AMC,positive,0.9458
9554,AMC,neutral,0.9493
9555,AMC,neutral,0.9410
9556,AMC,neutral,0.5192
9557,AMC,neutral,0.9534
9558,AMC,neutral,0.8654
9559,AMC,neutral,0.6893
9560,META,neutral,0.9469
9561,AMC,neutral,0.9159
9562,AMC,neutral,0.9535
9563,GME,neutral,0.5736
9564,AMC,neutral,0.8609
9565,AMC,neutral,0.9359
9566,AMC,negative,0.8856
9567,AMC,neutral,0.9488
9568,AMC,neutral,0.7920
9569,AMC,neutral,0.9504
9570,AMC,positive,0.5291
9571,AMC,neutral,0.9254
9572,AMC,neutral,0.9018
9573,AMC,negative,0.9264
9574,AMC,neutral,0.9535
9575,AMC,neutral,0.7202
9576,AMC,neutral,0.8733
9577,GME,neutral,0.7236
9578,AMC,neutral,0.9525
9579,AMC,neutral,0.9274
9580,AMC,neutral,0.9093
9581,AMC,negative,0.5695
9582,AMC,negative,0.9615
9583,AMC,neutral,0.9521
9584,AMC,neutral,0.7366
9585,AMC,neutral,0.9532
9586,AMC,neutral,0.7861
9587,AMC,positive,0.5226
9588,AMC,negative,0.9180
9589,AMC,neutral,0.9263
9590,AMC,neutral,0.8885
9591,AMC,neutral,0.7398
9592,AMC,negative,0.9444
9593,AMC,neutral,0.9513
9594,AMC,negative,0.9323
9595,AMC,negative,0.5802
9596,AMC,neutral,0.9531
9597,AMC,negative,0.8278
9598,AMC,negative,0.7440
9599,AMC,neutral,0.8989
9600,GME,neutral,0.8958
9601,AMC,positive,0.8708
9602,AMC,neutral,0.9514
9603,AMC,neutral,0.4932
9604,NFLX,neutral,0.9172
9605,AMC,neutral,0.5785
9606,AMC,neutral,0.8956
9607,AMC,neutral,0.9530
9608,AMC,neutral,0.6724
9609,AMC,neutral,0.7309
9610,AMC,neutral,0.9417
9611,AMC,neutral,0.7637
9612,AMC,negative,0.9707
9613,AMC,neutral,0.8687
9614,AMC,negative,0.9669
9615,AMC,negative,0.9191
9616,AMC,negative,0.9482
9617,AMC,neutral,0.9023
9618,AMC,neutral,0.8891
9619,GME,negative,0.9189
9620,AMC,positive,0.8377
9621,AMC,neutral,0.8117
9622,AMC,neutral,0.9506
9623,AMC,neutral,0.9308
9624,AMC,neutral,0.8073
9625,AMC,neutral,0.8250
9626,AMC,neutral,0.9519
9627,AMC,negative,0.6350
9628,AMC,positive,0.9522
9629,AMC,neutral,0.6466
9630,AMC,neutral,0.7855
9631,AMC,neutral,0.9504
9632,AMC,negative,0.7988
9633,AMC,neutral,0.9296
9634,AMC,neutral,0.9504
9635,AMC,neutral,0.9372
9636,AMC,negative,0.8624
9637,AMC,neutral,0.9504
9638,AMC,neutral,0.8618
9639,AMC,neutral,0.9407
9640,AMC,neutral,0.9022
9641,AMC,neutral,0.6428
9642,AMC,neutral,0.9527
9643,AMC,negative,0.8976
9644,AMC,neutral,0.9066
9645,AMC,neutral,0.9381
9646,AMC,neutral,0.9535
9647,AMC,positive,0.7724
9648,AMC,neutral,0.9030
9649,AMC,positive,0.9029
9650,GME,neutral,0.6018
9651,AMC,neutral,0.9068
9652,AMC,neutral,0.9524
9653,AMC,neutral,0.8958
9654,AMC,neutral,0.9435
9655,AMC,neutral,0.8244
9656,NVDA,neutral,0.6573
9657,AMC,neutral,0.9515
9658,AMC,negative,0.9266
9659,AMC,neutral,0.9353
9660,AMC,neutral,0.9521
9661,AMC,neutral,0.8556
9662,AMC,neutral,0.9316
9663,AMC,neutral,0.9173
9664,AMC,positive,0.5396
9665,AMC,neutral,0.9308
9666,AMC,neutral,0.9366
9667,AMC,neutral,0.7605
9668,AMC,neutral,0.9328
9669,AMC,neutral,0.9097
9670,AMC,neutral,0.9527
9671,AMC,neutral,0.9503
9672,AMC,neutral,0.8085
9673,AMC,neutral,0.8855
9674,AMC,negative,0.9434
9675,AMC,negative,0.9434
9676,AMC,neutral,0.9351
9677,AMC,neutral,0.8522
9678,AMC,neutral,0.9054
9679,AMC,positive,0.8749
9680,AMC,neutral,0.9321
9681,AMC,neutral,0.8694
9682,AMC,neutral,0.9308
9683,AMC,positive,0.5079
9684,AMC,neutral,0.6322
9685,AMC,neutral,0.8355
9686,AMC,neutral,0.9523
9687,AMC,neutral,0.5664
9688,AMC,neutral,0.9478
9689,AMC,negative,0.7921
9690,AMC,neutral,0.4636
9691,AMC,neutral,0.9534
9692,AMC,neutral,0.7120
9693,AMC,neutral,0.9244
9694,AMC,negative,0.9514
9695,AMC,neutral,0.9438
9696,AMC,neutral,0.9215
9697,AMC,neutral,0.9444
9698,AMC,neutral,0.7320
9699,AMC,neutral,0.8900
9700,GME,negative,0.5897
9701,GME,negative,0.5883
9702,AMC,neutral,0.7109
9703,GME,positive,0.4151
9704,AMC,neutral,0.9371
9705,AMC,neutral,0.7411
9706,AAPL,neutral,0.9102
9707,GME,positive,0.7491
9708,AMC,neutral,0.9413
9709,AMC,neutral,0.7861
9710,AMC,neutral,0.9525
9711,AMC,neutral,0.9516
9712,TSLA,negative,0.9445
9713,AMC,neutral,0.9474
9714,AMC,positive,0.7993
9715,AMC,neutral,0.9105
9716,AMC,neutral,0.8928
9717,AMC,neutral,0.8928
9718,AMC,neutral,0.9521
9719,AMC,negative,0.6630
9720,AMC,neutral,0.9387
9721,AMC,positive,0.6378
9722,AMC,neutral,0.5147
9723,AMC,neutral,0.6260
9724,AMC,neutral,0.8196
9725,AMC,neutral,0.5665
9726,AMC,neutral,0.6734
9727,AMC,neutral,0.8880
9728,AMC,neutral,0.9499
9729,AMC,negative,0.9416
9730,AMC,neutral,0.6768
9731,AMC,neutral,0.9352
9732,AMC,negative,0.9662
9733,AMC,neutral,0.9519
9734,AMC,neutral,0.7341
9735,AMC,neutral,0.5787
9736,AMC,neutral,0.8392
9737,AMC,neutral,0.7873
9738,AMC,neutral,0.9340
9739,AMC,neutral,0.9146
9740,GME,neutral,0.8697
9741,AMC,positive,0.5687
9742,AMC,negative,0.6814
9743,AMC,neutral,0.8609
9744,AMC,neutral,0.9507
9745,AMC,neutral,0.8861
9746,AMC,neutral,0.9322
9747,AMC,neutral,0.9429
9748,AMC,neutral,0.8165
9749,AMC,neutral,0.9079
9750,AMC,neutral,0.8645
9751,AMC,neutral,0.9380
9752,AMC,neutral,0.9170
9753,GME,neutral,0.7538
9754,AMC,neutral,0.9517
9755,AMC,neutral,0.9326
9756,AMC,positive,0.9171
9757,AMC,positive,0.4708
9758,AMC,neutral,0.6245
9759,AMC,positive,0.8507
9760,AMC,neutral,0.6814
9761,AMC,positive,0.4708
9762,AMC,positive,0.8507
9763,AMC,negative,0.4566
9764,AMC,neutral,0.9509
9765,AMC,neutral,0.9506
9766,AMC,neutral,0.8918
9767,AMC,neutral,0.9464
9768,AMC,neutral,0.9502
9769,TSLA,positive,0.8748
9770,AMC,neutral,0.5652
9771,AMC,neutral,0.9519
9772,AMC,neutral,0.9491
9773,AMC,positive,0.8786
9774,AMC,neutral,0.9226
9775,AMC,positive,0.9339
9776,AMC,neutral,0.9320
9777,AMC,negative,0.5816
9778,GME,neutral,0.8562
9779,AMC,neutral,0.5648
9780,AMC,positive,0.9353
9781,AMC,neutral,0.8185
9782,AMC,positive,0.9339
9783,AMC,neutral,0.9471
9784,AMC,positive,0.9001
9785,AMC,neutral,0.8939
9786,AMC,neutral,0.8617
9787,AMC,positive,0.8821
9788,AMC,neutral,0.8590
9789,AMC,positive,0.9298
9790,AMC,neutral,0.9315
9791,AMC,neutral,0.6941
9792,AMC,positive,0.9229
9793,AMC,neutral,0.9517
9794,AMC,neutral,0.9399
9795,AMC,positive,0.5630
9796,AMZN,positive,0.5645
9797,AMC,neutral,0.6738
9798,AMC,neutral,0.6738
9799,AMC,neutral,0.9520
9800,AMC,negative,0.9667
9801,AMC,neutral,0.5856
9802,AMC,neutral,0.8868
9803,GME,positive,0.8907
9804,GME,negative,0.9278
9805,GME,positive,0.9200
9806,AMC,neutral,0.9503
9807,AMC,neutral,0.9529
9808,AMC,neutral,0.9380
9809,AMC,negative,0.9631
9810,AMC,positive,0.6202
9811,AMC,neutral,0.8521
9812,GME,neutral,0.9063
9813,AMC,negative,0.9254
9814,AMC,positive,0.9181
9815,AMC,neutral,0.9534
9816,AMC,neutral,0.9522
9817,AMC,neutral,0.6478
9818,AMC,negative,0.5063
9819,AMC,neutral,0.9287
9820,AMC,positive,0.8440
9821,AMC,neutral,0.9535
9822,GME,neutral,0.9067
9823,AMC,neutral,0.5064
9824,AMC,positive,0.9462
9825,AMC,positive,0.9462
9826,AMC,neutral,0.7853
9827,AMC,neutral,0.9540
9828,AMC,negative,0.7161
9829,AMC,neutral,0.8660
9830,AMC,neutral,0.9390
9831,AMC,positive,0.4535
9832,AMC,neutral,0.9375
9833,AMC,neutral,0.9356
9834,AMC,neutral,0.9530
9835,AMC,neutral,0.9269
9836,AMC,neutral,0.9272
9837,AMC,negative,0.4242
9838,AMC,neutral,0.9535
9839,AMC,neutral,0.9351
9840,TSLA,negative,0.8335
9841,AMC,neutral,0.9525
9842,AMC,positive,0.6550
9843,AMC,neutral,0.6713
9844,AMC,neutral,0.7722
9845,AMC,neutral,0.9449
9846,AMC,negative,0.9731
9847,AMC,neutral,0.7131
9848,AMC,neutral,0.7131
9849,AMC,negative,0.9520
9850,AMC,neutral,0.8796
9851,AMC,neutral,0.9536
9852,GME,negative,0.4359
9853,AMC,negative,0.8703
9854,AMC,neutral,0.9438
9855,CRM,negative,0.5170
9856,AMC,negative,0.9043
9857,GME,neutral,0.6974
9858,AMC,neutral,0.9526
9859,AMC,negative,0.8997
9860,AMC,neutral,0.9512
9861,AMC,neutral,0.8045
9862,GME,neutral,0.8802
9863,AMC,positive,0.9178
9864,AMC,neutral,0.9345
9865,AMC,neutral,0.9406
9866,GME,neutral,0.3865
9867,AMC,negative,0.4932
9868,AMC,negative,0.4938
9869,GME,neutral,0.4918
9870,AMC,positive,0.6462
9871,AMC,neutral,0.5785
9872,AAPL,neutral,0.9127
9873,AMC,neutral,0.9519
9874,AMC,negative,0.8569
9875,GME,positive,0.4856
9876,GME,neutral,0.8438
9877,AMC,neutral,0.9033
9878,AMC,neutral,0.8359
9879,AMC,neutral,0.9343
9880,AMC,neutral,0.9097
9881,AMC,neutral,0.8036
9882,AMC,negative,0.9042
9883,GME,neutral,0.9110
9884,GME,neutral,0.6592
9885,AMC,neutral,0.9535
9886,AMC,neutral,0.7927
9887,AMC,neutral,0.9029
9888,AMC,neutral,0.9518
9889,AMC,negative,0.9225
9890,GME,neutral,0.4738
9891,AMC,negative,0.8008
9892,AMC,neutral,0.6269
9893,AMC,neutral,0.9350
9894,AMC,negative,0.9210
9895,AMC,neutral,0.8097
9896,AMC,neutral,0.8974
9897,AMC,neutral,0.8400
9898,AMC,neutral,0.9247
9899,AMC,negative,0.9413
9900,GME,neutral,0.9150
9901,AMC,negative,0.8785
9902,AMC,neutral,0.9494
9903,AMC,neutral,0.8574
9904,AMC,neutral,0.9454
9905,AMC,neutral,0.7829
9906,AMC,negative,0.7264
9907,AMC,neutral,0.8518
9908,AMC,neutral,0.9514
9909,AMC,positive,0.9265
9910,AMC,positive,0.9267
9911,AMC,neutral,0.9519
9912,AMC,neutral,0.9268
9913,AMC,neutral,0.9041
9914,AMC,neutral,0.7955
9915,AMC,negative,0.9676
9916,AMC,positive,0.7061
9917,NFLX,neutral,0.8870
9918,NFLX,neutral,0.8870
9919,AMC,neutral,0.6937
9920,AMC,neutral,0.9523
9921,AMC,negative,0.5505
9922,AMC,negative,0.7021
9923,AMC,neutral,0.9522
9924,AMC,neutral,0.8686
9925,AMC,neutral,0.8440
9926,AMC,neutral,0.9344
9927,GME,neutral,0.8845
9928,GME,neutral,0.7235
9929,AMC,neutral,0.9036
9930,AMC,neutral,0.9535
9931,AMC,neutral,0.9226
9932,AMC,neutral,0.6056
9933,AMC,neutral,0.9514
9934,AMC,negative,0.7782
9935,AMC,neutral,0.9277
9936,AMC,neutral,0.6444
9937,GME,negative,0.9604
9938,AMC,neutral,0.9370
9939,AMC,neutral,0.9516
9940,AMC,neutral,0.6126
9941,AMC,neutral,0.9380
9942,AMC,neutral,0.5522
9943,GME,neutral,0.9421
9944,AMC,neutral,0.7428
9945,AMC,positive,0.9536
9946,AMC,negative,0.5478
9947,AMC,neutral,0.9493
9948,AMC,neutral,0.9253
9949,AMC,neutral,0.9185
9950,AMC,neutral,0.9285
9951,AMC,neutral,0.5611
9952,AMC,neutral,0.9285
9953,AMC,negative,0.9581
9954,AMC,positive,0.9428
9955,AMC,neutral,0.9531
9956,AMC,neutral,0.8848
9957,AMC,neutral,0.9502
9958,AMC,positive,0.9306
9959,AMC,neutral,0.8725
9960,AMC,neutral,0.9318
9961,AMC,negative,0.4732
9962,AMC,neutral,0.9495
9963,AMC,neutral,0.5151
9964,GME,positive,0.8743
9965,AMC,neutral,0.9069
9966,GME,positive,0.8183
9967,AMC,neutral,0.9477
9968,AMC,positive,0.9217
9969,AMC,neutral,0.8834
9970,AMC,neutral,0.7363
9971,AMC,neutral,0.9394
9972,AMC,neutral,0.9522
9973,GME,positive,0.9264
9974,AMC,neutral,0.6715
9975,AMC,neutral,0.8525
9976,AMC,neutral,0.8640
9977,AMC,neutral,0.9524
9978,AMC,neutral,0.8944
9979,AMC,positive,0.8199
9980,AMC,neutral,0.8978
9981,AMZN,neutral,0.7247
9982,AMC,neutral,0.9402
9983,AMC,neutral,0.8906
9984,AMC,neutral,0.7602
9985,GME,neutral,0.9295
9986,GME,neutral,0.9444
9987,AMC,neutral,0.8377
9988,GME,positive,0.8338
9989,AMC,neutral,0.9458
9990,AMC,negative,0.6577
9991,GME,positive,0.9276
9992,AMC,negative,0.9539
9993,GME,neutral,0.9320
9994,AMC,positive,0.9225
9995,AMC,neutral,0.9509
9996,AMC,positive,0.7850
9997,AMC,positive,0.5673
9998,GME,neutral,0.7882
9999,AMC,positive,0.8164
10000,GME,positive,0.8870
10001,GME,neutral,0.7530
10002,AMC,neutral,0.9525
10003,AMC,neutral,0.9199
10004,AMC,positive,0.5949
10005,AMC,neutral,0.9334
10006,AMC,neutral,0.9504
10007,AMC,neutral,0.9392
10008,GME,negative,0.6999
10009,GME,positive,0.9058
10010,GME,neutral,0.5229
10011,AMC,neutral,0.6092
10012,GME,neutral,0.5272
10013,AMC,neutral,0.9014
10014,AMC,neutral,0.9496
10015,AMC,neutral,0.9480
10016,AMC,neutral,0.8905
10017,AMC,neutral,0.5942
10018,AMC,negative,0.4775
10019,AMC,neutral,0.8676
10020,AMC,neutral,0.9462
10021,AMC,neutral,0.9515
10022,AMC,positive,0.7440
10023,AMC,neutral,0.7192
10024,GME,neutral,0.5347
10025,AMC,neutral,0.9253
10026,AMC,negative,0.9563
10027,GME,neutral,0.8851
10028,AMC,neutral,0.9520
10029,AMC,neutral,0.6382
10030,GME,positive,0.6752
10031,AMC,neutral,0.9137
10032,AMC,neutral,0.9226
10033,AMC,positive,0.8868
10034,AMC,neutral,0.9309
10035,AMC,neutral,0.9492
10036,GME,neutral,0.7706
10037,AMC,neutral,0.9082
10038,AMC,neutral,0.9503
10039,AMC,negative,0.9604
10040,AMC,neutral,0.8950
10041,AMC,neutral,0.7692
10042,AMC,neutral,0.9162
10043,TSLA,positive,0.4007
10044,AMC,negative,0.9692
10045,GME,neutral,0.8608
10046,AMC,neutral,0.8587
10047,GME,neutral,0.6124
10048,GME,neutral,0.8761
10049,AMC,neutral,0.9501
10050,GME,neutral,0.8761
10051,AMC,neutral,0.9511
10052,AMC,neutral,0.9500
10053,AMC,neutral,0.8710
10054,GME,negative,0.9617
10055,AMC,negative,0.9638
10056,AMC,neutral,0.8223
10057,GME,neutral,0.7413
10058,GME,positive,0.7084
10059,AMC,positive,0.9489
10060,GME,negative,0.5989
10061,AMC,neutral,0.8166
10062,AMC,neutral,0.9523
10063,GME,neutral,0.7785
10064,AMC,neutral,0.9149
10065,GME,negative,0.6950
10066,AMC,neutral,0.6930
10067,AMC,neutral,0.7783
10068,AMC,neutral,0.8469
10069,GME,neutral,0.8866
10070,GME,neutral,0.9485
10071,AMC,neutral,0.9523
10072,AMC,neutral,0.8742
10073,GME,neutral,0.5278
10074,TSLA,positive,0.7946
10075,AMC,neutral,0.9517
10076,AMC,negative,0.9517
10077,AMC,negative,0.9473
10078,AMC,neutral,0.8723
10079,AMC,neutral,0.9388
10080,AMC,neutral,0.9330
10081,AMC,neutral,0.9044
10082,GME,neutral,0.7673
10083,AMC,neutral,0.8714
10084,AMC,negative,0.9697
10085,GME,neutral,0.8319
10086,AMC,negative,0.7084
10087,AMC,negative,0.7703
10088,GOOGL,positive,0.5816
10089,AMC,positive,0.9234
10090,TSLA,neutral,0.8721
10091,GME,neutral,0.9272
10092,AMC,neutral,0.8878
10093,TSLA,neutral,0.8923
10094,AMC,neutral,0.5403
10095,AMC,neutral,0.9175
10096,AMZN,positive,0.8767
10097,AMC,negative,0.9315
10098,AMC,neutral,0.9490
10099,AMC,neutral,0.8395
10100,GME,neutral,0.7832
10101,GME,neutral,0.8602
10102,AMC,neutral,0.5170
10103,AMC,neutral,0.9368
10104,AMC,neutral,0.8961
10105,AMZN,positive,0.9307
10106,GME,neutral,0.9273
10107,AMC,neutral,0.9502
10108,AMZN,positive,0.8763
10109,AMC,negative,0.9521
10110,AMC,neutral,0.6970
10111,AMC,neutral,0.9483
10112,GME,positive,0.6007
10113,AMC,neutral,0.8608
10114,GME,neutral,0.9039
10115,GME,neutral,0.9132
10116,AMC,neutral,0.8629
10117,AMC,neutral,0.8308
10118,AMC,neutral,0.8761
10119,GME,neutral,0.9475
10120,AMC,neutral,0.9538
10121,AMC,positive,0.5340
10122,GME,neutral,0.7449
10123,AMC,neutral,0.8852
10124,AMZN,neutral,0.9229
10125,AMZN,neutral,0.9000
10126,AMC,neutral,0.6708
10127,AMC,neutral,0.9010
10128,GME,neutral,0.7669
10129,GME,neutral,0.9317
10130,AMC,positive,0.9079
10131,TSLA,negative,0.8612
10132,AMC,neutral,0.8754
10133,AMC,positive,0.8884
10134,GME,neutral,0.5887
10135,GME,neutral,0.9104
10136,AMC,neutral,0.9509
10137,GME,neutral,0.9169
10138,AMC,neutral,0.6120
10139,GME,neutral,0.5659
10140,AMC,neutral,0.9471
10141,AMC,negative,0.9001
10142,GME,negative,0.9081
10143,AMC,neutral,0.5236
10144,AMC,negative,0.8029
10145,AAPL,neutral,0.9007
10146,AMC,neutral,0.9272
10147,GME,neutral,0.7196
10148,AMC,positive,0.8036
10149,GME,positive,0.7765
10150,AMC,neutral,0.9007
10151,GME,neutral,0.6442
10152,AMC,negative,0.9514
10153,AMC,neutral,0.9324
10154,AMC,neutral,0.8273
10155,GME,neutral,0.7990
10156,GME,neutral,0.8983
10157,AMC,negative,0.8656
10158,NFLX,negative,0.9399
10159,GME,negative,0.9670
10160,GME,neutral,0.6151
10161,GME,negative,0.9479
10162,AMC,neutral,0.6001
10163,GME,negative,0.8071
10164,AMC,neutral,0.7500
10165,GME,neutral,0.9399
10166,AMC,negative,0.6246
10167,AMC,positive,0.9305
10168,AMC,neutral,0.9513
10169,AMC,neutral,0.9355
10170,GME,neutral,0.5636
10171,AMC,neutral,0.9294
10172,AMC,neutral,0.9098
10173,AMC,neutral,0.9452
10174,AMC,positive,0.9187
10175,AMC,neutral,0.9511
10176,AMC,neutral,0.7192
10177,AMC,neutral,0.9517
10178,AMC,positive,0.6022
10179,AMC,neutral,0.9517
10180,AMC,negative,0.6640
10181,AMC,neutral,0.8997
10182,AMC,positive,0.7391
10183,AMC,neutral,0.9518
10184,AMC,neutral,0.6359
10185,AMC,neutral,0.7319
10186,AMC,neutral,0.9523
10187,AMC,positive,0.5945
10188,AMC,neutral,0.9361
10189,AMC,neutral,0.9527
10190,AMC,neutral,0.9513
10191,AMC,positive,0.9226
10192,AMC,positive,0.8882
10193,AMC,neutral,0.9522
10194,AMC,positive,0.9034
10195,AMC,negative,0.9455
10196,AMC,negative,0.9463
10197,AMC,positive,0.9370
10198,AMC,negative,0.9720
10199,AMC,neutral,0.9230
10200,AMC,neutral,0.9533
10201,AMC,neutral,0.5616
10202,AMC,neutral,0.8527
10203,IBM,neutral,0.9104
10204,IBM,neutral,0.8777
10205,ADBE,neutral,0.9319
10206,IBM,neutral,0.4638
10207,IBM,negative,0.8080
10208,IBM,neutral,0.8771
10209,IBM,neutral,0.9375
10210,IBM,negative,0.8359
10211,IBM,negative,0.8359
10212,IBM,neutral,0.9315
10213,IBM,negative,0.9193
10214,AAPL,neutral,0.9470
10215,AAPL,neutral,0.9519
10216,AAPL,neutral,0.9482
10217,AMC,neutral,0.9480
10218,AAPL,neutral,0.9445
10219,AMC,neutral,0.9478
10220,INTC,neutral,0.9494
10221,TSLA,neutral,0.9365
10222,TSLA,neutral,0.8642
10223,TSLA,neutral,0.8927
10224,META,neutral,0.8916
10225,AAPL,neutral,0.9508
10226,CRM,neutral,0.9358
10227,AMZN,neutral,0.9483
10228,AMZN,neutral,0.9483
10229,NFLX,neutral,0.9521
10230,AMZN,negative,0.9535
10231,AMC,neutral,0.9526
10232,TSLA,neutral,0.8910
10233,TSLA,positive,0.9004
10234,CSCO,neutral,0.9280
10235,AAPL,neutral,0.9482
10236,AAPL,neutral,0.9491
10237,AMC,neutral,0.9003
10238,AAPL,neutral,0.9501
10239,TSLA,positive,0.4982
10240,NFLX,neutral,0.9366
10241,AAPL,neutral,0.9435
10242,ORCL,neutral,0.9508
10243,IBM,neutral,0.9188
10244,GME,negative,0.8633
10245,TSLA,neutral,0.5788
10246,TSLA,neutral,0.8642
10247,AMC,neutral,0.7539
10248,GME,neutral,0.9482
10249,TSLA,positive,0.8347
10250,AMC,neutral,0.9350
10251,NVDA,neutral,0.9379
10252,CRM,neutral,0.9382
10253,INTC,neutral,0.9525
10254,AMZN,positive,0.8793
10255,AAPL,positive,0.9086
10256,AMC,neutral,0.8618
10257,AMC,neutral,0.9524
10258,GME,neutral,0.8244
10259,AMC,neutral,0.9515
10260,AMC,neutral,0.9503
10261,GME,neutral,0.9043
10262,AMC,neutral,0.9444
10263,GME,negative,0.5897
10264,AAPL,neutral,0.9364
10265,GME,neutral,0.9081
10266,AMC,neutral,0.7411
10267,AMC,neutral,0.9525
10268,AMZN,negative,0.7569
10269,MSFT,neutral,0.9512
10270,MSFT,neutral,0.9519
10271,GME,negative,0.7996
10272,AMZN,positive,0.5761
10273,AMC,neutral,0.9502
10274,AMZN,neutral,0.8174
10275,AMZN,neutral,0.6598
10276,CRM,neutral,0.9113
10277,MSFT,neutral,0.9477
10278,AMC,neutral,0.9521
10279,AMC,neutral,0.9503
10280,TSLA,neutral,0.9290
10281,NVDA,neutral,0.9439
10282,CSCO,neutral,0.9434
10283,GME,positive,0.6088
10284,MSFT,neutral,0.9223
10285,INTC,neutral,0.9452
10286,TSLA,neutral,0.9410
10287,INTC,negative,0.9654
10288,AAPL,neutral,0.9435
10289,META,neutral,0.9346
10290,CRM,neutral,0.8230
10291,CRM,neutral,0.7867
10292,CRM,neutral,0.9325
10293,CSCO,neutral,0.9241
10294,TSLA,negative,0.6823
10295,MSFT,neutral,0.6789
10296,MSFT,positive,0.7858
10297,MSFT,neutral,0.9496
10298,NVDA,neutral,0.9158
10299,MSFT,neutral,0.9328
10300,MSFT,neutral,0.9292
10301,AAPL,neutral,0.9478
10302,IBM,neutral,0.9285
10303,AMC,neutral,0.9173
10304,AMC,neutral,0.7320
10305,IBM,neutral,0.9475
10306,IBM,neutral,0.9480
10307,AMC,neutral,0.8574
10308,MSFT,neutral,0.5615
10309,MSFT,neutral,0.6473
10310,AMZN,neutral,0.6628
10311,ORCL,neutral,0.9353
10312,MSFT,neutral,0.9361
10313,AAPL,neutral,0.9386
10314,INTC,neutral,0.9544
10315,INTC,neutral,0.9547
10316,INTC,neutral,0.9300
10317,INTC,neutral,0.9383
10318,INTC,neutral,0.9303
10319,AAPL,neutral,0.9506
10320,MSFT,neutral,0.9508
10321,AAPL,neutral,0.9519
10322,AAPL,positive,0.6622
10323,AAPL,negative,0.5211
10324,AAPL,positive,0.4111
10325,MSFT,neutral,0.9506
10326,NVDA,neutral,0.9504
10327,IBM,neutral,0.9188
10328,GME,neutral,0.8691
10329,META,neutral,0.9481
10330,META,neutral,0.9472
10331,TSLA,neutral,0.8642
10332,NFLX,neutral,0.9338
10333,GOOGL,neutral,0.8704
10334,ADBE,neutral,0.8682
10335,CSCO,neutral,0.9209
10336,NVDA,positive,0.6421
10337,NVDA,positive,0.6557
10338,GME,negative,0.8071
10339,GME,negative,0.8071
10340,GME,negative,0.8763
10341,GME,neutral,0.7244
10342,META,neutral,0.8731
10343,AMC,neutral,0.9311
10344,GME,neutral,0.9305
10345,AMC,neutral,0.9516
10346,AMC,neutral,0.9366
10347,TSLA,neutral,0.9381
10348,AMC,neutral,0.9380
10349,IBM,neutral,0.9511
10350,META,neutral,0.5662
10351,NFLX,neutral,0.7707
10352,META,positive,0.6282
10353,NVDA,neutral,0.8730
10354,INTC,negative,0.8542
10355,NVDA,neutral,0.9218
10356,NVDA,neutral,0.7246
10357,NFLX,neutral,0.9373
10358,NVDA,neutral,0.9224
10359,NFLX,neutral,0.8942
10360,AAPL,negative,0.9502
10361,AAPL,negative,0.9624
10362,AAPL,negative,0.9624
10363,NFLX,neutral,0.7636
10364,META,neutral,0.9091
10365,GME,negative,0.9552
10366,META,neutral,0.9288
10367,GME,neutral,0.8490
10368,GME,positive,0.6878
10369,AMZN,negative,0.9687
10370,AMZN,neutral,0.8894
10371,GOOGL,neutral,0.8049
10372,GOOGL,neutral,0.9223
10373,AMZN,neutral,0.9379
10374,MSFT,positive,0.5992
10375,GME,neutral,0.9355
10376,TSLA,neutral,0.9245
10377,AMC,neutral,0.9390
10378,GOOGL,neutral,0.8516
10379,TSLA,neutral,0.9361
10380,MSFT,neutral,0.9499
10381,TSLA,neutral,0.8798
10382,AMC,neutral,0.9519
10383,AAPL,neutral,0.9505
10384,NFLX,neutral,0.8920
10385,AMC,neutral,0.9487
10386,AMC,neutral,0.9498
10387,META,neutral,0.9284
10388,META,neutral,0.9543
10389,META,neutral,0.7130
10390,META,neutral,0.8762
10391,META,neutral,0.9519
10392,META,neutral,0.9327
10393,META,neutral,0.8922
10394,META,neutral,0.7260
10395,META,neutral,0.7961
10396,META,neutral,0.9312
10397,META,neutral,0.9506
10398,META,neutral,0.7585
10399,META,neutral,0.9286
10400,META,neutral,0.9527
10401,META,positive,0.9293
10402,AMC,neutral,0.9503
10403,TSLA,neutral,0.8981
10404,CSCO,neutral,0.8935
10405,AMZN,neutral,0.9399
10406,GOOGL,positive,0.8573
10407,AMZN,neutral,0.9374
10408,TSLA,positive,0.6802
10409,TSLA,neutral,0.8612
10410,MSFT,positive,0.5565
10411,NFLX,neutral,0.9428
10412,AMC,neutral,0.9539
10413,AMC,neutral,0.9508
10414,NFLX,neutral,0.9371
10415,MSFT,neutral,0.9515
10416,GME,neutral,0.9154
10417,ADBE,neutral,0.9380
10418,GME,neutral,0.7502
10419,NVDA,neutral,0.6573
10420,GME,negative,0.5897
10421,AMC,neutral,0.9525
10422,AMZN,neutral,0.7414
10423,GOOGL,negative,0.5951
10424,GOOGL,neutral,0.7043
10425,AMZN,neutral,0.7996
10426,TSLA,neutral,0.9416
10427,INTC,neutral,0.9547
10428,META,neutral,0.9257
10429,MSFT,neutral,0.7675
10430,CRM,neutral,0.8987
10431,AAPL,neutral,0.9484
10432,CSCO,neutral,0.9036
10433,NVDA,neutral,0.9527
10434,NFLX,neutral,0.6263
10435,IBM,neutral,0.9128
10436,NFLX,neutral,0.9401
10437,NFLX,neutral,0.9392
10438,AMZN,neutral,0.9348
10439,AAPL,positive,0.9327
10440,AAPL,positive,0.8258
10441,AMZN,neutral,0.9536
10442,TSLA,neutral,0.8700
10443,AAPL,neutral,0.9409
10444,TSLA,neutral,0.8444
10445,TSLA,neutral,0.7992
10446,TSLA,neutral,0.6693
10447,AMC,neutral,0.9521
10448,AMC,positive,0.6378
10449,AMC,neutral,0.9509
10450,TSLA,negative,0.9151
10451,AMC,neutral,0.9530
10452,AMZN,neutral,0.9464
10453,AAPL,neutral,0.9527
10454,MSFT,neutral,0.9371
10455,GME,neutral,0.6974
10456,AMC,neutral,0.9526
10457,AMC,neutral,0.9512
10458,GME,positive,0.9064
10459,AAPL,neutral,0.9489
10460,TSLA,positive,0.8623
10461,INTC,positive,0.5216
10462,AMZN,neutral,0.9470
10463,GOOGL,neutral,0.9536
10464,MSFT,neutral,0.9529
10465,NVDA,neutral,0.9513
10466,NVDA,neutral,0.9538
10467,AMC,neutral,0.9534
10468,META,neutral,0.9511
10469,AAPL,neutral,0.9514
10470,INTC,neutral,0.9512
10471,TSLA,negative,0.7325
10472,TSLA,neutral,0.9240
10473,TSLA,neutral,0.9352
10474,TSLA,neutral,0.8660
10475,TSLA,negative,0.6329
10476,TSLA,negative,0.8452
10477,INTC,positive,0.6237
10478,TSLA,neutral,0.7029
10479,TSLA,neutral,0.7023
10480,TSLA,neutral,0.7745
10481,TSLA,negative,0.8351
10482,TSLA,negative,0.9375
10483,TSLA,neutral,0.7465
10484,TSLA,neutral,0.8947
10485,TSLA,neutral,0.6345
10486,TSLA,neutral,0.7542
10487,TSLA,negative,0.7993
10488,AMC,neutral,0.9518
10489,TSLA,negative,0.9491
10490,TSLA,neutral,0.8309
10491,TSLA,positive,0.7766
10492,GME,neutral,0.8958
10493,AMC,neutral,0.9417
10494,TSLA,positive,0.9003
10495,TSLA,positive,0.9141
10496,TSLA,neutral,0.8728
10497,AMC,neutral,0.8971
10498,TSLA,negative,0.9380
10499,TSLA,neutral,0.8777
10500,TSLA,neutral,0.9230
10501,TSLA,neutral,0.9102
10502,NVDA,negative,0.8539
10503,AAPL,positive,0.8717
10504,AAPL,positive,0.9361
10505,TSLA,neutral,0.6553
10506,TSLA,neutral,0.8085
10507,TSLA,neutral,0.9231
10508,TSLA,negative,0.9494
10509,TSLA,negative,0.9463
10510,TSLA,neutral,0.4495
10511,TSLA,neutral,0.7740
10512,TSLA,neutral,0.9171
10513,NVDA,neutral,0.9321
10514,TSLA,neutral,0.8775
10515,TSLA,neutral,0.8826
10516,TSLA,neutral,0.7509
10517,TSLA,positive,0.8877
10518,TSLA,neutral,0.5341
10519,TSLA,neutral,0.9403
10520,AAPL,neutral,0.9511
10521,AAPL,neutral,0.9485
10522,AAPL,neutral,0.9533
10523,AAPL,neutral,0.9470
10524,AAPL,neutral,0.9488
10525,AMC,neutral,0.9287
10526,AMC,neutral,0.9512
10527,AMZN,neutral,0.8743
10528,GME,positive,0.8701
10529,AAPL,neutral,0.9485
10530,GME,neutral,0.9535
10531,ADBE,neutral,0.9327
10532,AMC,neutral,0.9534
10533,GME,neutral,0.9000
10534,AMZN,negative,0.9535
10535,TSLA,neutral,0.5977
10536,TSLA,neutral,0.8955
10537,AMZN,positive,0.8896
10538,INTC,neutral,0.9513
10539,GME,neutral,0.6984
10540,META,neutral,0.7635
10541,ADBE,neutral,0.9356
10542,CSCO,positive,0.7349
10543,INTC,neutral,0.9169
10544,META,neutral,0.8587
10545,AAPL,neutral,0.9238
10546,NVDA,neutral,0.5203
10547,INTC,negative,0.8755
10548,NVDA,negative,0.8309
10549,NVDA,positive,0.7619
10550,META,neutral,0.8731
10551,AAPL,negative,0.9559
10552,INTC,positive,0.7971
10553,META,neutral,0.7860
10554,NVDA,neutral,0.9526
10555,META,neutral,0.8278
10556,INTC,neutral,0.9373
10557,AAPL,neutral,0.8548
10558,NVDA,positive,0.9449
10559,NVDA,negative,0.9324
10560,NVDA,positive,0.9003
10561,NVDA,positive,0.5908
10562,CSCO,positive,0.7926
10563,NVDA,positive,0.5277
10564,AAPL,positive,0.7328
10565,AAPL,positive,0.6827
10566,AAPL,negative,0.9224
10567,TSLA,neutral,0.9122
10568,AMC,neutral,0.9522
10569,AAPL,positive,0.9426
10570,INTC,neutral,0.8209
10571,NVDA,negative,0.9563
10572,NVDA,negative,0.9571
10573,AAPL,negative,0.9678
10574,NVDA,neutral,0.9389
10575,AAPL,neutral,0.8645
10576,NVDA,neutral,0.5177
10577,NVDA,positive,0.6213
10578,INTC,neutral,0.6907
10579,NVDA,neutral,0.6871
10580,AAPL,negative,0.7575
10581,INTC,negative,0.6751
10582,AMZN,neutral,0.8709
10583,AAPL,neutral,0.6605
10584,INTC,neutral,0.6129
10585,INTC,neutral,0.5802
10586,AAPL,negative,0.8143
10587,GOOGL,negative,0.9061
10588,NVDA,positive,0.5501
10589,AAPL,positive,0.4891
10590,NVDA,neutral,0.9430
10591,INTC,negative,0.8754
10592,AAPL,positive,0.9199
10593,GOOGL,neutral,0.7650
10594,GOOGL,neutral,0.7650
10595,META,neutral,0.9293
10596,AAPL,neutral,0.7960
10597,GOOGL,positive,0.5237
10598,AAPL,positive,0.9303
10599,AAPL,positive,0.9303
10600,AMZN,positive,0.6532
10601,AAPL,positive,0.8364
10602,NVDA,positive,0.8717
10603,INTC,positive,0.7559
10604,INTC,negative,0.8669
10605,INTC,negative,0.8669
10606,NVDA,neutral,0.7124
10607,NVDA,neutral,0.7158
10608,NVDA,neutral,0.5522
10609,NVDA,neutral,0.5302
10610,NVDA,neutral,0.9176
10611,META,neutral,0.7814
10612,GOOGL,positive,0.9153
10613,GOOGL,positive,0.7924
10614,NVDA,neutral,0.9322
10615,NVDA,negative,0.9636
10616,NVDA,negative,0.9636
10617,NVDA,neutral,0.8006
10618,INTC,positive,0.8076
10619,INTC,neutral,0.9329
10620,AAPL,negative,0.4639
10621,AAPL,neutral,0.9495
10622,AAPL,neutral,0.9140
10623,INTC,neutral,0.9445
10624,AAPL,neutral,0.8763
10625,AAPL,neutral,0.8960
10626,AAPL,neutral,0.9479
10627,AAPL,neutral,0.8637
10628,AAPL,neutral,0.9375
10629,NVDA,neutral,0.8736
10630,INTC,positive,0.8848
10631,NVDA,negative,0.6559
10632,CRM,neutral,0.3822
10633,INTC,neutral,0.9375
10634,INTC,neutral,0.9175
10635,INTC,negative,0.9645
10636,INTC,negative,0.9371
10637,INTC,negative,0.9371
10638,AAPL,neutral,0.9016
10639,NVDA,neutral,0.6399
10640,AAPL,neutral,0.8926
10641,AAPL,neutral,0.9109
10642,AAPL,neutral,0.4719
10643,NVDA,negative,0.8045
10644,NVDA,neutral,0.6870
10645,NVDA,neutral,0.8809
10646,MSFT,neutral,0.9122
10647,NVDA,positive,0.9440
10648,NVDA,positive,0.8969
10649,AAPL,neutral,0.9501
10650,NVDA,positive,0.6933
10651,NVDA,neutral,0.5567
10652,AAPL,positive,0.9319
10653,AAPL,positive,0.8510
10654,TSLA,neutral,0.9494
10655,IBM,neutral,0.8925
10656,AMZN,neutral,0.8797
10657,NVDA,neutral,0.9527
10658,CRM,neutral,0.9245
10659,META,neutral,0.9118
10660,GOOGL,neutral,0.9453
10661,TSLA,neutral,0.4587
10662,NFLX,neutral,0.8855
10663,TSLA,neutral,0.8700
10664,MSFT,neutral,0.9129
10665,INTC,negative,0.9559
10666,IBM,positive,0.9392
10667,IBM,positive,0.8921
10668,MSFT,neutral,0.9531
10669,MSFT,neutral,0.9512
10670,TSLA,negative,0.9648
10671,MSFT,neutral,0.9519
10672,MSFT,positive,0.9419
10673,AAPL,neutral,0.9488
10674,INTC,positive,0.9322
10675,MSFT,neutral,0.8549
10676,GME,neutral,0.9452
10677,INTC,negative,0.9657
10678,AAPL,neutral,0.9460
10679,TSLA,neutral,0.8642
10680,TSLA,neutral,0.8927
10681,NVDA,neutral,0.9341
10682,TSLA,neutral,0.8793
10683,TSLA,neutral,0.9421
10684,TSLA,neutral,0.6570
10685,TSLA,neutral,0.8360
10686,AMZN,neutral,0.8165
10687,GME,neutral,0.9010
10688,AMC,neutral,0.9471
10689,AMZN,neutral,0.9184
10690,ADBE,positive,0.7398
10691,ADBE,positive,0.7775
10692,AMZN,positive,0.6427
10693,MSFT,neutral,0.9471
10694,AAPL,neutral,0.9501
10695,AMZN,neutral,0.9507
10696,GME,neutral,0.9335
10697,AAPL,neutral,0.9496
10698,AMZN,neutral,0.9476
10699,TSLA,neutral,0.9185
10700,TSLA,neutral,0.7646
10701,ORCL,neutral,0.4122
10702,AMZN,neutral,0.5478
10703,AMZN,positive,0.5751
10704,AMZN,positive,0.5751
10705,TSLA,neutral,0.8795
10706,AAPL,neutral,0.9533
10707,AMZN,neutral,0.5241
10708,AAPL,neutral,0.9005
10709,TSLA,neutral,0.9230
10710,NFLX,neutral,0.7230
10711,NFLX,neutral,0.9428
10712,NFLX,neutral,0.9371
10713,MSFT,neutral,0.9105
10714,AAPL,neutral,0.9448
10715,AAPL,neutral,0.9522
10716,AAPL,neutral,0.9522
10717,AAPL,neutral,0.9522
10718,AAPL,neutral,0.9484
10719,AAPL,neutral,0.9482
10720,AMC,neutral,0.9529
10721,AAPL,neutral,0.9472
10722,AMC,neutral,0.9462
10723,AAPL,neutral,0.9135
10724,NFLX,neutral,0.4569
10725,AMZN,neutral,0.8996
10726,AAPL,neutral,0.9381
10727,NVDA,neutral,0.7673
10728,MSFT,neutral,0.9447
10729,AAPL,neutral,0.9517
10730,INTC,neutral,0.9383
10731,GME,neutral,0.6543
10732,ORCL,neutral,0.9351
10733,MSFT,neutral,0.9281
10734,TSLA,neutral,0.9111
10735,TSLA,positive,0.5134
10736,META,neutral,0.9216
10737,META,neutral,0.8696
10738,META,neutral,0.9481
10739,META,neutral,0.9472
10740,AMZN,positive,0.8795
10741,TSLA,neutral,0.9340
10742,IBM,neutral,0.9465
10743,IBM,neutral,0.9453
10744,GOOGL,neutral,0.9260
10745,AMC,neutral,0.9519
10746,TSLA,negative,0.6329
10747,TSLA,positive,0.7453
10748,TSLA,neutral,0.7412
10749,TSLA,neutral,0.7745
10750,TSLA,negative,0.4459
10751,TSLA,negative,0.9363
10752,TSLA,negative,0.8351
10753,TSLA,negative,0.9355
10754,GME,neutral,0.5042
10755,TSLA,neutral,0.7319
10756,TSLA,negative,0.8325
10757,TSLA,neutral,0.9054
10758,AMC,neutral,0.9474
10759,TSLA,positive,0.5525
10760,TSLA,neutral,0.7770
10761,TSLA,positive,0.9095
10762,TSLA,neutral,0.9231
10763,TSLA,positive,0.8667
10764,TSLA,neutral,0.9283
10765,GME,positive,0.9071
10766,TSLA,positive,0.5637
10767,TSLA,positive,0.5637
10768,TSLA,neutral,0.9321
10769,AMZN,neutral,0.9473
10770,TSLA,positive,0.7946
10771,TSLA,neutral,0.8963
10772,TSLA,negative,0.5493
10773,GME,neutral,0.5882
10774,TSLA,neutral,0.5424
10775,TSLA,neutral,0.9169
10776,TSLA,negative,0.9106
10777,TSLA,neutral,0.9325
10778,TSLA,neutral,0.7567
10779,TSLA,neutral,0.6071
10780,TSLA,positive,0.9167
10781,TSLA,positive,0.9081
10782,TSLA,neutral,0.9193
10783,AMZN,neutral,0.7290
10784,TSLA,positive,0.7843
10785,TSLA,negative,0.6868
10786,TSLA,positive,0.7737
10787,TSLA,negative,0.7583
10788,TSLA,positive,0.7737
10789,AAPL,neutral,0.9530
10790,AAPL,neutral,0.9492
10791,TSLA,neutral,0.9251
10792,AAPL,neutral,0.9489
10793,AAPL,neutral,0.9458
10794,GME,neutral,0.9490
10795,GME,neutral,0.9457
10796,GME,neutral,0.9538
10797,GME,neutral,0.9167
10798,GME,neutral,0.5659
10799,GME,neutral,0.7196
10800,INTC,positive,0.6862
10801,AMC,negative,0.9707
10802,AMC,neutral,0.9525
10803,META,neutral,0.4729
10804,META,neutral,0.9293
10805,AAPL,neutral,0.9375
10806,CRM,neutral,0.9178
10807,AMC,neutral,0.9543
10808,GME,neutral,0.9518
10809,AMC,neutral,0.9523
10810,AAPL,neutral,0.9496
10811,NFLX,neutral,0.9428
10812,AAPL,neutral,0.9477
10813,AAPL,neutral,0.9474
10814,AAPL,neutral,0.9478
10815,GME,negative,0.7917
10816,GME,neutral,0.7899
10817,GME,neutral,0.9215
10818,AMC,neutral,0.9525
10819,AMC,neutral,0.9516
10820,AMC,neutral,0.9474
10821,AMC,positive,0.7993
10822,GME,neutral,0.8191
10823,AMC,neutral,0.9521
10824,AMC,positive,0.6378
10825,AMC,negative,0.9662
10826,AMC,neutral,0.9519
10827,AMC,negative,0.9662
10828,AMC,neutral,0.9507
10829,AMC,positive,0.5687
10830,AMC,negative,0.6814
10831,AMC,neutral,0.9170
10832,AMC,neutral,0.6814
10833,AMC,neutral,0.9469
10834,AMC,neutral,0.9509
10835,AMC,neutral,0.7028
10836,GME,neutral,0.9226
10837,AMC,neutral,0.9491
10838,AMC,positive,0.8786
10839,AMC,positive,0.9339
10840,AAPL,neutral,0.8783
10841,GME,positive,0.5630
10842,GME,positive,0.8682
10843,GME,neutral,0.9063
10844,AMZN,positive,0.8215
10845,IBM,positive,0.8059
10846,GME,neutral,0.6543
10847,AMC,neutral,0.8974
10848,AAPL,neutral,0.9487
10849,GME,positive,0.7250
10850,TSLA,neutral,0.9251
10851,GME,neutral,0.8845
10852,GME,neutral,0.9421
10853,TSLA,neutral,0.9276
10854,GME,positive,0.9264
10855,GME,positive,0.5708
10856,GME,neutral,0.9295
10857,AMC,neutral,0.6092
10858,GME,neutral,0.5229
10859,GME,neutral,0.5229
10860,AMC,negative,0.9563
10861,AMZN,positive,0.7297
10862,GME,neutral,0.9080
10863,GME,neutral,0.7413
10864,GME,negative,0.6950
10865,GME,negative,0.5908
10866,GME,neutral,0.7673
10867,AMC,negative,0.7703
10868,GME,neutral,0.9272
10869,GME,negative,0.9315
10870,GME,negative,0.9617
10871,GME,negative,0.9521
10872,GME,neutral,0.9475
10873,GME,positive,0.5340
10874,GME,neutral,0.9039
10875,AMZN,neutral,0.9229
10876,GME,neutral,0.5887
10877,GME,neutral,0.6120
10878,GME,negative,0.9612
10879,GME,neutral,0.9509
10880,GME,neutral,0.5659
10881,GME,neutral,0.9104
10882,GME,negative,0.9081
10883,GME,negative,0.9001
10884,GME,neutral,0.7196
10885,GME,neutral,0.6442
10886,GME,neutral,0.7990
10887,GME,positive,0.6335
10888,GME,neutral,0.9399
10889,MSFT,neutral,0.9209
10890,GME,neutral,0.6151
10891,GME,negative,0.8071
10892,GME,neutral,0.9513
10893,GME,positive,0.9315
10894,GME,negative,0.8071
10895,AMC,neutral,0.9511
10896,GME,neutral,0.9452
10897,GME,positive,0.5397
10898,GME,neutral,0.9518
10899,AMC,neutral,0.9527
10900,AMC,neutral,0.9513
10901,GME,neutral,0.9522
10902,META,neutral,0.9481
10903,META,neutral,0.9472
10904,META,negative,0.9375
10905,GME,neutral,0.9308
10906,AAPL,neutral,0.9456
10907,AMC,neutral,0.9519
10908,CRM,neutral,0.9067
10909,AAPL,neutral,0.9528
10910,AAPL,neutral,0.9528
10911,INTC,neutral,0.9512
10912,TSLA,neutral,0.8927
10913,AAPL,neutral,0.9519
10914,AMC,neutral,0.9529
10915,AAPL,neutral,0.9502
10916,AAPL,neutral,0.9476
10917,AAPL,neutral,0.9476
10918,AMC,neutral,0.9505
10919,AAPL,neutral,0.9503
10920,AMC,neutral,0.9487
10921,TSLA,neutral,0.8294
10922,TSLA,neutral,0.8294
10923,AAPL,neutral,0.9506
10924,AMC,neutral,0.9531
10925,TSLA,neutral,0.8642
10926,AAPL,neutral,0.9518
10927,INTC,neutral,0.9507
10928,AAPL,neutral,0.9501
10929,IBM,neutral,0.8746
10930,TSLA,neutral,0.8481
10931,NVDA,neutral,0.9256
10932,AMC,neutral,0.9526
10933,CSCO,neutral,0.9470
10934,GME,positive,0.9170
10935,GME,negative,0.6967
10936,GME,neutral,0.9310
10937,GME,neutral,0.9124
10938,META,neutral,0.9209
10939,GME,neutral,0.8206
10940,GME,neutral,0.9120
10941,GME,neutral,0.7885
10942,GME,negative,0.7597
10943,GME,neutral,0.9045
10944,GME,neutral,0.9212
10945,GME,negative,0.9544
10946,GME,neutral,0.7151
10947,GME,neutral,0.9222
10948,GME,neutral,0.9050
10949,GME,positive,0.9324
10950,GME,neutral,0.9287
10951,GME,neutral,0.8780
10952,AAPL,neutral,0.9494
10953,GME,neutral,0.8965
10954,GME,neutral,0.9020
10955,AMZN,neutral,0.5274
10956,GME,neutral,0.8769
10957,GME,neutral,0.7236
10958,GME,neutral,0.8958
10959,GME,negative,0.9189
10960,GME,neutral,0.8913
10961,GME,positive,0.5578
10962,GME,neutral,0.7860
10963,AMC,neutral,0.9504
10964,GME,neutral,0.7860
10965,GME,neutral,0.9215
10966,NFLX,neutral,0.9334
10967,GME,neutral,0.7899
10968,GME,positive,0.4151
10969,GME,positive,0.7491
10970,GME,neutral,0.8490
10971,GME,neutral,0.8562
10972,GME,neutral,0.7949
10973,GME,positive,0.9361
10974,GME,neutral,0.5252
10975,GME,neutral,0.8802
10976,GME,neutral,0.9331
10977,GME,neutral,0.8698
10978,GME,neutral,0.5629
10979,GME,negative,0.5073
10980,GME,neutral,0.8891
10981,GME,negative,0.5437
10982,GME,positive,0.9571
10983,GME,neutral,0.9464
10984,GME,neutral,0.9009
10985,GME,neutral,0.6592
10986,GME,negative,0.6667
10987,GME,neutral,0.6269
10988,GME,neutral,0.7073
10989,AMZN,neutral,0.8717
10990,GME,neutral,0.8444
10991,GME,neutral,0.7306
10992,GME,negative,0.6902
10993,GME,positive,0.9288
10994,GME,positive,0.9265
10995,GME,positive,0.9267
10996,GME,neutral,0.8008
10997,GME,positive,0.5672
10998,GME,neutral,0.5672
10999,GME,positive,0.6139
11000,GME,positive,0.9264
11001,GME,positive,0.7836
11002,GME,neutral,0.8379
11003,GME,neutral,0.6729
11004,GME,positive,0.5708
11005,GME,positive,0.9071
11006,GME,neutral,0.6244
11007,GME,neutral,0.7530
11008,GME,negative,0.9366
11009,GME,neutral,0.8761
11010,GME,negative,0.8888
11011,GME,neutral,0.9086
11012,GME,neutral,0.9300
11013,GME,neutral,0.8803
11014,GME,neutral,0.9140
11015,GME,neutral,0.7844
11016,GME,neutral,0.9355
11017,GME,neutral,0.9138
11018,GME,neutral,0.9399
11019,GME,neutral,0.5603
11020,GME,neutral,0.9132
11021,GME,neutral,0.5241
11022,GME,negative,0.5300
11023,GME,neutral,0.6886
11024,TSLA,positive,0.6249
11025,ADBE,neutral,0.8902
11026,AMC,neutral,0.9141
11027,AMZN,neutral,0.7319
11028,CRM,neutral,0.8437
11029,MSFT,neutral,0.8998
11030,MSFT,neutral,0.8998
11031,AMZN,negative,0.7997
11032,MSFT,positive,0.7858
11033,AMZN,positive,0.5761
11034,CSCO,neutral,0.9467
11035,AMZN,neutral,0.8174
11036,AMZN,neutral,0.7669
11037,AMZN,positive,0.7772
11038,AMC,neutral,0.9522
11039,TSLA,neutral,0.8246
11040,NVDA,neutral,0.9526
11041,NVDA,neutral,0.9516
11042,META,neutral,0.9501
11043,AAPL,neutral,0.9484
11044,GME,neutral,0.9303
11045,AMC,neutral,0.9535
11046,META,neutral,0.8832
11047,AMZN,neutral,0.7861
11048,NVDA,neutral,0.8963
11049,TSLA,neutral,0.8481
11050,GOOGL,neutral,0.9000
11051,TSLA,neutral,0.5589
11052,MSFT,neutral,0.9528
11053,TSLA,neutral,0.8642
11054,TSLA,neutral,0.9023
11055,TSLA,neutral,0.8642
11056,TSLA,positive,0.6848
11057,TSLA,negative,0.7853
11058,TSLA,neutral,0.8111
11059,TSLA,neutral,0.8842
11060,TSLA,neutral,0.7396
11061,GME,neutral,0.9308
11062,AAPL,neutral,0.9528
11063,INTC,neutral,0.9507
11064,AMZN,neutral,0.7617
11065,AMZN,neutral,0.8916
11066,AMZN,positive,0.7936
11067,AAPL,neutral,0.5144
11068,AAPL,positive,0.7225
11069,AAPL,positive,0.7225
11070,AAPL,positive,0.9007
11071,AAPL,positive,0.5163
11072,AMZN,neutral,0.9353
11073,AMZN,positive,0.8963
11074,AMZN,neutral,0.9342
11075,GME,neutral,0.6852
11076,AMZN,neutral,0.8749
11077,AMZN,neutral,0.8865
11078,AMZN,positive,0.9486
11079,META,neutral,0.7869
11080,TSLA,neutral,0.9297
11081,AMZN,positive,0.9426
11082,AMZN,neutral,0.6755
11083,AMZN,neutral,0.6697
11084,AMZN,negative,0.5540
11085,AMZN,neutral,0.8152
11086,AMZN,neutral,0.7845
11087,ADBE,neutral,0.8950
11088,AMZN,neutral,0.9439
11089,AAPL,neutral,0.9212
11090,META,neutral,0.9063
11091,AAPL,neutral,0.9375
11092,AAPL,neutral,0.9335
11093,META,negative,0.9296
11094,AMZN,neutral,0.8894
11095,AAPL,neutral,0.9500
11096,AMC,neutral,0.8971
11097,AAPL,neutral,0.9535
11098,AMC,neutral,0.9536
11099,AMC,neutral,0.9519
11100,AAPL,neutral,0.9517
11101,AAPL,neutral,0.9495
11102,GME,neutral,0.9518
11103,AMC,neutral,0.9514
11104,AMC,neutral,0.9496
11105,AMC,neutral,0.9507
11106,AMC,neutral,0.9520
11107,AAPL,neutral,0.9519
11108,AMC,neutral,0.9503
11109,AMC,neutral,0.9523
11110,AAPL,neutral,0.9494
11111,ORCL,neutral,0.9353
11112,AMC,neutral,0.7756
11113,GME,negative,0.6246
11114,AAPL,neutral,0.9495
11115,TSLA,neutral,0.8700
11116,AAPL,neutral,0.9386
11117,TSLA,neutral,0.7268
11118,TSLA,neutral,0.8927
11119,CSCO,neutral,0.8632
11120,GME,neutral,0.7196
11121,AMZN,neutral,0.9465
11122,TSLA,neutral,0.8456
11123,IBM,neutral,0.9334
11124,GME,neutral,0.7673
11125,TSLA,neutral,0.8853
11126,TSLA,neutral,0.6570
11127,AMC,neutral,0.9112
11128,AMZN,neutral,0.8709
11129,GME,neutral,0.8570
11130,GME,neutral,0.9162
11131,INTC,neutral,0.9486
11132,AAPL,neutral,0.9518
11133,CSCO,neutral,0.9518
11134,CSCO,neutral,0.9367
11135,GME,positive,0.9369
11136,TSLA,neutral,0.8892
11137,IBM,neutral,0.9519
11138,GME,neutral,0.8203
11139,GME,positive,0.9022
11140,GME,neutral,0.7279
11141,GME,negative,0.7214
11142,GME,neutral,0.9398
11143,GME,neutral,0.9337
11144,GME,positive,0.5577
11145,GME,neutral,0.9297
11146,GME,negative,0.9131
11147,AMC,neutral,0.8674
11148,GME,negative,0.7506
11149,GME,neutral,0.9185
11150,META,neutral,0.9231
11151,GME,negative,0.6967
11152,GME,positive,0.5519
11153,AMC,neutral,0.8034
11154,GME,positive,0.6628
11155,GME,positive,0.5270
11156,GME,negative,0.9061
11157,GME,negative,0.9649
11158,GME,negative,0.8200
11159,GME,negative,0.8436
11160,GME,neutral,0.8386
11161,GME,neutral,0.8816
11162,GME,neutral,0.9304
11163,GME,neutral,0.9029
11164,GME,negative,0.9659
11165,GME,neutral,0.8583
11166,GME,negative,0.8899
11167,GME,neutral,0.9093
11168,GME,negative,0.9642
11169,AMC,negative,0.9380
11170,GME,neutral,0.7279
11171,GME,negative,0.9696
11172,GME,negative,0.6122
11173,GME,negative,0.9229
11174,GME,negative,0.6587
11175,GME,positive,0.8831
11176,GME,positive,0.8831
11177,GME,neutral,0.9124
11178,GME,neutral,0.9154
11179,GME,neutral,0.6910
11180,GME,neutral,0.9320
11181,GME,negative,0.9558
11182,GME,positive,0.5563
11183,GME,neutral,0.8587
11184,GME,neutral,0.8489
11185,GME,neutral,0.7036
11186,GME,neutral,0.6909
11187,GME,neutral,0.9355
11188,GME,neutral,0.4789
11189,GME,neutral,0.7161
11190,GME,neutral,0.6726
11191,GME,neutral,0.9169
11192,GME,positive,0.6430
11193,GME,neutral,0.9168
11194,AMC,neutral,0.5888
11195,GME,positive,0.9272
11196,GME,neutral,0.8206
11197,GME,negative,0.9209
11198,AMC,neutral,0.9303
11199,GME,positive,0.9552
11200,GME,neutral,0.6879
11201,GME,negative,0.6001
11202,GME,neutral,0.9053
11203,AMC,negative,0.7504
11204,GME,neutral,0.7885
11205,GME,neutral,0.9336
11206,GME,positive,0.7395
11207,GME,neutral,0.9215
11208,GME,positive,0.8248
11209,GME,neutral,0.8979
11210,GME,positive,0.7736
11211,GME,neutral,0.8610
11212,GME,neutral,0.9472
11213,GME,neutral,0.9277
11214,GME,neutral,0.8828
11215,GME,positive,0.6811
11216,GME,negative,0.7054
11217,GME,negative,0.7597
11218,GME,neutral,0.9388
11219,GME,neutral,0.6792
11220,GME,negative,0.9467
11221,GME,neutral,0.9017
11222,GME,positive,0.9375
11223,AMC,positive,0.8205
11224,GME,neutral,0.8995
11225,GME,neutral,0.9368
11226,GME,neutral,0.9309
11227,GME,neutral,0.8382
11228,GME,neutral,0.9275
11229,GME,positive,0.8783
11230,TSLA,neutral,0.5589
11231,AMC,neutral,0.8633
11232,GME,neutral,0.7076
11233,GME,neutral,0.6991
11234,GME,neutral,0.9042
11235,GME,negative,0.9544
11236,GME,neutral,0.9445
11237,GME,neutral,0.8889
11238,GME,positive,0.5720
11239,GME,negative,0.8785
11240,GME,positive,0.7045
11241,GME,negative,0.6046
11242,GME,neutral,0.8438
11243,GME,neutral,0.9064
11244,GME,neutral,0.4957
11245,GME,negative,0.9055
11246,GME,negative,0.8633
11247,GME,positive,0.6811
11248,GME,neutral,0.7151
11249,GME,negative,0.9532
11250,GME,neutral,0.7419
11251,GME,neutral,0.8934
11252,GME,neutral,0.6852
11253,GME,neutral,0.9222
11254,GME,negative,0.9632
11255,GME,neutral,0.9050
11256,AMC,neutral,0.9402
11257,AMC,neutral,0.8237
11258,GME,positive,0.9351
11259,GME,neutral,0.9104
11260,GME,neutral,0.9119
11261,GME,neutral,0.8782
11262,GME,neutral,0.9129
11263,AMC,negative,0.8101
11264,GME,neutral,0.7568
11265,GME,negative,0.9507
11266,GME,positive,0.9230
11267,GME,neutral,0.8570
11268,GME,neutral,0.9136
11269,GME,neutral,0.9150
11270,GME,positive,0.5163
11271,GME,positive,0.8529
11272,GME,neutral,0.9331
11273,GME,negative,0.9078
11274,GME,negative,0.9238
11275,GME,neutral,0.9439
11276,GME,neutral,0.6882
11277,GME,neutral,0.5970
11278,GME,neutral,0.6564
11279,GME,neutral,0.6822
11280,GME,positive,0.9324
11281,GME,negative,0.9580
11282,GME,positive,0.9324
11283,GME,neutral,0.9308
11284,AMC,negative,0.7915
11285,GME,neutral,0.9314
11286,GME,negative,0.4269
11287,GME,negative,0.4269
11288,GME,neutral,0.6708
11289,GME,positive,0.9068
11290,GME,neutral,0.9287
11291,GME,neutral,0.5154
11292,GME,neutral,0.9264
11293,GME,neutral,0.9307
11294,GME,neutral,0.9305
11295,GME,neutral,0.8780
11296,GME,neutral,0.7861
11297,GME,neutral,0.9340
11298,GME,neutral,0.7659
11299,GME,positive,0.8598
11300,GME,negative,0.7303
11301,GME,neutral,0.6118
11302,GME,negative,0.9252
11303,GME,neutral,0.9307
11304,GME,neutral,0.9260
11305,GME,negative,0.5011
11306,GME,neutral,0.9242
11307,GME,positive,0.9520
11308,GME,neutral,0.9293
11309,GME,neutral,0.5042
11310,GME,positive,0.4847
11311,GME,positive,0.8104
11312,GME,neutral,0.9244
11313,GME,neutral,0.9020
11314,AMC,neutral,0.9024
11315,GME,negative,0.8301
11316,GME,negative,0.8301
11317,GME,neutral,0.9166
11318,GME,neutral,0.9212
11319,GME,neutral,0.8769
11320,AMC,neutral,0.9057
11321,AMC,negative,0.9036
11322,GME,negative,0.8785
11323,AMC,neutral,0.8360
11324,AMC,neutral,0.7539
11325,GME,neutral,0.9441
11326,GME,negative,0.9447
11327,GME,neutral,0.7498
11328,NFLX,neutral,0.6973
11329,GME,neutral,0.9497
11330,GME,neutral,0.8919
11331,GME,neutral,0.9397
11332,GME,neutral,0.8958
11333,GME,positive,0.7699
11334,GME,negative,0.5978
11335,GME,neutral,0.8042
11336,GME,neutral,0.7903
11337,GME,neutral,0.8993
11338,META,neutral,0.9264
11339,GME,negative,0.9316
11340,GME,neutral,0.6995
11341,GME,negative,0.6603
11342,GME,negative,0.9421
11343,GME,negative,0.6699
11344,GME,neutral,0.9506
11345,GME,neutral,0.7852
11346,AMC,neutral,0.8733
11347,GME,positive,0.7091
11348,AMC,positive,0.9458
11349,GME,positive,0.6088
11350,GME,neutral,0.7352
11351,META,neutral,0.9469
11352,GME,neutral,0.5736
11353,GME,neutral,0.9359
11354,GME,negative,0.7639
11355,GME,positive,0.5291
11356,GME,negative,0.9552
11357,GME,neutral,0.9018
11358,GME,negative,0.6603
11359,GME,neutral,0.9495
11360,GME,negative,0.9736
11361,GME,neutral,0.7236
11362,AMC,negative,0.9615
11363,GME,negative,0.9575
11364,GME,neutral,0.9350
11365,AMC,negative,0.5802
11366,GME,negative,0.7440
11367,AMC,neutral,0.8989
11368,GME,neutral,0.8419
11369,GME,neutral,0.9360
11370,GME,neutral,0.9294
11371,GME,neutral,0.8958
11372,GME,positive,0.9067
11373,GME,neutral,0.9465
11374,GME,neutral,0.8956
11375,AMC,neutral,0.9417
11376,AMC,negative,0.9191
11377,AMC,neutral,0.9023
11378,GME,negative,0.9189
11379,AMC,positive,0.9522
11380,GME,neutral,0.9162
11381,GME,positive,0.7848
11382,GME,neutral,0.6428
11383,GME,positive,0.7869
11384,GME,neutral,0.8913
11385,GME,neutral,0.8150
11386,GME,negative,0.9179
11387,GME,neutral,0.6018
11388,GME,neutral,0.8436
11389,GME,neutral,0.8918
11390,GME,neutral,0.9535
11391,GME,neutral,0.8200
11392,GME,neutral,0.9471
11393,GME,neutral,0.8200
11394,GME,neutral,0.9435
11395,GME,neutral,0.9293
11396,GME,neutral,0.8244
11397,GME,neutral,0.9050
11398,GME,positive,0.5578
11399,AMC,neutral,0.8674
11400,AMC,neutral,0.9097
11401,GME,neutral,0.6316
11402,GME,negative,0.8739
11403,GME,negative,0.9722
11404,GME,negative,0.6224
11405,AMC,positive,0.8749
11406,AMC,neutral,0.8522
11407,GME,negative,0.7917
11408,GME,neutral,0.7860
11409,GME,negative,0.9481
11410,GME,neutral,0.7860
11411,GME,positive,0.9470
11412,GME,neutral,0.7899
11413,GME,neutral,0.9324
11414,GME,neutral,0.9215
11415,GME,negative,0.9131
11416,GME,neutral,0.8925
11417,GME,neutral,0.9482
11418,GME,negative,0.5897
11419,GME,negative,0.5883
11420,GME,neutral,0.7455
11421,GME,neutral,0.8687
11422,GME,neutral,0.9081
11423,GME,positive,0.7491
11424,GME,neutral,0.9294
11425,GME,neutral,0.9308
11426,AMC,positive,0.8091
11427,TSLA,positive,0.8231
11428,TSLA,neutral,0.8720
11429,TSLA,negative,0.5230
11430,ADBE,neutral,0.9071
11431,TSLA,neutral,0.8981
11432,NFLX,neutral,0.9242
11433,META,negative,0.9709
11434,META,neutral,0.9118
11435,INTC,neutral,0.9507
11436,META,neutral,0.9503
11437,AAPL,neutral,0.9496
11438,TSLA,positive,0.7850
11439,AAPL,neutral,0.9493
11440,AMC,neutral,0.9501
11441,AAPL,neutral,0.9486
11442,AAPL,neutral,0.9522
11443,AAPL,neutral,0.9522
11444,AAPL,neutral,0.9484
11445,MSFT,neutral,0.9486
11446,AAPL,neutral,0.9510
11447,AAPL,neutral,0.9483
11448,IBM,neutral,0.9516
11449,AAPL,neutral,0.9457
11450,AAPL,neutral,0.9501
11451,AAPL,neutral,0.9458
11452,IBM,positive,0.8883
11453,AAPL,neutral,0.9525
11454,AAPL,neutral,0.9478
11455,GME,neutral,0.8803
11456,META,neutral,0.7523
11457,AMZN,neutral,0.9409
11458,NFLX,negative,0.7108
11459,NFLX,positive,0.6246
11460,META,neutral,0.6726
11461,AAPL,negative,0.9079
11462,IBM,neutral,0.8052
11463,NFLX,neutral,0.9423
11464,MSFT,neutral,0.9166
11465,MSFT,neutral,0.5847
11466,NVDA,positive,0.7619
11467,NVDA,positive,0.8931
11468,AAPL,negative,0.9599
11469,TSLA,positive,0.7843
11470,GME,neutral,0.9336
11471,TSLA,positive,0.8015
11472,TSLA,negative,0.9617
11473,CSCO,neutral,0.9192
11474,INTC,neutral,0.8616
11475,NFLX,neutral,0.9374
11476,INTC,neutral,0.9502
11477,AAPL,neutral,0.8412
11478,AAPL,neutral,0.8637
11479,TSLA,negative,0.9646
11480,TSLA,negative,0.9656
11481,IBM,neutral,0.6047
11482,GME,neutral,0.8803
11483,INTC,neutral,0.9352
11484,AMZN,neutral,0.9409
11485,CRM,neutral,0.9378
11486,GOOGL,neutral,0.7424
11487,AMC,neutral,0.9135
11488,META,neutral,0.9150
11489,TSLA,positive,0.7737
11490,TSLA,positive,0.7737
11491,TSLA,negative,0.7583
11492,TSLA,neutral,0.9249
11493,IBM,positive,0.9148
11494,IBM,positive,0.9392
11495,IBM,positive,0.8921
11496,TSLA,neutral,0.5240
11497,TSLA,negative,0.4740
11498,TSLA,positive,0.7492
11499,TSLA,positive,0.4969
11500,TSLA,neutral,0.7927
11501,TSLA,positive,0.8664
11502,TSLA,positive,0.8690
11503,TSLA,neutral,0.8841
11504,TSLA,neutral,0.6396
11505,INTC,neutral,0.9509
11506,TSLA,neutral,0.8927
11507,AMC,neutral,0.9527
11508,GME,neutral,0.9457
11509,AMC,neutral,0.9350
11510,ADBE,neutral,0.9380
11511,ADBE,neutral,0.9380
11512,TSLA,negative,0.6868
11513,TSLA,neutral,0.9369
11514,TSLA,positive,0.7843
11515,INTC,neutral,0.9470
11516,CRM,neutral,0.9347
11517,TSLA,neutral,0.9484
11518,META,neutral,0.9493
11519,TSLA,neutral,0.6842
11520,META,negative,0.8978
11521,TSLA,neutral,0.8454
11522,GME,neutral,0.9064
11523,AMC,neutral,0.6724
11524,GME,neutral,0.8795
11525,AMZN,neutral,0.9422
11526,INTC,neutral,0.9442
11527,GOOGL,neutral,0.9249
11528,TSLA,neutral,0.8642
11529,NVDA,neutral,0.9524
11530,TSLA,neutral,0.8927
11531,TSLA,neutral,0.8631
11532,MSFT,neutral,0.9506
11533,AMC,neutral,0.8687
11534,AMC,positive,0.9368
11535,AMC,neutral,0.9350
11536,AAPL,neutral,0.9503
11537,META,neutral,0.9311
11538,AMZN,neutral,0.7861
11539,NFLX,neutral,0.7501
11540,TSLA,neutral,0.9365
11541,GME,neutral,0.9314
11542,GOOGL,neutral,0.9123
11543,TSLA,neutral,0.8481
11544,TSLA,neutral,0.9328
11545,MSFT,neutral,0.9447
11546,NFLX,neutral,0.9401
11547,IBM,positive,0.8921
11548,AMC,neutral,0.9410
11549,AAPL,neutral,0.9490
11550,MSFT,neutral,0.9082
11551,AAPL,neutral,0.9479
11552,AAPL,neutral,0.9469
11553,AMC,neutral,0.9477
11554,ADBE,neutral,0.8877
11555,ORCL,neutral,0.9286
11556,META,neutral,0.9350
11557,TSLA,neutral,0.8818
11558,META,neutral,0.9216
11559,AAPL,neutral,0.9261
11560,META,neutral,0.8759
11561,NFLX,neutral,0.9054
11562,AMZN,neutral,0.5947
11563,AMZN,neutral,0.7919
11564,AAPL,positive,0.9050
11565,AAPL,neutral,0.6682
11566,AMC,neutral,0.9479
11567,CRM,neutral,0.9320
11568,IBM,positive,0.9148
11569,GOOGL,negative,0.8742
11570,AMZN,neutral,0.9313
11571,AMC,neutral,0.9531
11572,NVDA,neutral,0.9424
11573,AMZN,neutral,0.9500
11574,TSLA,neutral,0.9059
11575,AMZN,neutral,0.6634
11576,GME,neutral,0.8438
11577,NFLX,negative,0.9318
11578,META,neutral,0.9392
11579,AMZN,neutral,0.9229
11580,NFLX,neutral,0.6777
11581,AMC,neutral,0.9326
11582,MSFT,neutral,0.8778
11583,GOOGL,neutral,0.9287
11584,AMZN,neutral,0.8819
11585,CRM,neutral,0.9095
11586,META,neutral,0.9491
11587,AMZN,positive,0.9233
11588,NFLX,neutral,0.9227
11589,AAPL,neutral,0.9160
11590,AAPL,neutral,0.9469
11591,INTC,neutral,0.9442
11592,AMC,neutral,0.9501
11593,AMC,neutral,0.9490
11594,IBM,neutral,0.5073
11595,NVDA,neutral,0.6260
11596,ORCL,positive,0.4571
11597,ORCL,positive,0.8249
11598,AMZN,positive,0.5803
11599,AMZN,neutral,0.9223
11600,GME,neutral,0.9117
11601,TSLA,neutral,0.8927
11602,AMC,neutral,0.9504
11603,GME,negative,0.9061
11604,GME,neutral,0.7568
11605,GME,negative,0.7303
11606,GME,negative,0.9447
11607,META,neutral,0.9264
11608,GME,negative,0.9316
11609,AMC,neutral,0.7202
11610,AMC,negative,0.9444
11611,AMC,positive,0.8708
11612,AMC,neutral,0.8891
11613,GME,neutral,0.7118
11614,GME,neutral,0.9068
11615,AMC,neutral,0.9316
11616,AMC,neutral,0.9097
11617,AMC,negative,0.9514
11618,AMC,negative,0.9416
11619,GME,neutral,0.9226
11620,GME,neutral,0.9067
11621,CRM,negative,0.5170
11622,AMC,negative,0.8569
11623,GME,neutral,0.6543
11624,GME,negative,0.8008
11625,GME,negative,0.8785
11626,GME,negative,0.7021
11627,GME,neutral,0.8999
11628,GME,neutral,0.8944
11629,GME,positive,0.8870
11630,AMC,neutral,0.6092
11631,GME,neutral,0.9359
11632,AMC,positive,0.8868
11633,GME,neutral,0.9431
11634,AMC,neutral,0.8950
11635,GME,negative,0.9692
11636,GME,neutral,0.9080
11637,GME,negative,0.4880
11638,NVDA,neutral,0.9489
11639,TSLA,neutral,0.9516
11640,AMC,neutral,0.9528
11641,AAPL,neutral,0.7037
11642,AAPL,neutral,0.7037
11643,AMZN,neutral,0.9327
11644,AMC,neutral,0.9508
11645,AAPL,neutral,0.6500
11646,AAPL,neutral,0.9528
11647,AMZN,neutral,0.9425
11648,TSLA,positive,0.8296
11649,TSLA,neutral,0.7154
11650,TSLA,neutral,0.8652
11651,TSLA,neutral,0.9316
11652,AAPL,neutral,0.9448
11653,GME,neutral,0.9331
11654,AAPL,neutral,0.9468
11655,AAPL,neutral,0.9480
11656,INTC,neutral,0.9442
11657,TSLA,neutral,0.8927
11658,TSLA,positive,0.6848
11659,TSLA,neutral,0.9297
11660,TSLA,neutral,0.8689
11661,TSLA,neutral,0.9261
11662,TSLA,neutral,0.9173
11663,TSLA,negative,0.7853
11664,TSLA,positive,0.5410
11665,TSLA,neutral,0.8666
11666,TSLA,positive,0.6228
11667,TSLA,neutral,0.8120
11668,TSLA,neutral,0.5196
11669,TSLA,positive,0.8473
11670,TSLA,neutral,0.6734
11671,TSLA,negative,0.8313
11672,TSLA,neutral,0.8465
11673,TSLA,neutral,0.8580
11674,TSLA,positive,0.9274
11675,TSLA,neutral,0.9132
11676,TSLA,neutral,0.9287
11677,TSLA,neutral,0.5289
11678,TSLA,neutral,0.9354
11679,TSLA,negative,0.5412
11680,TSLA,neutral,0.6430
11681,TSLA,neutral,0.9338
11682,TSLA,neutral,0.8414
11683,TSLA,neutral,0.8717
11684,AMZN,neutral,0.9079
11685,TSLA,negative,0.8423
11686,TSLA,negative,0.8116
11687,AAPL,positive,0.9468
11688,TSLA,neutral,0.8674
11689,TSLA,neutral,0.8108
11690,TSLA,neutral,0.6030
11691,TSLA,neutral,0.9299
11692,TSLA,neutral,0.5933
11693,TSLA,neutral,0.9016
11694,TSLA,neutral,0.8079
11695,TSLA,positive,0.8370
11696,TSLA,neutral,0.8298
11697,TSLA,neutral,0.8759
11698,AAPL,neutral,0.8664
11699,TSLA,neutral,0.8699
11700,TSLA,neutral,0.8826
11701,TSLA,neutral,0.9284
11702,TSLA,neutral,0.9149
11703,TSLA,neutral,0.9033
11704,TSLA,neutral,0.8942
11705,INTC,neutral,0.9453
11706,INTC,neutral,0.9369
11707,INTC,neutral,0.8545
11708,NVDA,neutral,0.6175
11709,INTC,positive,0.5236
11710,INTC,neutral,0.8467
11711,INTC,neutral,0.7995
11712,INTC,neutral,0.9175
11713,INTC,positive,0.7787
11714,INTC,positive,0.7356
11715,NVDA,neutral,0.9215
11716,INTC,positive,0.9507
11717,NVDA,neutral,0.7750
11718,INTC,neutral,0.8397
11719,INTC,positive,0.5009
11720,INTC,neutral,0.6129
11721,INTC,neutral,0.9243
11722,INTC,neutral,0.9075
11723,NVDA,neutral,0.6733
11724,INTC,neutral,0.8819
11725,INTC,neutral,0.8901
11726,INTC,positive,0.8093
11727,INTC,neutral,0.9384
11728,INTC,neutral,0.6274
11729,NVDA,positive,0.7396
11730,TSLA,neutral,0.9481
11731,IBM,neutral,0.8529
11732,INTC,neutral,0.9339
11733,INTC,neutral,0.9050
11734,INTC,neutral,0.6905
11735,INTC,neutral,0.8764
11736,NVDA,neutral,0.7727
11737,NVDA,negative,0.8692
11738,IBM,neutral,0.9465
11739,IBM,neutral,0.9514
11740,INTC,positive,0.6354
11741,NVDA,neutral,0.8764
11742,INTC,neutral,0.8566
11743,AAPL,neutral,0.9482
11744,INTC,neutral,0.9175
11745,INTC,negative,0.9566
11746,INTC,neutral,0.7928
11747,NVDA,neutral,0.5894
11748,INTC,neutral,0.7955
11749,IBM,positive,0.8568
11750,INTC,negative,0.5773
11751,NVDA,neutral,0.7503
11752,INTC,neutral,0.7905
11753,INTC,neutral,0.7905
11754,INTC,neutral,0.9138
11755,INTC,neutral,0.8775
11756,INTC,negative,0.6684
11757,INTC,positive,0.9295
11758,NVDA,neutral,0.9279
11759,INTC,positive,0.5442
11760,INTC,positive,0.8848
11761,INTC,positive,0.8848
11762,NVDA,neutral,0.7011
11763,NVDA,neutral,0.8773
11764,INTC,neutral,0.8603
11765,AAPL,neutral,0.7747
11766,INTC,positive,0.8885
11767,MSFT,positive,0.8001
11768,MSFT,positive,0.6006
11769,ORCL,neutral,0.9523
11770,MSFT,positive,0.7495
11771,AAPL,neutral,0.9507
11772,INTC,positive,0.7601
11773,INTC,neutral,0.8829
11774,INTC,neutral,0.9375
11775,NVDA,neutral,0.8572
11776,INTC,neutral,0.4841
11777,INTC,negative,0.5107
11778,INTC,neutral,0.8427
11779,INTC,positive,0.8625
11780,META,neutral,0.9524
11781,INTC,positive,0.9322
11782,INTC,neutral,0.8228
11783,INTC,negative,0.9645
11784,AAPL,neutral,0.9016
11785,GOOGL,neutral,0.9409
11786,AAPL,positive,0.9440
11787,INTC,positive,0.5843
11788,INTC,neutral,0.9423
11789,AAPL,neutral,0.4964
11790,NVDA,positive,0.9440
11791,INTC,positive,0.9471
11792,NVDA,negative,0.8631
11793,INTC,neutral,0.6414
11794,INTC,negative,0.6877
11795,NVDA,neutral,0.9445
11796,INTC,negative,0.6129
11797,INTC,neutral,0.7749
11798,AAPL,positive,0.9470
11799,GOOGL,neutral,0.9526
11800,AAPL,neutral,0.9519
11801,INTC,neutral,0.9219
11802,AAPL,neutral,0.5278
11803,INTC,neutral,0.8331
11804,INTC,neutral,0.8558
11805,GME,neutral,0.9465
11806,AMC,neutral,0.9506
11807,AMC,neutral,0.9517
11808,NFLX,neutral,0.9521
11809,NVDA,neutral,0.9476
11810,MSFT,neutral,0.9515
11811,NFLX,positive,0.7458
11812,NFLX,neutral,0.7526
11813,CRM,neutral,0.9173
11814,AMZN,neutral,0.5912
11815,MSFT,neutral,0.9219
11816,MSFT,neutral,0.9531
11817,AAPL,neutral,0.9457
11818,NFLX,neutral,0.9428
11819,AMZN,neutral,0.9348
11820,AMZN,neutral,0.9184
11821,CSCO,neutral,0.9403
11822,GME,neutral,0.8694
11823,AMC,neutral,0.9525
11824,GME,neutral,0.6241
11825,AMZN,neutral,0.9352
11826,AMC,neutral,0.9516
11827,MSFT,neutral,0.9499
11828,AMC,neutral,0.9483
11829,CSCO,neutral,0.9516
11830,AMC,neutral,0.9350
11831,GOOGL,negative,0.8534
11832,META,neutral,0.9337
11833,CRM,positive,0.7299
11834,AMC,neutral,0.9523
11835,AMZN,neutral,0.8174
11836,AMZN,neutral,0.7669
11837,AMZN,positive,0.7772
11838,AAPL,neutral,0.9485
11839,IBM,neutral,0.8746
11840,AMZN,neutral,0.6054
11841,AAPL,neutral,0.6682
11842,GME,neutral,0.9020
11843,AMZN,neutral,0.9079
11844,GME,neutral,0.8557
11845,AMZN,neutral,0.8907
11846,TSLA,neutral,0.9466
11847,TSLA,neutral,0.9484
11848,AMZN,neutral,0.9485
11849,AMZN,neutral,0.9497
11850,GME,neutral,0.9495
11851,GME,neutral,0.9465
11852,GME,neutral,0.9471
11853,GME,neutral,0.9449
11854,GME,neutral,0.9495
11855,GME,neutral,0.9481
11856,TSLA,neutral,0.9511
11857,NFLX,neutral,0.9512
11858,TSLA,neutral,0.9506
11859,AMZN,neutral,0.9504
11860,TSLA,neutral,0.9514
11861,CRM,neutral,0.9339
11862,CRM,neutral,0.9305
11863,GME,neutral,0.8223
11864,MSFT,neutral,0.9508
