post_id,ticker,sentiment_label,confidence_score
l6uibd,GME,negative,0.9628
l6uhhn,GME,neutral,0.8653
l6ugk6,GME,neutral,0.8834
l6ufgy,AMC,neutral,0.8829
l6ufgy,GME,neutral,0.8829
l6uf6d,GME,neutral,0.7257
l6ub4i,AMC,neutral,0.8973
l6ub4i,GME,neutral,0.8973
l6uao1,AMC,neutral,0.8303
l6uao1,GME,neutral,0.8303
l6ua2q,GME,neutral,0.7300
l6u9wu,GME,neutral,0.7907
l6u96y,GME,neutral,0.8980
l6u8gs,GME,neutral,0.9181
l6tzq1,GME,neutral,0.9342
l6two5,AMC,neutral,0.8839
l6two5,GME,neutral,0.8839
l6tuae,GME,neutral,0.9032
l6ttk8,GME,neutral,0.9376
l6tt3i,AMC,neutral,0.9128
l6tt3i,GME,neutral,0.9128
l6tsx4,GME,neutral,0.8643
l6tpdl,GME,neutral,0.8795
l6tkvw,GME,neutral,0.4848
l6tke3,GME,neutral,0.8148
l6te9s,GME,negative,0.5784
l6tbye,GME,neutral,0.7888
l6tauf,GME,neutral,0.6633
l6t5uo,GME,neutral,0.6620
l6t4y7,GME,neutral,0.8652
l6t34h,GME,negative,0.4993
l6t0ha,AMC,neutral,0.7056
l6t0ha,GME,neutral,0.7056
l6t08k,GME,neutral,0.8661
l6su5c,GME,neutral,0.9195
l6sttu,GME,neutral,0.7296
l6ssrt,AMC,neutral,0.9086
l6ssrt,GME,neutral,0.9086
l6skf2,AMC,neutral,0.8128
l6skf2,GME,neutral,0.8128
l6sjkn,GME,neutral,0.8892
l6sj7q,GME,negative,0.9144
l6sft4,GME,neutral,0.6265
l6sfss,GME,neutral,0.5828
l6sfss,TSLA,neutral,0.5828
l6sfab,GME,neutral,0.9058
l6sc6m,GME,neutral,0.7379
l6s977,GME,neutral,0.9177
l6s675,GME,negative,0.5353
l6s5er,GME,neutral,0.8711
l6s3d9,GME,neutral,0.9163
l6s2vf,META,neutral,0.5367
l6s2vf,GME,neutral,0.5367
l6s1eh,AMC,neutral,0.6392
l6s1eh,GME,neutral,0.6392
l6ry30,GME,negative,0.8281
l6ry30,TSLA,negative,0.8281
l6rxri,GME,neutral,0.7869
l6rxrh,GME,neutral,0.7604
l6rxi4,GME,neutral,0.8819
l6ruv8,GME,neutral,0.7462
l6rqt8,TSLA,neutral,0.9154
l6rq08,GME,neutral,0.5398
l6ro77,GME,neutral,0.8904
l6rmkl,AAPL,neutral,0.5884
l6rmkl,GME,neutral,0.5884
l6rmkl,MSFT,neutral,0.5884
l6rmkl,NFLX,neutral,0.5884
l6ra26,GME,neutral,0.5452
l6r7fv,GME,neutral,0.5862
l6r5fl,AMC,neutral,0.8898
l6r0w0,GME,neutral,0.8981
l6r0r6,AMC,neutral,0.5525
l6r0r6,GME,neutral,0.5525
l6quln,GME,neutral,0.8925
l6qo8n,GME,neutral,0.9160
l6qkpt,AMC,negative,0.8097
l6qkpt,GME,negative,0.8097
l6qilh,GME,neutral,0.8338
l6qij9,AMC,neutral,0.8212
l6qij9,GME,neutral,0.8212
l6qiiu,GME,neutral,0.6908
l6qfl2,AMC,neutral,0.9176
l6q2z4,GME,neutral,0.9150
l6q2z4,TSLA,neutral,0.9150
l6qb4n,GME,neutral,0.8454
l6pxtl,GME,neutral,0.9219
l6py0p,AAPL,negative,0.6162
l6py0p,GME,negative,0.6162
l6pwbc,AMC,negative,0.9535
l6pwbc,GME,negative,0.9535
l6pwbc,AMZN,negative,0.9535
l6pw3w,AMC,neutral,0.8311
l6pw3w,GME,neutral,0.8311
l6pw3w,NFLX,neutral,0.8311
l6prq9,GME,neutral,0.7453
l6pqao,GME,negative,0.7513
l6pjhb,AMC,neutral,0.9022
l6pjhb,GME,neutral,0.9022
l6pjdh,GME,neutral,0.8187
l6pe5g,GME,neutral,0.6965
l6pcrv,AMC,neutral,0.5876
l6pcrv,GME,neutral,0.5876
l6pb04,AMC,neutral,0.6370
l6pb04,GME,neutral,0.6370
l6pb04,AMZN,neutral,0.6370
l6p406,GME,neutral,0.7813
l6p406,NFLX,neutral,0.7813
l6os3d,GME,negative,0.5986
l6omry,CSCO,neutral,0.6505
l6omry,IBM,neutral,0.6505
l6omry,GME,neutral,0.6505
l6omry,ORCL,neutral,0.6505
l6omgp,META,neutral,0.7915
l6omgp,GME,neutral,0.7915
l6o99e,AMC,neutral,0.7518
l6o99e,GME,neutral,0.7518
l6oknb,AMC,neutral,0.6238
l6oknb,GME,neutral,0.6238
l6oeoq,GME,negative,0.6676
l6ocgu,GME,neutral,0.9273
l6ocfn,GME,neutral,0.8821
l6o19x,GME,neutral,0.8882
l6nuck,AMC,negative,0.6121
l6nuck,GME,negative,0.6121
l6novm,GME,neutral,0.8799
l6nni2,AMC,neutral,0.8671
l6nni2,GME,neutral,0.8671
l6nn2s,GME,negative,0.7075
l6nfh1,AMC,negative,0.7814
l6nfh1,GME,negative,0.7814
l6nblw,AMC,neutral,0.7284
l6nblw,GME,neutral,0.7284
l6n6fx,AMC,neutral,0.8122
l6n6fx,GME,neutral,0.8122
l6n4ay,GME,neutral,0.6765
l6ms1c,GME,neutral,0.8695
l6ms1c,TSLA,neutral,0.8695
l6mpxu,GME,neutral,0.8947
l6mg10,GME,neutral,0.8890
l6mb75,AMC,neutral,0.8062
l6mb75,GME,neutral,0.8062
l6m429,GME,neutral,0.8823
l6m3h2,GME,negative,0.5391
l6lhma,GME,neutral,0.5344
l6lczm,GME,neutral,0.9327
l6lc2r,GME,neutral,0.8202
l6l5i5,GME,neutral,0.8416
l6l2mr,GME,neutral,0.7244
l6kwmf,AMC,neutral,0.8536
l6kwmf,GME,neutral,0.8536
l6kqyk,AMC,neutral,0.9372
l6kqyk,GME,neutral,0.9372
l6kgik,AMC,neutral,0.8142
l6kgik,GME,neutral,0.8142
l6kcgt,GME,negative,0.5514
l6k34p,GME,negative,0.6517
l6jy01,AMC,neutral,0.9053
l6jxvv,AMC,neutral,0.9166
l6jxvv,GME,neutral,0.9166
l6jtjs,AMC,neutral,0.9183
l6jtjs,GME,neutral,0.9183
l6jsey,GME,negative,0.5584
l6jopl,AMC,neutral,0.8516
l6jopl,GME,neutral,0.8516
l6jkrf,GME,neutral,0.9101
l6jixv,GME,neutral,0.7648
l6ji9t,AMC,neutral,0.5614
l6jhbd,GME,neutral,0.7404
l6ixwj,AMC,neutral,0.9280
l6ixwj,GME,neutral,0.9280
l6hczl,GME,neutral,0.5912
l6hcjs,AMC,neutral,0.5020
l6hcjs,AAPL,neutral,0.5020
l6hbru,AMZN,neutral,0.8773
l6hbru,GME,neutral,0.8773
l6hb1l,GME,negative,0.7448
l6h9n6,GME,neutral,0.8542
l6h9jo,GME,neutral,0.9130
l6h8jx,AMC,neutral,0.9220
l6h8jx,GME,neutral,0.9220
l6h88s,AMC,negative,0.6381
l6h7yi,TSLA,neutral,0.8980
l6h7th,GME,neutral,0.8751
l6h7oe,GME,neutral,0.8490
l6h7n1,AMC,neutral,0.8189
l6h7n1,GME,neutral,0.8189
l6h7ew,AMC,neutral,0.6089
l6h7ew,GME,neutral,0.6089
l6h78s,AMC,neutral,0.8399
l6h78s,GME,neutral,0.8399
l6h6y0,AMC,neutral,0.7338
l6h6y0,GME,neutral,0.7338
l6h6dv,GME,neutral,0.7835
l6h69r,GME,neutral,0.9070
l6h685,GME,neutral,0.4867
l6h5yn,GME,positive,0.8346
l6h5vm,GME,neutral,0.8536
l6h5u6,GME,neutral,0.7849
l6h5ow,GME,neutral,0.9377
l6h5l4,GME,neutral,0.9170
l6h5b8,AMC,negative,0.6159
l6h5am,GME,neutral,0.9420
l6h5a2,AMC,neutral,0.8067
l6h5a2,GME,neutral,0.8067
l6x1to,TSLA,neutral,0.9094
l6x1se,GME,neutral,0.7929
l6x1sf,GME,neutral,0.9087
l6x1s3,GME,negative,0.5349
l6x1rf,AAPL,neutral,0.8539
l6x1rd,GME,neutral,0.8656
l6x1qa,GME,neutral,0.9207
l6x1po,AMC,neutral,0.9160
l6x1po,GME,neutral,0.9160
l6x1pj,GME,neutral,0.9130
l6x1oa,GME,neutral,0.7210
l6x1o0,GME,neutral,0.6640
l6x1n7,GME,neutral,0.5704
l6x1n5,AMC,neutral,0.7564
l6x1n5,GME,neutral,0.7564
l6x1n3,GME,neutral,0.8996
l6x1mm,GME,negative,0.6977
l6x1lk,GME,neutral,0.9375
l6x1kx,GME,neutral,0.8996
l6x1ki,GME,neutral,0.8164
l6x1k9,AMC,neutral,0.8155
l6x1i9,GME,neutral,0.9319
l6x1hy,AMC,neutral,0.6844
l6x1hy,GME,neutral,0.6844
l6x1go,GME,neutral,0.8663
l6x1ac,GME,neutral,0.8192
l6x1a7,GME,neutral,0.9306
l6x19p,AMC,neutral,0.8988
l6x19p,GME,neutral,0.8988
l6x18j,AMC,neutral,0.8538
l6x17t,GME,neutral,0.9213
l6x179,GME,neutral,0.8591
l6x171,GME,neutral,0.7821
l6x16e,GME,neutral,0.9130
l6x169,AMC,neutral,0.9370
l6x169,GME,neutral,0.9370
l6x15i,AMC,negative,0.7615
l6x15i,GME,negative,0.7615
l6x14t,AMC,neutral,0.9231
l6x14t,GME,neutral,0.9231
l6x14f,AMC,negative,0.5711
l6x14e,GME,neutral,0.8787
l6x146,GME,neutral,0.8537
l6x141,GME,negative,0.8300
l6x13m,AMC,neutral,0.9142
l6x13l,AMC,negative,0.6071
l6x13l,GME,negative,0.6071
l6x13f,AMC,neutral,0.9350
l6x13f,GME,neutral,0.9350
l6x13e,AMC,neutral,0.9429
l6x136,AMC,neutral,0.8398
l6x136,GME,neutral,0.8398
l6x129,AMC,neutral,0.8997
l6x11j,AMC,neutral,0.9296
l6x11j,GME,neutral,0.9296
l6x11c,AMC,neutral,0.6011
l6x11c,GME,neutral,0.6011
l6x11b,AMC,neutral,0.8653
l6x11b,GME,neutral,0.8653
l6x10z,AMC,negative,0.5859
l6x10z,GME,negative,0.5859
l6x10i,AMC,neutral,0.9211
l6x10i,GME,neutral,0.9211
l6x106,AMC,neutral,0.9258
l6x106,GME,neutral,0.9258
l6x0zx,GME,neutral,0.8397
l6x0ym,GME,neutral,0.9142
l6x0yi,GME,neutral,0.9458
l6x0y0,AMC,neutral,0.6748
l6x0y0,GME,neutral,0.6748
l6x0xn,GME,neutral,0.8954
l6x0xc,GME,neutral,0.7912
l6x0wn,GME,neutral,0.9083
l6x0wm,AMC,negative,0.5306
l6x0wm,GME,negative,0.5306
l6x0wi,AMC,neutral,0.6204
l6x0wi,GME,neutral,0.6204
l6x0me,GME,neutral,0.9254
l6x0l8,AMC,neutral,0.8120
l6x0l3,GME,neutral,0.9423
l6x0kd,AMC,neutral,0.9179
l6x0kd,GME,neutral,0.9179
l6x0k6,GME,neutral,0.9157
l6x0jp,GME,neutral,0.8947
l6x0i4,GME,neutral,0.7402
l6x0i1,AMC,neutral,0.9131
l6x0i1,GME,neutral,0.9131
l6x0hv,AMC,neutral,0.9228
l6x0hv,GME,neutral,0.9228
l6x0hh,AMC,neutral,0.7817
l6x0hh,GME,neutral,0.7817
l6x0he,AMZN,neutral,0.9142
l6x0h5,AMC,negative,0.6824
l6x0h6,GME,neutral,0.9269
l6x0fw,AMC,neutral,0.9195
l6x0ft,AMC,neutral,0.9252
l6x0ft,GME,neutral,0.9252
l6x0f5,GME,neutral,0.5045
l6x0e5,GME,neutral,0.5577
l6x0e2,GME,positive,0.5832
l6x0dr,AMC,neutral,0.8965
l6x0dr,GME,neutral,0.8965
l6x0do,AMC,neutral,0.9407
l6x0do,GME,neutral,0.9407
l6x0dm,GME,neutral,0.9096
l6x0dd,AMC,neutral,0.7542
l6x0dd,GME,neutral,0.7542
l6x0d5,TSLA,neutral,0.9134
l6x0cs,TSLA,negative,0.7479
l6x0cm,GME,neutral,0.8811
l6x0cn,AMC,neutral,0.8313
l6x0cn,GME,neutral,0.8313
l6x02m,AMC,neutral,0.7458
l6x02m,GME,neutral,0.7458
l6x02a,GME,neutral,0.8136
l6x023,AMC,neutral,0.9262
l6x023,GME,neutral,0.9262
l6x020,AMC,negative,0.8251
l6x020,GME,negative,0.8251
l6x01g,GME,neutral,0.6266
l6x014,GME,negative,0.6912
l6x00f,GME,neutral,0.7810
l6x00b,AMC,negative,0.7861
l6x00b,GME,negative,0.7861
l6wzzm,GME,neutral,0.8952
l6wzy1,GME,neutral,0.8465
l6wzy0,GME,neutral,0.7971
l6wzxu,GME,positive,0.8622
l6wzxt,AMC,neutral,0.6419
l6wzxt,GME,neutral,0.6419
l6wzxp,GME,neutral,0.9194
l6wzxj,GME,neutral,0.9244
l6wzmx,GME,neutral,0.8897
l6wzml,AMC,neutral,0.5293
l6wzml,GME,neutral,0.5293
l6wzmi,GME,neutral,0.8773
l6wzmc,AMC,neutral,0.9233
l6wzmc,GME,neutral,0.9233
l6wzkz,AMC,positive,0.6172
l6wzkz,GME,positive,0.6172
l6wzkr,GME,neutral,0.8127
l6wzkp,GME,neutral,0.9102
l6wzk2,AMC,neutral,0.9169
l6wzk2,GME,neutral,0.9169
l6wzjy,GME,negative,0.6674
l6wzjq,GME,neutral,0.8879
l6wzji,GME,neutral,0.9142
l6wzj4,GME,neutral,0.7758
l6wzir,AMC,negative,0.7823
l6wzir,GME,negative,0.7823
l6wzim,GME,neutral,0.9211
l6wzhw,GME,neutral,0.8254
l6wzht,GME,neutral,0.7701
l6wzhp,AMC,negative,0.6366
l6wzhp,GME,negative,0.6366
l6wyy7,GME,neutral,0.8746
l6wzh8,AMC,neutral,0.8978
l6wzh8,GME,neutral,0.8978
l6wzh1,AMC,neutral,0.9017
l6wzgz,AMC,neutral,0.8831
l6wzgz,GME,neutral,0.8831
l6wzgn,GME,neutral,0.9090
l6wzgh,AMC,neutral,0.7800
l6wzgg,GME,neutral,0.8668
l6wzgg,TSLA,neutral,0.8668
l6wzgb,AMC,neutral,0.8630
l6wzgb,GME,neutral,0.8630
l6wzfq,GME,neutral,0.7324
l6wz6v,GME,neutral,0.9117
l6wz6i,AMC,negative,0.9199
l6wz6i,GME,negative,0.9199
l6wz54,AMC,negative,0.4858
l6wz51,GME,neutral,0.5689
l6wz4o,AMC,neutral,0.8877
l6wz4o,GME,neutral,0.8877
l6wz49,AMC,positive,0.6972
l6wz49,GME,positive,0.6972
l6wz3m,GME,neutral,0.7283
l6wz3i,INTC,neutral,0.8107
l6wz3g,AMC,negative,0.5164
l6wz3g,GME,negative,0.5164
l6wz32,AMC,neutral,0.9218
l6wz32,GME,neutral,0.9218
l6wz2u,AMC,neutral,0.9115
l6wz2u,GME,neutral,0.9115
l6wz2b,AMC,neutral,0.8422
l6wz2b,GME,neutral,0.8422
l6wz27,GME,neutral,0.7471
l6wz1r,GME,neutral,0.8527
l6wz1k,AMC,neutral,0.9280
l6wz1k,GME,neutral,0.9280
l6wz1i,AMC,neutral,0.9069
l6wz0v,AMC,neutral,0.8870
l6wz0v,GME,neutral,0.8870
l6wz0p,GME,neutral,0.9114
l6wz0i,GME,neutral,0.9140
l6wyyz,GME,neutral,0.8413
l6wyxq,GME,neutral,0.7347
l6wyx3,AMC,neutral,0.8031
l6wyx3,GME,neutral,0.8031
l6wywe,AMC,neutral,0.8563
l6wyvi,AMC,neutral,0.8116
l6wyvi,GME,neutral,0.8116
l6wyv5,GME,negative,0.8918
l6wyv4,GME,neutral,0.9059
l6wyup,AMC,neutral,0.6816
l6wyup,GME,neutral,0.6816
l6wytp,AMC,neutral,0.9221
l6wytp,GME,neutral,0.9221
l6wyte,AMC,neutral,0.6225
l6wyt2,AMC,neutral,0.9477
l6wyt2,GME,neutral,0.9477
l6wysh,GME,neutral,0.6292
l6wys8,AMC,negative,0.6142
l6wys8,GME,negative,0.6142
l6wyjz,AMC,neutral,0.8943
l6wyjz,GME,neutral,0.8943
l6wyis,AMC,neutral,0.9306
l6wyis,GME,neutral,0.9306
l6wyir,GME,negative,0.8386
l6wyiq,GME,neutral,0.9275
l6wyij,AMC,neutral,0.9178
l6wyid,AMC,neutral,0.9329
l6wyid,GME,neutral,0.9329
l6wyi1,GME,neutral,0.7238
l6wyhg,GME,neutral,0.8954
l6wyh8,AMC,neutral,0.8908
l6wyh8,GME,neutral,0.8908
l6wyh5,AMC,neutral,0.9095
l6wyh5,GME,neutral,0.9095
l6wygv,AMC,neutral,0.8578
l6wygv,GME,neutral,0.8578
l6wygd,AMC,neutral,0.8413
l6wygd,GME,neutral,0.8413
l6wyfq,AMC,neutral,0.7565
l6wyfq,GME,neutral,0.7565
l6wyex,GME,neutral,0.7866
l6wye6,AMC,neutral,0.9452
l6wye6,GME,neutral,0.9452
l6wydw,GME,negative,0.8839
l6wydt,GME,neutral,0.6786
l6wycw,AMC,neutral,0.7011
l6wyco,GME,neutral,0.7690
l6wyc5,AMC,neutral,0.8656
l6wyc1,GME,neutral,0.7786
l6wybv,AMC,negative,0.5215
l6wybv,GME,negative,0.5215
l6wybg,GME,neutral,0.8485
l6wyb0,GME,neutral,0.8077
l6wy2j,GME,neutral,0.8248
l6wy2e,AMC,negative,0.5530
l6wy2e,GME,negative,0.5530
l6wy1m,AMC,neutral,0.9064
l6wy1i,AMC,neutral,0.9192
l6wy1i,GME,neutral,0.9192
l6wy19,AMC,neutral,0.8576
l6wy19,GME,neutral,0.8576
l6wy11,AMC,neutral,0.9320
l6wy11,GME,neutral,0.9320
l6wy0v,AMC,negative,0.8342
l6wy0v,GME,negative,0.8342
l6wy0s,GME,neutral,0.9025
l6wy0e,GME,neutral,0.9185
l6wy0d,GME,neutral,0.8215
l6wxzy,AMC,neutral,0.8118
l6wxzy,GME,neutral,0.8118
l6wxzv,AMC,neutral,0.9072
l6wxzv,GME,neutral,0.9072
l6wxzl,AMC,neutral,0.9253
l6wxzl,GME,neutral,0.9253
l6wxz5,GME,neutral,0.8844
l6wxyf,GME,neutral,0.8997
l6wxyc,GME,neutral,0.8557
l6wxy5,GME,neutral,0.8581
l6wxxu,GME,neutral,0.8594
l6wxx9,AMC,neutral,0.9156
l6wxwl,GME,neutral,0.9289
l6wxvr,GME,negative,0.8774
l6wxui,GME,neutral,0.8825
l6wxuc,GME,neutral,0.9423
l6wxqy,AMC,negative,0.5474
l6wxqy,GME,negative,0.5474
l6wxl8,AMC,neutral,0.9406
l6wxl8,GME,neutral,0.9406
l6wxl5,GME,neutral,0.9308
l6wxjo,GME,neutral,0.6441
l6wxjc,AMC,neutral,0.6603
l6wxjc,GME,neutral,0.6603
l6wxi9,GME,neutral,0.7556
l6wxh8,GME,neutral,0.9136
l6wxh6,AMC,neutral,0.7402
l6wxh6,AAPL,neutral,0.7402
l6wxh6,GME,neutral,0.7402
l6wxh6,GOOGL,neutral,0.7402
l6wxh3,AMC,neutral,0.9252
l6wxh3,GME,neutral,0.9252
l6wxfc,AMC,neutral,0.7094
l6wxee,AMC,negative,0.9152
l6wxee,GME,negative,0.9152
l6wxe9,AMC,neutral,0.5670
l6wxe9,GME,neutral,0.5670
l6wxe1,TSLA,neutral,0.7651
l6wxco,GME,neutral,0.9063
l6wxce,GME,neutral,0.8279
l6wxbp,GME,neutral,0.8455
l6wx4j,GME,neutral,0.9139
l6wx2j,AMC,neutral,0.9334
l6wx2b,AMC,neutral,0.7939
l6wx2b,GME,neutral,0.7939
l6wx1y,GME,neutral,0.8716
l6wx14,GME,neutral,0.8998
l6wx05,GME,neutral,0.9121
l6wwzu,AMC,neutral,0.9494
l6wwy3,AMC,neutral,0.8506
l6wwy3,GME,neutral,0.8506
l6wwxv,AAPL,neutral,0.6069
l6wwxv,GME,neutral,0.6069
l6wwxt,GME,neutral,0.9245
l6wwwt,AMC,negative,0.4912
l6wwwt,GME,negative,0.4912
l6wwuv,AMC,neutral,0.9238
l6wwuv,GME,neutral,0.9238
l6wwur,GME,neutral,0.5419
l6wwup,GME,positive,0.7202
l6wwtq,AMC,neutral,0.8109
l6wwtq,GME,neutral,0.8109
l6wwt6,GME,neutral,0.9314
l6wwt2,GME,neutral,0.9262
l6wwt1,AMC,neutral,0.9097
l6wwt1,GME,neutral,0.9097
l6wwsg,GME,neutral,0.7647
l6wws5,AMC,neutral,0.6577
l6wws5,GME,neutral,0.6577
l6wws3,GME,negative,0.6602
l6wwro,AMC,neutral,0.9277
l6wwro,GME,neutral,0.9277
l6wwr7,GME,neutral,0.5624
l6wwr2,AMC,neutral,0.8739
l6wwr2,GME,neutral,0.8739
l6wwqi,AMC,positive,0.8084
l6wwqe,GME,neutral,0.8201
l6wwqd,GME,neutral,0.5398
l6wwq7,AMC,neutral,0.6413
l6wwq7,GME,neutral,0.6413
l6wwpj,GME,neutral,0.9207
l6wwke,GME,neutral,0.9258
l6wwhk,AMC,neutral,0.9094
l6wwh8,AMC,neutral,0.8125
l6wwh8,GME,neutral,0.8125
l6wwh7,GME,neutral,0.9178
l6wwh1,GME,neutral,0.9218
l6wwgx,GME,neutral,0.9439
l6wwgh,GME,neutral,0.8900
l6wwfb,GME,neutral,0.8440
l6wwf2,GME,neutral,0.9405
l6wwdm,GME,neutral,0.8951
l6wwcu,AMC,neutral,0.8714
l6wwcm,GME,neutral,0.6002
l6wwc7,GME,neutral,0.7721
l6wwc1,GME,neutral,0.8771
l6wwan,AMC,positive,0.6452
l6wwan,GME,positive,0.6452
l6wwak,GME,neutral,0.6361
l6wwal,GME,neutral,0.8017
l6ww9n,GME,neutral,0.7743
l6ww94,GME,neutral,0.7164
l6ww91,GME,neutral,0.8860
l6ww8u,GME,neutral,0.7969
l6ww80,AMC,neutral,0.9365
l6ww80,GME,neutral,0.9365
l6ww7s,GME,negative,0.6078
l6ww7q,AMC,neutral,0.8869
l6ww7n,AMC,neutral,0.8708
l6ww7n,GME,neutral,0.8708
l6ww7a,AMC,neutral,0.9292
l6ww7a,GME,neutral,0.9292
l6wvzb,GME,neutral,0.9496
l6wvz3,GME,neutral,0.6074
l6wvyz,AMC,negative,0.6798
l6wvyz,GME,negative,0.6798
l6wvyo,AMC,neutral,0.9362
l6wvyo,GME,neutral,0.9362
l6wvx9,AMC,neutral,0.9378
l6wvx9,GME,neutral,0.9378
l6wvwo,AMC,neutral,0.5327
l6wvwo,GME,neutral,0.5327
l6wvwc,GME,neutral,0.9346
l6wvw9,GME,neutral,0.8481
l6wvvt,AMC,neutral,0.8808
l6wvvt,GME,neutral,0.8808
l6wvus,GME,neutral,0.8481
l6wvsy,GME,neutral,0.9078
l6wvsh,GME,neutral,0.9103
l6wvsa,TSLA,neutral,0.9178
l6wvrd,AMC,neutral,0.9163
l6wvr2,GME,neutral,0.6688
l6wvqv,AMC,neutral,0.9364
l6wvqv,GME,neutral,0.9364
l6wvpi,GME,neutral,0.9142
l6wvic,GME,neutral,0.9339
l6wvi7,TSLA,neutral,0.9331
l6wvhs,GME,neutral,0.7066
l6wvhq,AMC,neutral,0.8233
l6wvhl,CSCO,neutral,0.9211
l6wvhi,GME,neutral,0.8865
l6wvhb,GME,neutral,0.9407
l6wvh9,GME,neutral,0.9230
l6wvh3,AMC,neutral,0.9227
l6wvh3,GME,neutral,0.9227
l6wvgr,AMC,neutral,0.8494
l6wvgr,GME,neutral,0.8494
l6wvgr,TSLA,neutral,0.8494
l6wvg6,AMC,neutral,0.9397
l6wvg6,GME,neutral,0.9397
l6wvfj,AMC,neutral,0.6947
l6wvfj,GME,neutral,0.6947
l6wvek,GME,neutral,0.9379
l6wved,AMC,neutral,0.8603
l6wve9,AMC,negative,0.5912
l6wve9,GME,negative,0.5912
l6wvdn,AMC,neutral,0.7753
l6wvdn,GME,neutral,0.7753
l6wvde,AMC,neutral,0.6541
l6wvde,GME,neutral,0.6541
l6wvd9,AMC,neutral,0.9237
l6wvd9,GME,neutral,0.9237
l6wvd6,GME,neutral,0.9418
l6wvd8,GME,neutral,0.7779
l6wvd1,AMC,negative,0.5266
l6wvcu,GME,neutral,0.7007
l6wvcg,AMC,neutral,0.8581
l6wvcg,GME,neutral,0.8581
l6wvc8,AMC,negative,0.6206
l6wvc6,GME,neutral,0.9382
l6wvba,GME,neutral,0.6429
l6wvb8,GME,neutral,0.8545
l6wvar,GME,neutral,0.5333
l6wv28,GME,neutral,0.8641
l6wv26,AMC,neutral,0.9468
l6wv26,GME,neutral,0.9468
l6wv16,GME,neutral,0.9327
l6wv0v,GME,negative,0.6619
l6wv0l,AMC,neutral,0.9310
l6wv0l,GME,neutral,0.9310
l6wv07,GME,neutral,0.9419
l6wv02,GME,negative,0.6178
l6wv01,AMC,neutral,0.9120
l6wv01,GME,neutral,0.9120
l6wuzd,AMC,neutral,0.7911
l6wuzd,GME,neutral,0.7911
l6wuza,GME,negative,0.5767
l6wuym,GME,neutral,0.8345
l6wuya,AMC,neutral,0.7474
l6wuya,GME,neutral,0.7474
l6wux9,AMC,neutral,0.9325
l6wux9,GME,neutral,0.9325
l6wux8,GME,neutral,0.6732
l6wux5,AMC,negative,0.6990
l6wux5,GME,negative,0.6990
l6wuwy,GME,neutral,0.9120
l6wuwx,AMC,neutral,0.6989
l6wuwx,GME,neutral,0.6989
l6wuvt,AMC,neutral,0.7084
l6wuvt,GME,neutral,0.7084
l6wuva,GME,neutral,0.7831
l6wuuk,AMC,neutral,0.8938
l6wuuk,GME,neutral,0.8938
l6wuu9,AMC,neutral,0.9355
l6wuu9,GME,neutral,0.9355
l6wum2,AMC,neutral,0.9271
l6wum2,GME,neutral,0.9271
l6wum0,AMC,neutral,0.9268
l6wum0,GME,neutral,0.9268
l6wule,AMC,neutral,0.9070
l6wule,GME,neutral,0.9070
l6wul0,GME,neutral,0.9200
l6wukd,GME,negative,0.5723
l6wuj4,GME,neutral,0.7966
l6wuj3,GME,neutral,0.9233
l6wuiw,GME,negative,0.5072
l6wui0,AMC,neutral,0.9238
l6wui0,GME,neutral,0.9238
l6wuhv,GME,neutral,0.5060
l6wuh8,GME,neutral,0.9211
l6wugn,AMC,neutral,0.9316
l6wugm,GME,neutral,0.8853
l6wuge,GME,neutral,0.9371
l6wugb,GME,neutral,0.9333
l6wuft,GME,neutral,0.8834
l6wufr,GME,neutral,0.9517
l6wuf7,GME,neutral,0.9046
l6wuey,GME,neutral,0.9038
l6wuev,AMC,neutral,0.8363
l6wuev,AAPL,neutral,0.8363
l6wuev,GME,neutral,0.8363
l6wuet,AMC,negative,0.8690
l6wuet,GME,negative,0.8690
l6wueo,AMC,negative,0.5579
l6wueo,GME,negative,0.5579
l6wuee,GME,neutral,0.9080
l6wue4,GME,neutral,0.8907
l6wu92,GME,negative,0.8173
l6wu51,AMC,negative,0.8353
l6wu51,GME,negative,0.8353
l6wu4r,GME,neutral,0.7157
l6wu3x,AMC,neutral,0.8849
l6wu3x,GME,neutral,0.8849
l6wu3w,AMC,neutral,0.8516
l6wu3q,AMC,neutral,0.9302
l6wu2p,AMC,neutral,0.7263
l6wu2p,GME,neutral,0.7263
l6wu2l,AAPL,negative,0.7535
l6wu1l,AMC,negative,0.9117
l6wu1l,GME,negative,0.9117
l6wu0a,GME,neutral,0.9236
l6yxto,GME,neutral,0.8726
l6yx91,GME,neutral,0.9297
l6yx8r,AMC,neutral,0.8963
l6yx8n,AMC,neutral,0.8320
l6yx8g,AMC,negative,0.4959
l6yx8c,AMC,neutral,0.8810
l6yx87,AMC,neutral,0.8474
l6yx87,GME,neutral,0.8474
l6yx83,AMC,neutral,0.8826
l6yx7z,AMC,negative,0.5488
l6yx6z,GME,neutral,0.8842
l6yx6m,GME,neutral,0.9076
l6yx6a,GME,neutral,0.8893
l6yx67,GME,neutral,0.9308
l6yx5p,AMC,neutral,0.5702
l6yx5g,GME,neutral,0.8328
l6yx5a,AMC,neutral,0.9004
l6yx5a,GME,neutral,0.9004
l6yx59,AMC,neutral,0.9039
l6yx4q,GME,neutral,0.5849
l6yx4c,GME,neutral,0.9305
l6yx3w,GME,neutral,0.7541
l6yx3r,GME,neutral,0.7650
l6yx3t,GME,neutral,0.9050
l6yx3p,AMC,neutral,0.9232
l6yx3p,GME,neutral,0.9232
l6yx2t,GME,neutral,0.8986
l6yx2o,AMC,neutral,0.9004
l6yx2o,GME,neutral,0.9004
l6yx2h,GME,neutral,0.5056
l6yx2a,GME,neutral,0.9138
l6yx26,GME,neutral,0.9278
l6yx1s,GME,neutral,0.7583
l6yx0j,AMC,neutral,0.9366
l6ywzq,GME,neutral,0.9315
l6ywz4,AMC,neutral,0.9194
l6ywyh,GME,neutral,0.9171
l6ywxx,AMC,neutral,0.8380
l6ywxp,GME,neutral,0.8760
l6ywx3,GME,negative,0.5061
l6ywwp,GME,neutral,0.9041
l6ywwf,GME,neutral,0.9300
l6ywup,GME,neutral,0.8639
l6ywuh,GME,neutral,0.5053
l6ywug,AMC,neutral,0.8689
l6ywu5,GME,negative,0.8529
l6ywtq,AMC,neutral,0.9036
l6ywsr,AMC,neutral,0.9142
l6ywsj,GME,neutral,0.8885
l6ywsa,GME,positive,0.8255
l6yws0,AMC,neutral,0.9360
l6ywru,AMC,neutral,0.9151
l6ywru,GME,neutral,0.9151
l6ywra,GME,neutral,0.9356
l6ywqt,GME,neutral,0.8890
l6ywqn,GME,neutral,0.8661
l6ywql,GME,neutral,0.8949
l6ywq5,AMC,neutral,0.9158
l6ywpx,AMC,neutral,0.8848
l6ywpp,GME,neutral,0.8358
l6ywp1,GME,neutral,0.8936
l6ywow,GME,neutral,0.9133
l6ywoo,GME,neutral,0.8816
l6ywo7,AMC,neutral,0.9170
l6ywo7,GME,neutral,0.9170
l6ywnt,AMC,neutral,0.6097
l6ywn7,AMC,neutral,0.8166
l6ywn7,GME,neutral,0.8166
l6ywmu,GME,neutral,0.6610
l6ywmf,GME,neutral,0.8543
l6ywm9,GME,negative,0.7597
l6ywm8,GME,neutral,0.9315
l6ywm2,GME,neutral,0.8845
l6ywlg,AMC,neutral,0.8831
l6ywlg,GME,neutral,0.8831
l6ywl0,AMC,neutral,0.9407
l6ywkh,GME,neutral,0.9244
l6ywka,AMC,negative,0.6651
l6ywka,GME,negative,0.6651
l6ywk9,GME,positive,0.8423
l6ywk8,AMC,negative,0.9113
l6ywk3,AMC,negative,0.5926
l6ywju,GME,neutral,0.9303
l6ywj3,AMC,neutral,0.9321
l6ywj3,GME,neutral,0.9321
l6ywip,GME,neutral,0.5741
l6ywif,AMC,neutral,0.8899
l6ywif,GME,neutral,0.8899
l6ywi9,GME,neutral,0.8481
l6ywi0,IBM,neutral,0.9281
l6ywgu,GME,neutral,0.8611
l6ywgm,GME,neutral,0.8932
l6ywgi,GME,neutral,0.8863
l6ywfc,AMC,neutral,0.9113
l6ywfc,GME,neutral,0.9113
l6ywem,AMC,neutral,0.9421
l6ywem,GME,neutral,0.9421
l6ywej,GME,neutral,0.9261
l6ywdr,GME,neutral,0.8683
l6ywdj,GME,negative,0.5770
l6ywd1,GME,neutral,0.9163
l6ywcg,AMC,neutral,0.8725
l6ywcc,GME,neutral,0.9073
l6ywbx,GME,neutral,0.9254
l6ywbh,AMC,neutral,0.9282
l6ywba,GME,neutral,0.9459
l6ywb8,AMC,neutral,0.9196
l6ywb8,GME,neutral,0.9196
l6ywai,AMC,neutral,0.9477
l6ywaf,GME,neutral,0.8810
l6ywaa,GME,neutral,0.7310
l6yw9x,GME,negative,0.5049
l6yw9a,AMC,negative,0.5202
l6yw9a,GME,negative,0.5202
l6yw97,GME,neutral,0.9034
l6yw8x,GME,neutral,0.8249
l6yw8w,GME,neutral,0.9007
l6yw8t,GME,neutral,0.9115
l6yw8s,AAPL,neutral,0.8728
l6yw8f,GME,neutral,0.9098
l6yw8e,AMC,neutral,0.7968
l6yw7y,AMC,neutral,0.9254
l6yw7y,GME,neutral,0.9254
l6yw6w,GME,neutral,0.8862
l6yw6h,AMC,neutral,0.8585
l6yw6h,GME,neutral,0.8585
l6yw5z,AMC,neutral,0.9330
l6yw5r,AMC,neutral,0.8223
l6yw5q,GME,neutral,0.9482
l6yvj4,GME,neutral,0.9076
l6yw4v,AMC,neutral,0.9527
l6yw4v,GME,neutral,0.9527
l6yw4p,AMC,neutral,0.9217
l6yw4e,GME,neutral,0.9061
l6yw4d,AMC,neutral,0.8709
l6yw4d,GME,neutral,0.8709
l6yw43,GME,neutral,0.9328
l6yw3s,AMC,negative,0.7490
l6yw3s,GME,negative,0.7490
l6yw3i,GME,neutral,0.8709
l6yw3f,GME,neutral,0.7926
l6yw38,GME,neutral,0.8446
l6yw35,GME,neutral,0.9291
l6yw2l,AMC,neutral,0.9225
l6yw22,GME,neutral,0.9197
l6yw1r,GME,neutral,0.9273
l6yw1d,AMC,neutral,0.9183
l6yw1d,GME,neutral,0.9183
l6yw0t,GME,neutral,0.8358
l6yw05,GME,neutral,0.6924
l6yw03,AMC,neutral,0.7298
l6yvzz,AMC,negative,0.4801
l6yvzu,AMC,neutral,0.7117
l6yvzu,GME,neutral,0.7117
l6yvzp,GME,neutral,0.5603
l6yvzh,GME,neutral,0.5361
l6yvyv,AMC,neutral,0.8163
l6yvye,GME,neutral,0.8688
l6yvy6,GME,neutral,0.8597
l6yvxu,AMC,neutral,0.8860
l6yvxu,GME,neutral,0.8860
l6yvxu,TSLA,neutral,0.8860
l6yvwd,GME,neutral,0.7157
l6yvwa,AMC,neutral,0.8517
l6yvwa,GME,neutral,0.8517
l6yvw8,GME,neutral,0.8874
l6yvw1,AMC,neutral,0.8956
l6yvvy,AMC,neutral,0.9049
l6yvvy,GME,neutral,0.9049
l6yvvv,GME,neutral,0.9063
l6yvvc,AMC,neutral,0.9127
l6yvva,GME,neutral,0.4936
l6yvv8,AMC,neutral,0.8786
l6yvuq,GME,neutral,0.9135
l6yvsn,GME,neutral,0.7467
l6yvse,GME,neutral,0.9199
l6yvsd,GME,neutral,0.8354
l6yvs8,NFLX,neutral,0.9074
l6yvs5,AMC,neutral,0.7421
l6yvs5,GME,neutral,0.7421
l6yvrg,AMC,neutral,0.9088
l6yvr6,AMC,neutral,0.8514
l6yvr6,GME,neutral,0.8514
l6yvr0,AMC,neutral,0.9308
l6yvqj,GME,neutral,0.8652
l6yvq8,GME,neutral,0.6866
l6yvpz,AMC,neutral,0.7297
l6yvpq,GME,neutral,0.9292
l6yvou,GME,neutral,0.9318
l6yvop,GME,neutral,0.7803
l6yvol,GME,neutral,0.9276
l6yvoe,GME,neutral,0.8829
l6yvo8,AMC,neutral,0.9366
l6yvo8,GME,neutral,0.9366
l6yvno,AMC,neutral,0.7757
l6yvno,GME,neutral,0.7757
l6yvne,GME,neutral,0.6275
l6yvmu,AMC,neutral,0.5324
l6yvmu,GME,neutral,0.5324
l6yvm6,AMC,neutral,0.9177
l6yvli,GME,neutral,0.8660
l6yvkd,AMC,neutral,0.9263
l6yvkd,GME,neutral,0.9263
l6yvjz,GME,neutral,0.9107
l6yvjh,GME,neutral,0.9028
l6yvjb,AMC,neutral,0.9269
l6yvja,GME,neutral,0.8804
l6yvik,AMC,neutral,0.5182
l6yvik,GME,neutral,0.5182
l6yvie,GME,neutral,0.9001
l6yvib,AMC,neutral,0.8173
l6yvib,GME,neutral,0.8173
l6yvhf,AMC,neutral,0.9178
l6yvha,AMC,neutral,0.8343
l6yvh6,GME,neutral,0.9127
l6yvh0,GME,negative,0.9628
l6yvgh,GME,neutral,0.9244
l6yvfz,GME,negative,0.7166
l6yvfq,TSLA,neutral,0.6214
l6yvet,AMC,neutral,0.5391
l6yveo,GME,neutral,0.9296
l6yvd2,GME,negative,0.6512
l6yvd0,GME,neutral,0.8097
l6yvcu,AMC,neutral,0.9178
l6yvcu,GME,neutral,0.9178
l6yvcl,GME,neutral,0.9094
l6yvbj,GME,neutral,0.7254
l6yvbh,GME,neutral,0.8948
l6yvb1,AMC,neutral,0.8594
l6yvb1,GME,neutral,0.8594
l6yvaj,GME,neutral,0.9201
l6yva5,GME,neutral,0.9052
l6yva2,AMC,positive,0.6460
l6yva2,GME,positive,0.6460
l6yv9s,GME,neutral,0.9064
l6yv8n,GME,neutral,0.5583
l6yv8i,GME,neutral,0.7879
l6yv8f,GME,neutral,0.8056
l6yv88,AMC,neutral,0.7506
l6yzvq,GME,neutral,0.9419
l6yxtj,GME,negative,0.7511
l6yxss,AMC,neutral,0.7894
l6yxss,GME,neutral,0.7894
l6yxsk,AMC,neutral,0.8603
l6yxsk,GME,neutral,0.8603
l6yxsd,GME,neutral,0.8928
l6yxs9,GME,negative,0.5061
l6yxs8,GME,neutral,0.9280
l6yxro,GME,neutral,0.9285
l6yxqi,AMC,neutral,0.8793
l6yxpo,AMC,neutral,0.8820
l6yxpo,GME,neutral,0.8820
l6yxph,AMC,neutral,0.8274
l6yxph,GME,neutral,0.8274
l6yxov,GME,neutral,0.9093
l6yxns,GME,neutral,0.8904
l6yxnb,AMC,neutral,0.9293
l6yxnb,GME,neutral,0.9293
l6yxn4,AMC,neutral,0.9278
l6yxmw,GME,neutral,0.9142
l6yxmf,GME,neutral,0.7841
l6yxlh,AMC,neutral,0.9357
l6yxlh,GME,neutral,0.9357
l6yxl5,AMC,neutral,0.8916
l6yxl5,GME,neutral,0.8916
l6yxkx,GME,neutral,0.8321
l6yxkw,GME,neutral,0.8597
l6yxku,GOOGL,neutral,0.9203
l6yxkj,GME,neutral,0.8459
l6yxkf,TSLA,neutral,0.9175
l6yxkd,AMC,neutral,0.6534
l6yxkd,GME,neutral,0.6534
l6yxk8,AMC,negative,0.5888
l6yxj4,AMC,neutral,0.9047
l6yxj0,GME,neutral,0.9200
l6yxiz,GME,neutral,0.8240
l6yxiw,AMC,neutral,0.8636
l6yxim,AMC,neutral,0.9268
l6yxij,AMC,neutral,0.6653
l6yxid,GME,neutral,0.9102
l6yxi5,AMC,negative,0.6053
l6yxho,GME,neutral,0.9246
l6yxhg,AMC,neutral,0.8853
l6yxhg,GME,neutral,0.8853
l6yxhd,GME,neutral,0.8727
l6yxhd,TSLA,neutral,0.8727
l6yxh3,GME,negative,0.4858
l6yxgh,AMC,neutral,0.9131
l6yxgh,GME,neutral,0.9131
l6yxg5,GME,neutral,0.9238
l6yxg4,AMC,neutral,0.8815
l6yxg4,GME,neutral,0.8815
l6yxfl,GME,neutral,0.9379
l6yxfk,GME,neutral,0.9108
l6yxf9,GME,neutral,0.6899
l6yxem,GME,neutral,0.8365
l6yxe9,GME,neutral,0.5052
l6yxe2,AMC,neutral,0.9022
l6yxdv,GME,neutral,0.9048
l6yxco,AMC,positive,0.7406
l6yxc3,AMZN,neutral,0.5389
l6yxc3,GME,neutral,0.5389
l6yxbd,GME,neutral,0.9204
l6yxb6,AMC,negative,0.8585
l6yxb3,AMC,neutral,0.9145
l6yxb3,GME,neutral,0.9145
l6yxat,GME,neutral,0.7659
l6yxac,GME,neutral,0.7473
l6yxa2,GME,neutral,0.9136
l6z0sr,GME,neutral,0.8751
l6z0sm,GME,neutral,0.5077
l6z0sm,GOOGL,neutral,0.5077
l6z0sj,GME,negative,0.7363
l6z0sd,AMC,neutral,0.9418
l6z0rt,AMC,negative,0.7209
l6z0r9,GME,neutral,0.4722
l6z0qy,GME,neutral,0.8807
l6z0qf,GME,neutral,0.8129
l6z0q7,GME,neutral,0.8602
l6z0px,GME,neutral,0.9252
l6z0pt,AMC,neutral,0.9121
l6z0p7,AMZN,neutral,0.8973
l6z0og,GME,neutral,0.9423
l6z0oc,GME,neutral,0.8094
l6z0m7,GME,neutral,0.9026
l6z0m2,GME,neutral,0.6477
l6z0lv,AMC,neutral,0.8245
l6z0lv,GME,neutral,0.8245
l6z0lh,AMC,negative,0.4457
l6z0lg,AMC,neutral,0.9342
l6z0kx,AMC,neutral,0.8956
l6z0kq,GME,neutral,0.9197
l6z0ki,GME,neutral,0.8903
l6z0jz,TSLA,neutral,0.9343
l6z0jv,GME,neutral,0.9225
l6z0jc,AMC,neutral,0.9392
l6z0jc,GME,neutral,0.9392
l6z0ja,GME,negative,0.5808
l6z0it,AMC,neutral,0.8419
l6z0it,GME,neutral,0.8419
l6z0is,GME,neutral,0.9100
l6z0hx,GME,negative,0.5334
l6z0ht,GME,positive,0.5465
l6z0hs,AMC,neutral,0.9215
l6z0hs,GME,neutral,0.9215
l6z0g9,GME,neutral,0.9195
l6z0f5,GME,neutral,0.9008
l6z0ew,AMC,neutral,0.9275
l6z0ew,GME,neutral,0.9275
l6z0eu,GME,neutral,0.9388
l6z0ei,AMC,positive,0.4950
l6z0ei,GME,positive,0.4950
l6z0e0,GME,neutral,0.7981
l6z0dx,AMC,neutral,0.6937
l6z0dx,GME,neutral,0.6937
l6z0du,GME,neutral,0.8327
l6z0do,AMC,neutral,0.9305
l6z0di,GME,neutral,0.9056
l6z0dh,GME,neutral,0.9022
l6z0db,AMC,neutral,0.5762
l6z0ct,GME,neutral,0.9463
l6z0cr,GME,neutral,0.8855
l6z0cn,GME,neutral,0.8309
l6z0c7,GME,neutral,0.9441
l6z0c8,GME,neutral,0.7254
l6z0bv,GME,neutral,0.9323
l6z0ba,META,negative,0.8111
l6z0b1,GME,neutral,0.9216
l6z0ao,AMC,neutral,0.9079
l6z0a3,GME,neutral,0.9282
l6z09v,AMC,neutral,0.9248
l6z09v,GME,neutral,0.9248
l6z08w,AMC,neutral,0.7323
l6z08w,GME,neutral,0.7323
l6z08h,AMC,neutral,0.9148
l6z07n,AMC,neutral,0.8726
l6z07g,AMC,neutral,0.9359
l6z06z,GME,neutral,0.8569
l6z06x,GME,neutral,0.9343
l6z06m,GME,neutral,0.9192
l6z06g,GME,neutral,0.9036
l6z06e,AMC,neutral,0.9319
l6z05y,GME,neutral,0.6587
l6z05s,AMC,neutral,0.9501
l6z05p,GME,positive,0.9054
l6z05d,GME,neutral,0.9004
l6z03z,GME,neutral,0.4842
l6z03x,GME,neutral,0.8883
l6z03m,GME,neutral,0.7886
l6z03d,AMC,neutral,0.9429
l6z03d,GME,neutral,0.9429
l6z02p,AMC,negative,0.7976
l6z02f,GME,neutral,0.7294
l6z026,AMC,neutral,0.7477
l6z025,GME,neutral,0.8282
l6z01v,AMC,neutral,0.9094
l6z01g,GME,neutral,0.8778
l6z017,AMC,neutral,0.9132
l6z00w,AMC,neutral,0.7785
l6z00v,GME,neutral,0.9371
l6z00r,GME,neutral,0.9288
l6z00q,GME,neutral,0.9321
l6z00l,AMC,neutral,0.9094
l6z00a,AMC,neutral,0.9474
l6z00a,GME,neutral,0.9474
l6z003,TSLA,neutral,0.6304
l6yzzk,GME,neutral,0.8818
l6yzz9,GME,neutral,0.8939
l6yzyv,AMC,neutral,0.9001
l6yzyl,AMC,neutral,0.8648
l6yzyb,AMC,neutral,0.9500
l6yzyb,GME,neutral,0.9500
l6yzy4,AMC,neutral,0.9303
l6yzy1,AMC,neutral,0.7389
l6yzy1,GME,neutral,0.7389
l6yzxu,GME,neutral,0.8973
l6yzxl,GME,neutral,0.5420
l6yzxk,GME,negative,0.5305
l6yzx8,AMC,neutral,0.5528
l6yzx8,GME,neutral,0.5528
l6yzwy,AMC,neutral,0.9094
l6yzww,GME,neutral,0.6018
l6yzwn,AMC,negative,0.8210
l6yzwn,GME,negative,0.8210
l6yzwm,GME,positive,0.5154
l6yzvz,AMC,neutral,0.8617
l6yzvh,AMC,negative,0.9278
l6yzva,GME,neutral,0.8060
l6yzuo,AMC,neutral,0.6478
l6yzuo,GME,neutral,0.6478
l6yzug,GME,neutral,0.9330
l6yzu9,AMC,neutral,0.7221
l6yzu7,AMC,neutral,0.8466
l6yzu7,GME,neutral,0.8466
l6yztr,GME,neutral,0.9181
l6yztk,AMC,neutral,0.9121
l6yztk,GME,neutral,0.9121
l6yzth,AMC,neutral,0.6715
l6yztf,AMC,neutral,0.9094
l6yzt3,GME,neutral,0.8961
l6yzs8,GME,negative,0.7888
l6yzs7,GME,neutral,0.6726
l6yzs3,AMC,neutral,0.8331
l6yzs3,GME,neutral,0.8331
l6yzrz,GME,neutral,0.8707
l6yzrr,AMC,neutral,0.7913
l6yzrr,GME,neutral,0.7913
l6yzrm,GME,neutral,0.4979
l6yzrb,GME,neutral,0.9264
l6yzr7,GME,neutral,0.9205
l6yzqr,GME,neutral,0.9159
l6yzq7,GME,neutral,0.8997
l6yzq4,AMC,neutral,0.9416
l6yzpx,GME,positive,0.6552
l6yzpl,GME,neutral,0.7973
l6yzp9,AMC,neutral,0.5780
l6yzp6,AMC,neutral,0.9094
l6yzox,GME,neutral,0.9086
l6yzoq,GME,neutral,0.6878
l6yzn0,AMC,neutral,0.7777
l6yzn0,GME,neutral,0.7777
l6yzmq,AMC,negative,0.5374
l6yzmq,GME,negative,0.5374
l6yzmh,GME,neutral,0.8329
l6yzmg,GME,neutral,0.8452
l6yzm9,GME,neutral,0.9275
l6yzm0,GME,neutral,0.6407
l6yzky,AMC,neutral,0.8968
l6yzkv,GME,neutral,0.7943
l6yzko,AMC,neutral,0.9329
l6yzko,GME,neutral,0.9329
l6yzkl,GME,neutral,0.8811
l6yzk8,GME,neutral,0.8207
l6yzk4,AMC,neutral,0.8469
l6yzis,GME,neutral,0.9046
l6yzii,AMC,neutral,0.9089
l6yzib,GME,negative,0.8886
l6yzi4,AMC,neutral,0.7574
l6yzhh,GME,neutral,0.9244
l6yzgf,AMC,neutral,0.9237
l6yzgf,GME,neutral,0.9237
l6yzgd,GME,neutral,0.9311
l6yzg0,GME,neutral,0.9018
l6yzfq,AMC,neutral,0.9198
l6yzfq,GME,neutral,0.9198
l6yzff,GME,neutral,0.7915
l6yzej,GME,neutral,0.9268
l6yzdu,AMC,neutral,0.6013
l6yzdu,GME,neutral,0.6013
l6yzaq,AMC,neutral,0.8993
l6yzaq,GME,neutral,0.8993
l6yza1,GME,neutral,0.6952
l6yz9g,GME,neutral,0.8539
l6yz93,GME,negative,0.7244
l6yz8s,GME,neutral,0.5493
l6yz8l,AMC,neutral,0.8571
l6yz8l,GME,neutral,0.8571
l6yz8d,GME,neutral,0.9123
l6yz8b,AMC,neutral,0.5077
l6yz84,GME,neutral,0.9437
l6yz6l,AMC,neutral,0.9416
l6yz65,GME,negative,0.4937
l6yz5r,GME,neutral,0.8810
l6yz5p,AMC,neutral,0.8426
l6yz5l,GME,neutral,0.8528
l6yz5g,AMC,neutral,0.9012
l6yz4l,AMC,neutral,0.9316
l6yz4l,GME,neutral,0.9316
l6yz4k,AMC,neutral,0.9415
l6yz4k,GME,neutral,0.9415
l6yz43,AMC,neutral,0.9394
l6yz3i,AMC,neutral,0.7088
l6yz3h,GME,neutral,0.9242
l6yz3b,GME,neutral,0.8997
l6yz2w,AMC,neutral,0.9071
l6yz2j,GME,neutral,0.9036
l6yz26,GME,neutral,0.9324
l6yz1l,AMC,neutral,0.8156
l6yz1f,GME,neutral,0.9190
l6yz1d,GME,neutral,0.4799
l6yz11,AMC,negative,0.9167
l6yz11,GME,negative,0.9167
l6yyz7,GME,neutral,0.9005
l6yyz7,MSFT,neutral,0.9005
l6yyz6,AMC,neutral,0.8849
l6yyz6,GME,neutral,0.8849
l6yyz5,AMC,negative,0.5486
l6yyz3,GME,positive,0.7942
l6yyz2,AMC,neutral,0.8972
l6yyz2,GME,neutral,0.8972
l6yyyz,AMC,neutral,0.6967
l6yyyw,GME,neutral,0.9119
l6yyyb,AAPL,neutral,0.8825
l6yyyb,MSFT,neutral,0.8825
l6yyxe,AMC,neutral,0.8684
l6yyxe,GME,neutral,0.8684
l6yyww,AMC,neutral,0.6960
l6yyww,GME,neutral,0.6960
l6yywr,GME,negative,0.7658
l6yywq,AMC,neutral,0.8757
l6yywe,AMC,negative,0.6685
l6yyw9,AMC,neutral,0.9397
l6yyw9,GME,neutral,0.9397
l6yyvw,AMC,neutral,0.8874
l6yyvw,GME,neutral,0.8874
l6yyv7,GME,neutral,0.5520
l6yyux,GME,neutral,0.8672
l6yyuo,GME,neutral,0.9029
l6yyun,GME,neutral,0.9102
l6yyty,AMC,neutral,0.6431
l6yyto,GME,negative,0.6579
l6yyth,GME,neutral,0.9225
l6yyta,AMC,neutral,0.9231
l6yyta,TSLA,neutral,0.9231
l6yyt7,AMC,neutral,0.8665
l6yysu,GME,negative,0.8513
l6yysv,GME,neutral,0.4943
l6yysn,GME,neutral,0.9347
l6yysg,GME,negative,0.6004
l6yyqx,AMC,neutral,0.9446
l6yyqx,GME,neutral,0.9446
l6yyqk,GME,neutral,0.6945
l6yyod,GME,neutral,0.8865
l6yynx,GME,neutral,0.8844
l6yynx,TSLA,neutral,0.8844
l6yyns,GME,neutral,0.9360
l6yynp,GME,neutral,0.9151
l6yyna,GME,neutral,0.8850
l6yyn5,GME,neutral,0.8818
l6yyn4,AMC,neutral,0.9294
l6yyn3,GME,neutral,0.9033
l6yymw,AMC,neutral,0.8900
l6yymi,AMC,neutral,0.7784
l6yyls,AMC,negative,0.6850
l6yylm,AMC,neutral,0.8507
l6yyld,GME,neutral,0.8540
l6yyl8,AMC,neutral,0.8208
l6yyl8,GME,neutral,0.8208
l6yykx,AMC,neutral,0.8930
l6yykx,GME,neutral,0.8930
l6yyk2,GME,neutral,0.9104
l6yyjp,GME,neutral,0.9183
l6yyj3,AMC,neutral,0.6973
l6yyik,GME,negative,0.8359
l6yyib,NVDA,neutral,0.7365
l6yyh5,AMC,neutral,0.7373
l6yyh5,GME,neutral,0.7373
l6yygk,AMC,neutral,0.8657
l6yygk,GME,neutral,0.8657
l6yyg8,GME,neutral,0.9293
l6yyg3,AMC,neutral,0.6897
l6yyfv,GME,neutral,0.8994
l6yyfb,AMC,neutral,0.9360
l6yyfb,GME,neutral,0.9360
l6yyf5,GME,neutral,0.8481
l6yyee,AMC,neutral,0.5939
l6yyds,GME,neutral,0.9154
l6yydn,GME,negative,0.5402
l6yyct,GME,neutral,0.7528
l6yycm,GME,neutral,0.8850
l6yych,AAPL,neutral,0.8168
l6yycf,GME,neutral,0.9317
l6yybu,GME,neutral,0.9021
l6yybp,GME,negative,0.6680
l6yybn,GME,neutral,0.8597
l6yyb9,GME,neutral,0.6585
l6yyb6,GME,positive,0.8628
l6yyb4,GME,neutral,0.8891
l6yyay,AMC,neutral,0.6792
l6yyab,AMC,neutral,0.8784
l6yy9v,AMC,neutral,0.8446
l6yy9v,GME,neutral,0.8446
l6yy9n,AMC,neutral,0.9385
l6yy9k,GME,neutral,0.8886
l6yy9e,GME,neutral,0.9009
l6yy98,GME,neutral,0.8642
l6yy95,GME,neutral,0.7347
l6yy8r,AMC,neutral,0.9212
l6yy85,GME,neutral,0.7994
l6yy84,GME,neutral,0.6015
l6yy7r,AMC,neutral,0.9223
l6yy7r,GME,neutral,0.9223
l6yy7q,GME,neutral,0.6800
l6yy75,AMC,neutral,0.8954
l6yy75,GME,neutral,0.8954
l6yy6s,AMC,neutral,0.9410
l6yy6s,GME,neutral,0.9410
l6yy62,AMC,neutral,0.8492
l6yy62,GME,neutral,0.8492
l6yy5q,GME,neutral,0.8441
l6yy5i,AMC,neutral,0.9449
l6yy5i,GME,neutral,0.9449
l6yy57,GME,neutral,0.9053
l6yy58,GME,negative,0.6670
l6yy4v,GME,neutral,0.7797
l6yy4t,GME,neutral,0.9331
l6yy4k,GME,neutral,0.8940
l6yy48,AMC,neutral,0.8884
l6yy48,GME,neutral,0.8884
l6yy3o,GME,neutral,0.8638
l6yy3b,AMC,neutral,0.8864
l6yy3b,GME,neutral,0.8864
l6yy32,AMC,neutral,0.5200
l6yy32,GME,neutral,0.5200
l6yy2o,GME,neutral,0.5807
l6yy2e,GME,neutral,0.9255
l6yy2c,GME,neutral,0.9350
l6yy13,GME,neutral,0.7798
l6yy0q,AMC,neutral,0.8978
l6yy0q,GME,neutral,0.8978
l6yy0o,GME,neutral,0.9328
l6yxzr,GME,neutral,0.8257
l6yxzp,GME,neutral,0.9331
l6yxzo,GME,neutral,0.7288
l6yxyv,AMC,neutral,0.7862
l6yxyn,GME,neutral,0.7294
l6yxyi,GME,neutral,0.9083
l6yxy8,GME,neutral,0.9025
l6yxy3,GME,negative,0.8173
l6yxxi,GME,neutral,0.7457
l6yxxa,AMC,neutral,0.8600
l6yxx9,AMC,neutral,0.9240
l6yxwp,AMC,neutral,0.8484
l6yxwl,GME,neutral,0.7956
l6yxwj,AMC,negative,0.4966
l6yxwj,GME,negative,0.4966
l6yxvt,GME,neutral,0.8758
l6yxvn,AMC,neutral,0.8756
l6yxvd,AMC,neutral,0.7496
l6yxv6,GME,neutral,0.9349
l6yxv4,GME,neutral,0.7111
l6yxup,AMC,neutral,0.9397
l6yxup,GME,neutral,0.9397
l6yxug,AMC,neutral,0.9335
l6yxuf,AMC,neutral,0.5887
l6zef0,GME,negative,0.9131
l6zdwj,AMC,neutral,0.8270
l6zct9,AMC,positive,0.9231
l6zct3,AMC,neutral,0.8591
l6zcsr,AMC,neutral,0.8430
l6zcsn,AMC,neutral,0.9241
l6zcsg,AMC,neutral,0.8910
l6zcsg,GME,neutral,0.8910
l6zcsc,GME,neutral,0.9040
l6zcs6,GME,negative,0.6975
l6zcrt,GME,negative,0.9100
l6zcro,GME,neutral,0.9233
l6zcr3,AMC,neutral,0.8685
l6zcqz,GME,neutral,0.8094
l6zcqn,GME,neutral,0.9239
l6zcqi,AMC,neutral,0.8903
l6zcqi,GME,neutral,0.8903
l6zcqc,AMC,neutral,0.9238
l6zcqc,GME,neutral,0.9238
l6zcq0,AMC,neutral,0.5721
l6zcpr,GME,neutral,0.9283
l6zcpm,AMC,neutral,0.9180
l6zcpm,GME,neutral,0.9180
l6zcob,GME,neutral,0.9392
l6zcnd,AMC,neutral,0.7459
l6zcn8,GME,neutral,0.6202
l6zcn2,AMC,neutral,0.6809
l6zcn2,GME,neutral,0.6809
l6zcmb,AMC,neutral,0.9419
l6zcm3,GME,neutral,0.6047
l6zcln,AMC,neutral,0.9351
l6zcli,GME,neutral,0.9085
l6zckz,AMC,neutral,0.8877
l6zckq,AMC,neutral,0.9373
l6zckq,GME,neutral,0.9373
l6zckf,AMC,neutral,0.8293
l6zckf,GME,neutral,0.8293
l6zckb,AMC,negative,0.6768
l6zckb,GME,negative,0.6768
l6zcjz,GME,neutral,0.8382
l6zcj4,GME,neutral,0.9377
l6zcj2,AMC,neutral,0.8985
l6zcj1,AMC,neutral,0.8964
l6zcin,AMC,neutral,0.9173
l6zcin,GME,neutral,0.9173
l6zcia,GME,neutral,0.8758
l6zci0,AMC,neutral,0.9338
l6zci0,GME,neutral,0.9338
l6zchy,AMC,neutral,0.8488
l6zchq,AMC,neutral,0.9119
l6zchj,GME,neutral,0.4595
l6zcgw,GME,negative,0.5029
l6zcgx,GME,neutral,0.9228
l6zcg8,AMC,neutral,0.8907
l6zcg8,GME,neutral,0.8907
l6zcg6,GME,neutral,0.8673
l6zcg4,AMC,neutral,0.8449
l6zcg4,GME,neutral,0.8449
l6zcfs,GME,neutral,0.6001
l6zcfc,GME,neutral,0.5918
l6zceo,GME,neutral,0.9142
l6zcej,GME,neutral,0.9210
l6zcdu,AMC,neutral,0.8947
l6zcd1,GME,neutral,0.8691
l6zccv,GME,negative,0.5316
l6zcce,GME,neutral,0.8933
l6zcc7,AMC,neutral,0.8695
l6zcbp,AMC,neutral,0.8927
l6zcaw,GME,neutral,0.8932
l6zcai,GME,neutral,0.8659
l6zc9o,GME,neutral,0.7325
l6zc9n,AMC,negative,0.9104
l6zc9n,GME,negative,0.9104
l6zc8x,AMZN,neutral,0.7398
l6zc8k,AMC,neutral,0.9111
l6zc86,AMC,neutral,0.7825
l6zc85,GME,negative,0.6059
l6zc7v,GME,neutral,0.8859
l6zc7u,GME,neutral,0.7508
l6zd8v,AMC,neutral,0.5706
l6zd8v,GME,neutral,0.5706
l6zd8k,AMC,neutral,0.8648
l6zd8h,AMC,neutral,0.7787
l6zd8c,AMC,neutral,0.9313
l6zd8c,GME,neutral,0.9313
l6zd8a,AMC,neutral,0.6902
l6zd8a,GME,neutral,0.6902
l6zd7l,GME,neutral,0.9139
l6zd6d,ADBE,neutral,0.9094
l6zd6d,GME,neutral,0.9094
l6zd5t,GME,neutral,0.9086
l6zd5v,AMC,neutral,0.9106
l6zd5s,GME,neutral,0.8888
l6zd5r,AMC,neutral,0.9410
l6zd5m,AMC,neutral,0.9150
l6zd4u,AMC,neutral,0.9430
l6zd4u,GME,neutral,0.9430
l6zd4l,AMC,negative,0.7883
l6zd4l,GME,negative,0.7883
l6zd41,GME,neutral,0.9291
l6zd3s,GME,neutral,0.8584
l6zd2t,GME,neutral,0.8679
l6zd2l,GME,neutral,0.7692
l6zd2g,GME,neutral,0.9231
l6zd20,GME,negative,0.6239
l6zd0p,GME,neutral,0.9172
l6zd0g,GME,neutral,0.8476
l6zd07,GME,neutral,0.6148
l6zczn,GME,neutral,0.5685
l6zcze,AMC,neutral,0.9357
l6zcze,GME,neutral,0.9357
l6zczb,GME,neutral,0.5663
l6zcz7,GME,positive,0.6516
l6zcz4,GME,neutral,0.5892
l6zc8w,GME,neutral,0.9159
l6zcxq,AMC,neutral,0.9125
l6zcwi,AMC,neutral,0.7178
l6zcwi,GME,neutral,0.7178
l6zcwi,NVDA,neutral,0.7178
l6zcwd,AMC,neutral,0.6682
l6zcwd,GME,neutral,0.6682
l6zcw2,GME,negative,0.9525
l6zcvt,AMC,neutral,0.9386
l6zcvt,GME,neutral,0.9386
l6zcvh,GME,neutral,0.8711
l6zcuu,GME,neutral,0.8241
l6zcud,AMC,negative,0.7493
l6zcud,GME,negative,0.7493
l6zcub,GME,neutral,0.9298
l6zctz,TSLA,neutral,0.9323
l6zctl,GME,neutral,0.8667
l6zdjk,GME,neutral,0.9512
l6zdjg,AMC,neutral,0.8587
l6zdj9,AMC,neutral,0.9362
l6zdj9,GME,neutral,0.9362
l6zdiu,AMC,neutral,0.9362
l6zdiu,GME,neutral,0.9362
l6zdii,GME,neutral,0.8719
l6zdif,GME,negative,0.4950
l6zdif,MSFT,negative,0.4950
l6zdib,GME,neutral,0.9231
l6zdi9,AMC,neutral,0.9362
l6zdi9,GME,neutral,0.9362
l6zdht,AMC,positive,0.8662
l6zdht,GME,positive,0.8662
l6zdho,AMC,negative,0.7396
l6zdho,GME,negative,0.7396
l6zdhk,AMC,neutral,0.9362
l6zdhk,GME,neutral,0.9362
l6zdha,AMC,neutral,0.9193
l6zdgj,GME,neutral,0.7449
l6zdg8,GME,neutral,0.5604
l6zdfh,GME,neutral,0.8452
l6zdfe,AMC,neutral,0.9146
l6zdfe,GME,neutral,0.9146
l6zdf3,AMC,neutral,0.7314
l6zdey,AMC,neutral,0.9362
l6zdey,GME,neutral,0.9362
l6zdev,AMC,neutral,0.8492
l6zde4,GME,neutral,0.9246
l6zddq,AMC,neutral,0.9147
l6zdd4,GME,neutral,0.8026
l6zdd2,GME,neutral,0.8550
l6zdcj,GME,neutral,0.8390
l6zdby,AMC,neutral,0.9450
l6zdby,GME,neutral,0.9450
l6zdbs,AMC,negative,0.6419
l6zdb8,GME,neutral,0.9167
l6zdap,GME,neutral,0.9316
l6zda3,GME,negative,0.9336
l6zda0,GME,neutral,0.5437
l6zd9q,GME,neutral,0.6979
l6zd9m,GME,positive,0.4934
l6zd9i,AMC,neutral,0.9470
l6zd9i,GME,neutral,0.9470
l6zfzo,AMC,negative,0.4491
l6zdy9,GME,neutral,0.9137
l6zdxz,GME,neutral,0.6426
l6zdxq,AMC,neutral,0.9362
l6zdxq,GME,neutral,0.9362
l6zdxn,GME,neutral,0.9392
l6zdxf,AMC,neutral,0.8038
l6zdx7,GME,neutral,0.5213
l6zdvz,AMC,neutral,0.9362
l6zdvz,GME,neutral,0.9362
l6zdvv,AMC,negative,0.9480
l6zdvs,GME,neutral,0.9308
l6zdvh,AMC,neutral,0.8533
l6zdv1,GME,neutral,0.8860
l6zduz,AMC,neutral,0.9362
l6zduz,GME,neutral,0.9362
l6zduy,GME,neutral,0.9335
l6zdur,GME,neutral,0.8429
l6zdu6,GME,neutral,0.8503
l6zdu3,GME,neutral,0.9075
l6zdt8,GME,neutral,0.5659
l6zdt8,TSLA,neutral,0.5659
l6zdt6,GME,neutral,0.8912
l6zdt2,AMC,neutral,0.9362
l6zdt2,GME,neutral,0.9362
l6zdsn,GME,neutral,0.8798
l6zdsn,GOOGL,neutral,0.8798
l6zdsl,GME,neutral,0.9270
l6zdsa,AMC,negative,0.7044
l6zdsa,GME,negative,0.7044
l6zds2,AMC,neutral,0.9167
l6zdrs,AMC,negative,0.8272
l6zdrs,GME,negative,0.8272
l6zdrn,AMC,negative,0.7617
l6zdrn,GME,negative,0.7617
l6zdr4,AAPL,neutral,0.8889
l6zdr1,AMC,neutral,0.9329
l6zdr1,GME,neutral,0.9329
l6zdpd,GME,neutral,0.8289
l6zdp1,GME,neutral,0.6253
l6zdow,AMC,neutral,0.9050
l6zdow,GME,neutral,0.9050
l6zdos,AMC,neutral,0.8202
l6zdos,GME,neutral,0.8202
l6zdoq,GME,neutral,0.9205
l6zdod,GME,neutral,0.7876
l6zdo6,GME,neutral,0.9350
l6zdnz,GME,positive,0.5552
l6zdnb,GME,neutral,0.9306
l6zdn9,GME,neutral,0.8825
l6zdm5,GME,neutral,0.7101
l6zdl0,AMC,neutral,0.9200
l6zdl0,GME,neutral,0.9200
l6zdkf,GME,negative,0.4840
l6zdkc,GME,neutral,0.8688
l6zdka,GME,neutral,0.8431
l6zdk3,AMC,neutral,0.6697
l6zdk3,GME,neutral,0.6697
l6zdjp,AMC,positive,0.9416
l6zg6e,AMC,neutral,0.9084
l6zfjl,GME,neutral,0.8942
l6zfep,GME,neutral,0.9050
l6zfdd,AMC,neutral,0.9304
l6zf7e,AMC,neutral,0.9099
l6zf70,GME,neutral,0.8842
l6zf6v,AMC,neutral,0.9171
l6zf6v,GME,neutral,0.9171
l6zf6r,AMC,neutral,0.6494
l6zf50,AMC,neutral,0.9080
l6zf4i,GME,neutral,0.8398
l6zf4h,GME,neutral,0.8914
l6zf4f,GME,neutral,0.8921
l6zf48,GME,neutral,0.8673
l6zf3p,AMC,neutral,0.9415
l6zf3p,GME,neutral,0.9415
l6zf2z,AMC,neutral,0.5605
l6zf2m,GME,positive,0.7006
l6zf2k,GME,neutral,0.9372
l6zf1u,GME,neutral,0.6686
l6zf1m,AMC,neutral,0.9168
l6zf1g,GME,neutral,0.7541
l6zf1e,GME,neutral,0.8457
l6zf15,GME,neutral,0.7356
l6zf14,AMC,neutral,0.8103
l6zf0r,GME,neutral,0.9281
l6zf00,GME,positive,0.5491
l6zezi,AMC,neutral,0.9160
l6zez8,AMC,neutral,0.9290
l6zez8,GME,neutral,0.9290
l6zey5,AMC,negative,0.6827
l6zey2,GME,neutral,0.8580
l6zew5,AMC,neutral,0.9444
l6zew5,GME,neutral,0.9444
l6zevl,GME,neutral,0.5473
l6zeuv,GME,neutral,0.7576
l6zeul,GME,neutral,0.5990
l6zeud,GME,neutral,0.9118
l6zeu4,GME,neutral,0.9211
l6zetu,GME,neutral,0.8937
l6zets,AMC,negative,0.9404
l6zetg,GME,neutral,0.8150
l6zesq,AMC,neutral,0.8603
l6zerg,GME,neutral,0.9021
l6zeqe,AMC,neutral,0.9187
l6zeqe,GME,neutral,0.9187
l6zepq,GME,neutral,0.8996
l6zep7,GME,neutral,0.8355
l6zep5,AMC,neutral,0.7485
l6zeox,GME,negative,0.7431
l6zeol,GME,neutral,0.9216
l6zeoi,AMC,negative,0.5588
l6zeoi,GME,negative,0.5588
l6zena,AMC,neutral,0.8833
l6zen8,AMC,neutral,0.9293
l6zem6,GME,neutral,0.9367
l6zem0,AMC,neutral,0.9168
l6zem0,GME,neutral,0.9168
l6zelb,GME,neutral,0.9306
l6zel9,AMC,neutral,0.8182
l6zeki,GME,neutral,0.5000
l6zek8,AMC,neutral,0.8957
l6zek8,GME,neutral,0.8957
l6zejq,GME,neutral,0.8678
l6zej2,AMC,neutral,0.9357
l6zej2,GME,neutral,0.9357
l6zeih,GME,neutral,0.9370
l6zei7,GME,neutral,0.9076
l6zehf,GME,neutral,0.9426
l6zdni,GME,neutral,0.9358
l6zeg3,GME,neutral,0.9497
l6zefi,AMC,neutral,0.9091
l6zefi,GME,neutral,0.9091
l6zeez,GME,neutral,0.9172
l6zeeh,GME,neutral,0.8661
l6zeed,AMC,neutral,0.9127
l6zeed,GME,neutral,0.9127
l6zeeb,GME,neutral,0.9191
l6zee3,AMC,neutral,0.9259
l6zedk,AMC,neutral,0.8810
l6zedk,GME,neutral,0.8810
l6zedg,GME,neutral,0.5247
l6zed7,GME,neutral,0.8767
l6zecy,GME,negative,0.5430
l6zecd,AMC,neutral,0.9314
l6zebc,AMC,neutral,0.9318
l6zeb5,GME,neutral,0.8333
l6zeax,AMC,neutral,0.7762
l6zear,AMC,neutral,0.9077
l6zeap,AMC,neutral,0.8794
l6zeap,GME,neutral,0.8794
l6zeao,GME,neutral,0.9258
l6zean,GME,negative,0.8253
l6zeaf,AMC,neutral,0.8254
l6zea2,AMC,neutral,0.8602
l6zea2,GME,neutral,0.8602
l6ze86,GME,neutral,0.9060
l6ze74,GME,neutral,0.7418
l6ze73,GME,negative,0.8437
l6ze6p,GME,neutral,0.8824
l6ze6i,GME,neutral,0.5017
l6ze6h,GME,neutral,0.5040
l6ze6c,AMC,neutral,0.8703
l6ze6a,GME,neutral,0.7370
l6ze5z,GME,negative,0.8266
l6ze5e,GME,neutral,0.8682
l6ze4w,AMC,neutral,0.9252
l6ze46,AMC,neutral,0.8793
l6ze3a,AMC,neutral,0.8040
l6ze32,AMC,neutral,0.8024
l6ze32,GME,neutral,0.8024
l6ze2j,GME,neutral,0.9006
l6ze2a,GME,neutral,0.8821
l6ze29,AMC,neutral,0.7291
l6ze27,GME,neutral,0.9172
l6ze25,AMC,neutral,0.9362
l6ze25,GME,neutral,0.9362
l6ze1p,GME,neutral,0.9111
l6ze1n,GME,neutral,0.8597
l6ze1g,AMC,neutral,0.9292
l6ze1c,GME,neutral,0.8621
l6ze14,GME,neutral,0.9106
l6ze0x,AMC,neutral,0.8246
l6ze0e,GME,neutral,0.8908
l6ze0c,GME,neutral,0.6784
l6ze01,GME,neutral,0.8840
l6zdzz,GME,neutral,0.8618
l6zdzc,AMC,neutral,0.9046
l6zdzc,GME,neutral,0.9046
l6zdz8,GME,negative,0.6574
l6zdz2,AMC,neutral,0.5252
l6zdz2,GME,neutral,0.5252
l6zdyk,AMC,neutral,0.9000
l6zdyk,GME,neutral,0.9000
l6zi4f,GME,positive,0.9010
l6zi41,GME,negative,0.7481
l6zi3z,GME,neutral,0.5802
l6zi3k,AMC,neutral,0.8810
l6zi3k,GME,neutral,0.8810
l6zi36,GME,neutral,0.8923
l6zi33,GME,neutral,0.7624
l6zi2g,AMC,neutral,0.8729
l6zi2g,GME,neutral,0.8729
l6zi28,AMC,neutral,0.9041
l6zi28,GME,neutral,0.9041
l6zi1f,GME,neutral,0.8917
l6zi1c,AMC,neutral,0.7217
l6zi13,AMC,neutral,0.8372
l6zi10,AAPL,neutral,0.9397
l6zi10,GME,neutral,0.9397
l6zi0e,GME,negative,0.7269
l6zi06,AMC,neutral,0.9230
l6zi06,GME,neutral,0.9230
l6zhzv,AMC,neutral,0.9018
l6zhzv,GME,neutral,0.9018
l6zhzm,AMC,neutral,0.9164
l6zhzi,GOOGL,neutral,0.9183
l6zhzf,GME,neutral,0.9315
l6zhyy,GME,neutral,0.9235
l6zhyu,AMC,negative,0.8410
l6zhyu,GME,negative,0.8410
l6zhyh,GME,neutral,0.8619
l6zhy4,GME,neutral,0.9331
l6zhxw,GME,neutral,0.8801
l6zhxp,TSLA,neutral,0.8086
l6zhwq,GME,neutral,0.9063
l6zhwp,GME,neutral,0.9134
l6zhwh,AMC,neutral,0.8088
l6zhwg,AMC,neutral,0.9175
l6zhwg,GME,neutral,0.9175
l6zhwd,GME,neutral,0.7791
l6zhw9,AMC,positive,0.8980
l6zhvb,GME,neutral,0.9140
l6zhv7,GME,negative,0.8591
l6zhv6,GME,neutral,0.9251
l6zhuh,AMC,neutral,0.9132
l6zhuh,GME,neutral,0.9132
l6zhuf,GME,neutral,0.9078
l6zhtw,AMC,neutral,0.7829
l6zhsy,AMC,neutral,0.8789
l6zhsu,GME,neutral,0.8615
l6zhsn,GME,neutral,0.8973
l6zhsh,TSLA,neutral,0.9206
l6zhse,AMC,neutral,0.9414
l6zhse,GME,neutral,0.9414
l6zhrz,AMC,neutral,0.9298
l6zhrz,GME,neutral,0.9298
l6zhrd,AMC,neutral,0.7805
l6zhrc,GME,negative,0.7666
l6zhr0,GME,neutral,0.8709
l6zhqu,AMC,negative,0.7432
l6zhqu,GME,negative,0.7432
l6zhqe,AMC,neutral,0.8826
l6zhqb,GME,negative,0.5662
l6zhq8,GME,neutral,0.8507
l6zhp1,AMC,neutral,0.9131
l6zhow,GME,neutral,0.9081
l6zho9,AMC,neutral,0.9419
l6zho9,GME,neutral,0.9419
l6zhne,GME,negative,0.6067
l6zhn8,GME,neutral,0.9013
l6zhmz,AMC,neutral,0.8648
l6zhly,GME,neutral,0.8677
l6zhlt,AMC,neutral,0.9359
l6zhlt,GME,neutral,0.9359
l6zhl9,GME,neutral,0.9161
l6zhl5,AMC,neutral,0.6957
l6zhky,AMC,negative,0.5078
l6zhkg,GME,neutral,0.8016
l6zhjv,GME,neutral,0.8143
l6zhjh,GME,neutral,0.8719
l6zhj3,GME,neutral,0.9223
l6zhis,GME,negative,0.6075
l6zhio,GME,neutral,0.6562
l6zhik,GME,neutral,0.9013
l6zhia,GME,negative,0.9457
l6zhhx,AMC,neutral,0.6465
l6zhhx,GME,neutral,0.6465
l6zhhm,AMC,neutral,0.9386
l6zhhk,GME,neutral,0.7270
l6zhhj,AMC,neutral,0.9404
l6zhhi,AMC,neutral,0.8405
l6zhh7,AMC,neutral,0.8118
l6zhh7,GME,neutral,0.8118
l6zhgx,AMC,neutral,0.8464
l6zhff,GME,neutral,0.8967
l6zhf9,AMC,neutral,0.8768
l6zhez,AMC,neutral,0.6268
l6zheu,GME,negative,0.5107
l6zhec,GME,negative,0.5074
l6zhe9,AMC,neutral,0.8756
l6zhe9,GME,neutral,0.8756
l6zhdw,GME,negative,0.5541
l6zhdc,GME,neutral,0.7965
l6zhby,GME,neutral,0.8243
l6zhbw,GME,negative,0.9247
l6zhbc,GME,neutral,0.5119
l6zhay,AMC,neutral,0.9216
l6zhax,AMC,negative,0.5492
l6zhag,AMC,neutral,0.8063
l6zhab,GME,neutral,0.5651
l6zha4,GME,neutral,0.8763
l6zh9t,AMC,neutral,0.9376
l6zh9t,GME,neutral,0.9376
l6zh9n,GME,neutral,0.8280
l6zh94,AMC,neutral,0.9209
l6zh90,GME,negative,0.6622
l6zh88,GME,neutral,0.8760
l6zh86,GME,neutral,0.8755
l6zh7i,GME,neutral,0.9202
l6zh76,AMC,neutral,0.8382
l6zh74,AMC,negative,0.6549
l6zh74,GME,negative,0.6549
l6zh6o,GME,neutral,0.8044
l6zh6b,AMC,neutral,0.6138
l6zh5g,AMC,neutral,0.8306
l6zh53,GME,neutral,0.7021
l6zh4x,AMC,neutral,0.9216
l6zh4x,GME,neutral,0.9216
l6zh4w,GME,neutral,0.8477
l6zh4j,GME,negative,0.5020
l6zh4a,GME,neutral,0.8701
l6zh42,GME,neutral,0.9069
l6zh31,GME,neutral,0.9217
l6zh2s,GME,neutral,0.9156
l6zh2o,AMC,neutral,0.9298
l6zh2o,GME,neutral,0.9298
l6zh1j,GME,neutral,0.5774
l6zh1g,AMC,negative,0.6432
l6zh10,AMC,negative,0.7680
l6zh10,GME,negative,0.7680
l6zh0v,GME,neutral,0.8294
l6zh0r,AMC,negative,0.5553
l6zh0r,GME,negative,0.5553
l6zh0s,GME,neutral,0.8856
l6zh0q,AMC,negative,0.8651
l6zh0q,GME,negative,0.8651
l6zh0a,AMC,neutral,0.7660
l6zgzr,AMC,neutral,0.9417
l6zgzk,GME,negative,0.9322
l6zgzb,GME,neutral,0.9298
l6zgyt,GME,neutral,0.8792
l6zgym,AMC,neutral,0.6165
l6zgxy,AMC,neutral,0.5806
l6zgxy,GME,neutral,0.5806
l6zgxd,GME,neutral,0.8528
l6zgxa,AMC,neutral,0.7136
l6zgxa,GME,neutral,0.7136
l6zgwy,AMC,neutral,0.8963
l6zgww,GME,neutral,0.6962
l6zgvk,GME,neutral,0.8706
l6zgvj,AMC,neutral,0.8382
l6zgvj,GME,neutral,0.8382
l6zgv6,AMC,neutral,0.9019
l6zgv6,GME,neutral,0.9019
l6zgv5,AMC,neutral,0.7294
l6zgv5,GME,neutral,0.7294
l6zgus,AMC,neutral,0.5267
l6zgus,GME,neutral,0.5267
l6zgue,AMC,neutral,0.8860
l6zgud,GME,negative,0.9389
l6zgua,AMC,neutral,0.8091
l6zgua,GME,neutral,0.8091
l6zgsz,AMC,neutral,0.8816
l6zgst,AMC,negative,0.5077
l6zgs0,AMC,neutral,0.6556
l6zgrx,GME,neutral,0.9197
l6zgr7,GME,neutral,0.9153
l6zgqx,GME,neutral,0.9295
l6zgq3,GME,neutral,0.8994
l6zgq2,GME,neutral,0.9108
l6zgpu,GME,neutral,0.8883
l6zgox,AMC,neutral,0.8774
l6zgox,GME,neutral,0.8774
l6zgop,GME,neutral,0.7877
l6zgo9,GME,negative,0.9632
l6zgo5,AMC,neutral,0.9167
l6zgo3,GME,neutral,0.7561
l6zgnr,GME,positive,0.6096
l6zgnm,AMC,neutral,0.8776
l6zgnm,GME,neutral,0.8776
l6zgnl,GME,neutral,0.7290
l6zgn6,GME,negative,0.9514
l6zgn4,GME,neutral,0.8780
l6zgma,AMC,neutral,0.9481
l6zgm3,GME,neutral,0.8067
l6zglp,GME,neutral,0.8048
l6zglc,AMC,neutral,0.8933
l6zgkm,GME,neutral,0.6931
l6zgke,AMC,neutral,0.8382
l6zgk7,GME,neutral,0.9427
l6zgk4,AMC,negative,0.5006
l6zgjq,AMC,neutral,0.7452
l6zgjq,GME,neutral,0.7452
l6zgjf,AMC,neutral,0.9214
l6zgjf,GME,neutral,0.9214
l6zgj0,GME,neutral,0.6790
l6zgiw,AMC,neutral,0.9395
l6zgic,GME,neutral,0.9369
l6zgi6,AMC,neutral,0.6430
l6zgi6,GME,neutral,0.6430
l6zgi2,AMC,neutral,0.9042
l6zgi2,GME,neutral,0.9042
l6zgho,AMC,negative,0.9223
l6zghk,GME,neutral,0.6903
l6zghj,AMC,neutral,0.9370
l6zghg,AMC,neutral,0.8369
l6zghc,GME,neutral,0.9234
l6zghb,AMC,neutral,0.9390
l6zgh9,GME,neutral,0.9154
l6zgh0,GME,negative,0.7458
l6zggj,AMC,neutral,0.6507
l6zgfw,GME,neutral,0.5835
l6zgfp,AMC,neutral,0.7249
l6zgfp,GME,neutral,0.7249
l6zgfj,GME,neutral,0.8776
l6zgfc,GME,neutral,0.9224
l6zgf4,AMC,neutral,0.5146
l6zgf4,GME,neutral,0.5146
l6zgf2,GME,neutral,0.9193
l6zgee,AMC,neutral,0.8908
l6zgdv,AMC,neutral,0.9224
l6zgdv,GME,neutral,0.9224
l6zgdp,AMC,neutral,0.8677
l6zgde,GME,neutral,0.9109
l6zgd9,AMC,neutral,0.5547
l6zgd9,GME,neutral,0.5547
l6zgcz,GME,neutral,0.8420
l6zgcu,GME,neutral,0.5724
l6zgc7,AMC,neutral,0.8915
l6zgbq,GME,neutral,0.9047
l6zgba,GME,neutral,0.5882
l6zgb7,GME,neutral,0.9501
l6zgb7,GOOGL,neutral,0.9501
l6zgad,AMC,neutral,0.8126
l6zgad,GME,neutral,0.8126
l6zga0,AMC,neutral,0.7973
l6zg9z,ORCL,neutral,0.9221
l6zg9y,GME,neutral,0.9178
l6zg9s,AMC,neutral,0.9384
l6zg9e,GME,neutral,0.5512
l6zg99,AMC,neutral,0.8024
l6zg98,GME,neutral,0.4878
l6zg8w,GME,negative,0.9521
l6zg8k,GME,neutral,0.9503
l6zg8e,AMC,neutral,0.8747
l6zg81,GME,neutral,0.9248
l6zg7x,AMC,neutral,0.7414
l6zg7x,AAPL,neutral,0.7414
l6zg7x,GME,neutral,0.7414
l6zg7s,GME,neutral,0.9105
l6zg7h,AMC,neutral,0.8875
l6zg7h,GME,neutral,0.8875
l6zg78,AMC,neutral,0.7673
l6zg6h,GME,neutral,0.9001
l6zg6c,GME,neutral,0.9318
l6zg66,AMC,negative,0.7947
l6zg5x,GME,neutral,0.6376
l6zg5p,GME,neutral,0.9258
l6zg5l,GME,neutral,0.7593
l6zg5k,TSLA,neutral,0.9251
l6zg58,AMC,neutral,0.7966
l6zg4r,GME,neutral,0.8863
l6zg4s,GME,neutral,0.8710
l6zg4o,GME,neutral,0.7547
l6zg4j,GME,neutral,0.7229
l6zg44,AMC,neutral,0.8967
l6zg44,GME,neutral,0.8967
l6zg3w,AMC,neutral,0.9105
l6zg3w,GME,neutral,0.9105
l6zg3t,GME,neutral,0.9226
l6zg3g,AMC,neutral,0.8664
l6zg3g,GME,neutral,0.8664
l6zg25,AMC,neutral,0.9040
l6zg0s,GME,neutral,0.8860
l6zg0f,AMC,neutral,0.7844
l6zg0d,AMC,neutral,0.5930
l6zg0d,GME,neutral,0.5930
l6zg01,GME,neutral,0.9094
l6zfzx,GME,neutral,0.8866
l6zfzw,AMC,negative,0.5996
l6zfzn,AMC,neutral,0.8884
l6zfzn,GME,neutral,0.8884
l6zfzm,AMC,neutral,0.9438
l6zfzg,GME,negative,0.6295
l6zfzc,GME,negative,0.5958
l6zfyt,AAPL,neutral,0.8600
l6zfyt,GME,neutral,0.8600
l6zfyp,GME,negative,0.6543
l6zfxp,GME,neutral,0.7885
l6zfx0,GME,neutral,0.9179
l6zfws,AMC,neutral,0.7796
l6zfws,GME,neutral,0.7796
l6zfwo,GME,neutral,0.8704
l6zfvu,GME,neutral,0.9335
l6zfv0,AMC,neutral,0.8775
l6zfv0,GME,neutral,0.8775
l6zfuw,AMC,neutral,0.9128
l6zfuw,GME,neutral,0.9128
l6zfut,AMC,neutral,0.6903
l6zfu9,GME,negative,0.7701
l6zfu3,AMC,negative,0.7475
l6zftm,AMC,neutral,0.8195
l6zftd,GME,neutral,0.9477
l6zftb,AMC,neutral,0.6498
l6zft3,GME,neutral,0.9280
l6zfsi,AMC,neutral,0.9364
l6zfsi,GME,neutral,0.9364
l6zfsa,GME,positive,0.5873
l6zfs1,GME,neutral,0.6713
l6zfs0,GME,neutral,0.9030
l6zfr4,AMC,neutral,0.9294
l6zfqx,AMC,neutral,0.5325
l6zfqx,GME,neutral,0.5325
l6zfqq,GME,neutral,0.9041
l6zfqj,AMC,neutral,0.9316
l6zfqj,GME,neutral,0.9316
l6zfp0,AMC,neutral,0.9409
l6zfoj,GME,neutral,0.9348
l6zfog,GME,neutral,0.9147
l6zfo8,GME,neutral,0.8873
l6zfo4,GME,neutral,0.8267
l6zfnv,GME,neutral,0.9055
l6zfnk,GME,neutral,0.8820
l6zfn1,GME,neutral,0.9325
l6zfm3,AMC,neutral,0.9019
l6zflg,AMC,neutral,0.7272
l6zfle,AMC,neutral,0.9138
l6zfl5,GME,neutral,0.8518
l6zfks,AMC,neutral,0.8710
l6zfks,GME,neutral,0.8710
l6zfko,AMC,neutral,0.9028
l6zfjq,GME,negative,0.9040
l6zfjk,GME,negative,0.4780
l6zfjj,GME,neutral,0.6012
l6zfik,GME,neutral,0.9093
l6zfid,AMC,neutral,0.9201
l6zfib,GME,negative,0.7196
l6zfi6,GME,neutral,0.9021
l6zfhe,GME,neutral,0.9037
l6zfh4,GME,neutral,0.8432
l6zfh1,AMC,neutral,0.8382
l6zfgj,AMC,neutral,0.9122
l6zfg4,AMC,neutral,0.8405
l6zfg4,GME,neutral,0.8405
l6zfg1,AMC,neutral,0.8687
l6zffp,AMC,negative,0.8852
l6zffp,GME,negative,0.8852
l6zffi,GME,neutral,0.6922
l6zff9,AMC,neutral,0.8876
l6zff9,GME,neutral,0.8876
l6zff6,GME,neutral,0.5299
l6zfe1,AMC,neutral,0.9134
l6zfe1,GME,neutral,0.9134
l6zfdw,GME,neutral,0.9126
l6zfdt,AMC,neutral,0.9461
l6zfdt,GME,neutral,0.9461
l6zfdm,AMC,neutral,0.9067
l6zfda,GME,neutral,0.8768
l6zfcf,GME,negative,0.5646
l6zfc8,GME,neutral,0.8906
l6zfbx,AMC,neutral,0.4915
l6zfbx,GME,neutral,0.4915
l6zfbv,GME,negative,0.5020
l6zfbb,GME,negative,0.7064
l6zfb7,GME,neutral,0.8979
l6zfb2,GME,neutral,0.4894
l6zfao,GME,negative,0.6323
l6zfai,AMC,neutral,0.9055
l6zfai,GME,neutral,0.9055
l6zfae,AMC,neutral,0.9399
l6zfab,GME,neutral,0.8323
l6zfac,AMC,neutral,0.7133
l6zfac,GME,neutral,0.7133
l6zfa2,AMC,neutral,0.8382
l6zf9c,GME,neutral,0.8383
l6zf97,GME,neutral,0.9252
l6zf94,GME,neutral,0.8661
l6zf93,AMC,positive,0.9158
l6zf8r,GME,neutral,0.9182
l6zf7g,GME,neutral,0.9120
l6zifl,META,neutral,0.8763
l6ziff,GME,neutral,0.9298
l6ziea,AMC,neutral,0.8970
l6zidl,AMC,neutral,0.6949
l6zid0,GME,neutral,0.8445
l6zict,AMC,neutral,0.8926
l6zict,GME,neutral,0.8926
l6zicc,AMZN,negative,0.8164
l6zicc,AAPL,negative,0.8164
l6zic6,GME,neutral,0.9329
l6zibi,AMC,neutral,0.8773
l6zibf,AMC,neutral,0.8718
l6zibe,GME,neutral,0.8879
l6ziao,AMC,neutral,0.5304
l6ziao,GME,neutral,0.5304
l6zia9,GME,neutral,0.9343
l6zia0,GME,neutral,0.8797
l6zi9z,AMC,neutral,0.9436
l6zi9u,GME,negative,0.5155
l6zi9f,GME,negative,0.8483
l6zi8t,AMC,neutral,0.6991
l6zi8a,GME,neutral,0.8254
l6zi89,AMC,negative,0.7825
l6zi7s,GME,neutral,0.9251
l6zi6k,GME,neutral,0.7544
l6zi6e,AMC,neutral,0.8266
l6zi67,GME,neutral,0.5390
l6zi60,AMC,neutral,0.9209
l6zi5x,GME,neutral,0.6540
l6zi5u,GME,negative,0.6866
l6zi5g,GME,negative,0.8822
l6zi4j,GME,neutral,0.8820
l6zj89,GME,neutral,0.8201
l6ziq7,GME,neutral,0.8758
l6zipy,GME,negative,0.7818
l6zipb,GME,neutral,0.9058
l6ziod,AMC,negative,0.5767
l6zio8,AMC,neutral,0.9027
l6zio8,GME,neutral,0.9027
l6zio6,GME,neutral,0.9379
l6zinz,GME,neutral,0.8903
l6zinr,AMC,neutral,0.8918
l6zing,AMC,neutral,0.9444
l6zinf,GME,neutral,0.7208
l6zine,GME,neutral,0.8443
l6zin3,GME,neutral,0.8459
l6zimk,GME,neutral,0.9278
l6zime,GME,negative,0.6396
l6zim5,AMC,neutral,0.9115
l6zim5,GME,neutral,0.9115
l6zily,GME,negative,0.6948
l6zilx,AMC,neutral,0.8553
l6zilx,GME,neutral,0.8553
l6zils,AMC,neutral,0.9017
l6zils,GME,neutral,0.9017
l6zilq,GME,neutral,0.8847
l6zil4,AMC,neutral,0.9485
l6zikw,GME,neutral,0.8248
l6zikh,GME,neutral,0.8955
l6zike,GME,neutral,0.8631
l6zik2,GME,neutral,0.7186
l6zik2,GOOGL,neutral,0.7186
l6zijf,AMC,neutral,0.8247
l6zijf,GME,neutral,0.8247
l6zijb,GME,neutral,0.9143
l6zij4,GME,neutral,0.9221
l6zij5,GME,neutral,0.8600
l6ziix,AMC,neutral,0.7432
l6ziix,GME,neutral,0.7432
l6zii1,AMC,neutral,0.9200
l6zihw,AMC,neutral,0.6605
l6zihw,GME,neutral,0.6605
l6zihe,GME,neutral,0.8223
l6zih4,AMC,negative,0.7962
l6zih4,GME,negative,0.7962
l6zigv,AMC,neutral,0.9002
l6zigu,GME,negative,0.5493
l6zigt,AMC,positive,0.9092
l6zigd,GME,neutral,0.8542
l6zig9,AMC,neutral,0.8807
l6zig9,GME,neutral,0.8807
l6zifm,AMC,negative,0.6476
l6zifm,GME,negative,0.6476
l6zlxc,AMC,negative,0.7664
l6zlxc,GME,negative,0.7664
l6zlwh,AMC,neutral,0.9050
l6zlwh,GME,neutral,0.9050
l6zlvw,AMC,neutral,0.9346
l6zlvq,AMC,neutral,0.9429
l6zlvb,AMC,neutral,0.9073
l6zlva,AMC,neutral,0.8470
l6zluo,AMC,negative,0.8752
l6zlu4,AMC,neutral,0.7409
l6zlu4,GME,neutral,0.7409
l6zltu,AMC,neutral,0.9287
l6zlt8,AMC,neutral,0.6556
l6zlt8,AAPL,neutral,0.6556
l6zlt8,GME,neutral,0.6556
l6zlt0,GME,neutral,0.8157
l6zlsr,GME,neutral,0.6720
l6zlsk,GME,neutral,0.9249
l6zlsg,AMC,neutral,0.7643
l6zlsg,GME,neutral,0.7643
l6zls9,GME,neutral,0.9243
l6zlre,AMC,neutral,0.6773
l6zlre,GME,neutral,0.6773
l6zlr4,AMC,neutral,0.6382
l6zlr4,GME,neutral,0.6382
l6zlqq,AMC,neutral,0.8881
l6zlqq,GME,neutral,0.8881
l6zlqq,TSLA,neutral,0.8881
l6zlqn,AMC,neutral,0.7083
l6zlqf,AMC,neutral,0.9286
l6zlqf,GME,neutral,0.9286
l6zlq0,GME,neutral,0.9332
l6zlpu,GME,neutral,0.7311
l6zlpq,GME,neutral,0.9001
l6zlpn,GME,negative,0.8974
l6zlp7,AMC,neutral,0.9260
l6zlp7,GME,neutral,0.9260
l6zlp6,GME,neutral,0.9490
l6zlp5,GME,neutral,0.8170
l6zlp3,GME,negative,0.4863
l6zlog,GME,neutral,0.9399
l6zlof,AMC,neutral,0.7992
l6zlo8,GME,neutral,0.7127
l6zlnu,AMC,neutral,0.9505
l6zln8,GME,neutral,0.9025
l6zln8,GOOGL,neutral,0.9025
l6zln6,AMC,neutral,0.8210
l6zlmx,AMC,neutral,0.8766
l6zlmo,AMC,neutral,0.8925
l6zlmf,AMC,neutral,0.9404
l6zlm1,GME,neutral,0.9299
l6zlkd,AMC,neutral,0.9074
l6zljq,AMC,neutral,0.7659
l6zljq,GME,neutral,0.7659
l6zlji,AMC,neutral,0.6176
l6zlji,GME,neutral,0.6176
l6zlik,AMC,neutral,0.9237
l6zlik,GME,neutral,0.9237
l6zlih,AMC,neutral,0.8480
l6zlih,GME,neutral,0.8480
l6zli2,GME,neutral,0.8518
l6zlhr,GME,neutral,0.9375
l6zlgq,AMC,neutral,0.8807
l6zlgq,GME,neutral,0.8807
l6zlgj,GME,neutral,0.8878
l6zlfs,GME,positive,0.7716
l6zlfn,GME,neutral,0.9115
l6zlfi,AMC,neutral,0.8698
l6zlf8,AMC,neutral,0.8630
l6zlf8,GME,neutral,0.8630
l6zlei,TSLA,neutral,0.9051
l6zldx,GME,neutral,0.7732
l6zldv,AAPL,neutral,0.8146
l6zldv,GME,neutral,0.8146
l6zldu,GME,neutral,0.9238
l6zldo,AMC,negative,0.7838
l6zldm,GME,neutral,0.9357
l6zld5,GME,neutral,0.9051
l6zlcy,AMC,neutral,0.6700
l6zlcy,GME,neutral,0.6700
l6zlbv,GME,neutral,0.8777
l6zlbs,GME,neutral,0.7274
l6zlbt,AMC,neutral,0.9252
l6zlbt,GME,neutral,0.9252
l6zlbj,GME,neutral,0.8896
l6zlbg,GME,neutral,0.8960
l6zlb6,GME,neutral,0.6217
l6zlb8,GME,neutral,0.9102
l6zlam,GME,positive,0.8621
l6zla9,AMC,neutral,0.9353
l6zla9,GME,neutral,0.9353
l6zl9e,AMC,neutral,0.8924
l6zl94,AMC,neutral,0.9305
l6zl94,GME,neutral,0.9305
l6zl8l,AMC,neutral,0.8833
l6zl8l,GME,neutral,0.8833
l6zl8d,AMC,neutral,0.8212
l6zl8d,GME,neutral,0.8212
l6zl7z,AMC,neutral,0.8614
l6zl7w,GME,neutral,0.8869
l6zl75,AMC,neutral,0.7162
l6zl75,GME,neutral,0.7162
l6zl6p,GME,neutral,0.9286
l6zl6k,AMC,neutral,0.5741
l6zl6k,GME,neutral,0.5741
l6zl5h,GME,negative,0.5347
l6zl50,AMC,negative,0.8117
l6zl50,GME,negative,0.8117
l6zl4l,AMC,neutral,0.9260
l6zl4l,GME,neutral,0.9260
l6zl4i,GME,neutral,0.8512
l6zl3y,AMC,neutral,0.9097
l6zl3t,AMC,neutral,0.8426
l6zl3t,GME,neutral,0.8426
l6zl3f,AMC,neutral,0.9215
l6zl3e,AMC,negative,0.6991
l6zl3e,GME,negative,0.6991
l6zl38,AMC,neutral,0.8478
l6zl31,AMC,negative,0.8485
l6zl31,GME,negative,0.8485
l6zl2y,AMC,negative,0.5227
l6zl2y,GME,negative,0.5227
l6zl2c,GME,neutral,0.7940
l6zl26,GME,neutral,0.8254
l6zl24,GME,neutral,0.8767
l6zl1f,GME,negative,0.9209
l6zl0y,AMC,negative,0.9450
l6zl0y,GME,negative,0.9450
l6zl0h,AMC,neutral,0.7472
l6zl0h,GME,neutral,0.7472
l6zl06,GME,neutral,0.7814
l6zkzp,AMC,neutral,0.8785
l6zkzp,GME,neutral,0.8785
l6zkzj,GME,neutral,0.9223
l6zkzj,GOOGL,neutral,0.9223
l6zkzi,GME,neutral,0.8701
l6zkzg,GME,neutral,0.7070
l6zkz3,GME,neutral,0.8408
l6zkyu,GME,neutral,0.9202
l6zkyd,GME,neutral,0.8778
l6zkyb,GME,neutral,0.8819
l6zkxz,GME,neutral,0.8953
l6zkxy,AMC,neutral,0.9243
l6zkxy,GME,neutral,0.9243
l6zkxp,GME,negative,0.8024
l6zkx6,GME,neutral,0.8615
l6zkws,GME,negative,0.7888
l6zkvx,AMC,positive,0.4983
l6zkv4,AMC,negative,0.5458
l6zkux,GME,neutral,0.8857
l6zkut,AMC,neutral,0.5422
l6zkud,GME,neutral,0.5726
l6zktx,AMC,neutral,0.9265
l6zktt,GME,neutral,0.8974
l6zkto,AMC,neutral,0.8040
l6zksu,AMC,neutral,0.9013
l6zksi,GME,neutral,0.9319
l6zksf,AMC,neutral,0.9259
l6zks3,AMC,neutral,0.8509
l6zks3,GME,neutral,0.8509
l6zks0,GME,neutral,0.7895
l6zkrk,GME,neutral,0.9297
l6zkrg,AMC,neutral,0.7401
l6zkqk,GME,neutral,0.6579
l6zkq9,GME,negative,0.4961
l6zkq1,GME,neutral,0.6748
l6zkq1,TSLA,neutral,0.6748
l6zkpz,GME,negative,0.7751
l6zkpy,GME,neutral,0.9162
l6zkpv,AMC,negative,0.7473
l6zkpr,GME,neutral,0.9184
l6zkpq,AMC,neutral,0.8859
l6zkpq,GME,neutral,0.8859
l6zkpd,GME,neutral,0.8981
l6zkp2,AMC,neutral,0.7539
l6zkp2,GME,neutral,0.7539
l6zkod,AMC,neutral,0.8607
l6zkoc,GME,neutral,0.9137
l6zko1,GME,neutral,0.9220
l6zknz,GME,neutral,0.9033
l6zkny,AMC,neutral,0.9279
l6zkny,GME,neutral,0.9279
l6zknu,AMC,neutral,0.9258
l6zknb,GME,neutral,0.9342
l6zkn7,AMC,neutral,0.8984
l6zkn7,GME,neutral,0.8984
l6zkn5,AMC,neutral,0.8503
l6zkmh,GME,negative,0.6445
l6zkm6,GME,neutral,0.9097
l6zkln,GME,neutral,0.8783
l6zkko,AMC,neutral,0.9325
l6zkj4,AMC,neutral,0.7828
l6zkix,AMC,neutral,0.9131
l6zkiw,META,neutral,0.8725
l6zkiu,GME,neutral,0.8468
l6zkit,AMC,neutral,0.9072
l6zkit,GME,neutral,0.9072
l6zkiq,AMC,neutral,0.9002
l6zkiq,GME,neutral,0.9002
l6zki7,AMC,neutral,0.8222
l6zkht,AMC,neutral,0.8999
l6zkg5,AMC,neutral,0.8971
l6zkfz,AMC,neutral,0.8703
l6zkfp,AMC,neutral,0.8521
l6zkfp,GME,neutral,0.8521
l6zkf2,GME,neutral,0.7139
l6zkew,GME,neutral,0.8063
l6zke6,AMC,neutral,0.6794
l6zkdn,GME,neutral,0.7758
l6zkdk,GME,negative,0.5361
l6zkdh,AMC,neutral,0.4085
l6zkdh,GME,neutral,0.4085
l6zkd5,AMC,neutral,0.7005
l6zkd5,GME,neutral,0.7005
l6zkd4,GME,neutral,0.8053
l6zkcw,AMC,negative,0.9689
l6zkcj,GME,negative,0.8495
l6zkcg,AMC,neutral,0.9052
l6zkcg,GME,neutral,0.9052
l6zkcc,GME,neutral,0.9106
l6zkc8,GME,neutral,0.9202
l6zkc6,AMC,negative,0.5175
l6zkc5,GME,neutral,0.9229
l6zkbp,GME,neutral,0.7156
l6zkbp,GOOGL,neutral,0.7156
l6zkbl,AMC,neutral,0.8686
l6zkbl,GME,neutral,0.8686
l6zkbk,AMC,neutral,0.8108
l6zkbk,GME,neutral,0.8108
l6zkbk,TSLA,neutral,0.8108
l6zkbk,GOOGL,neutral,0.8108
l6zkba,AMC,neutral,0.8983
l6zk9y,AMC,neutral,0.8563
l6zk9y,GME,neutral,0.8563
l6zk9u,AMC,neutral,0.9206
l6zk9h,GME,negative,0.7407
l6zk9g,GME,neutral,0.5870
l6zk9b,GME,negative,0.4826
l6zk96,GME,neutral,0.8928
l6zk7k,AMC,neutral,0.8677
l6zk7d,AMC,neutral,0.9525
l6zk7d,GME,neutral,0.9525
l6zk75,AMC,neutral,0.6190
l6zk75,GME,neutral,0.6190
l6zk71,AMC,neutral,0.9153
l6zk6y,GME,negative,0.7848
l6zk6s,GME,neutral,0.9075
l6zk6j,GME,neutral,0.8236
l6zk6b,GME,neutral,0.8626
l6zk5r,AMC,negative,0.8331
l6zk5r,GME,negative,0.8331
l6zk5q,AMC,neutral,0.9227
l6zk5q,GME,neutral,0.9227
l6zk5c,AAPL,neutral,0.8747
l6zk5a,AMC,neutral,0.9418
l6zk5a,GME,neutral,0.9418
l6zk4i,AMC,neutral,0.9344
l6zk4i,GME,neutral,0.9344
l6zk3k,AMC,neutral,0.9007
l6zk37,GME,neutral,0.9254
l6zk2w,AMC,neutral,0.8398
l6zk2w,GME,neutral,0.8398
l6zk2v,AMC,neutral,0.9082
l6zk2v,GME,neutral,0.9082
l6zk2q,GME,neutral,0.9163
l6zk2h,AMC,neutral,0.9219
l6zk0w,AMC,negative,0.6417
l6zk0c,GME,neutral,0.9136
l6zk0a,AMC,negative,0.8940
l6zk0a,GME,negative,0.8940
l6zk07,AMC,neutral,0.9082
l6zk07,GME,neutral,0.9082
l6zjzx,AMC,neutral,0.8947
l6zjzj,GME,negative,0.7208
l6zjze,GME,neutral,0.9383
l6zjys,GME,neutral,0.9207
l6zjyn,GME,neutral,0.7459
l6zjyf,GME,neutral,0.7655
l6zjy0,GME,neutral,0.7468
l6zjxr,GME,neutral,0.8632
l6zjx3,AMC,neutral,0.8941
l6zjwu,AMC,neutral,0.9430
l6zjwt,TSLA,neutral,0.9458
l6zjw9,AMC,positive,0.8047
l6zjvr,AMC,neutral,0.8354
l6zjvr,GME,neutral,0.8354
l6zjv9,AMC,neutral,0.8300
l6zjtt,GME,negative,0.6632
l6zjtl,AMC,neutral,0.8748
l6zjtl,GME,neutral,0.8748
l6zjta,GME,neutral,0.8903
l6zjt3,GME,neutral,0.8561
l6zjt0,AMC,neutral,0.9212
l6zjsp,AMC,neutral,0.8765
l6zjsp,GME,neutral,0.8765
l6zjs9,GME,neutral,0.6089
l6zjs3,AMC,neutral,0.9489
l6zjs3,GME,neutral,0.9489
l6zjrf,AMC,neutral,0.6540
l6zjr8,GME,neutral,0.7301
l6zjr9,AMC,neutral,0.7332
l6zjr9,GME,neutral,0.7332
l6zjqx,GME,neutral,0.9314
l6zjqw,AMC,neutral,0.4921
l6zjqq,AMC,neutral,0.8154
l6zjqn,AMC,neutral,0.8851
l6zjqn,GME,neutral,0.8851
l6zjqk,GME,negative,0.5553
l6zjq7,AMC,neutral,0.7332
l6zjq7,GME,neutral,0.7332
l6zjq2,AMC,neutral,0.7919
l6zjpy,GME,neutral,0.7512
l6zjq5,AMC,negative,0.5609
l6zjpv,GME,neutral,0.9373
l6zjp6,GME,neutral,0.8333
l6zjoa,AMC,neutral,0.7507
l6zjoa,GME,neutral,0.7507
l6zjnh,GME,neutral,0.9135
l6zjn1,AMC,neutral,0.9047
l6zjmt,AMC,neutral,0.8704
l6zjmt,GME,neutral,0.8704
l6zjmn,GME,neutral,0.9312
l6zjmc,AMC,negative,0.9518
l6zjlr,GME,neutral,0.8777
l6zjlr,TSLA,neutral,0.8777
l6zjlf,GME,negative,0.9344
l6zjl9,GME,neutral,0.9233
l6zjl8,AMC,neutral,0.8374
l6zjl8,GME,neutral,0.8374
l6zjkv,GME,neutral,0.9362
l6zjkm,AMC,negative,0.5126
l6zjkc,GME,neutral,0.9171
l6zjju,AMC,neutral,0.9287
l6zjjo,GME,neutral,0.8213
l6zjjl,GME,positive,0.6929
l6zjjh,GME,neutral,0.9483
l6zjj0,GME,neutral,0.5398
l6zjip,AMC,positive,0.7237
l6zjhw,AMC,neutral,0.8713
l6zjhn,AMC,neutral,0.8681
l6zjhb,AMC,neutral,0.9286
l6zjhb,GME,neutral,0.9286
l6zjh3,AMC,neutral,0.9139
l6zjgv,GME,neutral,0.6862
l6zjgq,AMC,neutral,0.8960
l6zjgq,GME,neutral,0.8960
l6zjgo,AMC,neutral,0.7055
l6zjgi,GME,neutral,0.8141
l6zjge,AMC,neutral,0.9416
l6zjge,GME,neutral,0.9416
l6zjg8,AMC,neutral,0.9530
l6zjg8,GME,neutral,0.9530
l6zjg5,GME,neutral,0.9504
l6zjft,AMC,neutral,0.6985
l6zjfl,GME,neutral,0.8540
l6zjfk,AMC,neutral,0.8935
l6zjen,TSLA,negative,0.6708
l6zjeg,GME,neutral,0.9300
l6zjee,AMC,neutral,0.9263
l6zjee,GME,neutral,0.9263
l6zje8,AMC,neutral,0.8779
l6zje5,GME,neutral,0.9288
l6zjdu,AMC,neutral,0.8540
l6zjdu,GME,neutral,0.8540
l6zjcu,GME,neutral,0.9293
l6zjco,GME,negative,0.6247
l6zjc5,AMC,negative,0.8204
l6zjc5,GME,negative,0.8204
l6zjc2,AMC,neutral,0.8872
l6zjbh,AMC,neutral,0.9076
l6zjbc,AMC,neutral,0.8771
l6zjas,AMC,neutral,0.9167
l6zjaq,GME,neutral,0.9282
l6zj7c,GME,neutral,0.9264
l6zj7b,AMC,neutral,0.9050
l6zj7b,GME,neutral,0.9050
l6zj6z,AMC,neutral,0.4901
l6zj6z,GME,neutral,0.4901
l6zj6w,AMC,neutral,0.9322
l6zj6n,GME,neutral,0.8239
l6zj6o,AMC,neutral,0.9041
l6zj6o,GME,neutral,0.9041
l6zj6i,GME,positive,0.6407
l6zj6e,GME,negative,0.5199
l6zj6d,AMC,neutral,0.9202
l6zj62,GME,neutral,0.8932
l6zj60,GME,neutral,0.8694
l6zj5j,GME,neutral,0.8548
l6zj53,AMC,neutral,0.8974
l6zj4p,AMC,neutral,0.8304
l6zj4h,GME,neutral,0.9047
l6zj3y,AMC,neutral,0.6708
l6zj3v,AMC,neutral,0.9284
l6zj3i,AMC,neutral,0.8884
l6zj3i,GME,neutral,0.8884
l6zj2z,GME,neutral,0.9139
l6zj2r,AMC,neutral,0.8896
l6zj2p,AMC,neutral,0.7682
l6zj25,GME,neutral,0.7789
l6zj1t,GME,neutral,0.9244
l6zj1f,GME,neutral,0.8152
l6zj11,GME,neutral,0.7919
l6zj0v,GME,neutral,0.9245
l6zj0k,AMC,neutral,0.8644
l6zj0h,GME,positive,0.8616
l6zizm,AMC,neutral,0.9462
l6zizm,GME,neutral,0.9462
l6zizi,AMC,neutral,0.9070
l6zizi,GME,neutral,0.9070
l6zizc,GME,neutral,0.9184
l6ziyn,AMC,positive,0.7965
l6zix9,GME,negative,0.8342
l6ziws,AMC,neutral,0.8640
l6ziwo,AMC,neutral,0.9098
l6ziwg,GME,neutral,0.9350
l6ziw8,GME,neutral,0.8888
l6zivx,AMC,neutral,0.5342
l6ziv4,GME,negative,0.7929
l6ziv1,GME,neutral,0.6205
l6zium,GME,neutral,0.8724
l6ziu7,AMC,neutral,0.9391
l6ziu7,GME,neutral,0.9391
l6ziu6,AAPL,negative,0.5262
l6ziu1,GME,neutral,0.5882
l6zitu,GME,neutral,0.9278
l6zito,AMC,neutral,0.8756
l6zit0,AMC,neutral,0.8971
l6zis1,GME,neutral,0.9161
l6zirz,META,neutral,0.9368
l6zirs,AMC,neutral,0.9007
l6zirs,GME,neutral,0.9007
l6zirk,GME,neutral,0.8897
l6zirk,GOOGL,neutral,0.8897
l6zirl,GME,negative,0.5718
l6zir3,GME,neutral,0.8787
l6ziqx,GME,neutral,0.6887
l6ziql,AMC,neutral,0.9109
l6ziqe,AMC,neutral,0.9391
l6ziqe,GME,neutral,0.9391
l6zsln,AMC,neutral,0.8896
l6zsjh,GME,neutral,0.8874
l6zsj6,AMC,neutral,0.7155
l6zsj6,GME,neutral,0.7155
l6zshf,GME,neutral,0.9476
l6zsg9,GME,neutral,0.8317
l6zsfy,GME,neutral,0.9377
l6zsfn,GME,neutral,0.8630
l6zsfd,AMC,neutral,0.7758
l6zsfd,GME,neutral,0.7758
l6zse0,GME,negative,0.5015
l6zscz,AMC,neutral,0.8896
l6zsb9,AMC,neutral,0.8994
l6zs9j,AMC,neutral,0.9096
l6zs9j,GME,neutral,0.9096
l6zs92,AMC,negative,0.5952
l6zs7h,GME,neutral,0.7002
l6zs4v,AMC,negative,0.6665
l6zs38,GME,neutral,0.9319
l6zs31,AMC,neutral,0.8896
l6zs2q,AMC,neutral,0.6573
l6zs2g,AMC,neutral,0.6908
l6zs2g,GME,neutral,0.6908
l6zs2a,AMC,neutral,0.9175
l6zs2a,GME,neutral,0.9175
l6zs1e,GME,neutral,0.9215
l6zs0j,GME,negative,0.8581
l6zrzx,AMC,neutral,0.9028
l6zrzg,GME,neutral,0.7870
l6zrzc,GME,neutral,0.6714
l6zryb,AMC,neutral,0.7701
l6zrxs,GME,neutral,0.7170
l6zrx6,AMC,neutral,0.8061
l6zrwv,AMC,negative,0.7873
l6zrv9,GME,neutral,0.9307
l6zruu,GME,neutral,0.8414
l6zrto,GME,neutral,0.9323
l6zrr1,TSLA,neutral,0.9136
l6zrqn,AMC,neutral,0.8896
l6zrqc,GME,neutral,0.9221
l6zrpf,GME,neutral,0.8520
l6zrpe,AMC,neutral,0.8408
l6zrmh,AMC,neutral,0.9017
l6zrly,AMC,neutral,0.9276
l6zrkl,GME,neutral,0.9150
l6zrk8,AMC,negative,0.7921
l6zrk8,GME,negative,0.7921
l6zrjr,GME,neutral,0.7990
l6zrim,AMC,neutral,0.9135
l6zrim,GME,neutral,0.9135
l6zrhn,AMC,neutral,0.5515
l6zrgg,GME,neutral,0.5515
l6zrfg,GME,neutral,0.8557
l6zrf9,GME,neutral,0.7049
l6zrdm,AMC,neutral,0.8896
l6zrcx,AMC,neutral,0.8547
l6zrbe,GME,neutral,0.8882
l6zras,AMC,neutral,0.5390
l6zr8i,GME,negative,0.5907
l6zr88,GME,neutral,0.7086
l6zr7f,GME,neutral,0.9194
l6zr79,GME,neutral,0.8672
l6zr3r,GME,neutral,0.9215
l6zr1r,GME,neutral,0.8172
l6zr1a,AMC,neutral,0.9210
l6zr1a,GME,neutral,0.9210
l6zr0x,GME,neutral,0.7137
l6zr0u,AMC,neutral,0.5247
l6zr0l,AMC,neutral,0.6958
l6zr0l,GME,neutral,0.6958
l6zr04,AMC,positive,0.8609
l6zr04,GME,positive,0.8609
l6zqzg,GME,neutral,0.9308
l6zqzf,AMC,neutral,0.9251
l6zqzf,GME,neutral,0.9251
l6zqyk,AMC,neutral,0.8896
l6zqy3,GME,negative,0.6926
l6zqwm,AMC,neutral,0.8430
l6zqwm,GME,neutral,0.8430
l6zqw8,AMC,neutral,0.7964
l6zqvh,GME,neutral,0.7945
l6zqux,AMC,neutral,0.7147
l6zqux,GME,neutral,0.7147
l6zquw,AMC,neutral,0.6875
l6zquw,GME,neutral,0.6875
l6zquj,GME,neutral,0.6458
l6zqu5,GME,neutral,0.8413
l6zqtj,AMC,neutral,0.9181
l6zqsc,GME,neutral,0.8861
l6zqs1,AMC,neutral,0.8955
l6zqqd,GME,neutral,0.8887
l6zqq3,GME,neutral,0.6656
l6zqpa,GME,neutral,0.8813
l6zqnr,AMC,neutral,0.6758
l6zqnr,GME,neutral,0.6758
l6zqmp,AMC,neutral,0.6153
l6zqmp,GME,neutral,0.6153
l6zqm9,GME,negative,0.4994
l6zqlv,AMC,neutral,0.8738
l6zqlv,GME,neutral,0.8738
l6zqjr,AMC,neutral,0.7866
l6zqjr,GME,neutral,0.7866
l6zqhv,AMC,neutral,0.9230
l6zqh5,GME,neutral,0.8493
l6zqfh,GME,positive,0.5843
l6zqfg,AMC,neutral,0.9246
l6zqfg,GME,neutral,0.9246
l6zqev,AMC,neutral,0.8996
l6zqev,GME,neutral,0.8996
l6zqen,GME,negative,0.4864
l6zqek,GME,neutral,0.7979
l6zqcz,AMC,neutral,0.8200
l6zqcz,GME,neutral,0.8200
l6zqcs,AMC,neutral,0.7783
l6zqco,GME,neutral,0.9495
l6zqch,AMC,neutral,0.9222
l6zqcg,AMC,neutral,0.9236
l6zqcg,GME,neutral,0.9236
l6zqbw,AMC,negative,0.8339
l6zqbw,GME,negative,0.8339
l6zqbl,AMC,neutral,0.9017
l6zqbl,GME,neutral,0.9017
l6zqa4,GME,neutral,0.6956
l6zq9p,GME,neutral,0.7994
l6zq8n,AMC,neutral,0.9224
l6zq8f,AMC,neutral,0.8354
l6zq8f,GME,neutral,0.8354
l6zq7l,GME,neutral,0.8739
l6zq6u,GME,neutral,0.5281
l6zq6p,AMC,positive,0.8925
l6zq5j,AMC,negative,0.6469
l6zq5j,GME,negative,0.6469
l6zq4j,AMC,neutral,0.6029
l6zq4f,AMC,neutral,0.8809
l6zq2v,AAPL,neutral,0.9164
l6zq0z,AMC,neutral,0.8030
l6zq0z,GME,neutral,0.8030
l6zq03,GME,neutral,0.6157
l6zpzv,GME,neutral,0.9344
l6zpzp,AMC,neutral,0.5865
l6zpzl,GME,neutral,0.9390
l6zpxy,GME,neutral,0.9331
l6zpxl,GME,neutral,0.8763
l6zpx3,AMC,neutral,0.7632
l6zpx3,GME,neutral,0.7632
l6zpun,AMC,neutral,0.8545
l6zpun,GME,neutral,0.8545
l6zpti,AMC,neutral,0.8953
l6zpti,GME,neutral,0.8953
l6zpt7,GME,neutral,0.8486
l6zpsv,GME,neutral,0.9163
l6zppm,GME,neutral,0.9469
l6zpoq,AMC,neutral,0.7337
l6zpoq,GME,neutral,0.7337
l6zpop,AMC,neutral,0.8165
l6zpnp,AMC,neutral,0.9145
l6zpnf,GME,neutral,0.8932
l6zpm2,AMC,neutral,0.8809
l6zplz,AMC,negative,0.3915
l6zplt,AMC,neutral,0.9186
l6zplt,GME,neutral,0.9186
l6zpis,AMC,neutral,0.9241
l6zphy,AMC,neutral,0.7072
l6zphy,GME,neutral,0.7072
l6zphx,AMC,neutral,0.9085
l6zphf,AMC,neutral,0.6677
l6zphf,GME,neutral,0.6677
l6zpes,GME,neutral,0.9000
l6zpdy,GME,positive,0.7548
l6zpci,AMC,neutral,0.7363
l6zpci,GME,neutral,0.7363
l6zp84,GME,neutral,0.5877
l6zp82,GME,neutral,0.7836
l6zp7w,AMC,neutral,0.9346
l6zp7b,AMC,neutral,0.5262
l6zp6j,GME,negative,0.6389
l6zp64,GME,neutral,0.8316
l6zp5f,GME,neutral,0.5166
l6zp3s,AMC,negative,0.5570
l6zp3m,AMC,neutral,0.7827
l6zp3m,GME,neutral,0.7827
l6zp2w,AMC,neutral,0.8336
l6zp2w,GME,neutral,0.8336
l6zp2f,AMC,neutral,0.9105
l6zp2c,AMC,negative,0.7378
l6zp1f,AMC,neutral,0.9089
l6zozi,AMC,neutral,0.8501
l6zoz3,GME,neutral,0.8832
l6zoyw,AMC,neutral,0.9380
l6zoyf,AMC,neutral,0.9117
l6zoxp,AMC,neutral,0.8599
l6zown,AMC,neutral,0.8713
l6zown,GME,neutral,0.8713
l6zov0,GME,positive,0.8976
l6zosp,AMC,neutral,0.7657
l6zoru,GME,neutral,0.9349
l6zoqw,AMC,neutral,0.8542
l6zopq,GME,neutral,0.9042
l6zopo,GME,negative,0.7337
l6zoop,GME,neutral,0.8750
l6zonw,AMC,neutral,0.9211
l6zon6,AMC,neutral,0.8669
l6zon6,GME,neutral,0.8669
l6zoks,AMC,negative,0.6522
l6zokc,GME,neutral,0.5603
l6zojs,GME,negative,0.8156
l6zohq,AMC,positive,0.7970
l6zofl,AMC,neutral,0.7013
l6zofl,GME,neutral,0.7013
l6zocq,GME,neutral,0.6530
l6zobx,AMC,neutral,0.6555
l6zobx,GME,neutral,0.6555
l6zobp,GME,neutral,0.9353
l6zobi,AAPL,neutral,0.6854
l6zobi,GOOGL,neutral,0.6854
l6zoar,GME,negative,0.9353
l6zo94,AMC,neutral,0.8630
l6zo94,GME,neutral,0.8630
l6zo8u,GME,neutral,0.9420
l6zo8i,AMC,neutral,0.9023
l6zo85,GME,neutral,0.5409
l6zo7u,AMC,negative,0.9201
l6zo70,GME,negative,0.6230
l6zo4e,AMC,negative,0.9224
l6zo44,GME,neutral,0.8595
l6zo43,AMC,neutral,0.5936
l6zo43,GME,neutral,0.5936
l6zo3z,AMC,neutral,0.9419
l6zo3z,GME,neutral,0.9419
l6zo2s,AMC,neutral,0.8695
l6zo27,GME,neutral,0.4998
l6zo25,GME,negative,0.5503
l6znxb,AMC,neutral,0.9386
l6znxb,GME,neutral,0.9386
l6znwu,AMC,neutral,0.8815
l6znve,GME,neutral,0.6523
l6znu1,AMC,neutral,0.9278
l6zntl,GME,neutral,0.9262
l6znt3,AMC,neutral,0.9558
l6znt3,GME,neutral,0.9558
l6znsq,AMC,neutral,0.8968
l6znrz,AMC,neutral,0.7904
l6znrs,AMC,neutral,0.8017
l6znrs,GME,neutral,0.8017
l6znqj,AMC,negative,0.8804
l6znqj,GME,negative,0.8804
l6zxmu,AMC,neutral,0.6517
l6zxmu,GME,neutral,0.6517
l6zxm0,AMC,neutral,0.8456
l6zxlh,GME,neutral,0.9159
l6zxlc,AMC,neutral,0.7127
l6zxlc,GME,neutral,0.7127
l6zxl0,GME,neutral,0.8134
l6zxj7,GME,neutral,0.8871
l6zxif,GME,negative,0.6148
l6zxic,AMC,neutral,0.8806
l6zxic,GME,neutral,0.8806
l6zxh3,GME,neutral,0.7600
l6zxfu,GME,negative,0.6132
l6zxfs,AMC,neutral,0.8937
l6zxfs,GME,neutral,0.8937
l6zxfd,GME,negative,0.5346
l6zxf1,AMC,neutral,0.4905
l6zxf1,GME,neutral,0.4905
l6zxdg,AMC,negative,0.6304
l6zxdg,GME,negative,0.6304
l6zxd1,GME,neutral,0.8750
l6zxd0,GME,neutral,0.9410
l6zxb3,GME,neutral,0.8876
l6zx9w,AMC,neutral,0.6999
l6zx83,AMC,neutral,0.8987
l6zx7j,GME,neutral,0.9182
l6zx6q,GME,neutral,0.8853
l6zx5v,AMC,neutral,0.8729
l6zx5v,GME,neutral,0.8729
l6zx5a,GME,neutral,0.5903
l6zx3x,AMC,neutral,0.5534
l6zx3x,GME,neutral,0.5534
l6zx2k,AMC,neutral,0.9038
l6zx2k,GME,neutral,0.9038
l6zx1t,GME,neutral,0.8886
l6zx10,AMC,neutral,0.6760
l6zx0u,AMC,neutral,0.8996
l6zx0p,AMC,negative,0.9341
l6zx02,GME,neutral,0.8183
l6zwyw,AMC,neutral,0.9211
l6zwy1,GME,neutral,0.7305
l6zwxg,GME,neutral,0.9192
l6zwvz,GME,neutral,0.8474
l6zwv6,AMC,negative,0.6802
l6zwux,AMC,neutral,0.7735
l6zwux,GME,neutral,0.7735
l6zwsu,GME,neutral,0.9226
l6zwsp,GME,neutral,0.8988
l6zws5,GME,neutral,0.7182
l6zwql,AMC,neutral,0.6368
l6zwqh,GME,neutral,0.8397
l6zwq4,AMC,neutral,0.9216
l6zwov,AMC,negative,0.9367
l6zwou,GME,neutral,0.8551
l6zwo6,AMC,neutral,0.8205
l6zwo6,GME,neutral,0.8205
l6zwnw,GME,neutral,0.9221
l6zwnq,GME,neutral,0.8560
l6zwmi,GME,negative,0.9483
l6zwld,GME,negative,0.7706
l6zwkd,AMC,negative,0.8994
l6zwkd,GME,negative,0.8994
l6zwjw,GME,neutral,0.8457
l6zwj4,AMC,neutral,0.9303
l6zwj4,GME,neutral,0.9303
l6zwib,GME,neutral,0.8492
l6zwht,GME,neutral,0.7678
l6zwh4,GME,negative,0.9371
l6zwgb,AMC,neutral,0.9184
l6zwgb,GME,neutral,0.9184
l6zwft,GME,negative,0.8760
l6zwdc,GME,negative,0.5779
l6zwcz,AMC,neutral,0.6271
l6zwcz,GME,neutral,0.6271
l6zwcu,AMC,neutral,0.8415
l6zwcu,GME,neutral,0.8415
l6zwcr,AMC,neutral,0.9447
l6zwcr,GME,neutral,0.9447
l6zwcn,GME,neutral,0.8133
l6zwbt,GME,negative,0.9139
l6zwa8,AMC,neutral,0.7431
l6zw9r,GME,negative,0.6644
l6zw9q,AMC,negative,0.9027
l6zw9q,GME,negative,0.9027
l6zw6u,GME,neutral,0.7725
l6zw6g,AMC,neutral,0.9421
l6zw6g,GME,neutral,0.9421
l6zw67,GME,negative,0.7318
l6zw5m,MSFT,neutral,0.8909
l6zw5a,AMC,neutral,0.8487
l6zw41,GME,neutral,0.9106
l6zw0o,GME,neutral,0.9077
l6zvv8,GME,neutral,0.8353
l6zvu7,GME,neutral,0.8298
l6zvu1,AMC,negative,0.6251
l6zvtb,AMC,neutral,0.9394
l6zvtb,GME,neutral,0.9394
l6zvta,AMC,neutral,0.7762
l6zvta,GME,neutral,0.7762
l6zvsq,GME,neutral,0.8852
l6zvsd,GME,neutral,0.8844
l6zvrj,GME,neutral,0.9149
l6zvra,GME,neutral,0.8952
l6zvp2,GME,neutral,0.8846
l6zvov,GME,neutral,0.6908
l6zvoc,AMC,neutral,0.7863
l6zvo6,AMC,neutral,0.7266
l6zvnn,GME,negative,0.7949
l6zvn8,AMC,neutral,0.8038
l6zvn8,GME,neutral,0.8038
l6zvmb,GME,neutral,0.8814
l6zvhu,AMC,neutral,0.5285
l6zvh7,GME,neutral,0.9422
l6zvga,AMC,neutral,0.9109
l6zvg5,AMC,negative,0.9396
l6zvg5,GME,negative,0.9396
l6zvg2,GME,neutral,0.8825
l6zveq,AMC,neutral,0.9254
l6zvcd,AMC,neutral,0.8326
l6zvbg,GME,neutral,0.9216
l6zvau,GME,neutral,0.9167
l6zv9m,GME,negative,0.6942
l6zv92,GME,neutral,0.8204
l6zv8r,GME,neutral,0.8574
l6zv8f,GME,neutral,0.8731
l6zv7z,GME,neutral,0.8902
l6zv7z,NVDA,neutral,0.8902
l6zv7t,AMC,neutral,0.7132
l6zv7c,AMC,neutral,0.8890
l6zv7c,GME,neutral,0.8890
l6zv6o,GME,neutral,0.8334
l6zv6l,AMC,neutral,0.8808
l6zv6l,GME,neutral,0.8808
l6zv5w,GME,neutral,0.7173
l6zv4v,GME,neutral,0.9413
l6zv33,AMC,neutral,0.7219
l6zv33,GME,neutral,0.7219
l6zv2m,AMC,neutral,0.9238
l6zv1z,GME,neutral,0.8509
l6zv1k,GME,neutral,0.7714
l6zuyz,AMC,neutral,0.7468
l6zuyz,GME,neutral,0.7468
l6zuxl,GME,neutral,0.6658
l6zuxd,AMC,neutral,0.8731
l6zuxd,GME,neutral,0.8731
l6zuwg,GME,neutral,0.9012
l6zuwc,AMC,neutral,0.9220
l6zuwc,GME,neutral,0.9220
l6zuvz,AMC,neutral,0.8836
l6zuvz,GME,neutral,0.8836
l6zuvv,AMC,negative,0.8701
l6zuvv,GME,negative,0.8701
l6zut9,AMC,neutral,0.7037
l6zut0,AMC,negative,0.5092
l6zurm,GME,neutral,0.8207
l6zuqu,AMC,negative,0.5972
l6zupo,GME,neutral,0.4554
l6zuka,GME,positive,0.6009
l6zujy,GME,neutral,0.9219
l6zujd,GME,neutral,0.8842
l6zuiz,GME,neutral,0.9057
l6zuhk,GME,neutral,0.5590
l6zugk,AMC,neutral,0.5162
l6zugk,GME,neutral,0.5162
l6zuep,AMC,negative,0.6490
l6zuep,GME,negative,0.6490
l6zuem,GME,neutral,0.8356
l6zudu,GME,neutral,0.7040
l6zudd,GME,neutral,0.9485
l6zud2,GME,neutral,0.8725
l6zucy,GME,negative,0.8527
l6zuay,AMC,neutral,0.8698
l6zuay,GME,neutral,0.8698
l6zua1,AMC,neutral,0.7917
l6zu9y,AMC,negative,0.7830
l6zu8c,AMC,neutral,0.5639
l6zu78,AMC,neutral,0.6379
l6zu78,GME,neutral,0.6379
l6zu53,AMC,neutral,0.9274
l6zt03,GME,neutral,0.8661
l6zu42,GME,neutral,0.8688
l6zu3w,AMC,neutral,0.7419
l6zu2e,AMC,negative,0.6092
l6zu2e,GOOGL,negative,0.6092
l6zu24,AMC,neutral,0.8527
l6zu0a,GME,neutral,0.9095
l6ztxh,GME,negative,0.6669
l6ztxd,AMC,neutral,0.9423
l6ztxd,GME,neutral,0.9423
l6ztx8,GME,neutral,0.6933
l6ztwp,AMC,neutral,0.8646
l6ztwj,GOOGL,negative,0.7129
l6ztw1,AMC,neutral,0.8196
l6ztw1,GME,neutral,0.8196
l6ztvl,AMC,neutral,0.7837
l6ztvl,GME,neutral,0.7837
l6ztun,AMC,neutral,0.5388
l6ztun,GME,neutral,0.5388
l6ztrl,AMC,negative,0.7775
l6ztqw,AMC,neutral,0.8355
l6ztp9,AMC,negative,0.9012
l6ztp9,GME,negative,0.9012
l6ztoz,AMC,neutral,0.5490
l6ztoz,GME,neutral,0.5490
l6ztoj,AMC,negative,0.7968
l6ztj7,AMC,neutral,0.8380
l6ztij,AMC,neutral,0.8380
l6ztgz,GME,positive,0.7378
l6ztgs,GME,neutral,0.8808
l6ztg2,GME,neutral,0.8642
l6ztfa,AAPL,negative,0.7370
l6ztea,AMC,neutral,0.6599
l6ztea,GME,neutral,0.6599
l6zt91,AMC,negative,0.9108
l6zt8p,AMC,negative,0.6917
l6zt7k,AMC,neutral,0.8347
l6zt77,GME,neutral,0.9255
l6zt6l,GME,neutral,0.9247
l6zt68,AMC,neutral,0.8843
l6zt62,AMC,neutral,0.7534
l6zt5x,GME,neutral,0.5925
l6zt4j,AMC,neutral,0.7023
l6zt4g,AMC,negative,0.8280
l6zt4g,GME,negative,0.8280
l6zt3x,AMC,neutral,0.8517
l6zt06,AMC,neutral,0.9148
l6zt06,GME,neutral,0.9148
l6zsxu,GME,neutral,0.8766
l6zsua,GME,neutral,0.9497
l6zsu8,AMC,neutral,0.8149
l6zssp,AMC,neutral,0.8426
l7038k,AMC,neutral,0.6996
l70363,AMC,neutral,0.8104
l70363,GME,neutral,0.8104
l70375,GME,neutral,0.8877
l7034q,AMC,neutral,0.7878
l7034q,GME,neutral,0.7878
l7032i,AMC,neutral,0.9242
l7031l,AMC,neutral,0.9271
l7030l,AMC,neutral,0.8187
l7030l,GME,neutral,0.8187
l702zg,AMC,neutral,0.9194
l702zg,GME,neutral,0.9194
l702y2,AMC,neutral,0.9476
l702y2,GME,neutral,0.9476
l702xo,GME,neutral,0.6912
l702vj,AMC,neutral,0.9171
l702vj,GME,neutral,0.9171
l702v4,GME,neutral,0.9135
l702ul,GME,negative,0.8407
l702sx,AMC,neutral,0.5785
l702sx,GME,neutral,0.5785
l702st,AMC,negative,0.9472
l702st,GME,negative,0.9472
l702sf,GME,negative,0.7233
l702rs,AMC,negative,0.6631
l702rl,GME,neutral,0.6829
l702ri,AMC,neutral,0.8963
l702r1,AMC,neutral,0.9165
l702q6,GME,negative,0.9680
l702q5,GME,negative,0.7736
l702on,AMC,negative,0.9074
l702ol,AMC,positive,0.6109
l702ol,GME,positive,0.6109
l702oh,AMC,neutral,0.8722
l702oh,GME,neutral,0.8722
l702oh,AMZN,neutral,0.8722
l702o5,AMC,neutral,0.5177
l702n1,AMC,neutral,0.5399
l702m4,GME,neutral,0.8555
l702k8,GME,negative,0.6213
l702i8,GME,neutral,0.9222
l702hz,GME,positive,0.6363
l702ho,GME,neutral,0.9150
l702g7,AMC,neutral,0.6922
l702fq,GME,neutral,0.8224
l702fo,GME,neutral,0.9030
l702fc,AMC,negative,0.9201
l702bp,AMC,neutral,0.9263
l702bp,GME,neutral,0.9263
l702ay,AMC,neutral,0.7655
l702ay,GME,neutral,0.7655
l702ar,AMC,neutral,0.8899
l7029g,GME,neutral,0.5084
l7029d,AMC,negative,0.6520
l7027e,AMC,negative,0.5518
l7027e,GME,negative,0.5518
l7026g,AMC,negative,0.5358
l7025o,AMC,negative,0.6291
l7025o,GME,negative,0.6291
l7024v,AMC,positive,0.7682
l70242,GME,negative,0.6535
l70235,GME,negative,0.9187
l7021z,GME,neutral,0.8093
l7021k,AMC,neutral,0.9186
l7021k,GME,neutral,0.9186
l701zs,GME,neutral,0.8871
l701y3,AMC,neutral,0.8254
l701y3,GME,neutral,0.8254
l701xe,GME,negative,0.7924
l701wl,GME,neutral,0.9095
l701w5,AMC,negative,0.8149
l701vg,GME,negative,0.8595
l701u8,GME,neutral,0.9079
l701tc,AMC,neutral,0.8917
l701s8,GME,neutral,0.8523
l701qf,AMC,neutral,0.7196
l701oy,AMC,negative,0.9692
l701oy,GME,negative,0.9692
l701oi,GME,neutral,0.9410
l701mj,AMC,neutral,0.8254
l701lq,AMC,negative,0.9155
l701lq,GME,negative,0.9155
l701l4,GME,neutral,0.9351
l701k4,GME,neutral,0.8178
l701jf,GME,neutral,0.8883
l701hc,AMC,negative,0.7823
l700q0,GME,neutral,0.9381
l701ct,AMC,neutral,0.8521
l701ct,GME,neutral,0.8521
l701c3,GME,neutral,0.6641
l701bv,AMC,neutral,0.7729
l701bv,GME,neutral,0.7729
l701br,GME,negative,0.6609
l701bd,AMC,negative,0.5960
l701an,AMC,neutral,0.9110
l701an,GME,neutral,0.9110
l70185,GME,neutral,0.8602
l7017v,AMC,negative,0.8972
l7017v,GME,negative,0.8972
l7017p,GME,neutral,0.9320
l7017j,GME,negative,0.5616
l70164,GME,neutral,0.9150
l7015t,AMC,neutral,0.6371
l7015t,GME,neutral,0.6371
l7015r,GME,neutral,0.8602
l7015q,AMC,neutral,0.8390
l7015q,GME,neutral,0.8390
l7014w,AMC,neutral,0.7158
l70120,GME,neutral,0.5934
l7010y,AMC,neutral,0.7943
l7010y,GME,neutral,0.7943
l700y8,GME,neutral,0.7078
l700vq,GME,neutral,0.9116
l700vk,GME,neutral,0.7634
l700um,GME,neutral,0.8770
l700sj,AMC,neutral,0.8951
l700sj,GME,neutral,0.8951
l700sd,AMC,negative,0.5078
l700rt,GME,neutral,0.9102
l700rn,GME,neutral,0.8852
l700rb,GME,neutral,0.8717
l700r3,GME,neutral,0.9084
l700py,AMC,neutral,0.8905
l700ps,GME,negative,0.8901
l700ol,AMC,neutral,0.8375
l700nt,GME,neutral,0.9145
l700n3,AMC,neutral,0.5495
l700l3,AMC,neutral,0.9435
l700jz,AMC,neutral,0.7433
l700jz,GME,neutral,0.7433
l700js,AMC,neutral,0.6986
l700js,GME,neutral,0.6986
l700j9,GME,neutral,0.6623
l700i8,GME,neutral,0.9089
l700hx,GME,neutral,0.5796
l700ey,GME,neutral,0.9265
l700ca,GME,neutral,0.9260
l700bs,GME,positive,0.7534
l700aq,AMC,neutral,0.6173
l700aj,GME,neutral,0.9331
l700ae,GME,neutral,0.9063
l70098,AMC,neutral,0.9411
l70098,GME,neutral,0.9411
l7007r,GME,neutral,0.7783
l7006k,AMC,neutral,0.8967
l7006g,GME,neutral,0.5317
l7005q,GME,neutral,0.7055
l7004v,AMC,neutral,0.6745
l7004v,GME,neutral,0.6745
l7001h,GME,negative,0.9338
l7001b,GOOGL,neutral,0.7499
l7000j,GME,neutral,0.9343
l6zzyn,AMC,neutral,0.8829
l6zzyn,GME,neutral,0.8829
l6zzyg,GME,neutral,0.8876
l6zzxv,AMC,neutral,0.8750
l6zzx2,AMC,neutral,0.8125
l6zzvf,AMC,neutral,0.9008
l6zzsp,AMC,neutral,0.8298
l6zzsp,GME,neutral,0.8298
l6zzrj,AMC,neutral,0.8516
l6zzrj,GME,neutral,0.8516
l6zzrh,AMC,neutral,0.8950
l6zzrh,GME,neutral,0.8950
l6zzqi,AMC,neutral,0.7502
l6zzqi,GME,neutral,0.7502
l6zzpa,GME,negative,0.5981
l6zzmz,GME,neutral,0.6256
l6zzlr,AMC,neutral,0.5440
l6zzkx,AMC,neutral,0.7463
l6zzje,GME,neutral,0.9421
l6zzj3,GME,neutral,0.5400
l6zziw,GME,neutral,0.6120
l6zziv,AMC,neutral,0.8981
l6zzih,GME,neutral,0.9225
l6zzh5,AMC,negative,0.9485
l6zzfr,GME,neutral,0.9212
l6zzer,GME,neutral,0.6539
l6zzcc,AMC,neutral,0.7573
l6zzcc,GME,neutral,0.7573
l6zzbs,AMC,neutral,0.8456
l6zzbs,GME,neutral,0.8456
l6zzay,AMC,neutral,0.6522
l6zzay,GME,neutral,0.6522
l6zza5,GME,neutral,0.8951
l6zz84,GME,neutral,0.8940
l6zz7z,GME,neutral,0.8985
l6zz6l,GME,neutral,0.9206
l6zz2u,GME,neutral,0.6994
l6zz2m,AMC,neutral,0.7770
l6zz2m,GME,neutral,0.7770
l6zz2b,GME,neutral,0.6470
l6zz26,GME,neutral,0.8549
l6zz22,AMC,neutral,0.5797
l6zz20,GME,neutral,0.9170
l6zz1n,GME,neutral,0.9436
l6zz1l,AMC,neutral,0.6297
l6zz1l,GME,neutral,0.6297
l6zz18,GME,neutral,0.9228
l6zyzp,GME,negative,0.9309
l6zyzf,GME,neutral,0.7502
l6zyz7,AMC,negative,0.6754
l6zyz7,GME,negative,0.6754
l6zyyh,GME,neutral,0.9111
l6zyxk,AMC,neutral,0.4926
l6zyx0,GME,neutral,0.8666
l6zywa,GME,neutral,0.9379
l6zyvn,AMC,neutral,0.9413
l6zyun,AMC,neutral,0.8830
l6zyta,AMC,neutral,0.7901
l6zysn,AMC,neutral,0.7146
l6zysn,GME,neutral,0.7146
l6zyrs,GME,neutral,0.5088
l6zyrq,GME,neutral,0.9099
l6zyqk,GME,neutral,0.9199
l6zyqe,GME,negative,0.9403
l6zyp4,AMC,neutral,0.9359
l6zyp4,GME,neutral,0.9359
l6zyo3,AMC,neutral,0.9073
l6zyn9,GME,neutral,0.5152
l6zyms,AMC,neutral,0.8748
l6zyln,GME,neutral,0.8464
l6zyjq,GME,neutral,0.7986
l6zyjh,GME,neutral,0.8991
l6zyjf,AMC,neutral,0.5476
l6zyho,AMC,negative,0.8083
l6zyho,GME,negative,0.8083
l6zyfo,GME,neutral,0.7599
l6zyf1,GME,negative,0.6812
l6zyez,AMC,neutral,0.8363
l6zyd6,AMC,neutral,0.8729
l6zy7l,GME,neutral,0.8400
l6zy74,AAPL,neutral,0.5160
l6zy70,AMC,neutral,0.8685
l6zy70,GME,neutral,0.8685
l6zy33,AMC,positive,0.7487
l6zy1z,GME,neutral,0.7705
l6zy1i,GME,neutral,0.9122
l6zy0a,GME,neutral,0.7876
l6zxyw,GME,neutral,0.8464
l6zxyp,AMC,negative,0.7289
l6zxyp,GME,negative,0.7289
l6zxvu,GME,neutral,0.9303
l6zxv0,AMC,neutral,0.9137
l6zxv0,GME,neutral,0.9137
l6zxu8,AMC,neutral,0.8435
l6zxu8,GME,neutral,0.8435
l6zxtx,AMC,negative,0.5942
l6zxtx,GME,negative,0.5942
l6zxti,GME,neutral,0.8068
l6zxsf,AMC,neutral,0.8464
l6zxsf,GME,neutral,0.8464
l6zxsf,TSLA,neutral,0.8464
l6zxry,GME,neutral,0.6871
l6zxr2,AMC,neutral,0.9262
l6zxqq,AMC,neutral,0.9174
l6zxqq,GME,neutral,0.9174
l6zxqd,GME,neutral,0.6674
l6zxq6,GME,neutral,0.9212
l6zxpg,AMC,neutral,0.8737
l6zxpg,GME,neutral,0.8737
l6zxnz,AAPL,neutral,0.9196
l708fu,AMC,neutral,0.8967
l708fu,GME,neutral,0.8967
l708fo,AMC,neutral,0.9359
l708fe,AMC,neutral,0.8709
l708e5,GME,negative,0.6051
l708dz,GME,neutral,0.7758
l708cl,AMC,neutral,0.4978
l708c9,AMC,neutral,0.8255
l708c9,GME,neutral,0.8255
l708c3,AMC,neutral,0.9028
l708bp,GME,neutral,0.6496
l708bf,GME,neutral,0.9213
l7089i,AMC,neutral,0.8318
l7089i,GME,neutral,0.8318
l7088d,AMC,neutral,0.9219
l7088d,GME,neutral,0.9219
l70864,AMC,neutral,0.8501
l70864,GME,neutral,0.8501
l7085u,GOOGL,negative,0.7129
l7084i,GME,neutral,0.9046
l70844,AMC,neutral,0.9150
l70844,GME,neutral,0.9150
l70841,AMC,neutral,0.8602
l7083r,AMC,neutral,0.7145
l7083q,AMC,negative,0.4805
l7081f,GME,positive,0.5206
l707y8,AMC,neutral,0.8989
l707y8,GME,neutral,0.8989
l707xm,AMC,neutral,0.9340
l707xm,GME,neutral,0.9340
l707wl,GME,neutral,0.9359
l707uo,AMC,neutral,0.9058
l707u2,AMC,negative,0.5360
l707u2,GME,negative,0.5360
l707sp,GME,neutral,0.6193
l707sj,AMC,neutral,0.9130
l707rq,AMC,neutral,0.7340
l707rl,GME,neutral,0.7323
l707qw,GME,negative,0.5715
l707pu,AMC,negative,0.7971
l707pu,AMZN,negative,0.7971
l707pk,GME,neutral,0.9310
l707p2,GME,neutral,0.8944
l707nm,AMC,neutral,0.5768
l707ng,GME,neutral,0.9302
l707ne,GME,neutral,0.6934
l707mv,AMC,neutral,0.8470
l707mk,AMC,negative,0.7361
l707ls,AAPL,neutral,0.8321
l707ls,GME,neutral,0.8321
l707ki,AMC,neutral,0.7512
l707ki,GME,neutral,0.7512
l707hq,AAPL,neutral,0.9067
l707hl,GME,neutral,0.8648
l707gm,AMC,negative,0.8886
l707gb,AMC,neutral,0.9217
l707g7,GME,neutral,0.9320
l707ft,GME,neutral,0.6988
l707fm,AMC,neutral,0.5789
l707fm,GME,neutral,0.5789
l707fa,AMC,positive,0.9199
l707c9,GME,positive,0.9009
l707bo,AMC,neutral,0.8023
l707at,AMC,positive,0.6807
l707at,GME,positive,0.6807
l707ab,AMC,neutral,0.8566
l7078n,AMC,neutral,0.9433
l7077p,GME,neutral,0.8228
l7076c,AMC,neutral,0.8682
l7076c,GME,neutral,0.8682
l7075z,GME,negative,0.7037
l7072u,AMC,neutral,0.9034
l7072s,AMC,neutral,0.9209
l7072s,GME,neutral,0.9209
l7072m,AMC,neutral,0.9075
l70723,GME,neutral,0.5638
l70720,GME,neutral,0.6295
l7071h,GME,neutral,0.9408
l706zr,GME,neutral,0.9217
l706z0,GME,neutral,0.8836
l706x2,AMC,negative,0.6948
l706x2,GME,negative,0.6948
l706sg,GME,positive,0.6513
l706s0,AMC,neutral,0.6097
l706s0,GME,neutral,0.6097
l706pu,GME,negative,0.7339
l706pt,GME,neutral,0.9081
l706ou,AMC,negative,0.5688
l706oa,GME,neutral,0.8394
l706lh,AMC,neutral,0.9051
l706lh,GME,neutral,0.9051
l706kr,AMC,negative,0.9233
l706kr,GME,negative,0.9233
l706k0,GME,negative,0.5020
l706jq,GME,negative,0.7361
l706j7,TSLA,neutral,0.7369
l706j3,AMC,neutral,0.8029
l706ho,GME,positive,0.7552
l706h7,GME,neutral,0.5586
l706di,GME,neutral,0.9160
l706az,AMC,neutral,0.8321
l7069u,AMC,negative,0.9114
l7069u,GME,negative,0.9114
l70697,AMC,neutral,0.8756
l70697,GME,neutral,0.8756
l7066i,AMC,neutral,0.9013
l70663,AMC,neutral,0.5062
l70663,GME,neutral,0.5062
l7065y,AMC,positive,0.5033
l7065y,GME,positive,0.5033
l7065n,AMC,negative,0.8063
l7065n,GME,negative,0.8063
l70654,AMC,neutral,0.8902
l7063h,GME,neutral,0.9156
l7062a,GME,neutral,0.6495
l70612,GME,neutral,0.9277
l7060x,GME,neutral,0.8636
l7060d,AMC,neutral,0.9387
l7060d,GME,neutral,0.9387
l705zf,AMC,negative,0.5463
l705zg,AMC,neutral,0.8877
l705zg,GME,neutral,0.8877
l705zc,AMC,neutral,0.8998
l705zc,GME,neutral,0.8998
l705yz,GME,neutral,0.8619
l705yc,GME,negative,0.5056
l705y1,GME,neutral,0.8989
l705x0,AMC,negative,0.5031
l705x0,GME,negative,0.5031
l705wd,AMC,neutral,0.9011
l705wd,GME,neutral,0.9011
l705vx,AMC,neutral,0.8457
l705vx,GME,neutral,0.8457
l705vk,GME,neutral,0.9011
l705v7,GME,negative,0.4953
l705un,GME,negative,0.8376
l705ph,AMC,neutral,0.9190
l705oe,AMC,neutral,0.7890
l705oe,GME,neutral,0.7890
l705nv,AMC,neutral,0.7366
l705nv,GME,neutral,0.7366
l705ns,GME,neutral,0.8313
l705nb,AMC,neutral,0.9221
l705nb,GME,neutral,0.9221
l705md,GME,neutral,0.7927
l705ke,GME,neutral,0.6516
l705jn,AMC,neutral,0.7254
l705j8,AMC,negative,0.6232
l705j1,AMC,neutral,0.9130
l705j1,GME,neutral,0.9130
l705i1,GME,negative,0.6387
l705hk,AMC,neutral,0.9057
l705f6,GME,neutral,0.9175
l705at,GME,negative,0.5178
l705a8,GME,negative,0.8087
l7059b,GME,neutral,0.8836
l705ao,AMC,negative,0.7827
l70585,GME,negative,0.8063
l7057t,GME,neutral,0.8994
l70578,GME,neutral,0.9083
l70569,GME,neutral,0.8916
l70559,AAPL,neutral,0.6719
l70559,GME,neutral,0.6719
l7054j,GME,negative,0.7625
l7053l,GME,neutral,0.9090
l70519,GME,negative,0.8389
l704xu,AMC,neutral,0.8119
l704xu,GME,neutral,0.8119
l704xk,GME,neutral,0.9265
l704wu,AMC,negative,0.9283
l704wc,GME,negative,0.5054
l704vk,AMC,neutral,0.7677
l704tn,GME,neutral,0.6616
l704pk,GME,neutral,0.8579
l704od,AMC,neutral,0.8547
l704l1,GME,neutral,0.8852
l704kt,AMC,neutral,0.8499
l704k3,GME,neutral,0.7940
l704ip,GME,neutral,0.9226
l704i6,GME,neutral,0.8881
l704i0,AMC,neutral,0.6693
l704gz,GME,negative,0.6193
l704gg,GME,neutral,0.7313
l704gf,AMC,neutral,0.9176
l704fw,GME,neutral,0.8103
l704cz,GME,negative,0.9295
l704cq,GME,negative,0.5945
l704cj,AMC,neutral,0.9000
l704c4,AMC,neutral,0.7821
l704c4,GME,neutral,0.7821
l704bf,AMC,neutral,0.5875
l704bf,GME,neutral,0.5875
l704az,GME,negative,0.8470
l7046j,AMC,neutral,0.9441
l7046j,GME,neutral,0.9441
l7045k,GME,neutral,0.7638
l7044p,GME,negative,0.9529
l7044g,AAPL,neutral,0.8348
l7044g,GOOGL,neutral,0.8348
l7042x,GME,neutral,0.6244
l7042t,AMC,neutral,0.6859
l7040v,AMC,neutral,0.8678
l703zs,GME,neutral,0.8380
l703zh,GME,neutral,0.5244
l703xt,AMC,negative,0.8298
l703wl,GME,negative,0.6130
l703wh,AMC,neutral,0.6457
l703w9,GME,neutral,0.9197
l703ur,AAPL,negative,0.9158
l703tu,AMC,neutral,0.8715
l703tu,GME,neutral,0.8715
l703of,GME,neutral,0.8061
l703o5,GME,neutral,0.7264
l703mu,GME,neutral,0.7692
l703mm,AMC,neutral,0.8694
l703mm,GME,neutral,0.8694
l703lo,GME,neutral,0.7608
l703k0,GME,neutral,0.9030
l703i6,GME,neutral,0.8362
l703jm,AMC,neutral,0.8769
l703jm,GME,neutral,0.8769
l703gx,GME,neutral,0.5558
l703gh,AMC,neutral,0.8485
l703gh,GME,neutral,0.8485
l703bb,GME,neutral,0.8298
l7038n,AMC,neutral,0.7624
l7038g,GME,neutral,0.8914
l7036p,GME,neutral,0.8027
l7036d,AMC,neutral,0.8422
l7036d,GME,neutral,0.8422
l70daq,GME,neutral,0.8867
l70dab,AMC,negative,0.6434
l70d4x,AMC,negative,0.9543
l70d35,AMC,neutral,0.9132
l70d33,GME,neutral,0.6973
l70d22,AMC,neutral,0.7790
l70d19,GME,neutral,0.8372
l70d14,GME,neutral,0.9046
l70d13,AMC,neutral,0.8613
l70d13,GME,neutral,0.8613
l70d0b,NVDA,neutral,0.8815
l70czi,GME,neutral,0.9012
l70cyn,GME,neutral,0.6763
l70cy5,GME,neutral,0.8848
l70cwn,AMC,neutral,0.7247
l70cwn,GME,neutral,0.7247
l70cu5,GME,neutral,0.7974
l70csv,AMC,neutral,0.7299
l70csv,GME,neutral,0.7299
l70csm,AMC,neutral,0.8611
l70csm,GME,neutral,0.8611
l70crx,GME,neutral,0.9411
l70crs,AMC,negative,0.7271
l70crs,GME,negative,0.7271
l70cq9,AMC,negative,0.8764
l70cq9,GME,negative,0.8764
l70cp5,GME,neutral,0.5066
l70cmp,AMC,neutral,0.8801
l70cmp,GME,neutral,0.8801
l70cmp,AMZN,neutral,0.8801
l70cmm,AMC,neutral,0.9177
l70cmm,GME,neutral,0.9177
l70ckw,GME,neutral,0.8790
l70cj3,GME,neutral,0.5997
l70ci8,GME,neutral,0.9088
l70chm,GME,neutral,0.8623
l70cgk,AMC,neutral,0.8783
l70cgk,GME,neutral,0.8783
l70cf9,AMC,neutral,0.9287
l70cdw,AMC,negative,0.5411
l70cdw,GME,negative,0.5411
l70ccm,GME,neutral,0.9228
l70ccf,GME,negative,0.6830
l70cbv,AMC,neutral,0.8898
l70c90,AMC,negative,0.6681
l70c6h,GME,negative,0.6571
l70c65,GME,neutral,0.8372
l70c5l,AMC,neutral,0.8685
l70c5l,GME,neutral,0.8685
l70c59,AMC,neutral,0.7559
l70c42,AMC,neutral,0.8724
l70c2z,AMC,neutral,0.9432
l70c2z,GME,neutral,0.9432
l70c1u,GME,neutral,0.7633
l70c07,AMC,negative,0.6433
l70byi,GME,neutral,0.9045
l70by5,GME,neutral,0.6466
l70bxu,AMC,neutral,0.8542
l70bxu,GME,neutral,0.8542
l70bx3,AMC,negative,0.5198
l70bva,AMC,neutral,0.7203
l70bva,GME,neutral,0.7203
l70btn,GME,neutral,0.8783
l70bst,GME,neutral,0.7405
l70bsf,GME,neutral,0.9078
l70bqz,GME,neutral,0.9332
l70bq1,GME,neutral,0.9197
l70bpy,GME,neutral,0.7250
l70bn9,GME,negative,0.6152
l70bmp,GME,neutral,0.9172
l70bmb,GME,negative,0.7339
l70bly,AMC,neutral,0.9232
l70blp,GME,neutral,0.6259
l70bjl,GME,neutral,0.6282
l70bj0,GME,negative,0.5579
l70bif,AMC,neutral,0.5341
l70bh3,GME,neutral,0.8931
l70bd2,AMC,negative,0.5007
l70bd0,AMC,neutral,0.8600
l70bd0,GME,neutral,0.8600
l70baq,GME,neutral,0.8194
l70bap,GME,negative,0.6079
l70b96,AMC,neutral,0.9282
l70b96,GME,neutral,0.9282
l70b8o,GME,negative,0.8534
l70b5c,AMC,negative,0.8428
l70b5c,GME,negative,0.8428
l70b2v,GME,neutral,0.8765
l70b2f,GME,neutral,0.8960
l70b18,AMC,neutral,0.7088
l70b16,GME,neutral,0.8285
l70azx,AMC,negative,0.7721
l70azx,GME,negative,0.7721
l70azs,AMC,negative,0.6171
l70azs,GME,negative,0.6171
l70ayb,GME,neutral,0.8845
l70av8,AMC,neutral,0.7623
l70av8,GME,neutral,0.7623
l70as3,GME,neutral,0.8266
l70aog,GME,neutral,0.8618
l70aoe,AMC,neutral,0.8735
l70ala,AMC,neutral,0.6665
l70ala,GME,neutral,0.6665
l70al6,GME,neutral,0.8161
l70akg,GME,neutral,0.8531
l70ajj,GME,neutral,0.8953
l70ajg,AMC,negative,0.9268
l70ajg,GME,negative,0.9268
l70afd,AMC,neutral,0.9201
l70afd,GME,neutral,0.9201
l70aev,GME,neutral,0.8739
l70aeg,AMC,neutral,0.4930
l70aeg,GME,neutral,0.4930
l70aeb,GME,negative,0.5315
l70ae9,AMC,neutral,0.8935
l70ae9,GME,neutral,0.8935
l70ae1,AMC,negative,0.6509
l70ae1,GME,negative,0.6509
l70ada,GME,negative,0.6518
l70abw,GME,negative,0.8853
l70aan,AMC,neutral,0.8099
l70aan,GME,neutral,0.8099
l70aab,AMC,neutral,0.7135
l70aab,GME,neutral,0.7135
l70a63,GME,neutral,0.8223
l70a61,AMC,neutral,0.8985
l70a61,GME,neutral,0.8985
l70a56,GME,neutral,0.9149
l70a4h,AMC,neutral,0.9330
l70a4f,GME,neutral,0.9216
l70a47,GME,neutral,0.9245
l70a44,GME,neutral,0.7802
l70a3v,GME,neutral,0.8475
l70a3s,AMC,neutral,0.9265
l70a2u,GME,neutral,0.8699
l70a23,GME,neutral,0.4978
l70a20,AMC,neutral,0.7681
l70a20,GME,neutral,0.7681
l70a1b,GME,neutral,0.9180
l70a15,AMC,neutral,0.9392
l70a15,GME,neutral,0.9392
l709z9,GME,negative,0.8029
l709y8,GME,neutral,0.9133
l709wk,GME,neutral,0.9463
l709wb,AMC,neutral,0.8290
l709wb,GME,neutral,0.8290
l709vh,AMC,neutral,0.6177
l709va,AMC,neutral,0.8768
l709va,GME,neutral,0.8768
l709uq,GME,negative,0.6140
l709ul,AMC,neutral,0.5706
l709uk,AMC,neutral,0.7956
l709uk,GME,neutral,0.7956
l709ua,AMC,negative,0.7284
l709ua,GME,negative,0.7284
l709tw,GME,neutral,0.9038
l709sy,GME,neutral,0.7588
l709st,GME,negative,0.7117
l709sf,GME,neutral,0.8146
l709p9,GME,neutral,0.6585
l709lo,GME,neutral,0.7565
l709l4,GME,neutral,0.7873
l709jv,GME,neutral,0.6517
l709jb,AMC,neutral,0.8579
l709go,GME,neutral,0.9254
l709gk,AMC,neutral,0.8059
l709gk,GME,neutral,0.8059
l709fy,AMC,negative,0.7963
l709fg,AMC,neutral,0.8973
l709fe,AMC,neutral,0.4864
l709fe,GME,neutral,0.4864
l709dr,AMC,neutral,0.9119
l709dr,GME,neutral,0.9119
l709dh,AMC,negative,0.4781
l709ac,GME,neutral,0.9214
l7097r,AMC,neutral,0.7952
l70974,GME,neutral,0.6461
l7095f,AMC,neutral,0.9339
l7094p,GME,negative,0.8056
l70940,GME,neutral,0.9260
l70932,AMC,neutral,0.6904
l70926,GME,neutral,0.8642
l70921,GME,neutral,0.9223
l7090i,GME,negative,0.6554
l708zx,GME,neutral,0.8956
l708xx,GME,neutral,0.8665
l708xu,AMC,negative,0.4752
l708xd,AMC,neutral,0.7575
l708wl,AMC,neutral,0.7620
l708ui,GME,neutral,0.5483
l708s7,AMC,negative,0.8073
l708s7,GME,negative,0.8073
l708rz,GME,neutral,0.6863
l708pb,GME,neutral,0.5285
l708os,AMC,neutral,0.7970
l708om,GME,negative,0.8924
l708q5,GME,neutral,0.9350
l708mk,GME,neutral,0.8177
l708lq,GME,neutral,0.8624
l708kl,AMC,neutral,0.9451
l708kl,GME,neutral,0.9451
l708kf,AMC,neutral,0.9381
l708kf,GME,neutral,0.9381
l708k3,GME,neutral,0.7993
l708jt,AMC,negative,0.6356
l708jp,AAPL,neutral,0.6678
l708jh,GME,neutral,0.5841
l708hs,AMC,neutral,0.6852
l708hs,GME,neutral,0.6852
l708ge,AMC,negative,0.5400
l708ge,GME,negative,0.5400
l70i7t,GME,neutral,0.9354
l70i62,GME,neutral,0.9010
l70i50,AMC,neutral,0.6486
l70i50,GME,neutral,0.6486
l70i4g,GME,neutral,0.9179
l70i4f,GME,neutral,0.8908
l70i3s,GME,neutral,0.8281
l70i1x,AMC,neutral,0.8414
l70i1x,GME,neutral,0.8414
l70i18,GME,neutral,0.8303
l70hze,AMC,neutral,0.9477
l70hy9,GME,neutral,0.9271
l70hx8,AMC,negative,0.8839
l70hwu,GME,neutral,0.5250
l70hwc,AMC,neutral,0.8131
l70hwc,GME,neutral,0.8131
l70hqb,AMC,neutral,0.9162
l70h1u,AMC,neutral,0.7436
l70h1u,GME,neutral,0.7436
l70gz2,AMC,neutral,0.8928
l70gy1,GME,neutral,0.6407
l70gxv,GME,neutral,0.9209
l70gwx,AMC,neutral,0.8452
l70gwx,GME,neutral,0.8452
l70gwn,GME,negative,0.7271
l70gvj,GME,neutral,0.8044
l70gu0,GME,negative,0.5126
l70gr5,GME,neutral,0.9370
l70gpb,GME,neutral,0.8502
l70gne,GME,neutral,0.8744
l70gm9,GME,neutral,0.9226
l70gm8,AMC,neutral,0.8503
l70gm8,GME,neutral,0.8503
l70gm4,GME,neutral,0.8881
l70glp,AMC,neutral,0.7214
l70glp,GME,neutral,0.7214
l70gkd,GME,negative,0.4996
l70gk5,AMC,neutral,0.8959
l70gj1,AMC,negative,0.7603
l70gih,AMC,neutral,0.6882
l70ghx,AMC,neutral,0.8614
l70ghu,GME,neutral,0.7312
l70ggh,AMC,neutral,0.9302
l70ggh,GME,neutral,0.9302
l70gfr,AMC,neutral,0.8928
l70gcr,GME,neutral,0.9301
l70gbm,GME,neutral,0.6014
l70gbj,GME,neutral,0.9013
l70gax,AMC,neutral,0.5997
l70gax,GME,neutral,0.5997
l70g9a,AMC,negative,0.6169
l70g9a,GME,negative,0.6169
l70g8a,GME,neutral,0.9341
l70g6z,GME,neutral,0.9466
l70g6p,AMC,negative,0.5673
l70g6a,GME,neutral,0.5391
l70g5y,AAPL,neutral,0.8119
l70g40,AMC,neutral,0.8296
l70g36,AMC,neutral,0.8221
l70g36,GME,neutral,0.8221
l70g2m,GME,neutral,0.9202
l70fzw,GME,neutral,0.7243
l70fy2,GME,neutral,0.9001
l70fxy,GME,neutral,0.9051
l70fx4,AMC,negative,0.5090
l70fx4,NFLX,negative,0.5090
l70fx3,GME,negative,0.7554
l70fwp,GME,neutral,0.8021
l70fw9,GME,neutral,0.7458
l70fux,GME,neutral,0.9114
l70fuf,GME,neutral,0.6456
l70fua,AMC,neutral,0.9079
l70ftm,GME,neutral,0.8920
l70ft7,GME,neutral,0.8129
l70fsh,AMC,neutral,0.9263
l70fsh,GME,neutral,0.9263
l70frq,AMC,negative,0.6688
l70fr3,AMC,neutral,0.6115
l70fr3,GME,neutral,0.6115
l70fqi,AMC,neutral,0.7727
l70fqi,GME,neutral,0.7727
l70fpn,GME,neutral,0.9212
l70fob,AMC,neutral,0.9453
l70fob,GME,neutral,0.9453
l70fmk,GME,negative,0.8363
l70fmd,GME,neutral,0.5968
l70fkz,AMC,negative,0.6736
l70fkz,GME,negative,0.6736
l70fk2,GME,neutral,0.7211
l70fjz,GME,neutral,0.8733
l70fh5,GME,neutral,0.8784
l70fg8,AMC,neutral,0.9209
l70fbx,AMC,neutral,0.8796
l70fbd,GME,negative,0.9062
l70f88,META,negative,0.5843
l70f7s,GME,neutral,0.6588
l70f5l,GME,neutral,0.5277
l70f5j,AMC,neutral,0.7497
l70f58,GME,negative,0.5495
l70f4n,GME,neutral,0.7338
l70f2r,AMC,neutral,0.8769
l70f3h,GME,neutral,0.8227
l70f1i,GME,neutral,0.8361
l70f15,GME,neutral,0.9333
l70f14,GME,neutral,0.8787
l70f0i,AMC,neutral,0.8189
l70f0i,GME,neutral,0.8189
l70eyn,GME,neutral,0.8997
l70ey8,AMC,neutral,0.8150
l70ey8,GME,neutral,0.8150
l70ex8,AMC,neutral,0.8189
l70ex8,GME,neutral,0.8189
l70evl,AMC,neutral,0.9137
l70evl,GME,neutral,0.9137
l70euu,GME,negative,0.7845
l70eui,GME,neutral,0.8810
l70eu6,GME,neutral,0.8712
l70et6,GME,neutral,0.7934
l70ern,GME,negative,0.4862
l70eqw,AMC,negative,0.6711
l70e2w,AMC,neutral,0.8826
l70e2w,GME,neutral,0.8826
l70en0,GME,neutral,0.9118
l70em6,AMC,neutral,0.5238
l70em6,GME,neutral,0.5238
l70em2,AMC,neutral,0.9112
l70em2,GME,neutral,0.9112
l70ehp,AMC,neutral,0.8840
l70egl,AMC,neutral,0.8790
l70egl,GME,neutral,0.8790
l70efl,GME,neutral,0.9399
l70efh,AMC,neutral,0.8981
l70efh,GME,neutral,0.8981
l70eeb,GME,negative,0.7839
l70edj,AMC,neutral,0.5404
l70edj,GME,neutral,0.5404
l70edi,GME,positive,0.6618
l70ebk,GME,negative,0.6984
l70eba,GME,neutral,0.8741
l70e9d,AMC,neutral,0.9399
l70e95,GME,neutral,0.9304
l70e8a,GME,negative,0.6871
l70e74,AMC,neutral,0.5566
l70e6w,AMC,neutral,0.7633
l70e6w,GME,neutral,0.7633
l70e6i,AMC,neutral,0.8912
l70e62,GME,neutral,0.9041
l70e5e,GME,neutral,0.9290
l70e4a,AMC,neutral,0.9446
l70e4a,GME,neutral,0.9446
l70e38,GME,neutral,0.7884
l70e2y,GME,negative,0.8684
l70e1l,GME,neutral,0.8953
l70e03,AMC,neutral,0.8997
l70e03,GME,neutral,0.8997
l70dz6,AMC,neutral,0.6830
l70dwe,AMC,positive,0.6045
l70dwb,AMC,neutral,0.9147
l70dtj,AMC,neutral,0.6324
l70dtj,GME,neutral,0.6324
l70dst,AMC,neutral,0.6376
l70dst,GME,neutral,0.6376
l70dsp,GME,negative,0.6912
l70dso,AMC,neutral,0.8568
l70dsa,GME,neutral,0.6124
l70ds4,GME,neutral,0.5120
l70ds1,AMC,neutral,0.9309
l70ds1,GME,neutral,0.9309
l70dru,AMC,neutral,0.9283
l70drl,GME,negative,0.4870
l70dr4,GME,neutral,0.9416
l70dr3,GME,neutral,0.8945
l70dqo,GME,neutral,0.8386
l70dp6,AMC,neutral,0.9344
l70dp6,GME,neutral,0.9344
l70dp0,AMC,neutral,0.6567
l70doy,GME,neutral,0.5035
l70djk,GME,neutral,0.8404
l70dhr,GME,neutral,0.8311
l70dh1,GME,neutral,0.8679
l70dh0,GME,neutral,0.9018
l70dgw,GME,neutral,0.9247
l70dfb,GME,neutral,0.7579
l70dg2,GME,negative,0.5700
l70dda,GME,neutral,0.7261
l70dcu,AMC,neutral,0.8957
l70dcu,GME,neutral,0.8957
l70dcn,AMC,neutral,0.9089
l70dcn,GME,neutral,0.9089
l70ntk,GME,neutral,0.9267
l70nss,GME,neutral,0.8728
l70nsl,AMC,neutral,0.6724
l70nsl,GME,neutral,0.6724
l70ns0,GME,neutral,0.7374
l70nqp,GME,neutral,0.8640
l70n7y,GME,neutral,0.8908
l70nor,GME,neutral,0.6774
l70no1,AMC,neutral,0.7826
l70no1,GME,neutral,0.7826
l70nna,AMC,neutral,0.8870
l70nn8,GME,neutral,0.9281
l70nly,GME,neutral,0.9380
l70nlc,GME,neutral,0.9397
l70niz,AMC,negative,0.9046
l70nij,GME,neutral,0.6174
l70nhe,GME,neutral,0.6451
l70ngg,AMC,neutral,0.8894
l70ngg,GME,neutral,0.8894
l70nfk,GME,neutral,0.8412
l70new,GME,neutral,0.9451
l70ne5,GME,neutral,0.8489
l70nd6,AMC,neutral,0.9286
l70nca,AMC,negative,0.8483
l70naw,GME,neutral,0.9117
l70nak,GME,neutral,0.8732
l70nag,GME,neutral,0.7236
l70n8v,GME,neutral,0.9418
l70n8v,NVDA,neutral,0.9418
l70n7v,GME,neutral,0.9172
l70n6q,GME,negative,0.8161
l70n6k,AMC,negative,0.5938
l70n6k,GME,negative,0.5938
l70n69,AMC,neutral,0.9232
l70n69,GME,neutral,0.9232
l70n56,GME,neutral,0.5603
l70n4r,GME,neutral,0.9189
l70n4l,AMC,neutral,0.8551
l70n4l,GME,neutral,0.8551
l70n47,AMC,neutral,0.7344
l70n27,AMC,negative,0.5248
l70n04,AMC,neutral,0.9258
l70mzw,AMC,neutral,0.9260
l70mzw,GME,neutral,0.9260
l70mzs,GME,neutral,0.9317
l70mzr,AMC,neutral,0.7746
l70mzr,GME,neutral,0.7746
l70mz7,GME,neutral,0.9243
l70mwg,GME,neutral,0.7212
l70mv9,GME,neutral,0.9193
l70mtp,AMC,negative,0.7831
l70mth,GME,positive,0.8811
l70mt8,GME,neutral,0.9355
l70msh,AMC,neutral,0.9302
l70ms8,GME,neutral,0.9514
l70mrs,AMC,negative,0.6874
l70mrs,GME,negative,0.6874
l70mp3,GME,negative,0.8413
l70mog,AMC,neutral,0.8449
l70mog,GME,neutral,0.8449
l70mm3,GME,neutral,0.8840
l70mlu,AMC,neutral,0.9026
l70mk9,GME,neutral,0.7786
l70mk4,AMC,neutral,0.8777
l70mk4,GME,neutral,0.8777
l70mjx,GME,neutral,0.6102
l70mjl,GME,neutral,0.5451
l70mjh,GME,neutral,0.8993
l70mj1,GME,neutral,0.9211
l70mew,GME,neutral,0.6606
l70meu,GME,neutral,0.7107
l70mcu,AMC,neutral,0.8064
l70mcu,GME,neutral,0.8064
l70mcc,GME,neutral,0.7607
l70mbm,GME,neutral,0.6833
l70m8y,GME,neutral,0.8876
l70m7k,AMC,neutral,0.7995
l70m52,AMC,neutral,0.8036
l70m4n,AMC,neutral,0.9117
l70m4n,GME,neutral,0.9117
l70m3j,GME,neutral,0.5385
l70m2y,GME,neutral,0.8523
l70m24,GME,neutral,0.9105
l70m11,GME,negative,0.5149
l70m0x,AMC,neutral,0.5571
l70m00,GME,neutral,0.7862
l70lz1,GME,neutral,0.9222
l70lxe,GME,neutral,0.9122
l70lwk,GME,neutral,0.8917
l70lti,GME,neutral,0.8727
l70lt3,AMZN,negative,0.6158
l70lsw,AMC,neutral,0.9209
l70lsw,GME,neutral,0.9209
l70lsm,AMC,neutral,0.9416
l70lr9,AMC,neutral,0.7052
l70lr9,GME,neutral,0.7052
l70lr6,AMC,neutral,0.8992
l70lr6,GME,neutral,0.8992
l70lqa,AMC,neutral,0.9018
l70lqa,GME,neutral,0.9018
l70lq2,AMC,negative,0.6440
l70lq2,GME,negative,0.6440
l70lp7,GME,neutral,0.8917
l70lp3,AMC,neutral,0.9421
l70lp3,GME,neutral,0.9421
l70lox,GME,neutral,0.5062
l70loo,AMC,negative,0.8717
l70loo,GME,negative,0.8717
l70lmj,GME,negative,0.5721
l70llh,GME,negative,0.5913
l70lju,GME,neutral,0.7900
l70ljj,GME,neutral,0.8970
l70ljh,AMC,neutral,0.7662
l70lj2,GME,negative,0.9003
l70lhg,AMC,neutral,0.9301
l70lgx,GME,neutral,0.5722
l70lfe,AMC,negative,0.5275
l70lfe,GME,negative,0.5275
l70le6,GME,neutral,0.8358
l70ldq,GME,neutral,0.6959
l70lcm,GME,neutral,0.8659
l70lar,AMC,neutral,0.9071
l70lar,GME,neutral,0.9071
l70l9d,AMC,negative,0.9323
l70l6g,AMC,positive,0.8344
l70l6g,GME,positive,0.8344
l70l51,GME,neutral,0.9210
l70l3h,GME,neutral,0.9259
l70l3b,GME,neutral,0.6923
l70l33,AMC,neutral,0.6985
l70l33,GME,neutral,0.6985
l70l2d,AMC,neutral,0.7666
l70l2d,GME,neutral,0.7666
l70l22,AMC,neutral,0.8285
l70l22,GME,neutral,0.8285
l70l1c,GOOGL,negative,0.7129
l70l14,GME,neutral,0.8713
l70l0i,AMC,neutral,0.5952
l70l0i,GME,neutral,0.5952
l70kzz,GME,neutral,0.8988
l70l00,GME,neutral,0.8125
l70kxi,AMC,neutral,0.8488
l70kwv,GME,neutral,0.8657
l70ks0,AMC,neutral,0.5698
l70krn,AMC,negative,0.4751
l70kqo,GME,neutral,0.9113
l70kqa,AMC,neutral,0.8449
l70kqa,GME,neutral,0.8449
l70kpt,GME,neutral,0.6987
l70kpi,GME,neutral,0.9119
l70kp0,GME,neutral,0.8109
l70ko9,AMC,neutral,0.5479
l70km7,GME,neutral,0.7742
l70klt,GME,neutral,0.7507
l70kmj,GME,neutral,0.5744
l70kie,AMC,positive,0.5538
l70kf4,GME,neutral,0.9185
l70kep,AMC,neutral,0.8590
l70kep,GME,neutral,0.8590
l70kdq,AMC,neutral,0.9392
l70kde,AMC,neutral,0.6147
l70kde,GME,neutral,0.6147
l70kda,GME,neutral,0.8332
l70kd2,AMC,neutral,0.9453
l70kcw,AMC,neutral,0.9053
l70kbk,GME,neutral,0.6315
l70kb1,GME,neutral,0.9325
l70kaa,AMC,neutral,0.7976
l70k8c,AMC,neutral,0.9116
l70k70,GME,neutral,0.7203
l70k6e,AMC,neutral,0.9145
l70k4q,GME,neutral,0.7994
l70k5v,GME,neutral,0.8114
l70k2i,AMC,neutral,0.5108
l70k2i,GME,neutral,0.5108
l70k2e,GME,neutral,0.7895
l70jz0,GME,neutral,0.8236
l70jye,GME,neutral,0.9346
l70jxr,GME,neutral,0.9200
l70jxh,AMC,neutral,0.9190
l70jxh,GME,neutral,0.9190
l70jx9,GME,neutral,0.6289
l70jw6,GME,neutral,0.9052
l70ju8,GME,neutral,0.9056
l70j9o,GME,neutral,0.8894
l70jse,GME,neutral,0.8585
l70jro,AMC,neutral,0.9382
l70jro,GME,neutral,0.9382
l70jrj,GME,negative,0.9224
l70jra,AMC,neutral,0.9466
l70jra,GME,neutral,0.9466
l70jpt,GME,neutral,0.8136
l70joh,GME,neutral,0.5947
l70jnt,AMC,neutral,0.8960
l70jnt,GME,neutral,0.8960
l70jnk,GME,neutral,0.7707
l70jn3,GME,neutral,0.8394
l70jn3,MSFT,neutral,0.8394
l70jm6,GME,neutral,0.6612
l70jkr,AMC,neutral,0.9263
l70jkh,GME,neutral,0.7624
l70jju,GME,negative,0.9224
l70jjp,AMC,neutral,0.9221
l70jj6,GME,neutral,0.6291
l70jj6,TSLA,neutral,0.6291
l70jfk,AMC,neutral,0.8081
l70jfk,GME,neutral,0.8081
l70jep,GME,neutral,0.8911
l70jdr,GME,neutral,0.7987
l70jal,GME,neutral,0.9446
l70ja9,GME,neutral,0.9042
l70j9i,GME,negative,0.8135
l70j9h,GME,neutral,0.7913
l70j9e,GOOGL,negative,0.8419
l70j8o,GOOGL,positive,0.5979
l70j2d,AMC,neutral,0.5125
l70j20,GME,positive,0.4972
l70izv,AMC,neutral,0.9319
l70iz9,GME,neutral,0.9018
l70iz5,GME,neutral,0.8696
l70iz0,AMC,positive,0.9031
l70iwc,GME,neutral,0.8916
l70iw9,GME,negative,0.9194
l70ivh,GME,negative,0.8329
l70iub,GME,neutral,0.6418
l70iu5,GME,neutral,0.9207
l70isy,GME,neutral,0.9180
l70isx,GME,neutral,0.9423
l70isf,AMC,neutral,0.7473
l70isf,GME,neutral,0.7473
l70irz,GME,neutral,0.5614
l70irl,GME,positive,0.7660
l70ir8,AMC,neutral,0.8230
l70ir8,GME,neutral,0.8230
l70iqf,GME,neutral,0.9097
l70ihg,AMC,neutral,0.7533
l70ihg,GME,neutral,0.7533
l70id7,AMC,negative,0.6767
l70id7,GME,negative,0.6767
l70i9a,GME,neutral,0.6758
l70i58,GME,neutral,0.9105
l70i4w,AMC,neutral,0.8089
l70i4w,GME,neutral,0.8089
l70i40,GME,negative,0.9431
l70i1i,GME,neutral,0.9131
l70hxn,GME,neutral,0.6510
l70htj,AMC,neutral,0.6774
l70hrj,AMC,neutral,0.6956
l70hrj,GME,neutral,0.6956
l70hqr,AMC,neutral,0.9302
l70hpj,GME,positive,0.5028
l70hoq,AMC,neutral,0.8757
l70hoq,GME,neutral,0.8757
l70ho7,AMC,neutral,0.9106
l70ho7,GME,neutral,0.9106
l70hmx,GME,neutral,0.9139
l70hm5,GME,neutral,0.9130
l70hkn,AMC,neutral,0.9079
l70hkn,GME,neutral,0.9079
l70hkd,AMC,neutral,0.9049
l70hkd,GME,neutral,0.9049
l70hji,GME,neutral,0.8251
l70hje,AMC,positive,0.5152
l70hje,GME,positive,0.5152
l70hje,TSLA,positive,0.5152
l70hdq,GME,neutral,0.9290
l70hcb,GME,neutral,0.6101
l70hc8,AMC,neutral,0.8793
l70hc2,AMC,neutral,0.7344
l70haf,GME,neutral,0.9192
l70h9h,GME,neutral,0.8535
l70h8k,GME,neutral,0.8260
l70h7t,AMC,negative,0.8577
l70h5g,GME,neutral,0.8489
l70h55,AMC,neutral,0.9253
l70h55,GME,neutral,0.9253
l70suq,AMC,neutral,0.7898
l70suq,GME,neutral,0.7898
l70stz,GME,neutral,0.4352
l70rwe,GME,neutral,0.6155
l70rtm,GME,neutral,0.6755
l70rtk,GME,neutral,0.8762
l70rtg,GME,neutral,0.8628
l70rsl,AMC,neutral,0.5398
l70y5p,AMC,neutral,0.8468
l70y3n,AMC,neutral,0.9150
l70y3k,AMC,neutral,0.9437
l70y3k,GME,neutral,0.9437
l70xzo,GME,negative,0.6826
l70xxt,GME,negative,0.9581
l70xx6,GME,negative,0.5845
l70xvi,GME,neutral,0.8731
l70xva,GME,neutral,0.6111
l70xv7,AMC,neutral,0.9084
l70xuy,GME,neutral,0.9273
l70xue,GME,neutral,0.9312
l70xu6,GME,negative,0.6151
l70xtf,GME,neutral,0.8812
l70xsf,AMC,neutral,0.8131
l70xsf,GME,neutral,0.8131
l70xqf,GME,neutral,0.8111
l70xq2,GME,neutral,0.6816
l70xmm,GME,neutral,0.9229
l70xlg,GME,negative,0.9447
l70xla,GME,neutral,0.8430
l70ww3,GME,neutral,0.8975
l70xhv,GME,neutral,0.8661
l70xht,GME,negative,0.7128
l70xho,AMC,neutral,0.8846
l70xg4,GOOGL,negative,0.7129
l70xev,AMC,neutral,0.9222
l70xf2,GME,neutral,0.8165
l70xdy,AMC,neutral,0.9268
l70xae,AMC,neutral,0.9182
l70xab,GME,neutral,0.5682
l70x9t,GME,neutral,0.9494
l70x9h,GME,neutral,0.8654
l70x7t,GME,negative,0.5251
l70x7m,GME,neutral,0.9253
l70x7k,GME,neutral,0.8886
l70x6l,AMC,neutral,0.8184
l70x5n,GME,neutral,0.7748
l70x4h,GME,neutral,0.5687
l70x4c,GME,neutral,0.8380
l70x3q,AMC,neutral,0.8318
l70x3q,GME,neutral,0.8318
l70x2z,GME,neutral,0.6951
l70x2t,GME,neutral,0.9120
l70x15,GME,neutral,0.9357
l70x0d,AMC,neutral,0.7786
l70x0d,GME,neutral,0.7786
l70wzz,GME,neutral,0.9068
l70wzx,GME,neutral,0.8723
l70wxo,GME,negative,0.5623
l70wvm,GME,negative,0.6744
l70wvf,AMC,neutral,0.8520
l70wpv,GME,neutral,0.9357
l70wok,AMC,neutral,0.6623
l70wok,GME,neutral,0.6623
l70wlk,GME,neutral,0.9447
l70wkr,AMC,neutral,0.8524
l70wkr,GME,neutral,0.8524
l70wko,AMC,neutral,0.9263
l70wko,GME,neutral,0.9263
l70who,GME,neutral,0.9270
l70wgk,GME,negative,0.6827
l70wgh,AMC,neutral,0.8431
l70wgh,GME,neutral,0.8431
l70wfq,GME,neutral,0.8191
l70wbq,GME,neutral,0.8761
l70wbn,TSLA,neutral,0.9005
l70wbb,AMC,neutral,0.8547
l70wbb,GME,neutral,0.8547
l70wb1,GME,neutral,0.8833
l70waq,AMC,negative,0.6950
l70waq,GME,negative,0.6950
l70w9y,GME,neutral,0.8329
l70w9o,GME,neutral,0.9306
l70w96,GME,neutral,0.9076
l70w8y,AMC,neutral,0.8261
l70w8y,GME,neutral,0.8261
l70w8l,GME,neutral,0.7780
l70w7s,GME,negative,0.8154
l70w7n,AMC,neutral,0.9298
l70w7n,GME,neutral,0.9298
l70w7b,GME,neutral,0.9291
l70w6o,AMC,neutral,0.9286
l70w5h,GME,neutral,0.8786
l70w51,GME,neutral,0.9023
l70w2l,GME,neutral,0.8232
l70w29,AMC,negative,0.4988
l70vzr,GME,negative,0.6919
l70vyw,GME,neutral,0.8823
l70vws,AMC,neutral,0.8873
l70vvj,AMC,neutral,0.9206
l70vvj,GME,neutral,0.9206
l70vvg,GME,negative,0.9454
l70vv6,GME,neutral,0.8745
l70vu6,AMC,neutral,0.8863
l70vtv,GME,neutral,0.9215
l70vs2,GME,negative,0.8338
l70vr5,AMC,neutral,0.8596
l70vr5,GME,neutral,0.8596
l70vq1,GME,neutral,0.9108
l70vpn,GME,negative,0.6618
l70vof,GME,neutral,0.9370
l70vmt,AMC,neutral,0.9112
l70vmt,GME,neutral,0.9112
l70vmo,AMC,neutral,0.4901
l70vmo,GME,neutral,0.4901
l70vmi,AMC,neutral,0.9346
l70vld,AMC,neutral,0.9384
l70vld,GME,neutral,0.9384
l70vl8,GME,neutral,0.9196
l70vkm,GME,neutral,0.8855
l70vkb,AMC,neutral,0.5826
l70vj7,GME,neutral,0.8440
l70vhy,GME,neutral,0.7949
l70vh8,AMC,neutral,0.6044
l70vh8,GME,neutral,0.6044
l70vgh,AMC,neutral,0.8386
l70vgh,GME,neutral,0.8386
l70vfy,AMC,neutral,0.8126
l70vfw,AMC,negative,0.7670
l70vdt,AMC,neutral,0.7597
l70vdt,GME,neutral,0.7597
l70vds,AMC,neutral,0.9152
l70vds,GME,neutral,0.9152
l70vc7,GME,neutral,0.5823
l70vc5,GME,neutral,0.8643
l70v9z,GME,negative,0.6745
l70v8w,GME,negative,0.7645
l70v7m,GME,negative,0.5964
l70v7h,GME,positive,0.5219
l70v6j,AMC,negative,0.5856
l70v81,AMC,neutral,0.8699
l70v81,GME,neutral,0.8699
l70v66,AMC,neutral,0.9110
l70v66,GME,neutral,0.9110
l70v4l,GME,neutral,0.6335
l70v1s,AMC,neutral,0.6111
l70v1s,GME,neutral,0.6111
l70v1q,GME,neutral,0.9003
l70v08,GME,neutral,0.5232
l70v03,GME,neutral,0.8990
l70uyy,GME,neutral,0.8171
l70uy9,GME,neutral,0.8840
l70uy4,GME,neutral,0.8671
l70uwk,AMC,neutral,0.9343
l70uvi,GME,negative,0.6246
l70uv2,AMC,negative,0.6262
l70uu2,GME,neutral,0.9469
l70utt,AMC,neutral,0.7271
l70utt,GME,neutral,0.7271
l70utm,GME,neutral,0.9190
l70ut8,AMC,neutral,0.9033
l70ut8,GME,neutral,0.9033
l70usc,GME,neutral,0.7958
l70ur0,AMC,neutral,0.6064
l70upl,GME,neutral,0.8405
l70uoq,GME,neutral,0.9259
l70unp,AMC,neutral,0.6244
l70unp,GME,neutral,0.6244
l70un8,AMC,neutral,0.9006
l70uml,AMC,neutral,0.8841
l70uml,GME,neutral,0.8841
l70ulq,AMC,neutral,0.8199
l70ulk,GME,neutral,0.9187
l70ul1,GME,neutral,0.6181
l70umo,AMC,neutral,0.6300
l70umo,GME,neutral,0.6300
l70ukq,GME,neutral,0.9342
l70uhj,GME,neutral,0.9114
l70uex,GME,negative,0.9457
l70ude,GME,neutral,0.8397
l70uci,GME,neutral,0.8429
l70uc8,AMC,neutral,0.5070
l70ubf,AMC,neutral,0.6371
l70ubf,GME,neutral,0.6371
l70ubb,GME,neutral,0.9329
l70u9s,GME,neutral,0.8113
l70u8a,GME,neutral,0.8744
l70u7p,GME,negative,0.7898
l70u5y,GME,neutral,0.7136
l70u5t,AMC,positive,0.7097
l70u4l,AMC,neutral,0.5728
l70u4j,GME,neutral,0.9391
l70u4c,GME,neutral,0.6235
l70u3u,GME,neutral,0.4558
l70u2x,AMC,neutral,0.8593
l70u2t,GME,neutral,0.5960
l70u17,GME,neutral,0.5080
l70u0h,AMC,neutral,0.9367
l70tyq,AMC,neutral,0.9017
l70tyq,GME,neutral,0.9017
l70tyj,AMC,negative,0.7025
l70tyj,GME,negative,0.7025
l70tyd,GME,neutral,0.6632
l70ty7,AMC,neutral,0.7645
l70txx,AMC,neutral,0.5261
l70txx,GME,neutral,0.5261
l70txc,GME,neutral,0.9135
l70tuy,GME,negative,0.6698
l70tuj,AMC,negative,0.6141
l70tug,AMC,neutral,0.9128
l70ttd,GME,neutral,0.9250
l70tsg,GME,neutral,0.9376
l70ts1,GME,neutral,0.9281
l70tqc,AMC,neutral,0.9213
l70tqc,GME,neutral,0.9213
l70tq6,GME,neutral,0.7391
l70tpy,AMC,negative,0.7404
l70tpy,GME,negative,0.7404
l70tnn,AMC,neutral,0.5202
l70tlg,GME,neutral,0.6773
l70tl2,GME,neutral,0.5932
l70sw2,AMC,negative,0.8431
l70sw2,GME,negative,0.8431
l70tgo,GME,neutral,0.9316
l70tg8,GME,negative,0.7508
l70tfi,GME,neutral,0.7206
l70tf6,AMC,neutral,0.7936
l70te8,GME,neutral,0.9023
l70tdz,GME,neutral,0.6091
l70tcr,GME,neutral,0.7381
l70tcj,GME,neutral,0.9107
l70tb8,AMC,neutral,0.9150
l70tb8,GME,neutral,0.9150
l70tal,AMC,neutral,0.8477
l70tal,GME,neutral,0.8477
l70t9r,GME,neutral,0.9117
l70t92,AMC,neutral,0.8822
l70t92,GME,neutral,0.8822
l70t85,AMC,negative,0.8530
l70t7m,AMC,neutral,0.6130
l70t7k,AMC,neutral,0.9335
l70t76,GME,neutral,0.8956
l70t6s,GME,neutral,0.9169
l70t6d,AMC,neutral,0.9153
l70t6d,GME,neutral,0.9153
l70t5j,AMC,neutral,0.9172
l70t56,GME,neutral,0.9136
l70t47,AMC,neutral,0.6997
l70t47,GME,neutral,0.6997
l70t2z,GME,neutral,0.8711
l70t1v,GME,neutral,0.8774
l70t1b,GME,neutral,0.9256
l70t0k,AMC,neutral,0.9254
l70t0k,GME,neutral,0.9254
l70t0g,AMC,neutral,0.9193
l70t0b,GME,neutral,0.9091
l70t0a,GME,neutral,0.6884
l70t00,AMZN,neutral,0.8998
l70szy,GME,neutral,0.8463
l70sxp,GME,negative,0.6134
l70swn,GME,neutral,0.6599
l70su4,GME,neutral,0.7883
l70st5,AMC,neutral,0.5090
l70st5,GME,neutral,0.5090
l70ssq,AMC,negative,0.5448
l70ssq,GME,negative,0.5448
l70su1,AMC,neutral,0.8222
l70su1,GME,neutral,0.8222
l70srq,AMC,neutral,0.8909
l70sr0,GME,neutral,0.9330
l70soa,GME,neutral,0.8037
l70snx,AMC,negative,0.7687
l70sno,GME,neutral,0.8354
l70smh,AMC,neutral,0.9174
l70slj,GME,positive,0.7093
l70sla,GME,negative,0.6576
l70skb,GME,neutral,0.8026
l70sj7,GME,negative,0.6486
l70siu,GME,neutral,0.9172
l70shf,AMC,neutral,0.9273
l70shf,GME,neutral,0.9273
l70sh4,AMC,neutral,0.7220
l70sh4,GME,neutral,0.7220
l70sfw,GME,neutral,0.8999
l70sf2,AMC,neutral,0.8416
l70sf2,GME,neutral,0.8416
l70sey,GME,neutral,0.9358
l70sbf,TSLA,neutral,0.7838
l70s9r,AMC,neutral,0.9236
l70s8h,AMC,neutral,0.9048
l70s9w,AMC,neutral,0.9405
l70s9w,GME,neutral,0.9405
l70s7a,GME,neutral,0.9203
l70s71,AMC,neutral,0.8991
l70s71,GME,neutral,0.8991
l70s6r,GME,neutral,0.9441
l70s6p,GME,neutral,0.4993
l70s6a,GME,neutral,0.8348
l70s5a,GME,neutral,0.9283
l70s48,GME,neutral,0.8875
l70s3z,GME,neutral,0.5140
l70s3n,GME,neutral,0.9095
l70s2s,AMC,negative,0.7254
l70s2s,GME,negative,0.7254
l70s26,GME,neutral,0.9040
l70rzq,AMC,neutral,0.7825
l70rzj,AMC,neutral,0.8148
l70rzj,GME,neutral,0.8148
l70rx0,MSFT,neutral,0.8290
l70rwx,GME,neutral,0.9304
l713ow,AMC,neutral,0.8660
l713os,GME,neutral,0.7700
l713mv,GME,neutral,0.8236
l713ls,GME,neutral,0.8935
l713lm,AMC,neutral,0.6645
l713lm,GME,neutral,0.6645
l713l4,GME,neutral,0.9468
l713k0,GME,negative,0.6566
l713jh,GME,neutral,0.8369
l713h1,GME,neutral,0.9114
l713gx,GME,neutral,0.8780
l713go,AMC,neutral,0.9110
l713fn,AMC,neutral,0.7394
l713dv,GME,neutral,0.5770
l713d9,AAPL,neutral,0.9298
l713d9,GME,neutral,0.9298
l713d9,MSFT,neutral,0.9298
l713cd,GME,negative,0.6569
l713bo,GME,neutral,0.9210
l713bc,AMC,neutral,0.9101
l7137l,AMC,neutral,0.8576
l7135g,AMC,neutral,0.9490
l7133z,GME,neutral,0.9165
l7133c,AMC,neutral,0.8764
l7133c,GME,neutral,0.8764
l7132u,AMC,neutral,0.9198
l7132u,GME,neutral,0.9198
l71348,GME,negative,0.9044
l712hc,GME,neutral,0.6201
l71321,GME,neutral,0.8675
l712z8,GME,neutral,0.9100
l712z8,TSLA,neutral,0.9100
l712yp,GME,neutral,0.7170
l712y5,GME,neutral,0.8489
l712wk,GME,neutral,0.9181
l712wg,GME,negative,0.8058
l712uz,NVDA,neutral,0.5776
l712t6,GME,neutral,0.9231
l711zy,GME,neutral,0.9202
l712q6,GME,neutral,0.9224
l712op,AMC,neutral,0.6761
l712op,GME,neutral,0.6761
l712o5,AMC,neutral,0.8381
l712o5,GME,neutral,0.8381
l712o0,AMC,neutral,0.6443
l712o0,GME,neutral,0.6443
l712np,GME,neutral,0.9061
l712mt,AMC,neutral,0.5805
l712mt,GME,neutral,0.5805
l712ml,GME,neutral,0.8114
l712lb,GME,negative,0.8243
l712hg,AMC,neutral,0.6340
l712fv,AMC,neutral,0.8137
l712fv,GME,neutral,0.8137
l712fl,AMC,neutral,0.8833
l712fl,GME,neutral,0.8833
l712eq,GME,neutral,0.9083
l712ek,GME,negative,0.5407
l712ds,GME,neutral,0.8759
l712cw,GME,negative,0.6202
l712c4,AMC,neutral,0.8694
l712c4,GME,neutral,0.8694
l712ax,GME,neutral,0.9093
l7129l,AMC,neutral,0.6668
l7129l,GME,neutral,0.6668
l7128t,GME,neutral,0.9006
l7128l,AMC,neutral,0.9118
l7128l,GME,neutral,0.9118
l71256,GME,negative,0.6828
l7124r,GME,neutral,0.7508
l7123y,AMC,negative,0.6818
l7123y,GME,negative,0.6818
l7122o,GME,neutral,0.8985
l7121n,GME,neutral,0.6605
l711zq,GME,neutral,0.8644
l711zj,AMC,neutral,0.7751
l711zj,GME,neutral,0.7751
l711z8,GME,neutral,0.5431
l711x8,GME,neutral,0.7725
l711x7,GME,neutral,0.8683
l711ua,GME,neutral,0.8731
l711tg,GME,neutral,0.9253
l711sc,GME,negative,0.6928
l711sc,GOOGL,negative,0.6928
l711qm,AMC,neutral,0.5425
l711nj,GME,neutral,0.8829
l711l3,GME,negative,0.8464
l711de,AMC,neutral,0.8964
l711ax,AMC,neutral,0.7209
l7119q,GME,neutral,0.8264
l7118g,TSLA,neutral,0.5346
l7118f,AMC,neutral,0.9188
l7118f,GME,neutral,0.9188
l71189,GME,neutral,0.9005
l7117o,GME,negative,0.5003
l7117q,AMC,neutral,0.7318
l7117q,GME,neutral,0.7318
l7116x,GME,neutral,0.8172
l7115k,GME,neutral,0.9334
l7114t,GME,neutral,0.8335
l7114r,GME,neutral,0.8444
l71127,AMC,neutral,0.8762
l71125,GME,neutral,0.7744
l710yh,GME,negative,0.7629
l710yh,GOOGL,negative,0.7629
l710y6,AMC,neutral,0.8119
l710y6,GME,neutral,0.8119
l710vf,AMC,negative,0.7611
l710us,GME,neutral,0.9309
l710sa,GME,neutral,0.9047
l710mq,GME,neutral,0.6876
l710mm,GME,neutral,0.9185
l710lp,GME,neutral,0.8927
l710lj,AMC,neutral,0.9305
l710j6,GME,neutral,0.8563
l710hf,GME,neutral,0.9224
l710h7,AMC,neutral,0.8043
l710h7,GME,neutral,0.8043
l710h6,GME,neutral,0.9190
l710fz,GME,neutral,0.9055
l710f7,GME,neutral,0.9016
l710eq,GME,negative,0.9074
l710e9,AMC,neutral,0.9261
l710cy,AMC,neutral,0.8785
l710cy,GME,neutral,0.8785
l710ae,GME,negative,0.6369
l7108j,GME,neutral,0.5874
l7107o,GME,neutral,0.8886
l7106y,GME,neutral,0.8158
l7106w,GME,negative,0.7369
l7106v,GME,neutral,0.7496
l7106n,META,negative,0.8655
l7105h,GME,neutral,0.5105
l71055,GME,negative,0.7902
l71042,AMC,neutral,0.7898
l71029,GME,negative,0.4808
l7101w,GME,neutral,0.5396
l7101t,GME,neutral,0.5945
l7101s,GME,neutral,0.6219
l70zyc,GME,neutral,0.8517
l70zxu,GME,neutral,0.7975
l70zxl,AMC,negative,0.5123
l70zxl,GME,negative,0.5123
l70zwo,GME,neutral,0.8735
l70zvq,GME,negative,0.8814
l70zvf,GME,neutral,0.9120
l70zwu,AMC,neutral,0.7538
l70zwu,GME,neutral,0.7538
l70zu9,GME,neutral,0.9019
l70zu1,AMC,neutral,0.5281
l70ztz,GME,neutral,0.8794
l70zti,GME,neutral,0.6474
l70zt8,GME,neutral,0.9354
l70zr2,AMC,neutral,0.9317
l70zr2,GME,neutral,0.9317
l70zq2,GME,neutral,0.7301
l70zn3,GME,neutral,0.9498
l70zmd,AMC,negative,0.9635
l70zmd,GME,negative,0.9635
l70zls,TSLA,neutral,0.9054
l70zkr,AMC,negative,0.6810
l70zkr,GME,negative,0.6810
l70zhy,TSLA,neutral,0.6269
l70zhq,GME,neutral,0.8837
l70zh1,GME,negative,0.6454
l70zgy,GME,neutral,0.9208
l70zgm,AMC,neutral,0.8089
l70zgm,GME,neutral,0.8089
l70zew,GME,neutral,0.8303
l70zd8,GME,neutral,0.7557
l70zbt,GME,neutral,0.6552
l70zah,GME,neutral,0.8210
l70za6,GME,neutral,0.8768
l70z9m,GME,neutral,0.9216
l70yjc,GME,neutral,0.9221
l70z9f,AMC,neutral,0.9395
l70z9f,GME,neutral,0.9395
l70z9a,GME,neutral,0.9292
l70z95,GME,neutral,0.8145
l70z93,AMC,neutral,0.5803
l70z8w,AMC,neutral,0.9023
l70z8w,GME,neutral,0.9023
l70z8p,GME,neutral,0.7225
l70z8r,AMC,neutral,0.7140
l70z8r,GME,neutral,0.7140
l70z6u,AMC,negative,0.6259
l70z6s,GME,neutral,0.8484
l70z62,AMC,neutral,0.8861
l70z62,GME,neutral,0.8861
l70z4v,AMC,neutral,0.8631
l70z3k,GME,neutral,0.7109
l70z1y,GME,neutral,0.8474
l70z0m,AMC,neutral,0.9094
l70z0m,GME,neutral,0.9094
l70z04,GME,neutral,0.6529
l70yxf,AMC,neutral,0.9142
l70yw6,GME,neutral,0.9296
l70yw0,AMC,neutral,0.8537
l70yw0,GME,neutral,0.8537
l70ysq,AMC,neutral,0.9130
l70ysa,GME,negative,0.4922
l70ys6,GME,neutral,0.8044
l70yrr,GME,negative,0.8622
l70yoz,GME,negative,0.8375
l70yn0,AMC,neutral,0.9025
l70yn0,GME,neutral,0.9025
l70ymi,TSLA,neutral,0.8588
l70yks,GME,neutral,0.9440
l70yko,GME,neutral,0.9127
l70ykj,AMC,neutral,0.8775
l70yke,GME,neutral,0.9351
l70yjq,GME,neutral,0.9248
l70yey,GME,neutral,0.5125
l70ye6,GME,neutral,0.9273
l70ydg,AMC,neutral,0.7358
l70ydg,GME,neutral,0.7358
l70ycv,GME,neutral,0.9255
l70ycd,AMC,neutral,0.7651
l70yb3,GME,neutral,0.8412
l70y8u,GME,neutral,0.7938
l70y8h,GME,negative,0.6312
l70y88,GME,neutral,0.9286
l70y7x,GME,neutral,0.8883
l70y7g,AMC,neutral,0.9275
l70y7g,GME,neutral,0.9275
l70y4x,GME,neutral,0.6372
l70y4d,GME,neutral,0.5062
l70y34,GME,neutral,0.9186
l70y0k,GME,neutral,0.9342
l7197z,GME,neutral,0.9176
l7197o,AMC,positive,0.6399
l7197k,GME,neutral,0.6750
l71967,AMC,neutral,0.6690
l71967,GME,neutral,0.6690
l7193v,AMC,neutral,0.9263
l7193v,GME,neutral,0.9263
l7193m,GME,neutral,0.8870
l7193g,GME,neutral,0.9317
l71939,GME,neutral,0.9089
l7192c,GME,neutral,0.8853
l7192a,GME,neutral,0.5826
l7191a,GME,neutral,0.7406
l7190q,GME,neutral,0.8485
l71906,AAPL,negative,0.8280
l718zp,GME,neutral,0.7441
l718zh,GME,neutral,0.8902
l718z0,AMC,negative,0.7761
l718z0,GME,negative,0.7761
l718u7,GME,neutral,0.9047
l718t7,AMC,neutral,0.9038
l718t7,GME,neutral,0.9038
l718pn,GME,neutral,0.8644
l718p2,GME,neutral,0.9389
l718p1,AMC,neutral,0.8782
l718p1,GME,neutral,0.8782
l718nk,GME,negative,0.5457
l718l3,GME,neutral,0.5156
l718ku,AMC,negative,0.6104
l718ku,GME,negative,0.6104
l718jl,GME,neutral,0.9048
l718j8,AMZN,neutral,0.7814
l718j8,GME,neutral,0.7814
l718j8,NFLX,neutral,0.7814
l718j5,GME,neutral,0.8728
l718is,AMC,neutral,0.7792
l718h2,AMC,neutral,0.9387
l718gs,GME,neutral,0.9005
l718g8,GME,neutral,0.7799
l718fy,AMC,neutral,0.9290
l718fy,GME,neutral,0.9290
l718fn,GME,neutral,0.9372
l718ei,GME,neutral,0.6724
l718c0,AMC,neutral,0.9234
l718b2,AMC,neutral,0.5952
l718b2,GME,neutral,0.5952
l718ab,GME,neutral,0.8839
l7187s,GME,neutral,0.8841
l7187n,GME,neutral,0.7431
l7187k,GME,negative,0.7317
l7175o,GME,neutral,0.9222
l7185w,AMC,neutral,0.9279
l7185n,GME,neutral,0.9058
l7184e,AMC,negative,0.9311
l7184e,GME,negative,0.9311
l71820,GME,neutral,0.7151
l7181p,GME,negative,0.6869
l717yh,AMC,neutral,0.9260
l717x1,AMC,neutral,0.8786
l717x1,GME,neutral,0.8786
l717x0,GME,neutral,0.8754
l717v5,AMC,neutral,0.5878
l717v5,GME,neutral,0.5878
l717uu,GME,negative,0.8233
l717uk,GME,neutral,0.5389
l717ug,GME,negative,0.8235
l717ud,GME,neutral,0.9218
l717sj,AMC,neutral,0.7913
l717sj,GME,neutral,0.7913
l717ru,GME,neutral,0.9487
l717rd,AMC,neutral,0.5674
l717rd,GME,neutral,0.5674
l717pf,GME,neutral,0.6710
l717oc,GME,neutral,0.8223
l717n4,GME,negative,0.7677
l717mf,AMC,negative,0.8345
l717mf,GME,negative,0.8345
l717m2,GME,neutral,0.8785
l717jy,GME,neutral,0.5394
l717j3,AMC,neutral,0.9201
l717j3,GME,neutral,0.9201
l717hx,AMC,neutral,0.8431
l717hx,GME,neutral,0.8431
l717fr,GME,neutral,0.5820
l717dy,AMC,neutral,0.8890
l717dy,GME,neutral,0.8890
l717di,GME,neutral,0.9009
l717cl,GME,negative,0.8267
l717c3,GME,neutral,0.8792
l717bw,AMC,neutral,0.8950
l717bw,GME,neutral,0.8950
l7179u,AMC,neutral,0.9319
l7179c,AMC,neutral,0.8444
l7179c,GME,neutral,0.8444
l7178n,GME,neutral,0.7679
l71775,AMC,neutral,0.8231
l7175c,GME,neutral,0.9224
l7174b,AMC,neutral,0.9038
l7172y,GME,negative,0.4804
l7171g,AMC,negative,0.6503
l7171g,GME,negative,0.6503
l716z6,GME,neutral,0.5495
l716z8,TSLA,neutral,0.7993
l716xt,GME,neutral,0.8484
l716xq,GME,neutral,0.7754
l716xa,GME,negative,0.7552
l716x5,AMC,neutral,0.9378
l716wj,GME,neutral,0.8707
l716vp,GME,negative,0.6838
l716vk,AMC,neutral,0.8386
l716vk,GME,neutral,0.8386
l715h2,GME,neutral,0.9228
l716q1,GME,neutral,0.6396
l716pu,GME,neutral,0.9293
l716o4,GME,neutral,0.8406
l716nx,AMC,negative,0.7377
l716nx,GME,negative,0.7377
l716no,AMC,negative,0.8976
l716no,GME,negative,0.8976
l716kb,GME,negative,0.7585
l716jo,GME,neutral,0.9020
l716j8,GME,neutral,0.7678
l716j5,GME,neutral,0.7408
l716i8,GME,neutral,0.8757
l716hr,GME,neutral,0.8484
l716ej,GME,neutral,0.7705
l716e4,AMC,neutral,0.9021
l716e4,GME,neutral,0.9021
l716dq,AMC,negative,0.6079
l716dq,GME,negative,0.6079
l71699,AMC,negative,0.4912
l71699,GME,negative,0.4912
l7168t,GME,negative,0.7714
l7164b,GME,neutral,0.8626
l71648,AMC,neutral,0.9060
l71643,GME,negative,0.9315
l7160t,GME,neutral,0.8365
l7160s,GME,neutral,0.7870
l71600,GME,negative,0.5042
l715yz,GME,neutral,0.9031
l715ys,GME,negative,0.7440
l715wb,GME,negative,0.6060
l715vu,GME,negative,0.5819
l715vm,GME,negative,0.9542
l715v4,GME,neutral,0.7533
l715uv,GME,neutral,0.6778
l715u1,GME,neutral,0.9160
l715sp,GME,neutral,0.9290
l715sa,GME,neutral,0.7528
l715rz,GME,neutral,0.8563
l715o4,GME,neutral,0.8058
l715mw,AMC,neutral,0.8432
l715mw,GME,neutral,0.8432
l715mv,GME,neutral,0.9460
l715ml,GME,negative,0.6956
l715o5,GME,negative,0.6068
l715m9,GME,neutral,0.9197
l715m5,AMC,neutral,0.8708
l715m5,GME,neutral,0.8708
l715k9,GME,neutral,0.8648
l715jv,AMC,neutral,0.6257
l715iz,GOOGL,neutral,0.9260
l715ih,GME,neutral,0.8994
l715ie,GME,negative,0.9007
l715gt,GME,neutral,0.9201
l715gd,GME,negative,0.9020
l715e1,GME,neutral,0.8313
l715dp,AMC,neutral,0.7095
l715dp,GME,neutral,0.7095
l715bf,GME,negative,0.5195
l715af,GME,neutral,0.9291
l7159x,GME,neutral,0.7422
l7157x,GME,neutral,0.9300
l7156d,GME,neutral,0.8878
l71556,GME,neutral,0.9314
l7154m,GME,neutral,0.9252
l7153e,AMC,neutral,0.9471
l71520,AMC,neutral,0.8631
l71512,GME,neutral,0.8809
l7150n,GME,neutral,0.8638
l7150k,GME,negative,0.9659
l7143q,GME,neutral,0.9231
l714vz,GME,negative,0.5122
l714ut,GME,neutral,0.5414
l714u2,AMC,neutral,0.9271
l714u2,GME,neutral,0.9271
l714t9,GME,negative,0.8562
l714sx,GME,neutral,0.9411
l714sb,AMC,neutral,0.7999
l714ry,GME,negative,0.5462
l714rw,GME,neutral,0.6348
l714rv,AMC,neutral,0.6295
l714rs,GME,negative,0.5534
l714r3,AMC,neutral,0.9004
l714r3,GME,neutral,0.9004
l714q1,GME,neutral,0.8867
l714p4,AMC,neutral,0.8603
l714op,AMC,neutral,0.6244
l714o0,GME,neutral,0.7792
l714n0,GME,negative,0.9650
l714lf,GME,negative,0.8348
l714ik,AMC,neutral,0.8983
l714ik,GME,neutral,0.8983
l714ij,GME,neutral,0.8865
l714id,GME,neutral,0.8004
l714hf,GME,neutral,0.7266
l714er,GME,negative,0.8320
l714ee,AMC,neutral,0.8458
l714ee,GME,neutral,0.8458
l714e7,AMC,neutral,0.9313
l714e7,GME,neutral,0.9313
l714df,GME,neutral,0.9139
l714d7,GME,neutral,0.8830
l714cy,GME,neutral,0.8243
l714cy,TSLA,neutral,0.8243
l714b3,GME,neutral,0.8561
l714a6,GME,negative,0.6367
l7147m,GME,neutral,0.9225
l7145h,AMC,neutral,0.9100
l7145h,GME,neutral,0.9100
l71455,AMC,neutral,0.9269
l71455,GME,neutral,0.9269
l7144t,AMC,neutral,0.8974
l71437,GME,neutral,0.9305
l71428,GME,negative,0.8891
l71428,NFLX,negative,0.8891
l71422,GME,neutral,0.8364
l71420,AMC,neutral,0.8669
l71420,GME,neutral,0.8669
l7141m,AMC,neutral,0.6934
l7141m,GME,neutral,0.6934
l713z5,GME,negative,0.7070
l71ews,GME,neutral,0.7955
l71ew9,GME,negative,0.5339
l71evy,GME,negative,0.9238
l71evw,GOOGL,negative,0.7129
l71evs,AMC,neutral,0.9320
l71evs,GME,neutral,0.9320
l71eut,GME,neutral,0.6011
l71eu9,GME,neutral,0.7084
l71esq,AMC,neutral,0.9311
l71esh,GME,negative,0.6247
l71es8,AMC,neutral,0.7733
l71es8,GME,neutral,0.7733
l71ero,GME,neutral,0.8472
l71duz,GME,neutral,0.9236
l71erd,AMZN,negative,0.8966
l71erd,GME,negative,0.8966
l71erd,TSLA,negative,0.8966
l71eqp,GME,neutral,0.7534
l71eqf,META,negative,0.9070
l71eqf,GME,negative,0.9070
l71epu,GME,neutral,0.8547
l71epd,AAPL,neutral,0.8415
l71eot,AMC,neutral,0.8394
l71eot,GME,neutral,0.8394
l71eo2,GME,neutral,0.8010
l71enf,GME,negative,0.8034
l71ena,GME,neutral,0.9388
l71emk,GME,neutral,0.9327
l71em3,GME,neutral,0.9091
l71elk,AMC,neutral,0.9271
l71elk,GME,neutral,0.9271
l71eji,AMC,neutral,0.8881
l71eji,GME,neutral,0.8881
l71eij,AMC,neutral,0.9100
l71eii,GME,neutral,0.8661
l71eie,GME,neutral,0.9324
l71ehu,GME,neutral,0.8792
l71egx,AMC,positive,0.8550
l71egx,GME,positive,0.8550
l71eg7,GME,neutral,0.8180
l71efh,GME,neutral,0.9388
l71ee1,GME,neutral,0.9148
l71eaw,GME,neutral,0.8714
l71e8w,AMC,neutral,0.8049
l71e6o,AMC,neutral,0.8853
l71e6o,GME,neutral,0.8853
l71e6k,GME,neutral,0.7975
l71e64,GME,negative,0.5801
l71e52,AMC,neutral,0.8181
l71e3e,GME,neutral,0.8980
l71e36,GME,neutral,0.9077
l71e2i,GME,neutral,0.8466
l71e1l,GME,negative,0.5792
l71e0e,GME,neutral,0.5444
l71dzj,AMC,neutral,0.8813
l71dzj,GME,neutral,0.8813
l71dzc,AMC,negative,0.7351
l71dz1,AMC,neutral,0.8877
l71dz1,GME,neutral,0.8877
l71dyf,GME,neutral,0.8848
l71dy9,GME,negative,0.9463
l71dy8,AMC,neutral,0.9342
l71dy8,GME,neutral,0.9342
l71dy2,GME,neutral,0.8897
l71dxb,GME,neutral,0.7072
l71dxa,AMC,neutral,0.8607
l71dxa,GME,neutral,0.8607
l71dvy,GME,negative,0.8635
l71dv6,AMC,neutral,0.8842
l71dv6,GME,neutral,0.8842
l71dtz,GME,negative,0.5564
l71dtc,AMC,neutral,0.7314
l71dtc,GME,neutral,0.7314
l71dsd,GME,neutral,0.9080
l71ds4,AMC,neutral,0.5047
l71ds4,GME,neutral,0.5047
l71dr9,GME,neutral,0.9328
l71dpy,GOOGL,neutral,0.9370
l71dn1,GME,neutral,0.5444
l71dme,GME,neutral,0.6694
l71dm2,GME,neutral,0.8684
l71dks,AMC,negative,0.6678
l71dks,GME,negative,0.6678
l71dke,GME,neutral,0.9523
l71djh,AMC,neutral,0.9414
l71djh,GME,neutral,0.9414
l71dif,GME,neutral,0.9146
l71dhb,GME,negative,0.7276
l71dh5,GME,neutral,0.7606
l71dgm,GME,neutral,0.8196
l71dgg,AMC,neutral,0.9105
l71dgg,GME,neutral,0.9105
l71dge,AMC,neutral,0.8472
l71dge,GME,neutral,0.8472
l71dfz,GME,neutral,0.6397
l71dfp,GME,neutral,0.8923
l71cwq,GME,negative,0.5029
l71ddu,GME,neutral,0.5345
l71dd8,GME,neutral,0.8274
l71dct,GME,neutral,0.8855
l71dci,GME,neutral,0.9015
l71dch,AMC,neutral,0.8790
l71dch,GME,neutral,0.8790
l71db5,GME,neutral,0.6694
l71d9j,GME,neutral,0.6694
l71d99,GME,neutral,0.7992
l71d91,AMZN,neutral,0.7641
l71d91,GME,neutral,0.7641
l71d8p,GOOGL,neutral,0.9370
l71d80,AMC,neutral,0.9414
l71d80,GME,neutral,0.9414
l71d7n,GME,negative,0.8635
l71d6u,AMC,neutral,0.6484
l71d6u,GME,neutral,0.6484
l71d5y,AMC,neutral,0.5047
l71d5y,GME,neutral,0.5047
l71d5u,GME,neutral,0.8923
l71d5o,GME,neutral,0.6597
l71d5j,GME,neutral,0.8196
l71d52,AMC,neutral,0.9117
l71d52,GME,neutral,0.9117
l71d4b,GME,neutral,0.5918
l71d42,GME,neutral,0.8943
l71d3q,GME,neutral,0.9429
l71d38,GME,neutral,0.9181
l71d2w,AMC,neutral,0.8846
l71d2w,GME,neutral,0.8846
l71d2q,GME,neutral,0.8792
l71d14,GME,neutral,0.8848
l71d01,GME,neutral,0.8607
l71cx6,AMC,neutral,0.8705
l71cx6,GME,neutral,0.8705
l71cwx,GME,neutral,0.9074
l71cwn,GME,neutral,0.8459
l71cw2,AMC,neutral,0.5471
l71cw2,GME,neutral,0.5471
l71cw1,AMC,neutral,0.8465
l71cw1,GME,neutral,0.8465
l71cv4,GME,neutral,0.9022
l71cv2,AMC,neutral,0.8722
l71cv2,GME,neutral,0.8722
l71cus,GME,neutral,0.6916
l71crt,AMC,neutral,0.8698
l71crt,GME,neutral,0.8698
l71cri,GME,neutral,0.8352
l71cr7,GME,neutral,0.9137
l71cqy,AMC,neutral,0.8506
l71cqy,GME,neutral,0.8506
l71cqi,AMC,neutral,0.8755
l71cqi,GME,neutral,0.8755
l71cmz,AMC,neutral,0.5031
l71cmz,GME,neutral,0.5031
l71cmf,AMC,neutral,0.8978
l71cmf,GME,neutral,0.8978
l71clj,AMC,neutral,0.9141
l71clj,AAPL,neutral,0.9141
l71clj,GME,neutral,0.9141
l71cjt,GME,negative,0.7120
l71cj2,AMC,negative,0.5009
l71cj2,GME,negative,0.5009
l71chp,GME,neutral,0.6643
l71chj,GME,neutral,0.9060
l71cgj,AMC,neutral,0.6745
l71cgj,GME,neutral,0.6745
l71cgf,GME,neutral,0.6495
l71cg9,GME,neutral,0.6866
l71cf9,AMC,neutral,0.7768
l71cf9,GME,neutral,0.7768
l71cf3,GME,neutral,0.9305
l71cc6,GME,neutral,0.8814
l71c9x,AMC,negative,0.8797
l71c9x,GME,negative,0.8797
l71c9w,AMC,negative,0.6822
l71c9w,GME,negative,0.6822
l71c8s,GME,neutral,0.8737
l71c8s,TSLA,neutral,0.8737
l71c88,GME,neutral,0.9058
l71c6p,GME,neutral,0.8193
l71c63,GME,negative,0.5677
l71c4z,GME,neutral,0.8607
l71c2k,GME,negative,0.5880
l71bzf,GME,neutral,0.5167
l71bzd,GME,neutral,0.8150
l71bve,AMC,neutral,0.9231
l71bve,GME,neutral,0.9231
l71bu2,AMC,neutral,0.8664
l71bu2,GME,neutral,0.8664
l71bqw,AMC,negative,0.5728
l71bqu,GME,neutral,0.5511
l71bqg,GME,neutral,0.9135
l71bod,AMC,neutral,0.9119
l71bnh,AMC,neutral,0.9195
l71bnh,GME,neutral,0.9195
l71bmv,GME,neutral,0.8685
l71bmf,AMC,neutral,0.9486
l71bmf,GME,neutral,0.9486
l71blp,AMC,neutral,0.9246
l71blp,GME,neutral,0.9246
l71bky,GME,neutral,0.8367
l71bjd,AMC,neutral,0.5411
l71bj3,GME,positive,0.7212
l71bi6,AMC,neutral,0.4734
l71bhp,GME,neutral,0.8150
l71bgq,GME,neutral,0.9052
l71bfn,GME,negative,0.5507
l71bfc,GME,negative,0.6335
l71bee,AMC,neutral,0.9287
l71bdm,GME,neutral,0.9345
l71bco,GME,neutral,0.4971
l71bc1,GME,neutral,0.6313
l71bay,GME,neutral,0.8436
l71ba1,GME,neutral,0.9019
l71b9f,GME,negative,0.8724
l71b8c,GME,neutral,0.9420
l71b82,AMC,neutral,0.9222
l71b82,GME,neutral,0.9222
l71b7k,GME,neutral,0.8951
l71b6s,GME,neutral,0.9076
l71b6c,GME,neutral,0.8217
l71b40,GME,neutral,0.5953
l71b3b,GME,neutral,0.8649
l71b0e,GME,neutral,0.7624
l71azr,GME,neutral,0.8058
l71azc,GME,neutral,0.9131
l71axu,GME,negative,0.8206
l71awx,AMC,negative,0.8071
l71avx,AMC,neutral,0.8750
l71avx,GME,neutral,0.8750
l71avf,GME,neutral,0.7048
l71auu,GME,neutral,0.9340
l71au7,AMC,neutral,0.9340
l71au6,AMC,neutral,0.8802
l71au6,GME,neutral,0.8802
l71au1,GME,neutral,0.8700
l71at3,GME,neutral,0.8816
l71asn,GME,neutral,0.7127
l71asa,AMC,negative,0.7096
l71arj,AMC,neutral,0.9478
l71arj,GME,neutral,0.9478
l71are,GME,neutral,0.8770
l71aqp,GME,neutral,0.8729
l71aqb,AMC,neutral,0.9290
l71aqb,GME,neutral,0.9290
l71aps,GME,neutral,0.7909
l71aoj,GME,neutral,0.8922
l71amb,GME,neutral,0.8546
l71akw,AMC,neutral,0.9350
l71ajy,GME,neutral,0.9314
l71ag1,GME,neutral,0.9325
l71aer,GME,neutral,0.8991
l71aek,GME,negative,0.7724
l71abp,AMC,neutral,0.9363
l71abp,GME,neutral,0.9363
l71aao,AMC,negative,0.7616
l71a8m,AAPL,neutral,0.9384
l71a8f,GME,neutral,0.5376
l71a7z,GME,neutral,0.8106
l71a7x,GME,positive,0.3988
l71a61,AMC,neutral,0.5124
l71kgk,AMC,neutral,0.8853
l71kgk,GME,neutral,0.8853
l71kf9,AMC,neutral,0.8737
l71kf9,GME,neutral,0.8737
l71ked,AMC,negative,0.8660
l71ked,GME,negative,0.8660
l71ke4,GME,neutral,0.7467
l71kbk,GME,neutral,0.8518
l71kbb,GME,neutral,0.8081
l71kb2,GME,neutral,0.9319
l71k7v,GME,neutral,0.6678
l71k7l,GME,neutral,0.7593
l71k7k,GME,neutral,0.8595
l71k7f,AMC,negative,0.6959
l71k7f,GME,negative,0.6959
l71k6t,GME,positive,0.6630
l71k6n,GME,negative,0.8654
l71k56,AMC,neutral,0.5070
l71k4c,AMZN,neutral,0.7953
l71k4c,GME,neutral,0.7953
l71k3w,GME,neutral,0.9329
l71k3r,GME,neutral,0.9094
l71k2l,GME,neutral,0.5025
l71k1z,GME,negative,0.7957
l71k13,GME,neutral,0.9141
l71k0r,GME,neutral,0.6740
l71jyz,AMC,neutral,0.8777
l71jys,AMC,neutral,0.9096
l71jys,GME,neutral,0.9096
l71jyo,GME,neutral,0.8693
l71jxj,AMC,neutral,0.7231
l71jxj,GME,neutral,0.7231
l71jv3,GME,neutral,0.9119
l71jt5,GME,neutral,0.8858
l71jrv,GME,negative,0.7005
l71jrq,AMC,neutral,0.8776
l71jrq,GME,neutral,0.8776
l71jnq,GME,neutral,0.8562
l71jnl,GME,neutral,0.9151
l71jls,GME,neutral,0.7547
l71jku,GME,negative,0.8429
l71jkj,GME,neutral,0.8849
l71jk7,GME,neutral,0.9460
l71jk4,GME,neutral,0.9393
l71jig,GME,neutral,0.9152
l71jhh,GME,neutral,0.9034
l71jh6,GME,neutral,0.8776
l71jgz,AMC,neutral,0.7801
l71jgx,GME,neutral,0.9310
l71jgh,AMC,neutral,0.8923
l71jg8,AMC,neutral,0.9209
l71jg1,AMC,neutral,0.7788
l71jg1,GME,neutral,0.7788
l71jf8,GME,neutral,0.5439
l71jdk,GME,neutral,0.7877
l71jc1,GME,neutral,0.7250
l71jbu,AMC,neutral,0.9234
l71jbu,GME,neutral,0.9234
l71jbn,GME,neutral,0.8381
l71jas,AMC,neutral,0.8557
l71jas,GME,neutral,0.8557
l71jag,GME,neutral,0.4872
l71ja0,GME,neutral,0.5254
l71j8e,GME,negative,0.4878
l71j6m,GME,negative,0.5947
l71j6g,AMC,negative,0.7457
l71j6g,GME,negative,0.7457
l71j62,GME,neutral,0.9074
l71j56,GME,neutral,0.8756
l71j4u,GME,negative,0.7694
l71j3v,META,neutral,0.8645
l71j3z,GME,neutral,0.8469
l71j3f,GME,neutral,0.9294
l71j37,AMC,neutral,0.8526
l71j37,GME,neutral,0.8526
l71j36,AMC,negative,0.9491
l71j2w,GME,neutral,0.7228
l71j2t,GME,neutral,0.9154
l71j1p,GME,neutral,0.8986
l71j1m,GME,neutral,0.9372
l71j1h,GME,neutral,0.8778
l71j0k,GME,neutral,0.8306
l71j0i,AMC,neutral,0.8771
l71j0i,GME,neutral,0.8771
l71ixg,GME,neutral,0.8222
l71ixa,GME,neutral,0.8890
l71iwy,GME,neutral,0.9120
l71iwd,AMC,neutral,0.7328
l71iwd,GME,neutral,0.7328
l71ivt,GME,neutral,0.6456
l71ivh,GME,neutral,0.9482
l71iv9,GME,negative,0.6637
l71iuq,GME,neutral,0.8134
l71is1,GME,neutral,0.5979
l71iri,AMC,neutral,0.9251
l71iri,GME,neutral,0.9251
l71ir2,AMC,neutral,0.8948
l71ir8,GME,neutral,0.9412
l71iou,GME,negative,0.6172
l71iog,GME,neutral,0.6832
l71io3,GME,neutral,0.9037
l71in5,GME,neutral,0.7348
l71imt,AMC,neutral,0.5293
l71imp,AMC,neutral,0.8846
l71imp,GME,neutral,0.8846
l71im4,GME,neutral,0.6037
l71ikt,GME,negative,0.7191
l71ij8,GME,neutral,0.6660
l71iij,GME,negative,0.6062
l71ify,GME,neutral,0.9200
l71ifo,AMC,negative,0.8418
l71if7,GME,neutral,0.5044
l71if5,GME,neutral,0.5444
l71idj,GME,positive,0.6106
l71id6,GME,neutral,0.9173
l71ib9,GME,neutral,0.5737
l71ia5,GME,neutral,0.9026
l71i91,GME,neutral,0.8615
l71i8w,AMC,neutral,0.8907
l71i8w,GME,neutral,0.8907
l71i85,GME,negative,0.9517
l71i7s,GME,negative,0.7589
l71i7j,GME,neutral,0.6706
l71i57,GME,neutral,0.7227
l71i40,GME,neutral,0.8497
l71i41,GME,neutral,0.7191
l71i3y,AMC,neutral,0.8405
l71i3y,GME,neutral,0.8405
l71i2l,GME,neutral,0.9275
l71i2h,AMC,neutral,0.9194
l71i14,GME,neutral,0.8854
l71i0t,GME,neutral,0.8497
l71i0q,GME,neutral,0.8980
l71hzu,AMC,neutral,0.9443
l71hzj,GME,neutral,0.5491
l71hzh,GME,neutral,0.8638
l71hz9,AMC,positive,0.4860
l71hz6,GME,neutral,0.8702
l71hyx,GME,neutral,0.7984
l71hyl,GME,neutral,0.7884
l71hyb,GME,neutral,0.8227
l71hy3,GME,neutral,0.8510
l71hwy,GME,neutral,0.9113
l71huy,AMC,neutral,0.8988
l71hsh,GME,neutral,0.9369
l71hs9,GME,neutral,0.9362
l71hrk,GME,neutral,0.7717
l71hqs,AMC,neutral,0.5478
l71hqs,GME,neutral,0.5478
l71hq2,GME,neutral,0.9324
l71hpm,GME,neutral,0.9294
l71hnt,GME,neutral,0.8277
l71hng,GME,neutral,0.5635
l71hnf,AMC,neutral,0.9179
l71hnf,GME,neutral,0.9179
l71hn9,GME,neutral,0.8934
l71hml,GME,neutral,0.9180
l71hmf,GME,negative,0.8776
l71hm6,GME,neutral,0.8948
l71hlx,GME,neutral,0.9271
l71hll,AMC,neutral,0.9472
l71hl0,AMC,neutral,0.8812
l71hl0,GME,neutral,0.8812
l71hky,GME,neutral,0.9463
l71hk5,AMC,neutral,0.5634
l71hk5,GME,neutral,0.5634
l71ghk,GME,neutral,0.9236
l71hiy,AMC,neutral,0.9322
l71hiy,GME,neutral,0.9322
l71hfn,GME,neutral,0.6342
l71hf2,GME,neutral,0.8959
l71hez,AMC,neutral,0.9195
l71hez,GME,neutral,0.9195
l71heb,GME,neutral,0.8753
l71he7,GME,negative,0.9090
l71he6,GME,neutral,0.5287
l71he3,GME,neutral,0.8625
l71hdm,GME,neutral,0.9302
l71hde,GME,negative,0.6368
l71hcy,GME,neutral,0.9156
l71hc6,AMC,neutral,0.8787
l71hc6,GME,neutral,0.8787
l71hbt,AMC,neutral,0.7987
l71hbt,GME,neutral,0.7987
l71hb0,AMC,neutral,0.9261
l71hb0,GME,neutral,0.9261
l71h8i,GME,neutral,0.9209
l71h80,AMC,neutral,0.6906
l71h80,GME,neutral,0.6906
l71h6z,GME,neutral,0.9244
l71h5w,GME,neutral,0.6361
l71h5r,GME,neutral,0.9213
l71h52,AMC,negative,0.8820
l71h4r,AMC,negative,0.8911
l71h4r,GME,negative,0.8911
l71h2p,GME,neutral,0.7954
l71h27,AMC,neutral,0.8322
l71h27,GME,neutral,0.8322
l71h17,GME,neutral,0.8832
l71h0y,AMZN,neutral,0.8923
l71h0y,GME,neutral,0.8923
l71h0m,GME,neutral,0.9033
l71h0i,GME,negative,0.5617
l71h0d,GME,neutral,0.9152
l71h06,GME,neutral,0.5175
l71h03,AMC,neutral,0.5879
l71h03,GME,neutral,0.5879
l71gyh,GME,neutral,0.8085
l71gvx,AMC,neutral,0.8692
l71gvx,GME,neutral,0.8692
l71gvs,GME,negative,0.5130
l71gv6,GME,neutral,0.9266
l71guq,GME,neutral,0.9233
l71gsw,AMC,neutral,0.7227
l71grs,GME,positive,0.9333
l71gr5,GME,neutral,0.9433
l71gr0,GME,positive,0.7026
l71gq3,AMC,neutral,0.8342
l71gq3,GME,neutral,0.8342
l71gps,GME,neutral,0.5532
l71gpp,GME,neutral,0.8314
l71gno,GME,negative,0.6142
l71gnc,GME,negative,0.5514
l71glx,GME,neutral,0.8901
l71gkq,AMC,negative,0.8498
l71gkq,GME,negative,0.8498
l71gk0,GME,neutral,0.9364
l71gjp,GME,negative,0.6316
l71gjl,GME,neutral,0.7638
l71gjg,GME,neutral,0.8405
l71gi9,AMC,neutral,0.6731
l71gi9,GME,neutral,0.6731
l71gf6,GME,neutral,0.8853
l71gel,AMC,negative,0.6811
l71gel,GME,negative,0.6811
l71ge2,GME,neutral,0.8623
l71gds,GME,neutral,0.8937
l71gcs,GME,neutral,0.7637
l71gco,AMC,negative,0.7682
l71gag,AMC,neutral,0.8762
l71g92,GME,negative,0.5880
l71g90,GME,neutral,0.8029
l71g8y,AMC,neutral,0.7476
l71g8y,GME,neutral,0.7476
l71g71,GME,neutral,0.8392
l71g62,AMC,neutral,0.9015
l71g56,GME,negative,0.8715
l71g54,GME,negative,0.8251
l71g4z,GME,neutral,0.6165
l71g4q,GME,neutral,0.9423
l71g4i,GME,neutral,0.8315
l71g2m,AMC,negative,0.9632
l71g2m,GME,negative,0.9632
l71g2j,GME,neutral,0.7578
l71g21,GME,neutral,0.5080
l71g0k,GME,neutral,0.6766
l71fvt,GME,neutral,0.5934
l71fv5,AMC,negative,0.7823
l71fv5,GME,negative,0.7823
l71fua,GME,neutral,0.8900
l71fsn,AMC,neutral,0.9109
l71fsn,GME,neutral,0.9109
l71frf,GME,neutral,0.6418
l71fqt,AMC,neutral,0.9423
l71fqp,GME,neutral,0.8392
l71qgb,GME,negative,0.5701
l71qfz,AMC,neutral,0.8610
l71qeo,GME,neutral,0.8915
l71qc4,GME,neutral,0.8050
l71qbh,GME,neutral,0.8531
l71qas,GME,neutral,0.8424
l71qam,GME,neutral,0.4818
l71qaf,GME,negative,0.8322
l71qa4,GME,neutral,0.7871
l71q9r,GME,neutral,0.8559
l71q5w,GME,neutral,0.8454
l71q5k,GME,neutral,0.8918
l71q4d,AMC,negative,0.5399
l71q4d,GME,negative,0.5399
l71q4b,AMC,neutral,0.6600
l71q4b,GME,neutral,0.6600
l71q47,GME,neutral,0.9187
l71q3y,GME,neutral,0.8585
l71q32,GME,neutral,0.9022
l71q2l,AMC,neutral,0.6893
l71q12,GME,negative,0.5685
l71q06,AMC,negative,0.5876
l71q06,GME,negative,0.5876
l71pzn,GME,neutral,0.9252
l71py1,AMC,neutral,0.5330
l71py1,GME,neutral,0.5330
l71pww,GME,negative,0.8536
l71pwb,GME,neutral,0.8980
l71pvz,GME,neutral,0.7568
l71pw0,GME,neutral,0.8840
l71pth,GME,neutral,0.5192
l71psq,GME,neutral,0.9205
l71psd,AMC,negative,0.7438
l71psd,GME,negative,0.7438
l71prj,AAPL,neutral,0.5203
l71prj,GOOGL,neutral,0.5203
l71pqv,GME,neutral,0.8705
l71pqs,GME,neutral,0.9218
l71pox,GME,neutral,0.8857
l71pog,AMC,neutral,0.9020
l71pog,GME,neutral,0.9020
l71pnt,AMC,neutral,0.9127
l71pni,GME,negative,0.7997
l71pk2,GME,neutral,0.5747
l71pjz,GME,neutral,0.7850
l71pjv,GME,neutral,0.8615
l71pj8,GME,neutral,0.8987
l71pi2,GME,neutral,0.7112
l71phy,GME,neutral,0.8565
l71pg6,GME,neutral,0.9253
l71pfz,AMC,neutral,0.9288
l71pfz,GME,neutral,0.9288
l71peu,GME,neutral,0.9151
l71pe2,GME,neutral,0.8770
l71pdo,GME,negative,0.5531
l71pdd,GME,neutral,0.6513
l71pba,GME,neutral,0.7207
l71p9w,GME,neutral,0.7440
l71p9i,AMC,negative,0.6154
l71p9i,GME,negative,0.6154
l71p93,GME,neutral,0.8667
l71p7i,AMC,neutral,0.8037
l71p74,AMC,neutral,0.6225
l71p64,GME,negative,0.9467
l71p5j,GME,neutral,0.9489
l71p3i,GME,neutral,0.9096
l71p3b,GME,neutral,0.9372
l71p2h,AMC,neutral,0.8875
l71p2h,GME,neutral,0.8875
l71p2h,TSLA,neutral,0.8875
l71p1c,GME,neutral,0.8224
l71p0p,AMC,neutral,0.8640
l71p0p,GME,neutral,0.8640
l71oz4,GME,negative,0.7589
l71oyo,AMC,negative,0.6089
l71oy1,GME,neutral,0.8172
l71oxl,AMC,neutral,0.9263
l71oxl,GME,neutral,0.9263
l71ow5,GME,negative,0.5380
l71oxe,GME,neutral,0.7914
l71ov7,GME,negative,0.9536
l71ous,GME,neutral,0.8864
l71oox,GME,neutral,0.8031
l71oqc,GME,neutral,0.8763
l71om7,GME,neutral,0.6979
l71oju,GME,neutral,0.6812
l71ojs,GME,negative,0.6838
l71oje,AMC,neutral,0.9166
l71oid,AMC,neutral,0.8935
l71oid,GME,neutral,0.8935
l71ohq,GME,positive,0.8056
l71ohp,AMC,neutral,0.5398
l71oh7,AMC,neutral,0.9243
l71oh7,GME,neutral,0.9243
l71ogt,GME,neutral,0.8523
l71ofh,GME,neutral,0.9047
l71oef,GME,neutral,0.9287
l71odf,GME,neutral,0.8394
l71oc7,GME,neutral,0.8822
l71ob0,AMC,positive,0.5347
l71oad,AMC,neutral,0.7860
l71o9u,GME,neutral,0.7502
l71o7n,GME,neutral,0.6373
l71o7l,AMC,negative,0.5868
l71o7l,GME,negative,0.5868
l71o76,GME,negative,0.5107
l71o8w,GME,neutral,0.8776
l71o6o,GME,neutral,0.8436
l71o5o,GME,neutral,0.9119
l71o28,GME,neutral,0.5267
l71o27,GME,neutral,0.9364
l71nzt,GME,neutral,0.7319
l71nz3,AMC,neutral,0.8951
l71nz3,GME,neutral,0.8951
l71nyu,GME,neutral,0.8966
l71nxt,GME,neutral,0.9204
l71nvt,AMC,negative,0.5928
l71nvt,GME,negative,0.5928
l71nu9,GME,neutral,0.9353
l71nt7,GME,neutral,0.8508
l71ns9,GME,neutral,0.8382
l71npm,GME,positive,0.8472
l71npi,GME,negative,0.9467
l71no5,TSLA,neutral,0.6939
l71no3,GME,negative,0.6161
l71nnz,GME,neutral,0.8544
l71nmx,GME,neutral,0.6224
l71nmv,GME,neutral,0.8909
l71nml,GME,neutral,0.8131
l71nlm,TSLA,neutral,0.7301
l71nk6,GME,neutral,0.9187
l71nie,AMC,neutral,0.9108
l71nhy,GME,neutral,0.8594
l71nhp,GME,negative,0.6407
l71nhc,GME,neutral,0.8630
l71nem,GME,neutral,0.9012
l71ndk,GME,neutral,0.8947
l71nd8,GME,neutral,0.6327
l71ncw,AMC,neutral,0.5662
l71ncd,GME,neutral,0.5861
l71nbw,GME,neutral,0.9368
l71nac,AMC,neutral,0.8577
l71nac,GME,neutral,0.8577
l71n9t,GOOGL,neutral,0.9510
l71n9q,GME,neutral,0.7438
l71n77,AMC,neutral,0.9293
l71n77,GME,neutral,0.9293
l71n6p,GME,neutral,0.9027
l71n6k,GME,neutral,0.7346
l71n6a,GME,neutral,0.9118
l71n64,AMC,neutral,0.8903
l71n64,GME,neutral,0.8903
l71n5t,GME,neutral,0.8810
l71n4f,GME,neutral,0.8003
l71n2b,GME,neutral,0.9124
l71n1c,GME,neutral,0.8887
l71mzx,GME,neutral,0.5324
l71mzs,GME,neutral,0.8493
l71mzs,TSLA,neutral,0.8493
l71mwx,GME,neutral,0.8823
l71mwc,GME,neutral,0.8837
l71mw9,AMC,neutral,0.9237
l71mw9,GME,neutral,0.9237
l71mtz,GME,neutral,0.8994
l71mtu,GME,neutral,0.8060
l71mtj,GME,neutral,0.8046
l71msm,GME,neutral,0.8915
l71mre,GME,neutral,0.8451
l71mqs,GME,neutral,0.7084
l71mmh,GME,neutral,0.7232
l71miq,AMC,neutral,0.8754
l71miq,GME,neutral,0.8754
l71mi4,GME,negative,0.7132
l71mhc,GME,neutral,0.8609
l71mgt,AMC,negative,0.5919
l71mgt,GME,negative,0.5919
l71mf7,GME,neutral,0.8522
l71mf6,GME,positive,0.8987
l71mdu,GME,neutral,0.8525
l71mda,GME,neutral,0.9001
l71mcs,GME,neutral,0.8783
l71mcn,AMC,neutral,0.8596
l71mcn,GME,neutral,0.8596
l71mc4,GME,neutral,0.8769
l71mbz,GME,neutral,0.8446
l71mbl,GME,neutral,0.9389
l71mb1,AMC,negative,0.4946
l71mb1,GME,negative,0.4946
l71mac,GME,neutral,0.9029
l71m9m,GME,negative,0.6513
l71m90,GME,neutral,0.6922
l71m8s,GME,neutral,0.9477
l71m7w,GME,neutral,0.8674
l71m7l,GME,neutral,0.7987
l71m7a,GME,neutral,0.8011
l71m6y,GME,neutral,0.6796
l71m6u,GME,negative,0.7459
l71m4m,AMC,neutral,0.5245
l71m4h,GME,neutral,0.8809
l71m44,TSLA,neutral,0.9067
l71m3r,GME,neutral,0.9190
l71m3m,GME,neutral,0.8125
l71m38,GME,neutral,0.9289
l71m1l,AMC,neutral,0.6882
l71m1l,GME,neutral,0.6882
l71m15,GME,neutral,0.8314
l71m0w,AMC,neutral,0.8625
l71m0w,GME,neutral,0.8625
l71m0n,AMC,neutral,0.8895
l71m0n,GME,neutral,0.8895
l71m0j,AMC,neutral,0.8106
l71m0j,GME,neutral,0.8106
l71ltx,GME,negative,0.7934
l71ltt,AMC,neutral,0.9257
l71ltt,GME,neutral,0.9257
l71ltn,AMC,neutral,0.8084
l71lro,GME,neutral,0.8299
l71lr6,GME,negative,0.8554
l71lsq,GME,negative,0.5331
l71loa,AMC,neutral,0.6180
l71loa,GME,neutral,0.6180
l71lo9,AMC,neutral,0.9196
l71lo9,GME,neutral,0.9196
l71ln7,GME,neutral,0.9240
l71lm3,GME,neutral,0.8467
l71lle,GME,neutral,0.9043
l71v2t,GME,neutral,0.9379
l71v2l,AMC,negative,0.7300
l71v2l,GME,negative,0.7300
l71v2e,AMC,neutral,0.8159
l71v1s,GME,negative,0.6101
l71v16,GME,neutral,0.7717
l71v11,GME,neutral,0.8892
l71v0u,GME,negative,0.6531
l71v0d,GME,neutral,0.8584
l71uwe,GME,negative,0.9169
l71uts,GME,neutral,0.7350
l71ut6,GME,neutral,0.8484
l71uso,AMC,neutral,0.7168
l71uso,GME,neutral,0.7168
l71usj,AMC,neutral,0.9274
l71uql,GME,neutral,0.9249
l71uoe,GME,neutral,0.8738
l71uns,GME,neutral,0.9211
l71ukd,AMC,neutral,0.8887
l71ui8,GME,neutral,0.8734
l71uhd,GME,neutral,0.8710
l71ugd,GME,neutral,0.8566
l71ufa,GME,neutral,0.7173
l71uf5,GME,negative,0.8542
l71uei,GME,neutral,0.9149
l71udo,AMC,neutral,0.8985
l71ud9,GME,negative,0.9452
l71ucl,GME,positive,0.9014
l71uc5,GME,neutral,0.8828
l71ua6,GME,neutral,0.8594
l71u82,GME,neutral,0.9078
l71u81,GME,neutral,0.9354
l71u80,GME,negative,0.7246
l71u7u,GME,positive,0.8620
l71u6h,AMC,neutral,0.9263
l71u6h,GME,neutral,0.9263
l71u5o,GME,neutral,0.8434
l71u4i,AMC,neutral,0.9023
l71u49,AMZN,neutral,0.6692
l71u49,GME,neutral,0.6692
l71u3k,GME,neutral,0.8907
l71u22,AMC,neutral,0.9341
l71u1t,GME,neutral,0.9124
l71u18,GME,neutral,0.8284
l71u17,GME,negative,0.8616
l71u10,AMC,negative,0.9431
l71tzq,GME,neutral,0.8207
l71tzd,GME,neutral,0.8086
l71tyw,GME,negative,0.5191
l71txi,GME,neutral,0.8389
l71twx,AMC,neutral,0.8510
l71twx,GME,neutral,0.8510
l71two,GME,neutral,0.7203
l71tv6,AMC,neutral,0.9418
l71tv6,GME,neutral,0.9418
l71tup,GME,negative,0.8959
l71tul,AMC,neutral,0.9473
l71tul,GME,neutral,0.9473
l71tub,GME,neutral,0.5383
l71tjp,GME,negative,0.9134
l71tiv,AMC,neutral,0.6881
l71tii,AMC,neutral,0.8651
l71tii,GME,neutral,0.8651
l71tgv,AMC,neutral,0.9153
l71ter,AMC,neutral,0.8682
l71te5,GME,neutral,0.6467
l71td1,GME,negative,0.6299
l71tba,GME,neutral,0.8923
l71t7q,GME,neutral,0.8098
l71t7j,GME,negative,0.8502
l71t7e,GME,negative,0.6038
l71t6m,GME,neutral,0.8865
l71t60,GME,neutral,0.7522
l71t5b,AMC,neutral,0.8274
l71t4z,GME,neutral,0.7172
l71t4s,AMC,negative,0.8902
l71t4s,GME,negative,0.8902
l71t3p,GME,neutral,0.8955
l71t33,AMC,neutral,0.7782
l71t2z,GME,neutral,0.6907
l71t2v,AAPL,neutral,0.7357
l71t2v,GME,neutral,0.7357
l71t2r,GME,neutral,0.8962
l71t27,GME,neutral,0.7440
l71t20,GME,neutral,0.9429
l71t0p,GME,neutral,0.5789
l71szz,GME,neutral,0.8784
l71sza,AMC,neutral,0.8948
l71sz2,AMC,neutral,0.8533
l71sz2,GME,neutral,0.8533
l71syi,AMC,neutral,0.9151
l71syi,GME,neutral,0.9151
l71sxf,GME,neutral,0.9196
l71svj,GME,neutral,0.9283
l71suz,GME,neutral,0.8511
l71ssj,AMC,neutral,0.8898
l71ssj,GME,neutral,0.8898
l71ssf,GME,neutral,0.8924
l71srr,GME,neutral,0.8247
l71srl,AMC,neutral,0.9230
l71src,GME,neutral,0.9188
l71sq9,GME,neutral,0.8724
l71spj,AMC,neutral,0.8913
l71snc,GME,neutral,0.9360
l71sn0,AMC,neutral,0.7871
l71sn0,GME,neutral,0.7871
l71sm9,GME,neutral,0.8229
l71sm5,GME,neutral,0.6739
l71slm,GME,neutral,0.9240
l71slh,AMC,neutral,0.9386
l71slh,GME,neutral,0.9386
l71slc,GME,neutral,0.7827
l71sl5,AMC,neutral,0.9319
l71sg3,GME,neutral,0.8833
l71ses,AMC,neutral,0.8308
l71sem,GME,neutral,0.8156
l71sek,AMC,neutral,0.8700
l71sdv,GME,neutral,0.6598
l71sdm,GME,neutral,0.8512
l71sdy,AMC,neutral,0.8432
l71sad,GME,neutral,0.5720
l71s9d,GME,neutral,0.5891
l71s8x,GME,negative,0.8699
l71s6x,GME,negative,0.6736
l71s5y,GME,neutral,0.5657
l71s5r,GME,neutral,0.9231
l71s4k,AMC,negative,0.8394
l71s4k,GME,negative,0.8394
l71s2x,AMC,neutral,0.8980
l71s2x,GME,neutral,0.8980
l71s1z,GME,neutral,0.8855
l71rzg,GME,neutral,0.7780
l71rzd,AMC,negative,0.9070
l71ryj,AMC,neutral,0.8849
l71ryj,GME,neutral,0.8849
l71rvn,GME,neutral,0.8231
l71rvh,GME,negative,0.4949
l71ruu,GME,negative,0.6214
l71rtq,GME,neutral,0.8994
l71rry,AMC,neutral,0.7511
l71rrn,AMC,neutral,0.9375
l71rrn,GME,neutral,0.9375
l71rq6,GME,negative,0.5574
l71rpr,AMC,neutral,0.5829
l71rpr,GME,neutral,0.5829
l71rpp,GOOGL,neutral,0.8132
l71rou,GME,neutral,0.7220
l71ro0,GME,neutral,0.8726
l71rnw,GME,neutral,0.8911
l71rnd,AMC,neutral,0.8647
l71rnd,GME,neutral,0.8647
l71rlv,GME,neutral,0.8966
l71rj5,AMC,neutral,0.9427
l71rj5,GME,neutral,0.9427
l71rfu,GME,neutral,0.6583
l71rft,AAPL,neutral,0.8064
l71rft,GME,neutral,0.8064
l71rft,TSLA,neutral,0.8064
l71rfi,GME,neutral,0.8884
l71rff,GME,neutral,0.8756
l71rf4,GME,positive,0.8667
l71rdv,GME,neutral,0.7250
l71rdm,GME,neutral,0.6022
l71rcu,GME,neutral,0.8782
l71rbw,GME,neutral,0.5172
l71rbf,GME,negative,0.7087
l71r7l,GME,negative,0.9530
l71r6v,GME,neutral,0.9070
l71r6d,GME,neutral,0.7324
l71r5x,GME,neutral,0.9096
l71r5v,AMC,neutral,0.8881
l71r5v,GME,neutral,0.8881
l71r5s,AMC,neutral,0.6510
l71r5s,GME,neutral,0.6510
l71r2d,GME,neutral,0.9251
l71r00,GME,neutral,0.7521
l71qyh,GME,neutral,0.7045
l7218o,GME,neutral,0.6028
l720br,AMC,neutral,0.8963
l720br,GME,neutral,0.8963
l71zv0,GME,neutral,0.9120
l71zuo,GME,negative,0.6239
l71ztn,AMC,neutral,0.8975
l71zti,GME,negative,0.7266
l71ztg,GME,neutral,0.5963
l71ztd,GME,neutral,0.8196
l71zsj,GME,neutral,0.7108
l71zof,GME,neutral,0.9057
l71zmp,AMC,neutral,0.7696
l71zmp,GME,neutral,0.7696
l71zk6,GME,neutral,0.8560
l71zk0,AMC,negative,0.5382
l71zk0,GME,negative,0.5382
l71zjv,GME,positive,0.7221
l71zix,GME,neutral,0.9140
l71zil,GME,negative,0.4929
l71zic,GME,neutral,0.9242
l71zhy,AMC,neutral,0.8381
l71zhy,GME,neutral,0.8381
l71zhf,GME,neutral,0.9184
l71zf4,GME,neutral,0.7524
l71zeg,GME,neutral,0.9078
l71zbq,GME,neutral,0.6342
l71zbh,GME,neutral,0.7942
l71ypp,GME,neutral,0.9310
l71zad,GME,neutral,0.9148
l71za9,GME,neutral,0.9339
l71z8y,GME,neutral,0.9327
l71z3w,GME,neutral,0.9221
l71yx2,GME,neutral,0.9352
l71ygv,AMC,neutral,0.9206
l71yg7,GME,neutral,0.9292
l71yek,GME,neutral,0.7871
l71ye6,AMC,neutral,0.9310
l71ye6,GME,neutral,0.9310
l71ydm,GME,neutral,0.9099
l71ydk,AMC,negative,0.6524
l71ydk,GME,negative,0.6524
l71yc7,GME,neutral,0.8699
l71yam,AMC,neutral,0.9047
l71yam,GME,neutral,0.9047
l71y9v,GME,neutral,0.8700
l71y9m,GME,neutral,0.9155
l71y94,GME,neutral,0.7538
l71y6s,GME,neutral,0.8225
l71y4h,AMC,neutral,0.8803
l71y4h,GME,neutral,0.8803
l71y3y,GME,negative,0.6094
l71y19,AMC,neutral,0.7280
l71y19,GME,neutral,0.7280
l71y0j,GME,neutral,0.9351
l71xz9,GME,neutral,0.9355
l71xu9,GME,negative,0.8495
l71xu0,GME,neutral,0.5443
l71xtt,GME,neutral,0.9254
l71xtp,AMC,negative,0.6348
l71xtp,GME,negative,0.6348
l71xoe,GME,neutral,0.9296
l71xmz,GME,neutral,0.8966
l71xmw,GME,negative,0.6749
l71xm7,GME,neutral,0.8323
l71xld,AAPL,neutral,0.8796
l71xld,GME,neutral,0.8796
l71xl3,GME,neutral,0.9119
l71xjn,AMC,negative,0.8658
l71xjn,GME,negative,0.8658
l71xjj,AMC,neutral,0.8971
l71xh8,GME,neutral,0.9065
l71xgy,GME,neutral,0.8791
l71xgx,GME,neutral,0.9208
l71xgt,GME,neutral,0.5179
l71xfj,GME,neutral,0.8625
l71xf3,AMC,negative,0.6443
l71xf3,GME,negative,0.6443
l71xc1,AMC,neutral,0.9263
l71xc1,GME,neutral,0.9263
l71xb6,GME,negative,0.5606
l71x9u,AMC,neutral,0.9289
l71x9u,GME,neutral,0.9289
l71x8z,GME,negative,0.4906
l71x60,GME,neutral,0.7590
l71x5m,AMC,negative,0.9607
l71x5m,GME,negative,0.9607
l71x5k,GME,negative,0.5158
l71x4l,GME,neutral,0.9069
l71x2q,GME,neutral,0.8680
l71x0m,GME,positive,0.5720
l71x0a,GME,neutral,0.6617
l71wws,GME,neutral,0.8778
l71wvd,GME,neutral,0.6475
l71wts,GME,neutral,0.8899
l71wts,MSFT,neutral,0.8899
l71wrq,GME,neutral,0.9001
l71wra,AMC,negative,0.8936
l71wra,GME,negative,0.8936
l71wrb,AMC,neutral,0.9118
l71wrb,GME,neutral,0.9118
l71wpl,GME,neutral,0.8570
l71wpf,AMC,neutral,0.9422
l71wpf,GME,neutral,0.9422
l71wo0,GME,neutral,0.8819
l71wnq,AMC,neutral,0.8880
l71wnq,GME,neutral,0.8880
l71wni,AMC,neutral,0.8187
l71wls,GME,neutral,0.6247
l71wlk,AMC,neutral,0.9263
l71wlk,GME,neutral,0.9263
l71wlf,GME,negative,0.7865
l71wki,AMC,neutral,0.8596
l71wki,GME,neutral,0.8596
l71wjr,GME,neutral,0.9293
l71wj6,AMC,negative,0.5103
l71wi5,GME,neutral,0.8493
l71whm,GME,neutral,0.7984
l71wha,GME,neutral,0.6490
l71wgf,AMC,neutral,0.7194
l71wgf,GME,neutral,0.7194
l71wgd,AMC,neutral,0.8427
l71wgd,GME,neutral,0.8427
l71wf8,GME,neutral,0.9305
l71wf8,TSLA,neutral,0.9305
l71weq,GME,neutral,0.9194
l71web,GME,neutral,0.6441
l71wco,GME,neutral,0.9048
l71wcm,AMC,neutral,0.9352
l71wcm,GME,neutral,0.9352
l71wch,GME,neutral,0.9147
l71wa7,GME,neutral,0.8021
l71w9u,GME,neutral,0.9044
l71w9h,GME,negative,0.8132
l71w8x,GME,neutral,0.8500
l71w8k,GME,neutral,0.9335
l71w89,GME,positive,0.5712
l71w6x,GME,neutral,0.5178
l71w5r,GME,negative,0.9340
l71w5n,GME,neutral,0.9106
l71w36,GME,neutral,0.8935
l71w25,GME,neutral,0.8881
l71w1x,GME,neutral,0.7952
l71w1j,GME,negative,0.8722
l71w0y,GME,negative,0.9053
l71vyq,AAPL,neutral,0.7172
l71vyq,GME,neutral,0.7172
l71vyq,TSLA,neutral,0.7172
l71vx0,GME,neutral,0.8422
l71vww,GME,neutral,0.9167
l71vwk,GME,neutral,0.7717
l71vwi,AMC,positive,0.7644
l71vwi,GME,positive,0.7644
l71vv1,GME,neutral,0.8399
l71vu3,GME,neutral,0.6073
l71vtw,GME,neutral,0.7721
l71vt9,GME,neutral,0.9285
l71vt3,GME,neutral,0.9189
l71vsw,GME,negative,0.8069
l71vs7,GME,negative,0.6544
l71vqv,GME,negative,0.6116
l71vqj,GME,neutral,0.6922
l71vpk,AMC,negative,0.5110
l71vpk,GME,negative,0.5110
l71voq,GME,neutral,0.8850
l71vnd,GME,neutral,0.9007
l71vn9,AMC,neutral,0.7701
l71vn9,GME,neutral,0.7701
l71vml,AMC,neutral,0.8912
l71vkb,AMC,neutral,0.8533
l71vkb,GME,neutral,0.8533
l71vk0,GME,neutral,0.8957
l71vjv,AMC,neutral,0.9316
l71vjv,GME,neutral,0.9316
l71vgu,GME,neutral,0.9433
l71vdz,AMC,neutral,0.9466
l71vdz,GME,neutral,0.9466
l71vdq,GME,negative,0.6917
l71vdd,META,negative,0.5242
l71vd5,AMC,positive,0.7114
l71vd5,GME,positive,0.7114
l71vd1,GME,neutral,0.8631
l71vc2,AMC,neutral,0.7248
l71vc2,GME,neutral,0.7248
l71vbw,GME,positive,0.7114
l71v9j,GME,neutral,0.9325
l71v90,AMC,neutral,0.9512
l71v90,GME,neutral,0.9512
l71v8d,GME,neutral,0.5962
l71v88,GME,neutral,0.5546
l71v7w,GME,neutral,0.8874
l71v7p,GME,neutral,0.9168
l71v7l,GME,neutral,0.8477
l71v7h,AMC,neutral,0.9265
l71v7a,AMC,negative,0.6144
l71v7a,GME,negative,0.6144
l71v52,GME,neutral,0.9162
l726n5,AMC,neutral,0.6272
l726n5,GME,neutral,0.6272
l726b3,AMC,neutral,0.8942
l726b3,GME,neutral,0.8942
l726b2,AMC,neutral,0.8561
l726b2,GME,neutral,0.8561
l726ai,AMC,neutral,0.7126
l726ai,GME,neutral,0.7126
l726ae,AMC,neutral,0.8958
l7268i,GME,negative,0.9373
l7268b,AMC,neutral,0.9393
l725i1,GME,neutral,0.9464
l725h6,GME,negative,0.5274
l725gy,GME,neutral,0.6263
l725e8,AMC,negative,0.6981
l725e8,GME,negative,0.6981
l725e6,GME,neutral,0.9229
l725dy,GME,neutral,0.9135
l725cd,GME,neutral,0.9305
l725cb,GME,neutral,0.9300
l725bs,TSLA,neutral,0.9333
l725bj,AMC,negative,0.5786
l725bj,GME,negative,0.5786
l725b4,GME,negative,0.7811
l7259v,GME,neutral,0.8555
l7258y,GME,neutral,0.7249
l7258o,GME,neutral,0.5352
l7256p,GME,negative,0.5535
l72559,GME,neutral,0.5906
l7254v,AMC,neutral,0.9408
l7253p,GME,neutral,0.9167
l72519,AAPL,neutral,0.8503
l72519,GME,neutral,0.8503
l724zu,GME,neutral,0.5117
l724zu,TSLA,neutral,0.5117
l724yu,AMC,neutral,0.8568
l724x8,GME,neutral,0.8492
l724wp,GME,negative,0.5885
l724wi,GME,positive,0.4857
l724v2,GME,neutral,0.8544
l724th,GME,neutral,0.9279
l724tc,GME,neutral,0.8789
l724t4,AMC,neutral,0.5327
l724sm,GME,neutral,0.7978
l723j2,AMC,neutral,0.7204
l723is,GME,negative,0.8562
l723hj,GME,neutral,0.9294
l723h1,AMC,neutral,0.7161
l723h1,GME,neutral,0.7161
l723gz,AMC,neutral,0.8888
l723gz,GME,neutral,0.8888
l723fs,GME,neutral,0.9181
l723fj,AMC,neutral,0.9209
l723f1,GME,neutral,0.9171
l723eh,GME,neutral,0.5624
l723c9,GME,neutral,0.6541
l723af,AMC,negative,0.5386
l723a3,GME,neutral,0.8724
l7238v,GME,neutral,0.9058
l72384,GME,neutral,0.7625
l7236c,AMC,neutral,0.7898
l7236c,GME,neutral,0.7898
l7235a,AMC,negative,0.8459
l7235a,GME,negative,0.8459
l7233e,GME,neutral,0.8344
l7231j,GME,neutral,0.9230
l7230c,GME,neutral,0.8477
l722xn,GME,neutral,0.9215
l722xd,GME,neutral,0.9279
l722wy,GME,neutral,0.5537
l722wv,GME,negative,0.6759
l722vv,GME,neutral,0.6242
l722vr,AMC,neutral,0.9274
l722vr,GME,neutral,0.9274
l722vq,GME,neutral,0.8262
l722vl,GME,neutral,0.9232
l722tr,GME,neutral,0.8905
l722t7,AMC,neutral,0.9477
l722su,GME,negative,0.4854
l722nj,GME,neutral,0.7585
l722ng,AMC,neutral,0.8534
l722ng,GME,neutral,0.8534
l722lk,GME,neutral,0.8927
l722kq,GME,neutral,0.5645
l722jx,GME,neutral,0.4909
l722jt,AMC,neutral,0.7435
l722h1,GME,negative,0.7127
l722fk,AMC,neutral,0.8838
l722fk,GME,neutral,0.8838
l722ex,AMC,negative,0.7523
l722ds,GME,negative,0.7559
l722co,GME,neutral,0.6292
l722bd,GME,negative,0.7809
l722aa,AMC,negative,0.8115
l722aa,GME,negative,0.8115
l722a5,GME,positive,0.7854
l72297,AMC,neutral,0.9093
l72287,AMC,positive,0.5024
l7227m,GME,neutral,0.4965
l7223m,GME,neutral,0.9193
l7223h,GME,neutral,0.8873
l7222n,AMC,neutral,0.8344
l7222n,GME,neutral,0.8344
l72226,AMC,negative,0.8124
l7220d,GME,neutral,0.6396
l721xk,GME,neutral,0.8144
l721tp,GME,neutral,0.9118
l721tn,AMC,negative,0.4952
l721tn,GME,negative,0.4952
l721rj,GME,negative,0.5663
l721qy,AMC,neutral,0.8171
l721qy,GME,neutral,0.8171
l721po,GME,negative,0.6878
l721pm,GME,neutral,0.9250
l721p5,GME,negative,0.4862
l721ou,AMC,neutral,0.9320
l721ou,GME,neutral,0.9320
l721m3,GME,negative,0.7826
l721k0,AMC,neutral,0.7858
l721k0,GME,neutral,0.7858
l721jf,AMC,neutral,0.5393
l721jf,GME,neutral,0.5393
l721i8,GME,neutral,0.8835
l721ia,GME,neutral,0.9058
l721hf,GME,neutral,0.8920
l721fg,GME,neutral,0.6020
l721cn,GME,neutral,0.9228
l721bt,AMC,neutral,0.6987
l721bt,GME,neutral,0.6987
l721bo,AMC,neutral,0.6313
l721bo,GME,neutral,0.6313
l721bc,GME,neutral,0.9275
l721ba,AMC,neutral,0.8972
l721ba,GME,neutral,0.8972
l721ab,GME,neutral,0.7046
l7219v,GME,negative,0.6706
l72196,GME,neutral,0.8800
l7217s,AMC,neutral,0.9266
l7217s,GME,neutral,0.9266
l7217q,GME,negative,0.7701
l7217o,AMZN,neutral,0.8986
l7216w,AMC,neutral,0.9056
l7215u,AMC,neutral,0.8903
l7215u,GME,neutral,0.8903
l7215a,GME,neutral,0.8563
l72137,GME,neutral,0.8372
l7212e,GME,neutral,0.9382
l7211w,AMC,negative,0.8838
l7211w,GME,negative,0.8838
l7211r,AMC,neutral,0.9319
l7211r,GME,neutral,0.9319
l7211l,GME,neutral,0.9002
l7211b,GME,negative,0.7816
l720zc,AMC,neutral,0.8767
l720zc,GME,neutral,0.8767
l720ys,GME,negative,0.6803
l720xw,AMC,positive,0.5537
l720w6,AMC,neutral,0.7973
l720sw,GME,neutral,0.8409
l720ru,AMC,neutral,0.7563
l720ru,GME,neutral,0.7563
l720rl,AMC,neutral,0.9446
l720rl,GME,neutral,0.9446
l720qz,AMC,positive,0.8206
l720qm,GME,neutral,0.7709
l720pg,GME,negative,0.7940
l720o2,META,neutral,0.7400
l720lh,GME,neutral,0.9298
l720lj,GME,neutral,0.8808
l720kp,AMC,neutral,0.7600
l720fw,GME,neutral,0.7181
l720fw,TSLA,neutral,0.7181
l720f6,GME,neutral,0.8249
l720dk,GME,neutral,0.9361
l720ch,GME,negative,0.6722
l720c0,AMC,neutral,0.9082
l720c0,GME,neutral,0.9082
l720b8,GME,negative,0.9644
l720a1,GME,negative,0.5333
l7209z,AMC,neutral,0.9272
l7209z,GME,neutral,0.9272
l7209n,AMC,neutral,0.9114
l72088,GME,negative,0.5932
l7205q,AMC,neutral,0.9432
l7203s,AMC,neutral,0.9072
l7202w,GME,neutral,0.8338
l7201r,AMC,neutral,0.8647
l71zox,GME,neutral,0.7738
l71zox,TSLA,neutral,0.7738
l71zjz,AMC,neutral,0.8204
l71zhw,GME,neutral,0.6747
l71zbm,GME,neutral,0.9113
l71z39,GME,neutral,0.8765
l71yy7,AMC,neutral,0.8933
l71yxn,AMZN,neutral,0.7564
l71ywm,GME,neutral,0.7892
l71yvj,GME,neutral,0.6018
l71ysr,GME,neutral,0.8281
l71ysf,GME,neutral,0.8862
l71yqg,GME,neutral,0.9135
l71yq1,AAPL,negative,0.8503
l71yp8,GME,neutral,0.9202
l71yp7,AMC,negative,0.7427
l71yp7,GME,negative,0.7427
l71yne,AMC,neutral,0.9312
l71ymv,GME,negative,0.8462
l71ymk,AMC,neutral,0.9117
l71ymj,GME,neutral,0.5878
l71ym5,AMC,neutral,0.8691
l71ym5,GME,neutral,0.8691
l71ylz,GME,negative,0.7896
l71yj3,GME,neutral,0.9350
l72cew,GME,negative,0.8925
l72c2h,GME,positive,0.5869
l72c12,AMC,neutral,0.9235
l72c12,GME,neutral,0.9235
l72c0n,GME,neutral,0.9206
l72c03,GME,neutral,0.7647
l72byw,GME,negative,0.9002
l72bwp,GME,positive,0.5486
l72bwk,GME,neutral,0.8998
l72bwd,AMC,neutral,0.9002
l72bwd,GME,neutral,0.9002
l72buz,GME,neutral,0.7091
l72bqy,AMC,neutral,0.9117
l72bqt,AMC,neutral,0.8399
l72bqh,GME,neutral,0.9163
l72bqd,GME,neutral,0.9036
l72bpm,GME,neutral,0.9179
l72bp4,GME,neutral,0.8209
l72boo,AMC,neutral,0.6758
l72boo,GME,neutral,0.6758
l72beh,GME,neutral,0.9109
l7296m,AMC,neutral,0.8566
l7293n,GME,negative,0.7663
l7290q,GME,neutral,0.7987
l7290l,GME,neutral,0.7904
l7290e,GME,negative,0.8051
l728yp,AMC,neutral,0.9313
l728yp,GME,neutral,0.9313
l728xk,AMC,neutral,0.8354
l728xk,GME,neutral,0.8354
l728v0,AMC,neutral,0.9499
l728v0,GME,neutral,0.9499
l728tt,AMC,neutral,0.6386
l728tt,GME,neutral,0.6386
l728t7,GME,negative,0.8468
l728t6,AMC,neutral,0.9026
l728t6,GME,neutral,0.9026
l728sd,AMC,neutral,0.9315
l728s2,AMC,neutral,0.7891
l728s2,GME,neutral,0.7891
l728qb,AMC,neutral,0.7850
l728qb,GME,neutral,0.7850
l728qa,AMC,neutral,0.5632
l728qa,GME,neutral,0.5632
l728ob,GME,neutral,0.8646
l728ny,GME,neutral,0.9243
l728nf,GME,neutral,0.8607
l728mx,AMC,neutral,0.8554
l728k5,GME,neutral,0.7143
l728jc,GME,neutral,0.6831
l728ih,GME,neutral,0.9157
l728i2,GME,neutral,0.8999
l728hy,GME,neutral,0.8883
l728fo,GME,neutral,0.9011
l728eh,GME,neutral,0.9057
l728dw,AMC,neutral,0.8601
l728dw,GME,neutral,0.8601
l728d6,AMC,neutral,0.8036
l728cv,GME,neutral,0.8870
l728co,GME,neutral,0.8924
l728cd,AMC,negative,0.6898
l728av,GME,neutral,0.8985
l7289o,GME,negative,0.5174
l7288l,GME,neutral,0.8992
l7288e,GME,negative,0.5785
l7286i,GME,neutral,0.8394
l72863,GME,neutral,0.8904
l7284i,GME,negative,0.4945
l72834,GME,neutral,0.5910
l7282j,GME,neutral,0.7306
l7282e,GME,neutral,0.9135
l727z6,GME,neutral,0.9320
l727yv,AMC,neutral,0.9407
l727yv,GME,neutral,0.9407
l727yc,GME,neutral,0.9124
l727y4,GME,neutral,0.8990
l727y2,GME,neutral,0.9023
l727xo,AMC,neutral,0.9135
l727xo,GME,neutral,0.9135
l727vy,GME,neutral,0.9267
l727vj,AMC,neutral,0.9027
l727vj,GME,neutral,0.9027
l727ve,AMC,negative,0.8078
l727ve,GME,negative,0.8078
l727un,AMC,positive,0.5964
l727sa,GME,negative,0.5651
l727rt,GME,neutral,0.5031
l727qz,AMC,neutral,0.6386
l727qz,GME,neutral,0.6386
l727pm,AMC,neutral,0.9314
l7272x,GME,neutral,0.7644
l727kd,AMC,neutral,0.9328
l727kd,GME,neutral,0.9328
l727jj,AMC,neutral,0.5929
l727jj,GME,neutral,0.5929
l727ii,GME,neutral,0.9274
l727hb,AMC,neutral,0.6069
l727hb,GME,neutral,0.6069
l727ge,GME,neutral,0.8804
l727fq,GME,negative,0.7378
l727da,GME,neutral,0.9375
l727d5,GME,neutral,0.9268
l727bp,GME,neutral,0.8916
l726pn,GME,neutral,0.5319
l727ad,AMC,negative,0.5677
l727ad,GME,negative,0.5677
l7275n,AMZN,neutral,0.9078
l7275i,AMC,negative,0.5370
l7275i,GME,negative,0.5370
l72757,AMC,neutral,0.9068
l72745,GME,negative,0.7613
l7273t,AMC,neutral,0.9483
l7273t,GME,neutral,0.9483
l7273j,GME,neutral,0.6443
l7271k,GME,positive,0.9428
l72710,GME,neutral,0.8376
l7270a,GME,neutral,0.8911
l726zf,AMC,neutral,0.9000
l726zf,GME,neutral,0.9000
l726xa,GME,neutral,0.8213
l726xa,TSLA,neutral,0.8213
l726x3,GME,neutral,0.9281
l726w1,AMC,negative,0.7574
l726w1,GME,negative,0.7574
l726un,GME,neutral,0.8962
l726qa,GME,neutral,0.6838
l726pb,GME,neutral,0.9275
l726mo,GME,neutral,0.7512
l726m5,AMC,neutral,0.9057
l726m3,AMC,neutral,0.9259
l726m3,GME,neutral,0.9259
l726l9,GOOGL,negative,0.7521
l726kt,TSLA,neutral,0.9199
l726j8,AMC,neutral,0.8597
l726j8,GME,neutral,0.8597
l726il,AMC,neutral,0.9392
l726il,GME,neutral,0.9392
l726ie,GME,neutral,0.9325
l726hz,GME,negative,0.5281
l726hk,GME,neutral,0.9003
l726ei,GME,neutral,0.9102
l726ck,AMC,neutral,0.8677
l726ck,GME,neutral,0.8677
l7268f,GME,neutral,0.9199
l72679,GME,neutral,0.9047
l7266a,AMC,neutral,0.9263
l7266a,GME,neutral,0.9263
l72661,GME,neutral,0.8883
l7265x,AMC,negative,0.7963
l7262i,GME,neutral,0.8619
l72613,AMC,neutral,0.8772
l7260r,GME,negative,0.8806
l7260d,AMC,neutral,0.8985
l7260d,GME,neutral,0.8985
l72603,GME,negative,0.4955
l725xr,GME,neutral,0.9135
l725xr,GOOGL,neutral,0.9135
l725xh,GME,neutral,0.7332
l725xh,TSLA,neutral,0.7332
l725x9,AMC,neutral,0.8773
l725x9,GME,neutral,0.8773
l7253z,AMC,neutral,0.9050
l7253c,GME,neutral,0.6249
l724wh,GME,neutral,0.5744
l724wh,MSFT,neutral,0.5744
l724q6,GME,neutral,0.9340
l724pw,AMC,neutral,0.9294
l724pw,GME,neutral,0.9294
l724po,AMC,neutral,0.5327
l724po,GME,neutral,0.5327
l724pk,GME,neutral,0.9139
l724oi,GME,neutral,0.9092
l724ns,GME,neutral,0.7668
l724n4,AMC,neutral,0.9074
l724n4,GME,neutral,0.9074
l724my,AMC,neutral,0.8971
l724my,GME,neutral,0.8971
l724kp,GME,neutral,0.8644
l724ju,GME,neutral,0.8473
l724i3,GME,neutral,0.9256
l724bn,AMC,neutral,0.8546
l724bn,GME,neutral,0.8546
l724b5,GME,negative,0.5761
l724af,GME,neutral,0.9123
l724aa,GME,neutral,0.8934
l7249v,GME,neutral,0.8933
l7245d,TSLA,neutral,0.7894
l7244s,GME,neutral,0.5514
l72440,GME,positive,0.6341
l72440,TSLA,positive,0.6341
l7243u,AMC,neutral,0.6901
l7243u,GME,neutral,0.6901
l72435,GME,negative,0.5089
l7242d,AMC,neutral,0.9096
l7240h,GME,neutral,0.9293
l723wz,GME,neutral,0.7913
l723wv,AMC,neutral,0.8757
l723wv,GME,neutral,0.8757
l723vy,GME,neutral,0.7971
l723v7,GME,negative,0.7413
l723v4,AMC,neutral,0.8296
l723uq,AMC,negative,0.5991
l723uq,GME,negative,0.5991
l723uj,AMC,negative,0.7283
l723uj,GME,negative,0.7283
l723th,AMC,neutral,0.8515
l723th,GME,neutral,0.8515
l723pv,GME,neutral,0.9089
l723p2,AMC,neutral,0.9261
l723p2,GME,neutral,0.9261
l723ou,AMC,neutral,0.9069
l723ou,GME,neutral,0.9069
l723my,GME,neutral,0.9129
l723ma,GME,neutral,0.9190
l723m2,GME,neutral,0.9246
l723jj,AMC,negative,0.7409
l723jj,GME,negative,0.7409
l72hia,GME,neutral,0.5869
l72h2n,AMC,neutral,0.9463
l72h2n,GME,neutral,0.9463
l72gs2,GME,neutral,0.9162
l72grw,AMC,neutral,0.6698
l72gp2,GME,neutral,0.9257
l72gno,GME,neutral,0.7754
l72gnb,GME,neutral,0.8651
l72gmp,GME,neutral,0.6627
l72gky,GME,neutral,0.8328
l72gjk,GME,neutral,0.9192
l72gj7,GME,neutral,0.5484
l72giy,AMC,neutral,0.9195
l72giu,GME,neutral,0.9236
l72gi8,GME,negative,0.8305
l72gi5,GME,neutral,0.9142
l72ghm,GME,negative,0.5374
l72gh1,GME,neutral,0.5465
l72gfk,GME,negative,0.7716
l72gfd,GME,neutral,0.8804
l72gea,AMC,neutral,0.8487
l72gar,AMC,neutral,0.8680
l72gar,GME,neutral,0.8680
l72g94,GME,negative,0.9171
l72g5a,GME,neutral,0.9283
l72g2s,GME,negative,0.8001
l72g0u,GME,neutral,0.6499
l72fzb,GME,negative,0.6225
l72e1g,GME,negative,0.6848
l72dsh,GME,neutral,0.7943
l72dqx,GME,neutral,0.6193
l72dpw,AMC,neutral,0.9247
l72dpw,GME,neutral,0.9247
l72dpk,GME,neutral,0.6816
l72dof,GME,neutral,0.5095
l72dnd,AMC,neutral,0.5654
l72dnd,GME,neutral,0.5654
l72dk9,GME,neutral,0.9263
l72dj7,AMC,neutral,0.8233
l72dj7,GME,neutral,0.8233
l72dhy,GME,neutral,0.8704
l72dh6,TSLA,neutral,0.5168
l72de7,GME,neutral,0.9100
l72ddn,GME,neutral,0.9500
l72dda,GME,positive,0.8998
l72dd0,GME,negative,0.5129
l72d7a,GME,neutral,0.7891
l72d6u,AMC,neutral,0.8435
l72d6u,GME,neutral,0.8435
l72d60,AMC,neutral,0.8524
l72d0p,AMC,neutral,0.9383
l72d0i,GME,neutral,0.9256
l72d07,GME,positive,0.8809
l72cx3,GME,negative,0.7189
l72cvd,GME,negative,0.9595
l72cv8,GME,neutral,0.7096
l72cty,AMC,neutral,0.9328
l72cty,GME,neutral,0.9328
l72csg,GME,negative,0.7858
l72cqm,GME,neutral,0.6822
l72cng,GME,neutral,0.8921
l72cj0,AMC,neutral,0.6426
l72cj0,GME,neutral,0.6426
l72cfk,GME,neutral,0.9139
l72ce9,AMC,neutral,0.9063
l72cdk,GME,neutral,0.9003
l72bos,GME,neutral,0.9393
l72cce,GME,negative,0.6695
l72ccb,GME,neutral,0.8134
l72cax,GME,neutral,0.8270
l72ca7,AMC,neutral,0.9284
l72ca7,GME,neutral,0.9284
l72c9h,AMC,negative,0.4932
l72c9h,GME,negative,0.4932
l72c63,GME,neutral,0.9149
l72c5y,GME,neutral,0.8899
l72c4w,GME,neutral,0.8946
l72bx9,GME,neutral,0.7689
l72bte,GME,neutral,0.8536
l72blo,AMC,neutral,0.9131
l72bld,AMC,neutral,0.8569
l72bld,GME,neutral,0.8569
l72bkw,GME,neutral,0.8718
l72bf0,GME,negative,0.4664
l72bdq,GME,neutral,0.9363
l72bd7,GME,neutral,0.8929
l72bd7,TSLA,neutral,0.8929
l72bcy,GME,negative,0.9052
l72bcm,AMC,neutral,0.8916
l72bcm,GME,neutral,0.8916
l72bbc,GME,negative,0.7754
l72baw,GME,positive,0.6886
l72b75,GME,neutral,0.6396
l72b25,AMC,neutral,0.6386
l72b25,GME,neutral,0.6386
l72ax9,AMC,neutral,0.9247
l72ax9,GME,neutral,0.9247
l72awy,AMC,neutral,0.8535
l72awy,AAPL,neutral,0.8535
l72awy,GME,neutral,0.8535
l72awy,TSLA,neutral,0.8535
l72aui,AMC,neutral,0.7576
l72aui,GME,neutral,0.7576
l72atu,GME,neutral,0.6716
l72atl,GME,negative,0.7627
l72atk,GME,neutral,0.8823
l72at1,GME,neutral,0.9371
l72aqo,AMC,negative,0.7674
l72aqo,GME,negative,0.7674
l72apo,AMC,neutral,0.7714
l72aox,GME,negative,0.8736
l72an6,GME,neutral,0.5132
l72alk,AMC,neutral,0.7426
l72ajh,GME,neutral,0.8991
l72ajg,AMC,negative,0.6073
l72ajg,GME,negative,0.6073
l72aiq,GME,neutral,0.8552
l72ah1,AMC,neutral,0.9443
l72ah1,GME,neutral,0.9443
l72afo,AMC,neutral,0.8670
l72afo,GME,neutral,0.8670
l72afe,AMC,neutral,0.8824
l72aew,GME,negative,0.8021
l72aem,GME,negative,0.7170
l72adx,AMC,neutral,0.9086
l72adx,GME,neutral,0.9086
l72adb,GME,neutral,0.8773
l72acz,GME,positive,0.5965
l72acx,AMC,negative,0.5916
l72acx,GME,negative,0.5916
l72aav,GME,neutral,0.5265
l72a97,GME,negative,0.4957
l72a7z,GME,neutral,0.9409
l72a4u,AAPL,neutral,0.5661
l72a4u,GOOGL,neutral,0.5661
l72a4l,GME,negative,0.7912
l72a3q,AMC,negative,0.7810
l72a3q,GME,negative,0.7810
l729vh,GME,neutral,0.8806
l729uk,AMC,neutral,0.5747
l729uk,GME,neutral,0.5747
l729sp,GME,neutral,0.8777
l729r7,GME,negative,0.7754
l729qh,AMZN,neutral,0.8325
l729qh,TSLA,neutral,0.8325
l729pj,AMC,neutral,0.5756
l729pf,AMC,neutral,0.9312
l729on,AMC,neutral,0.9201
l729on,GME,neutral,0.9201
l729o7,GME,neutral,0.8817
l729nk,GME,neutral,0.9218
l729n8,GME,neutral,0.7814
l729ma,GME,neutral,0.7016
l729lf,AMC,neutral,0.9356
l729lf,GME,neutral,0.9356
l729ix,GME,neutral,0.7305
l729ia,GME,neutral,0.8792
l729i8,AMC,neutral,0.9271
l729i8,GME,neutral,0.9271
l729hw,GME,neutral,0.9389
l729fn,AMC,neutral,0.9094
l729ew,GME,negative,0.9040
l729b7,GME,neutral,0.6629
l729af,GME,neutral,0.8801
l729aa,AMC,neutral,0.8302
l729aa,GME,neutral,0.8302
l7298s,GME,neutral,0.8652
l72989,AMC,negative,0.7811
l72989,GME,negative,0.7811
l7297e,GME,neutral,0.9488
l7297a,GME,neutral,0.8689
l72npq,GME,neutral,0.9408
l72npo,AMC,neutral,0.8532
l72npo,GME,neutral,0.8532
l72noj,GME,neutral,0.9314
l72nlh,AMC,neutral,0.8032
l72nlh,GME,neutral,0.8032
l72nkx,AMC,neutral,0.8683
l72nkx,GME,neutral,0.8683
l72nke,GME,neutral,0.8490
l72njx,GME,neutral,0.8005
l72njl,AMC,neutral,0.7674
l72ngf,GME,positive,0.4981
l72nfz,GME,neutral,0.9227
l72nft,GME,neutral,0.7405
l72nco,GME,neutral,0.9403
l72nbb,GME,neutral,0.9360
l72n9r,GME,neutral,0.7308
l72n9d,GME,neutral,0.9057
l72n79,AMC,neutral,0.9315
l72n79,GME,neutral,0.9315
l72n3u,GME,neutral,0.7753
l72n2c,GME,neutral,0.5375
l72n23,AMC,neutral,0.8360
l72n14,GME,neutral,0.9302
l72n12,AMC,neutral,0.9255
l72n12,GME,neutral,0.9255
l72myt,GME,neutral,0.8538
l72myn,GME,neutral,0.8990
l72mwm,GME,neutral,0.8821
l72mwl,GME,neutral,0.9298
l72mwa,AMZN,neutral,0.5438
l72mwa,GME,neutral,0.5438
l72mwa,GOOGL,neutral,0.5438
l72mw9,AMC,neutral,0.8806
l72mve,GME,positive,0.7974
l72muz,GME,neutral,0.9069
l72mas,GME,neutral,0.8701
l72kly,AMC,neutral,0.7912
l72kly,GME,neutral,0.7912
l72htx,AMC,neutral,0.8336
l72htx,GME,neutral,0.8336
l72ht2,GME,neutral,0.9248
l72hst,GME,negative,0.7293
l72hr5,TSLA,neutral,0.8726
l72hqc,AMC,neutral,0.6530
l72hqb,GME,neutral,0.7790
l72hq6,AMC,negative,0.6330
l72hq6,GME,negative,0.6330
l72ho4,AMC,neutral,0.5667
l72ho4,GME,neutral,0.5667
l72hmw,AMC,neutral,0.7210
l72hmw,GME,neutral,0.7210
l72hmv,GME,negative,0.7356
l72hlv,GME,neutral,0.8746
l72hlu,AMC,neutral,0.4851
l72hlj,GME,neutral,0.8893
l72hl3,GME,neutral,0.6231
l72hki,AMC,neutral,0.5244
l72hki,GME,neutral,0.5244
l72hkg,GME,neutral,0.9476
l72hjv,GME,neutral,0.6720
l72hir,GME,neutral,0.7918
l72hie,GME,neutral,0.6064
l72hhd,GME,neutral,0.8490
l72hgw,AMC,neutral,0.8792
l72hgb,AMC,neutral,0.7264
l72hgb,GME,neutral,0.7264
l72het,GME,neutral,0.8580
l72h7w,AMC,neutral,0.6278
l72h5s,GME,neutral,0.8792
l72h42,GME,neutral,0.9233
l72h3i,GME,neutral,0.9023
l72h27,GME,neutral,0.8107
l72guk,GME,negative,0.8487
l72gso,GME,neutral,0.7645
l72gkv,GME,neutral,0.8480
l72ghb,GME,neutral,0.7658
l72gfq,GME,positive,0.8115
l72g96,GME,neutral,0.8411
l72g5s,AMC,neutral,0.9385
l72g47,AMC,neutral,0.6439
l72fzg,GME,neutral,0.9054
l72fxv,GME,negative,0.8625
l72fxd,GME,neutral,0.9319
l72fwa,AMC,neutral,0.7621
l72fwa,GME,neutral,0.7621
l72fvg,GME,positive,0.5207
l72fue,AMC,neutral,0.9365
l72fue,GME,neutral,0.9365
l72ftj,AMC,neutral,0.9394
l72ftj,GME,neutral,0.9394
l72fps,GME,neutral,0.6682
l72fom,AMC,neutral,0.9084
l72fom,GME,neutral,0.9084
l72foc,GME,negative,0.8322
l72fnp,AMC,neutral,0.9056
l72fnf,GME,neutral,0.8959
l72flz,GME,neutral,0.7077
l72fli,AMC,negative,0.8924
l72fli,GME,negative,0.8924
l72fl5,GME,neutral,0.7856
l72fkc,GME,negative,0.9267
l72fjk,AMC,neutral,0.7385
l72fjk,GME,neutral,0.7385
l72fia,AMC,neutral,0.5686
l72fia,GME,neutral,0.5686
l72fgx,GME,neutral,0.8904
l72fg7,GME,neutral,0.8724
l72fg2,GME,neutral,0.9108
l72ffg,GME,negative,0.6772
l72few,GME,neutral,0.7697
l72feb,AMC,positive,0.6283
l72fdz,CRM,neutral,0.9246
l72fdz,GOOGL,neutral,0.9246
l72fdm,GME,neutral,0.8576
l72fdh,AMC,negative,0.8402
l72fdh,GME,negative,0.8402
l72fbj,AMC,neutral,0.9363
l72fbd,GME,neutral,0.8592
l72fb7,GME,neutral,0.9131
l72f8o,AAPL,neutral,0.9192
l72f8g,GME,neutral,0.8128
l72f8b,AMC,neutral,0.9263
l72f8b,GME,neutral,0.9263
l72f5e,GME,neutral,0.8454
l72f58,AMC,negative,0.5213
l72f4u,AMC,negative,0.8045
l72f4u,GME,negative,0.8045
l72f4l,GME,neutral,0.8907
l72f4g,GME,neutral,0.8644
l72f00,GME,neutral,0.6021
l72ezs,GME,neutral,0.7619
l72eyv,GME,neutral,0.5130
l72eml,AMC,neutral,0.6386
l72eml,GME,neutral,0.6386
l72eh1,AMC,negative,0.6556
l72eg1,GME,neutral,0.9382
l72edf,GME,neutral,0.8999
l72ebr,GME,neutral,0.8614
l72eae,GME,neutral,0.7174
l72e9o,AMC,neutral,0.9277
l72e8f,GME,neutral,0.6248
l72e7e,AMC,neutral,0.9103
l72e72,GME,negative,0.4985
l72e68,AMC,neutral,0.9486
l72e5j,GME,negative,0.6464
l72e37,AMC,negative,0.6194
l72dzr,GME,negative,0.5769
l72dzq,GME,neutral,0.8921
l72dzp,GOOGL,neutral,0.9092
l72dzg,AMC,neutral,0.9226
l72dv3,GME,neutral,0.7474
l72duo,GME,neutral,0.9077
l72dsz,GME,negative,0.7754
l72svj,GME,neutral,0.8056
l72svc,GME,neutral,0.6687
l72stu,GME,neutral,0.7653
l72sta,GME,neutral,0.9191
l72st6,AMC,neutral,0.9385
l72st6,GME,neutral,0.9385
l72ssp,GME,neutral,0.5725
l72sov,AMC,neutral,0.9150
l72sov,GME,neutral,0.9150
l72snb,GME,neutral,0.8505
l72rqo,AMC,neutral,0.6157
l72rpg,GME,neutral,0.8643
l72ro4,GME,neutral,0.7077
l72rm5,GME,negative,0.8264
l72rll,GME,neutral,0.8907
l72rkk,AMC,neutral,0.9166
l72rkk,GME,neutral,0.9166
l72rjy,GME,neutral,0.9186
l72rj0,GME,neutral,0.8661
l72rha,GME,negative,0.6124
l72q7l,GME,negative,0.9420
l72q79,GME,neutral,0.8096
l72q5t,AMC,neutral,0.9356
l72q5t,GME,neutral,0.9356
l72q5o,GME,neutral,0.9314
l72q1e,GME,neutral,0.4611
l72q17,AMC,neutral,0.8202
l72q17,GME,neutral,0.8202
l72q17,TSLA,neutral,0.8202
l72q0l,GME,neutral,0.8789
l72py3,GME,neutral,0.9267
l72pw6,GME,neutral,0.7192
l72pvw,GME,neutral,0.5850
l72paj,GME,neutral,0.8555
l72p8c,AMC,neutral,0.9338
l72p8c,GME,neutral,0.9338
l72p6w,GME,neutral,0.7368
l72p6h,AMC,neutral,0.8010
l72p4h,GME,negative,0.8602
l72p3n,GME,neutral,0.9126
l72p0k,AMC,neutral,0.8966
l72p0k,GME,neutral,0.8966
l72kau,GME,neutral,0.8843
l72k0v,AMC,neutral,0.8858
l72k0v,GME,neutral,0.8858
l72jxw,AMC,neutral,0.7374
l72jra,AMC,neutral,0.8600
l72jra,GME,neutral,0.8600
l72jr4,GME,neutral,0.8110
l72jqy,GME,neutral,0.8834
l72jnb,GME,neutral,0.9257
l72jm8,GME,neutral,0.9171
l72jlx,GME,neutral,0.9235
l72jjk,GME,neutral,0.8569
l72jit,AMC,neutral,0.9439
l72jit,GME,neutral,0.9439
l72ji8,GME,neutral,0.8163
l72jhi,GME,neutral,0.7146
l72jed,AMC,negative,0.7331
l72jed,GME,negative,0.7331
l72j9w,AMC,neutral,0.9212
l72j9w,GME,neutral,0.9212
l72j8n,GME,neutral,0.8630
l72j7c,GME,neutral,0.5585
l72j6t,GME,neutral,0.8850
l72j5q,AMC,neutral,0.9054
l72j43,GME,neutral,0.9220
l72j3t,AMC,neutral,0.7351
l72j3t,GME,neutral,0.7351
l72j2n,GME,neutral,0.8825
l72j2j,AMC,neutral,0.8216
l72j2j,GME,neutral,0.8216
l72j2j,AMZN,neutral,0.8216
l72j2e,GME,neutral,0.8612
l72j26,AMC,neutral,0.9337
l72j20,GME,neutral,0.7747
l72j1r,AMC,neutral,0.7331
l72j1r,GME,neutral,0.7331
l72izk,GME,neutral,0.7119
l72iyr,AMC,neutral,0.6794
l72iyj,AMZN,neutral,0.5033
l72iyj,GME,neutral,0.5033
l72ixo,GME,neutral,0.8981
l72iq1,GME,neutral,0.6665
l72ipz,GME,neutral,0.9236
l72io9,GME,negative,0.7580
l72inf,GME,neutral,0.9284
l72ilk,GME,negative,0.7320
l72ilj,GME,neutral,0.9451
l72ili,GME,neutral,0.8573
l72ila,AMC,neutral,0.5168
l72ila,GME,neutral,0.5168
l72ikq,GME,neutral,0.8561
l72ikc,GME,neutral,0.9135
l72ik0,GME,neutral,0.7595
l72ije,GME,neutral,0.4964
l72ihq,GME,negative,0.7533
l72igz,AMC,neutral,0.9293
l72igz,GME,neutral,0.9293
l72ig0,AMC,neutral,0.9345
l72ifx,AMC,neutral,0.8902
l72ifx,GME,neutral,0.8902
l72ifi,AAPL,neutral,0.7010
l72ifi,GME,neutral,0.7010
l72ifi,GOOGL,neutral,0.7010
l72icp,AMC,positive,0.5422
l72icp,GME,positive,0.5422
l72i7w,AMC,neutral,0.6533
l72i7r,AMC,neutral,0.9053
l72i7r,GME,neutral,0.9053
l72i7l,GME,neutral,0.8447
l72i7g,AMC,neutral,0.9372
l72i7g,GME,neutral,0.9372
l72i7c,AMC,negative,0.8627
l72i7c,GME,negative,0.8627
l72i6f,AMC,neutral,0.7803
l72i6f,GME,neutral,0.7803
l72i5x,GME,neutral,0.5090
l72i5b,AMC,neutral,0.8697
l72i5b,GME,neutral,0.8697
l72i3o,AMC,neutral,0.8913
l72i3a,AMC,neutral,0.9055
l72i3a,GME,neutral,0.9055
l72i39,GME,neutral,0.7594
l72i1v,AMC,neutral,0.7531
l72i1v,GME,neutral,0.7531
l72hzb,GME,neutral,0.8852
l72hyl,GME,neutral,0.9180
l72hwj,GME,neutral,0.8484
l72hw1,GME,neutral,0.7755
l72hvo,GME,neutral,0.8814
l72hv3,AMC,neutral,0.9325
l72hv3,GME,neutral,0.9325
l72hul,GME,neutral,0.9215
l72ybb,AMC,negative,0.7919
l72ybb,GME,negative,0.7919
l72ya2,GME,negative,0.6148
l72y59,GME,neutral,0.6504
l72xzs,AMC,neutral,0.9239
l72xzs,GME,neutral,0.9239
l72xu1,GME,neutral,0.8915
l72xtk,GME,neutral,0.9274
l72xs3,GME,neutral,0.9341
l72wxc,GME,neutral,0.8051
l72wl0,GME,neutral,0.9141
l72wkm,GME,neutral,0.7357
l72wje,AAPL,neutral,0.8820
l72wi2,GME,neutral,0.8128
l72w32,GME,neutral,0.7758
l72vo8,GME,neutral,0.7293
l72u6p,AMC,neutral,0.8823
l72u6p,GME,neutral,0.8823
l72tsh,GME,negative,0.9072
l72ota,GME,neutral,0.7955
l72ntl,AMC,negative,0.8450
l72ntl,GME,negative,0.8450
l72mws,GME,neutral,0.5564
l72mqf,GME,neutral,0.8744
l72mo3,GME,neutral,0.8894
l72mny,GME,negative,0.8979
l72mn3,AMC,negative,0.8383
l72mn3,GME,negative,0.8383
l72mm2,GME,neutral,0.9381
l72mkz,AMC,negative,0.7617
l72mj4,AMC,neutral,0.8526
l72mj4,GME,neutral,0.8526
l72miy,AMC,neutral,0.8098
l72miy,GME,neutral,0.8098
l72mis,AMC,neutral,0.8533
l72mhy,GME,neutral,0.7240
l72mhd,AMC,neutral,0.7734
l72mhd,GME,neutral,0.7734
l72mh5,GME,neutral,0.5412
l72mgd,GME,neutral,0.9019
l72mfc,GME,neutral,0.9210
l72mfa,AMC,neutral,0.8490
l72mfa,GME,neutral,0.8490
l72meq,GME,neutral,0.8329
l72meb,AAPL,negative,0.5987
l72mcj,GME,neutral,0.6610
l72mbb,AMC,neutral,0.6192
l72ma8,AMC,neutral,0.9456
l72ma8,GME,neutral,0.9456
l72m9h,GME,neutral,0.9106
l72m5c,AMC,neutral,0.8802
l72m5c,GME,neutral,0.8802
l72m28,GME,neutral,0.7019
l72m24,GME,neutral,0.9179
l72m03,AMC,neutral,0.9289
l72m03,GME,neutral,0.9289
l72lxp,AMC,neutral,0.9435
l72lxp,GME,neutral,0.9435
l72lxi,AMC,neutral,0.8744
l72lxi,GME,neutral,0.8744
l72lpt,GME,neutral,0.7892
l72loy,GME,negative,0.9528
l72lls,GME,neutral,0.9184
l72lkc,GME,negative,0.9596
l72lk4,GME,positive,0.6992
l72lhc,GME,neutral,0.8743
l72lh2,GME,neutral,0.7893
l72lg4,GME,neutral,0.9420
l72lfm,GME,neutral,0.9287
l72lfi,AMC,neutral,0.8216
l72lfi,GME,neutral,0.8216
l72lfi,AMZN,neutral,0.8216
l72lde,AMC,neutral,0.8680
l72lde,GME,neutral,0.8680
l72lce,GME,neutral,0.7026
l72khk,GME,neutral,0.9272
l72lb4,GME,neutral,0.8173
l72lan,AMC,neutral,0.5834
l72lan,GME,neutral,0.5834
l72lan,META,neutral,0.5834
l72l9y,AMC,neutral,0.8975
l72l9y,GME,neutral,0.8975
l72l9m,AMC,neutral,0.9189
l72l9m,GME,neutral,0.9189
l72l7n,GME,neutral,0.7461
l72l5w,GME,negative,0.6990
l72l4x,GME,neutral,0.8810
l72l3w,GME,neutral,0.9417
l72kz1,GME,neutral,0.8410
l72kur,AMC,neutral,0.9268
l72kur,GME,neutral,0.9268
l72kja,AMC,neutral,0.5270
l72kja,GME,neutral,0.5270
l72kck,GME,negative,0.4963
l72kbj,AMC,neutral,0.7920
l72k84,GME,neutral,0.9269
l72k7m,AMC,negative,0.8090
l72k6x,AMC,neutral,0.7298
l72k6x,GME,neutral,0.7298
l72k6d,GME,negative,0.5566
l72k5b,AMC,neutral,0.8984
l72k5b,GME,neutral,0.8984
l72k56,AAPL,negative,0.8794
l72k4y,GME,neutral,0.8027
l72k4z,AMC,neutral,0.8380
l72k3x,GME,neutral,0.9329
l72k0t,GME,neutral,0.9258
l72k0g,GME,neutral,0.8699
l72k0b,GME,neutral,0.5716
l72jxd,AMC,neutral,0.6271
l72jxd,GME,neutral,0.6271
l72jwm,GME,neutral,0.9074
l72jvd,AMC,neutral,0.8217
l72juy,GME,negative,0.7729
l72jub,GME,negative,0.5264
l72jsr,AMC,neutral,0.9168
l72jsr,GME,neutral,0.9168
l72jsp,GME,neutral,0.9203
l733e7,GME,neutral,0.9390
l733e2,AMC,neutral,0.8858
l733e2,GME,neutral,0.8858
l733d9,GME,neutral,0.9408
l733cz,AMC,neutral,0.6483
l733cz,GME,neutral,0.6483
l7334d,GME,neutral,0.9071
l73315,GME,neutral,0.9098
l7330v,AMC,neutral,0.9205
l7330v,GME,neutral,0.9205
l732n0,GME,neutral,0.8752
l732hw,GME,neutral,0.7847
l731f0,GME,positive,0.8732
l72yri,GME,neutral,0.6246
l72yh5,AMC,positive,0.7500
l72yh5,GME,positive,0.7500
l72w65,GME,neutral,0.9239
l72trn,AMC,neutral,0.9263
l72trn,GME,neutral,0.9263
l72oww,AMC,neutral,0.9115
l72oww,GME,neutral,0.9115
l72owk,GME,neutral,0.9036
l72ovi,GME,negative,0.6193
l72ouu,GME,neutral,0.8832
l72oui,AMC,neutral,0.8550
l72oui,GME,neutral,0.8550
l72ouh,GME,neutral,0.9312
l72otz,GME,neutral,0.8845
l72ot3,GME,neutral,0.9275
l72orf,GME,neutral,0.9171
l72oqj,TSLA,neutral,0.8959
l72oq7,GME,neutral,0.9174
l72oo8,GME,neutral,0.5594
l72omf,AMC,neutral,0.9266
l72ol3,GME,neutral,0.5681
l72okf,GME,negative,0.7309
l72ojv,GME,negative,0.6053
l72oj5,AMC,neutral,0.9230
l72oj5,GME,neutral,0.9230
l72oiy,GME,neutral,0.8801
l72oet,GME,neutral,0.8700
l72oe3,AMC,neutral,0.8997
l72ocw,GME,neutral,0.8670
l72oc7,GME,negative,0.9313
l72oa0,AMC,neutral,0.9156
l72o7d,AMC,neutral,0.8770
l72o7d,GME,neutral,0.8770
l72o6v,AMC,neutral,0.7592
l72o6v,GME,neutral,0.7592
l72o61,GME,neutral,0.8151
l72o2t,GME,neutral,0.9079
l72o2q,GME,neutral,0.6643
l72o2p,GME,neutral,0.8945
l72o2l,GME,neutral,0.9323
l72o1x,AMC,negative,0.9585
l72o1q,GME,negative,0.7454
l72o1l,AMC,neutral,0.9213
l72o1l,GME,neutral,0.9213
l72n72,GME,neutral,0.5319
l72o01,GME,neutral,0.9119
l72nzz,GME,negative,0.5212
l72nw6,GME,neutral,0.9262
l72nv4,AMC,neutral,0.9232
l72nv4,GME,neutral,0.9232
l72nts,AAPL,neutral,0.8767
l72nts,GME,neutral,0.8767
l72nts,TSLA,neutral,0.8767
l72nsm,GME,neutral,0.9465
l72nrd,GME,negative,0.4951
l72nou,AMC,neutral,0.5769
l72nou,GME,neutral,0.5769
l72njf,GME,neutral,0.9000
l72ngw,GME,neutral,0.7267
l72ndy,AMC,negative,0.5335
l72ndy,GME,negative,0.5335
l72n4w,AMC,neutral,0.8914
l72myr,GME,neutral,0.8946
l72mt8,GME,neutral,0.9524
l72mqm,AMC,neutral,0.6139
l72mqm,AMZN,neutral,0.6139
l738xa,AMC,neutral,0.8589
l738wi,GME,negative,0.5262
l738wg,GME,neutral,0.9051
l738vd,AMC,neutral,0.8699
l738vd,GME,neutral,0.8699
l738v0,GME,neutral,0.8785
l738uy,AMC,neutral,0.8177
l738uy,GME,neutral,0.8177
l738ub,GME,neutral,0.8775
l738t5,AMC,neutral,0.6155
l738t5,GME,neutral,0.6155
l738r5,GME,neutral,0.7620
l738i2,GME,neutral,0.8733
l732e2,GME,neutral,0.9464
l72rgd,AMC,neutral,0.8752
l72rgd,GME,neutral,0.8752
l72rgc,AMC,neutral,0.5238
l72rfn,GME,neutral,0.9358
l72rfb,GME,neutral,0.9264
l72rd3,AMC,neutral,0.8720
l72rd3,GME,neutral,0.8720
l72rd0,AAPL,neutral,0.9356
l72rd0,GME,neutral,0.9356
l72rd0,GOOGL,neutral,0.9356
l72r7m,AMC,neutral,0.8947
l72r7m,GME,neutral,0.8947
l72r75,GME,neutral,0.8306
l72r5y,AMC,neutral,0.8714
l72r5w,GOOGL,neutral,0.9315
l72r5l,AMC,neutral,0.8770
l72r5l,GME,neutral,0.8770
l72r57,GME,neutral,0.8948
l72r4m,GME,neutral,0.8594
l72r36,GME,neutral,0.9132
l72r27,GME,neutral,0.8454
l72r10,GOOGL,neutral,0.7633
l72r0r,AMC,neutral,0.9444
l72qiz,AMC,neutral,0.8431
l72qiz,GME,neutral,0.8431
l72q3m,AMC,neutral,0.8547
l72q3m,GME,neutral,0.8547
l72pkv,GME,negative,0.4786
l72pag,GME,neutral,0.8337
l72p78,AMC,neutral,0.8840
l72p3x,GME,neutral,0.8731
l72p23,AMC,neutral,0.8421
l72p23,GME,neutral,0.8421
l73ee4,GME,neutral,0.9299
l73eds,AMC,neutral,0.8916
l73eds,GME,neutral,0.8916
l73ecp,GME,neutral,0.5214
l73dw3,GME,neutral,0.6221
l73dvw,GOOGL,neutral,0.6402
l73dvn,GME,neutral,0.9026
l73duz,GME,neutral,0.9286
l73dtk,GME,neutral,0.9161
l73drc,GME,neutral,0.9251
l73cni,GME,neutral,0.7958
l73cml,GME,neutral,0.9234
l73caa,GME,neutral,0.8740
l735ko,GME,neutral,0.8691
l73582,AMC,neutral,0.9263
l73582,GME,neutral,0.9263
l73344,GME,negative,0.5459
l72sai,GME,negative,0.8809
l72s93,GME,neutral,0.9069
l72s8f,GME,neutral,0.7750
l72s83,GME,neutral,0.7297
l72s71,GME,neutral,0.4734
l72s61,GME,neutral,0.5579
l72s39,AMC,neutral,0.7320
l72s1o,AMC,neutral,0.5918
l72s1o,GME,neutral,0.5918
l72s0h,AMC,neutral,0.8354
l72rzr,AMC,negative,0.6325
l72rzr,GME,negative,0.6325
l72r3h,AMC,neutral,0.8506
l72rjt,GME,neutral,0.8886
l73jiy,GME,neutral,0.9288
l738hz,GME,neutral,0.8865
l7385k,GME,neutral,0.8339
l7384a,GME,neutral,0.8995
l72smj,GME,neutral,0.6125
l72slt,AMC,neutral,0.9241
l72slt,GME,neutral,0.9241
l72sln,AMC,negative,0.6897
l72sln,GME,negative,0.6897
l72sl9,GME,neutral,0.6099
l72sk6,AMC,neutral,0.8812
l72sk6,GME,neutral,0.8812
l72siu,GME,neutral,0.9421
l72sg3,AMC,neutral,0.7768
l72sg3,GME,neutral,0.7768
l72se4,AMC,neutral,0.8552
l72se4,MSFT,neutral,0.8552
l72sdn,GME,neutral,0.8419
l72sco,AMC,neutral,0.8309
l72scj,AMC,neutral,0.5036
l72scj,GME,neutral,0.5036
l72sb5,AMC,neutral,0.9291
l72t4t,GME,neutral,0.8446
l72sqc,GME,neutral,0.7592
l72sp2,GME,neutral,0.9158
l72som,AMC,neutral,0.8969
l73smw,NFLX,neutral,0.8383
l736y6,GME,negative,0.8209
l736y6,TSLA,negative,0.8209
l72t6g,AMC,neutral,0.7426
l72t6g,GME,neutral,0.7426
l72t69,AMC,neutral,0.9337
l72t69,GME,neutral,0.9337
l72u42,GME,neutral,0.5743
l72u3o,AMC,positive,0.6696
l72u3d,GME,neutral,0.8645
l72u39,AMC,neutral,0.9156
l72u2y,AMC,neutral,0.8736
l72u2y,GME,neutral,0.8736
l72u1a,GME,negative,0.6487
l72u06,AMC,neutral,0.6065
l72u06,GME,neutral,0.6065
l72ty5,GME,neutral,0.5951
l72txl,GME,negative,0.5152
l72tx1,GME,neutral,0.8542
l72tsf,GME,negative,0.7240
l72tp0,AMC,neutral,0.8855
l72tp0,GME,neutral,0.8855
l72tnx,GME,negative,0.7061
l72tns,GME,neutral,0.8535
l72tnl,GME,neutral,0.8649
l72tj7,GME,neutral,0.9088
l72ti8,AMC,neutral,0.9438
l72ti8,GME,neutral,0.9438
l72tfu,GME,neutral,0.9057
l72tf9,GME,neutral,0.8596
l72tbo,GME,negative,0.4625
l72tam,GME,neutral,0.7920
l72ta4,GME,neutral,0.8001
l742mr,AMC,neutral,0.8881
l742km,GME,neutral,0.9339
l742jz,AMC,neutral,0.8213
l742go,GME,neutral,0.5987
l742g7,GME,neutral,0.9219
l742fu,GME,neutral,0.7432
l742e2,GME,negative,0.7385
l742cg,GME,neutral,0.9359
l742bo,GME,neutral,0.9164
l742a5,GME,negative,0.7114
l74298,GME,neutral,0.8961
l7428l,GME,neutral,0.9122
l7427i,GME,neutral,0.9330
l7427b,AMC,neutral,0.9131
l7426l,GME,negative,0.5357
l74251,GME,neutral,0.9039
l741xx,GME,neutral,0.7668
l741wg,AMC,neutral,0.5792
l741wg,GME,neutral,0.5792
l741w0,GME,negative,0.5524
l741v1,GME,neutral,0.8901
l741t3,GME,neutral,0.7892
l741s9,GME,neutral,0.5655
l741rt,AMC,neutral,0.9464
l741rt,GME,neutral,0.9464
l741rq,GME,neutral,0.9055
l741np,GME,neutral,0.6333
l741lq,GME,neutral,0.9542
l741jx,GME,negative,0.7304
l741j9,GME,neutral,0.9328
l741iv,AMC,neutral,0.9019
l741iv,GME,neutral,0.9019
l741i5,GME,neutral,0.8696
l741hj,GME,neutral,0.7071
l73sbq,GME,neutral,0.7992
l73pxl,GME,neutral,0.7019
l73o7l,AMC,neutral,0.4941
l73o7l,GME,neutral,0.4941
l737cy,GME,negative,0.6246
l736ru,GME,neutral,0.8383
l735uy,GME,neutral,0.6979
l735lt,AMC,neutral,0.8731
l735lt,GME,neutral,0.8731
l735h1,GME,neutral,0.8271
l735h1,NVDA,neutral,0.8271
l7358j,AMC,neutral,0.9287
l7358j,GME,neutral,0.9287
l734kn,GME,neutral,0.8804
l72ubo,GME,neutral,0.6489
l72ub5,AMC,neutral,0.8264
l72ub5,GME,neutral,0.8264
l72u9h,AMC,neutral,0.8535
l72u8l,GME,neutral,0.9389
l72u6k,GME,neutral,0.8573
l72u6i,AMC,neutral,0.8529
l72u6i,GME,neutral,0.8529
l749ih,AMC,neutral,0.8842
l748sn,GME,negative,0.9254
l74ebv,AMC,neutral,0.9204
l74ebv,GME,neutral,0.9204
l731tl,GME,negative,0.8885
l731l7,AMC,neutral,0.9003
l731l7,GME,neutral,0.9003
l731iu,AMC,neutral,0.9319
l731iu,GME,neutral,0.9319
l731is,GME,neutral,0.8855
l731hs,AMC,negative,0.6554
l731hs,GME,negative,0.6554
l731hi,GME,negative,0.8448
l731gg,GME,neutral,0.7134
l731fr,GME,neutral,0.7728
l731e8,GME,neutral,0.9182
l731df,GME,neutral,0.6787
l731cw,AMC,neutral,0.9043
l731cw,GME,neutral,0.9043
l731cm,GME,neutral,0.9201
l730qw,GME,negative,0.8730
l730cp,GME,neutral,0.9394
l730bi,GME,neutral,0.6072
l730ba,AMC,neutral,0.9161
l730ba,GME,neutral,0.9161
l730aq,AMC,neutral,0.8508
l730aq,GME,neutral,0.8508
l730ah,AMC,neutral,0.5625
l730ah,GME,neutral,0.5625
l7307v,GME,neutral,0.8072
l7306w,GME,neutral,0.7547
l7305j,AMC,neutral,0.9196
l7305j,GME,neutral,0.9196
l7303j,AMC,neutral,0.5580
l7303j,GME,neutral,0.5580
l72zea,AMC,neutral,0.8578
l72zea,GME,neutral,0.8578
l72yx8,GME,neutral,0.8832
l72yuq,AMC,neutral,0.9066
l72yuq,GME,neutral,0.9066
l72ytj,GME,negative,0.6785
l72yti,GME,neutral,0.8648
l72yrs,GME,negative,0.9349
l72yrq,GME,negative,0.6146
l72yr1,AMC,negative,0.9164
l72yod,AMC,negative,0.7742
l72yod,GME,negative,0.7742
l72xl1,GME,neutral,0.8800
l72xc5,AMC,neutral,0.8894
l72w5s,GME,neutral,0.9071
l72w4n,GME,neutral,0.7962
l72w2r,AMC,negative,0.8861
l72w2r,GME,negative,0.8861
l72vpm,GME,negative,0.7485
l72vmq,AMC,neutral,0.8055
l72vmq,GME,neutral,0.8055
l72v7o,GME,neutral,0.8939
l72ugb,GME,neutral,0.8374
l72ug9,GME,neutral,0.9365
l72ueo,GME,negative,0.6384
l72ued,GME,neutral,0.8538
l72ue1,GME,negative,0.9143
l72ud0,GME,neutral,0.6941
l74muz,GME,neutral,0.8307
l74muy,AMC,neutral,0.9016
l74muy,GME,neutral,0.9016
l74muv,GME,neutral,0.9017
l74mu8,GME,neutral,0.7831
l74mut,GME,neutral,0.5311
l74mtg,AMZN,positive,0.6907
l74mtg,GME,positive,0.6907
l74ml4,AMC,negative,0.8192
l74ml4,GME,negative,0.8192
l74mk6,GME,neutral,0.7277
l74mjm,GME,negative,0.5189
l74m09,GME,neutral,0.9520
l74lzh,GME,negative,0.6180
l74lys,GME,neutral,0.8198
l74lyg,TSLA,neutral,0.8958
l74lyc,GME,neutral,0.9167
l74ls5,GME,neutral,0.7440
l74lrt,GME,neutral,0.8780
l74lrm,GME,neutral,0.9100
l74lre,GME,neutral,0.5459
l732zh,AMC,neutral,0.8491
l732zh,GME,neutral,0.8491
l732zc,AMC,neutral,0.6753
l732zc,GME,neutral,0.6753
l732yy,GME,neutral,0.8746
l732o7,AMC,neutral,0.5778
l732o7,GME,neutral,0.5778
l732ky,AMC,neutral,0.9317
l732j8,AMC,neutral,0.9332
l732ip,AMC,negative,0.7445
l732ip,GME,negative,0.7445
l732i2,AMC,neutral,0.8384
l732i2,GME,neutral,0.8384
l732i0,AMC,negative,0.5942
l732i0,GME,negative,0.5942
l732fp,GME,neutral,0.8999
l732dw,GME,neutral,0.7678
l731v4,GME,neutral,0.8311
l731u1,GME,neutral,0.8227
l74rgc,GME,neutral,0.9273
l733rg,GME,neutral,0.8797
l733qe,GME,neutral,0.7355
l733cd,GME,negative,0.5835
l7338i,GME,neutral,0.8628
l7337k,AAPL,negative,0.5067
l7335k,GME,neutral,0.7404
l74kta,GME,neutral,0.8959
l735lm,AMC,neutral,0.9491
l735lm,GME,neutral,0.9491
l735i3,GME,neutral,0.8957
l7358a,GME,neutral,0.5811
l734ks,GME,neutral,0.6515
l734js,AMC,negative,0.6051
l734js,GME,negative,0.6051
l733za,GME,neutral,0.9109
l734i1,GME,neutral,0.8473
l734ho,GME,negative,0.9651
l7344l,AMC,neutral,0.8759
l7344l,GME,neutral,0.8759
l7342a,AMC,negative,0.9309
l7342a,GME,negative,0.9309
l751if,AMC,neutral,0.8999
l751if,GME,neutral,0.8999
l750ft,GME,neutral,0.8261
l74pad,GME,neutral,0.7450
l74l18,AMC,neutral,0.9026
l74kko,GME,neutral,0.9219
l74khc,GME,negative,0.6269
l737by,GME,neutral,0.7666
l7379n,GME,negative,0.8508
l736yz,AMC,neutral,0.7695
l736yz,GME,neutral,0.7695
l736uy,AMC,negative,0.8681
l736ka,GME,neutral,0.6927
l736id,AMC,negative,0.5333
l736id,GME,negative,0.5333
l7363v,GME,neutral,0.8455
l756s2,GME,neutral,0.6975
l756p3,GME,neutral,0.8739
l756nn,GME,neutral,0.9240
l756n6,GME,neutral,0.8567
l756ik,GME,neutral,0.8793
l756gd,GME,negative,0.8617
l756fo,AMC,neutral,0.8604
l755sz,GME,neutral,0.8899
l752b6,META,negative,0.6829
l752b6,GME,negative,0.6829
l73fhr,GME,neutral,0.5343
l73fgv,AMC,neutral,0.8188
l73fgv,GME,neutral,0.8188
l73eps,GME,neutral,0.8814
l73eps,TSLA,neutral,0.8814
l73djt,GME,neutral,0.8252
l73d9v,NFLX,positive,0.7840
l73cny,AMC,neutral,0.9148
l73cny,GME,neutral,0.9148
l73clb,GME,neutral,0.9152
l73cj0,AMC,neutral,0.8460
l73cj0,GME,neutral,0.8460
l73c9i,GME,neutral,0.6438
l73bou,AMC,neutral,0.8306
l73bda,GME,neutral,0.9139
l73bc5,AMC,neutral,0.9043
l73bc5,GME,neutral,0.9043
l73b7a,AMC,negative,0.9150
l739x7,GME,negative,0.8513
l73912,GME,neutral,0.7550
l738op,MSFT,neutral,0.6526
l75bzs,GME,neutral,0.7809
l75bsg,AMC,neutral,0.8814
l75bsg,GME,neutral,0.8814
l75brt,AMC,negative,0.5271
l75brt,GME,negative,0.5271
l75bqu,AMC,neutral,0.7102
l75bqu,GME,neutral,0.7102
l75bq6,GME,neutral,0.8733
l75bp6,GME,neutral,0.7480
l75bo9,GME,neutral,0.6763
l75bmq,AMC,neutral,0.9242
l75bl6,GME,neutral,0.9129
l75bjq,GME,neutral,0.8547
l75bhi,AMC,neutral,0.9432
l75bhi,GME,neutral,0.9432
l75bgl,AMC,neutral,0.8854
l75bd7,GME,negative,0.6660
l757cd,GME,neutral,0.8661
l757bj,GME,neutral,0.9302
l7579l,GME,neutral,0.9178
l7579k,GME,neutral,0.8881
l7578r,GME,neutral,0.8972
l75777,AMC,positive,0.6868
l75777,GME,positive,0.6868
l7576i,AMC,neutral,0.9215
l7576i,GME,neutral,0.9215
l7575y,AMC,neutral,0.9036
l7575y,GME,neutral,0.9036
l7574x,AMC,neutral,0.8842
l73hb4,GME,neutral,0.7844
l73gh1,GME,neutral,0.7708
l75fgl,GME,negative,0.7145
l75ef1,GME,neutral,0.8790
l75dsh,AMC,neutral,0.8737
l75dsh,GME,neutral,0.8737
l75aif,GME,negative,0.7033
l7592v,GME,negative,0.5477
l7591o,GME,neutral,0.9005
l758z9,GME,neutral,0.8856
l758z1,GME,neutral,0.8863
l758v1,GME,positive,0.6021
l758at,GME,negative,0.7626
l7589i,AMC,neutral,0.6002
l7589d,GME,neutral,0.8140
l7587p,GME,neutral,0.8280
l7587l,GME,negative,0.5355
l757r4,AMC,neutral,0.8311
l757r4,GME,neutral,0.8311
l757pe,GME,neutral,0.6781
l757mj,AMC,neutral,0.9163
l757mj,GME,neutral,0.9163
l757j4,AMC,negative,0.8896
l757j4,GME,negative,0.8896
l757j4,GOOGL,negative,0.8896
l757ik,GME,neutral,0.9399
l7574q,AMC,neutral,0.6568
l7574q,GME,neutral,0.6568
l756go,AMC,negative,0.5830
l75vgk,GME,neutral,0.9443
l75uy5,GME,neutral,0.9305
l759e8,GME,neutral,0.8568
l73vn9,GME,neutral,0.8820
l73vn9,NVDA,neutral,0.8820
l73vn9,GOOGL,neutral,0.8820
l763f6,GME,neutral,0.8265
l757fj,AMC,neutral,0.9157
l757fj,GME,neutral,0.9157
l759uz,GME,neutral,0.8238
l73qm4,GME,neutral,0.8883
l76l57,GME,neutral,0.9050
l76hy3,GME,neutral,0.8586
l76g9b,GME,neutral,0.6129
l76f74,AMC,neutral,0.8236
l76f74,GME,neutral,0.8236
l76eqh,GME,neutral,0.8029
l76e2g,AMC,neutral,0.9456
l76e2g,GME,neutral,0.9456
l76d6r,GME,neutral,0.8114
l76bdr,AMC,neutral,0.7985
l76bdr,GME,neutral,0.7985
l76b7o,GME,neutral,0.9455
l768ii,GME,neutral,0.8880
l76885,GME,neutral,0.6920
l767ah,GME,negative,0.6472
l76441,GME,neutral,0.8592
l763xb,GME,neutral,0.5024
l762y9,AMC,neutral,0.9212
l762y9,GME,neutral,0.9212
l762cv,GME,negative,0.5717
l75z6q,GME,neutral,0.9310
l75z1d,GME,neutral,0.8697
l75ygb,AMC,neutral,0.7975
l75yd2,GME,neutral,0.7152
l75ubk,GME,neutral,0.7449
l75tp4,GME,neutral,0.6711
l75rvr,GME,neutral,0.9440
l75r0o,GME,neutral,0.9224
l75qhx,GME,neutral,0.8437
l75pxg,GME,neutral,0.8919
l75pa1,GME,neutral,0.8915
l75nj8,AMC,neutral,0.8446
l75nj8,GME,neutral,0.8446
l75mvk,META,neutral,0.8586
l75m3r,GME,negative,0.5200
l75j1p,GME,negative,0.8444
l75fqp,GME,neutral,0.8557
l75f6d,GME,neutral,0.6627
l75dr1,GME,neutral,0.4923
l75d4r,GME,neutral,0.9236
l75d2o,AMC,neutral,0.7002
l75d2o,GME,neutral,0.7002
l75cxj,GME,neutral,0.8463
l75cs1,GME,neutral,0.9106
l75c18,GME,neutral,0.9059
l75c01,GME,negative,0.7507
l75bzy,GME,neutral,0.8856
l75bqj,AMC,neutral,0.9253
l75bqj,GME,neutral,0.9253
l75atz,AMC,neutral,0.8494
l75atz,GME,neutral,0.8494
l75al9,AMC,neutral,0.8000
l75aji,AAPL,negative,0.4925
l75a80,AMC,negative,0.5149
l75a80,GME,negative,0.5149
l759zk,GME,neutral,0.7500
l759yn,AMC,neutral,0.7877
l759yn,GME,neutral,0.7877
l759ye,GME,neutral,0.9151
l759x6,AMC,neutral,0.7479
l759x6,GME,neutral,0.7479
l759vz,AMC,neutral,0.9228
l759vz,GME,neutral,0.9228
l75945,GME,neutral,0.9332
l759ub,GME,neutral,0.9240
l759tq,GME,neutral,0.9249
l759sc,TSLA,neutral,0.8820
l759s2,AMC,neutral,0.9258
l759s2,GME,neutral,0.9258
l759p0,TSLA,neutral,0.8462
l759my,GME,neutral,0.9056
l759mb,GME,neutral,0.7997
l759be,GME,neutral,0.9113
l75981,AMC,neutral,0.9270
l7597u,GME,neutral,0.9477
l758zx,GME,neutral,0.9281
l757mc,GME,negative,0.9312
l757i5,GME,neutral,0.9314
l757fv,AMC,negative,0.7153
l757fv,GME,negative,0.7153
l757fp,GME,neutral,0.8468
l7578l,AMC,negative,0.9203
l7578l,GME,negative,0.9203
l75764,AMC,negative,0.9723
l75764,GME,negative,0.9723
l756iq,GME,neutral,0.8160
l756ev,GME,neutral,0.8462
l756b4,GOOGL,neutral,0.5024
l755x9,AMC,neutral,0.8975
l755x9,GME,neutral,0.8975
l754xy,AMC,negative,0.6051
l754xy,GME,negative,0.6051
l754hg,GME,positive,0.6409
l754fd,GME,neutral,0.9026
l754d3,GME,neutral,0.9129
l75486,GME,neutral,0.8081
l75464,GME,neutral,0.8116
l753w8,GME,positive,0.5444
l753h7,GME,neutral,0.9254
l753ch,GME,negative,0.9021
l752tt,GME,neutral,0.9161
l752m2,GME,negative,0.5959
l752ln,GME,neutral,0.9265
l752kk,GME,neutral,0.8265
l752ka,AMC,neutral,0.8728
l752ka,GME,neutral,0.8728
l752hz,GME,neutral,0.8364
l752dw,AMC,neutral,0.5471
l752dw,GME,neutral,0.5471
l752cy,AMC,neutral,0.8984
l752aw,AMC,neutral,0.8613
l75270,GME,neutral,0.8552
l7526q,AMC,negative,0.8551
l7526q,GME,negative,0.8551
l751py,AMC,neutral,0.8156
l751py,GME,neutral,0.8156
l74zgc,GME,neutral,0.9559
l74z7w,AMC,neutral,0.8848
l74z7w,GME,neutral,0.8848
l74ya4,GME,negative,0.7010
l74y7u,AMC,neutral,0.8072
l74y7u,GME,neutral,0.8072
l74y7g,GME,neutral,0.8461
l74y5n,GME,neutral,0.7669
l74wit,GME,neutral,0.8957
l74wit,MSFT,neutral,0.8957
l74w8e,AMC,neutral,0.9062
l74w8e,GME,neutral,0.9062
l74w7e,GME,negative,0.7829
l74vp5,GME,negative,0.9564
l74v0r,GME,neutral,0.9363
l74uj5,GME,neutral,0.9128
l74tm2,AMC,neutral,0.8711
l74tm2,GME,neutral,0.8711
l74ta1,GME,neutral,0.8793
l74s3p,GME,neutral,0.9069
l74reb,GME,neutral,0.9097
l74q3s,GME,neutral,0.7675
l74pj2,AMC,negative,0.9205
l74pj2,GME,negative,0.9205
l74o0m,GME,neutral,0.8977
l74n7l,AMC,neutral,0.7909
l74mwb,AMC,neutral,0.8846
l74mwb,GME,neutral,0.8846
l74msx,GME,neutral,0.9055
l74mrv,GME,neutral,0.9092
l74mmw,GME,neutral,0.9148
l74mju,AMC,neutral,0.8507
l74mhl,GME,negative,0.6433
l74lpt,GME,neutral,0.9285
l74lot,AMC,neutral,0.7777
l74lot,GME,neutral,0.7777
l74ljv,AMC,negative,0.8915
l74ljv,GME,negative,0.8915
l74ljj,GME,neutral,0.6723
l74lhm,AMC,positive,0.6897
l74lhm,GME,positive,0.6897
l74lhd,GME,neutral,0.9182
l74ldh,AMC,neutral,0.9277
l74ldh,GME,neutral,0.9277
l74lcu,AMC,neutral,0.4840
l74l4j,GME,neutral,0.7925
l74l4i,GME,neutral,0.9228
l74l15,GME,negative,0.9529
l74kzv,GME,neutral,0.5779
l74kor,GME,neutral,0.8864
l74kkz,GME,neutral,0.8554
l74k7x,AMC,neutral,0.6877
l74k7x,GME,neutral,0.6877
l74k75,GME,neutral,0.9107
l74jv5,AMC,neutral,0.8508
l74jv5,GME,neutral,0.8508
l74jgn,AMC,neutral,0.8187
l74jgn,GME,neutral,0.8187
l74jfp,GME,neutral,0.7911
l74jca,AMC,neutral,0.7480
l74jca,GME,neutral,0.7480
l74jca,TSLA,neutral,0.7480
l74il6,AMC,neutral,0.8179
l74il6,GME,neutral,0.8179
l74il6,TSLA,neutral,0.8179
l74i03,GME,neutral,0.8849
l74dag,GME,neutral,0.9237
l747eg,GME,negative,0.7147
l745zh,GME,positive,0.9088
l743ac,AMC,negative,0.8536
l743ac,GME,negative,0.8536
l742gh,GME,neutral,0.7466
l73vqk,GME,neutral,0.9050
l73ux4,GME,neutral,0.6843
l73ska,GME,negative,0.9345
l73s4t,GME,neutral,0.6694
l7714j,GME,negative,0.9119
l76y12,GME,neutral,0.9304
l76w6e,GME,neutral,0.9153
l7770e,GME,neutral,0.7969
l776p7,GME,neutral,0.9086
l77bl1,AMC,neutral,0.9475
l77as4,AMC,positive,0.4118
l77as4,GME,positive,0.4118
l778b7,GME,neutral,0.5566
l7m70r,GME,neutral,0.7888
l7m6z9,GME,neutral,0.8784
l7m59t,GME,neutral,0.9065
l7lu2z,AMZN,neutral,0.8859
l7lu2z,GME,neutral,0.8859
l77fng,AMC,neutral,0.9368
l77fng,GME,neutral,0.9368
l77may,GME,neutral,0.7695
l7cvj0,AMC,neutral,0.5126
l7cvj0,GME,neutral,0.5126
l7cvj0,META,neutral,0.5126
l7mwav,GME,neutral,0.8886
l7mvut,AMC,positive,0.8551
l7mvut,GME,positive,0.8551
l77wtk,GME,neutral,0.7242
l77wt7,GME,positive,0.7866
l77vi3,GME,neutral,0.7089
l77tv2,GME,neutral,0.8998
l77ttn,GME,neutral,0.5870
l7mnmt,AMC,neutral,0.8916
l7mnmt,GME,neutral,0.8916
l7m51w,GME,neutral,0.7645
l7lx7y,GME,neutral,0.9252
l7luh0,GME,neutral,0.5893
l7lnck,GME,neutral,0.9137
l7lmrz,GME,neutral,0.8491
l7l4mr,AMC,neutral,0.8680
l7l4mr,GME,neutral,0.8680
l7kxge,GME,negative,0.5272
l7ktdy,AMZN,neutral,0.7760
l7ktdy,GME,neutral,0.7760
l7knw4,GME,neutral,0.8770
l7klm7,GME,negative,0.8306
l7k3y7,AMC,neutral,0.9067
l7k3y7,GME,neutral,0.9067
l7k3vy,GME,neutral,0.8345
l7jpnz,GME,neutral,0.8412
l7jo53,GME,neutral,0.8194
l7821q,GME,neutral,0.7774
l785ls,GME,neutral,0.5773
l785l4,AMC,neutral,0.8551
l785l4,GME,neutral,0.8551
l784j2,GME,neutral,0.8306
l784j2,GOOGL,neutral,0.8306
l784a6,GME,neutral,0.5056
l78456,GME,neutral,0.6861
l783lc,GME,neutral,0.6306
l782pi,GME,neutral,0.8991
l7o8br,GME,neutral,0.8946
l78a01,AMC,negative,0.6220
l78a01,GME,negative,0.6220
l78m9p,GME,neutral,0.8650
l78kzn,GME,neutral,0.8582
l78ksp,GME,neutral,0.5665
l78fuh,GME,neutral,0.8498
l78flm,GME,neutral,0.6255
l78skt,GME,neutral,0.9021
l78uct,GME,neutral,0.9400
l78tsx,GME,neutral,0.8636
l78xr0,GME,neutral,0.9451
l7p0ac,GME,neutral,0.4941
l7920w,GME,negative,0.6790
l791fb,GME,neutral,0.5359
l79103,GME,negative,0.7498
l78zw6,AMC,neutral,0.6108
l78zw6,GME,neutral,0.6108
l78zw6,TSLA,neutral,0.6108
l7pb5q,GME,neutral,0.8706
l793tc,GME,neutral,0.8941
l7pioq,GME,neutral,0.9077
l7pex7,GME,neutral,0.7306
l7ouxv,AMC,negative,0.9261
l7ouxv,GME,negative,0.9261
l7oi2f,GME,neutral,0.8567
l7obcn,AMC,neutral,0.8506
l7obcn,GME,neutral,0.8506
l7khkc,GME,negative,0.8126
l7k04b,AMC,negative,0.7940
l7k04b,GME,negative,0.7940
l7jwoy,AMC,neutral,0.8311
l7ju8q,AMC,neutral,0.9261
l7js82,GME,neutral,0.8266
l7jrwj,GME,neutral,0.6478
l7jocw,GME,neutral,0.9457
l7jnqw,GME,neutral,0.8833
l7jn7p,GME,neutral,0.8817
l7jhso,AMC,neutral,0.8673
l7jhso,GME,neutral,0.8673
l7jhso,TSLA,neutral,0.8673
l7jfvw,GME,neutral,0.9388
l7jdry,AMC,neutral,0.9120
l7jd3p,GME,neutral,0.8032
l7jcvi,AMC,neutral,0.9051
l7jcvi,GME,neutral,0.9051
l7jc5s,GME,neutral,0.4801
l7jbyk,GME,neutral,0.7084
l7j9q6,GME,neutral,0.7701
l7j7re,GME,neutral,0.5839
l7j5vy,GME,neutral,0.7613
l7j4d4,GME,neutral,0.7707
l7j3e4,GME,neutral,0.7765
l7j212,GME,neutral,0.8760
l7j0tb,GME,neutral,0.9289
l7j0js,GME,neutral,0.8508
l7ixaz,GME,neutral,0.7697
l7itd7,GME,neutral,0.8964
l7isa7,GME,neutral,0.9068
l7iq6l,AMZN,neutral,0.7153
l7iq6l,GME,neutral,0.7153
l7iq6l,MSFT,neutral,0.7153
l7iq6l,NFLX,neutral,0.7153
l7iq20,GME,neutral,0.9284
l7iorh,GME,neutral,0.8329
l7in4y,GME,neutral,0.9133
l7ijxy,AMC,neutral,0.9343
l7ijqb,GME,neutral,0.8828
l7ijqb,ORCL,neutral,0.8828
l7ihh8,GME,neutral,0.5563
l7ihh8,GOOGL,neutral,0.5563
l7ifmk,GME,neutral,0.9250
l7ifel,GME,neutral,0.8695
l7iexp,GME,neutral,0.7100
l7i7rm,GME,neutral,0.6526
l7i75m,GME,neutral,0.9005
l7i66y,AMC,neutral,0.8252
l7i66y,GME,neutral,0.8252
l7i5lf,GME,neutral,0.6346
l7i3fm,GME,neutral,0.7182
l7i02a,GME,neutral,0.7084
l7hzcz,GME,neutral,0.8620
l7hywo,AMC,neutral,0.8439
l7hywo,GME,neutral,0.8439
l7hxt0,GME,neutral,0.9054
l7hwzh,AMC,neutral,0.8332
l7hwzh,GME,neutral,0.8332
l7hvzr,GME,neutral,0.9367
l7huy4,GME,neutral,0.9037
l7htik,GME,neutral,0.8966
l7hra2,GME,neutral,0.9135
l7hqat,GME,negative,0.6162
l7hpbj,GME,neutral,0.7144
l7hne0,GME,neutral,0.8547
l7hkww,GME,neutral,0.6263
l7hggf,GME,neutral,0.7746
l7hdpd,AMC,neutral,0.7427
l7hdpd,GME,neutral,0.7427
l7hcy3,GME,neutral,0.6086
l7ha4v,GME,neutral,0.8150
l7ha4v,TSLA,neutral,0.8150
l7h8jv,GME,neutral,0.6268
l7h8hv,GME,neutral,0.6916
l7h5co,GME,neutral,0.8748
l7h5co,TSLA,neutral,0.8748
l7gznb,AMZN,neutral,0.8303
l7gznb,GME,neutral,0.8303
l7gznb,MSFT,neutral,0.8303
l7gznb,TSLA,neutral,0.8303
l7gy7k,GME,neutral,0.6510
l7gy7k,GOOGL,neutral,0.6510
l7gwjt,GME,neutral,0.6618
l7gskx,GME,neutral,0.9196
l7gskx,MSFT,neutral,0.9196
l7gqjg,GME,negative,0.8345
l7go4c,GME,neutral,0.9016
l7gmaf,GOOGL,negative,0.9568
l7gkyu,GME,neutral,0.9182
l7gkaf,GME,neutral,0.6879
l7gjou,GME,neutral,0.9309
l7gejm,GME,neutral,0.9474
l7ge7g,GME,neutral,0.9049
l7gdix,AMC,neutral,0.8511
l7gdix,GME,neutral,0.8511
l7gcsc,GME,neutral,0.9167
l7gajy,AMC,neutral,0.9304
l7gajy,GME,neutral,0.9304
l7g9eq,GME,neutral,0.5609
l7g969,GME,neutral,0.7023
l7g8a0,AMC,neutral,0.5762
l7g8a0,GME,neutral,0.5762
l7g7uz,GME,neutral,0.8597
l7g6w2,GME,neutral,0.7254
l7g6f2,GOOGL,neutral,0.7403
l7g2i5,GME,negative,0.5871
l7fz4q,GME,negative,0.6434
l7fyjs,META,neutral,0.6132
l7fwu9,AMZN,neutral,0.8539
l7fw0x,AMC,neutral,0.8586
l7fw0x,GME,neutral,0.8586
l7fvoe,GME,neutral,0.6268
l7ftb8,GME,negative,0.6739
l7fr21,GME,neutral,0.8923
l7fn7b,GME,neutral,0.9132
l7fkx5,GME,neutral,0.7454
l7fh4e,GME,neutral,0.6170
l7fdrx,AMC,neutral,0.7895
l7fdrx,GME,neutral,0.7895
l7f8lt,GME,neutral,0.7192
l7f8c5,GME,neutral,0.8334
l7f603,AMC,neutral,0.8667
l7f603,GME,neutral,0.8667
l7f603,GOOGL,neutral,0.8667
l7f57n,GME,neutral,0.8232
l7f4w6,AMC,neutral,0.8622
l7f4w6,GME,neutral,0.8622
l7ezs1,GME,negative,0.6303
l7eyzp,GME,neutral,0.9431
l7ey2b,GME,neutral,0.8441
l7ey03,GME,neutral,0.8433
l7exbk,GME,neutral,0.9394
l7ew1e,GME,neutral,0.6809
l7eu89,GME,neutral,0.8762
l7et6x,GME,negative,0.7055
l7eq13,GME,neutral,0.6691
l7eoca,GME,neutral,0.6118
l7ei4a,AMC,neutral,0.9029
l7ei4a,GME,neutral,0.9029
l7eft5,AMC,neutral,0.8772
l7eft5,GME,neutral,0.8772
l7edzh,GME,neutral,0.8191
l7eaim,GME,neutral,0.8931
l7e9gf,AMC,neutral,0.4619
l7e9gf,GME,neutral,0.4619
l7e8rz,GME,neutral,0.8853
l7e82p,GME,neutral,0.7465
l7e6th,GME,neutral,0.8620
l7e148,AMC,neutral,0.8384
l7e148,GME,neutral,0.8384
l7duf8,GME,neutral,0.8553
l7dsdl,TSLA,neutral,0.7088
l7dnva,GME,neutral,0.7104
l7dn6i,GME,negative,0.7239
l7dlxi,AMC,neutral,0.9279
l7dlxi,GME,neutral,0.9279
l7dl2y,GME,positive,0.7454
l7dkif,GME,neutral,0.8120
l7dk0q,GME,neutral,0.7800
l7dj41,GME,neutral,0.6275
l7dinv,AMZN,neutral,0.9045
l7dinv,GME,neutral,0.9045
l7dieo,GME,neutral,0.8992
l7di9r,GME,neutral,0.7388
l7dhg7,GME,neutral,0.8340
l7dg6y,AMC,neutral,0.5998
l7dg6y,GME,neutral,0.5998
l7daf7,GME,neutral,0.6967
l7da4k,GME,neutral,0.8471
l7d5wt,AMC,negative,0.5632
l7d5wt,GME,negative,0.5632
l7d5e4,GME,neutral,0.4839
l7d4l1,GME,neutral,0.8661
l7d4ju,GME,neutral,0.8054
l7d4dc,GME,neutral,0.9116
l7d3vp,GME,neutral,0.8305
l7czg2,GME,negative,0.4961
l7cxf0,TSLA,neutral,0.9336
l7cwv4,AMC,neutral,0.8949
l7cwv4,GME,neutral,0.8949
l7cwrr,GME,neutral,0.7456
l7cr54,GME,negative,0.7447
l7clnk,AMC,negative,0.4945
l7clnk,GME,negative,0.4945
l7ck86,GME,neutral,0.8452
l7cgrn,AMC,neutral,0.9198
l7cgrn,AAPL,neutral,0.9198
l7cgrn,MSFT,neutral,0.9198
l7cgrh,GME,neutral,0.8891
l7cc11,GME,neutral,0.8694
l7ca8b,GME,neutral,0.8488
l7c7t8,GME,neutral,0.9340
l7c6su,GME,neutral,0.9071
l7c3pf,GME,negative,0.5135
l7c31s,GME,neutral,0.8061
l7c2u2,GME,neutral,0.6527
l7c2a3,AMC,neutral,0.7942
l7c2a3,GME,neutral,0.7942
l7c28s,GME,neutral,0.8522
l7c195,GME,neutral,0.6914
l7c0yv,GME,neutral,0.9024
l7c09m,GME,neutral,0.5174
l7bysc,GME,neutral,0.9467
l7bydy,GME,neutral,0.9308
l7by93,GME,neutral,0.8457
l7bvyv,GME,negative,0.9436
l7btwm,GME,neutral,0.8832
l7bqfe,GME,neutral,0.8813
l7bpz9,GME,neutral,0.7708
l7bpls,GME,neutral,0.9350
l7bpf5,AMC,neutral,0.7033
l7bpf5,GME,neutral,0.7033
l7bod7,GME,negative,0.6840
l7bncg,GME,neutral,0.9139
l7blwl,GOOGL,neutral,0.9315
l7bjq3,AAPL,neutral,0.8918
l7bjq3,NVDA,neutral,0.8918
l7bj1l,GME,neutral,0.6415
l7bfh2,GME,neutral,0.8402
l7besn,GME,neutral,0.7351
l7bder,GME,neutral,0.9433
l7bdnk,AMC,neutral,0.8550
l7bdnk,GME,neutral,0.8550
l7bd6m,AMC,neutral,0.8819
l7bd6m,GME,neutral,0.8819
l7bbsn,AMC,neutral,0.7957
l7bbsn,GME,neutral,0.7957
l7bbrc,GME,neutral,0.9172
l7bbkc,GME,neutral,0.8769
l7bb2p,GME,neutral,0.9115
l7bat6,GME,neutral,0.8895
l7ba5s,AMC,neutral,0.8322
l7ba5s,GME,neutral,0.8322
l7b8y0,AMC,neutral,0.7680
l7b8y0,GME,neutral,0.7680
l7b7tt,AMC,neutral,0.9123
l7b7tt,GME,neutral,0.9123
l7b6t7,GME,neutral,0.8108
l7b6pi,GME,negative,0.4888
l7b6os,AMC,negative,0.8790
l7b6os,GME,negative,0.8790
l7b3pq,GME,neutral,0.8789
l7b36d,GME,negative,0.6753
l7b1yi,GME,neutral,0.8039
l7b1yi,MSFT,neutral,0.8039
l7b1sj,AMC,neutral,0.7325
l7b11b,AMC,neutral,0.9272
l7b11b,GME,neutral,0.9272
l7b11b,MSFT,neutral,0.9272
l7b0i1,GME,neutral,0.6906
l7azz8,GME,neutral,0.9008
l7aw89,GME,neutral,0.6233
l7av1h,GME,neutral,0.7372
l7at5i,GME,neutral,0.9468
l7as4q,GME,neutral,0.7482
l7arjm,AMC,neutral,0.7524
l7arjm,GME,neutral,0.7524
l7aqxy,GME,neutral,0.8192
l7apfk,AMC,neutral,0.8383
l7apfk,GME,neutral,0.8383
l7apde,AMC,neutral,0.8962
l7apde,GME,neutral,0.8962
l7aor3,GME,neutral,0.9046
l7anmh,GME,neutral,0.8435
l7ak6b,GME,neutral,0.7468
l7akba,GME,neutral,0.8997
l7aiws,AMC,neutral,0.9008
l7aiws,GME,neutral,0.9008
l7aifl,GME,neutral,0.4846
l7aifl,GOOGL,neutral,0.4846
l7ai3u,GME,neutral,0.9095
l7ahsu,GME,neutral,0.8440
l7afxp,AMC,negative,0.5807
l7afxp,GME,negative,0.5807
l7aekt,GME,neutral,0.8883
l7ab0s,GME,neutral,0.8674
l7aazd,GME,neutral,0.7995
l7aab4,GME,neutral,0.7748
l7a9wo,GME,negative,0.6167
l7a6ft,AMC,neutral,0.7170
l7a6ft,GME,neutral,0.7170
l7a5sb,GME,neutral,0.7402
l7a5gd,GME,neutral,0.6169
l7a539,GME,neutral,0.6276
l7a3zj,AMC,neutral,0.8641
l7a3zj,GME,neutral,0.8641
l7a0ma,GME,neutral,0.8237
l79yru,GME,neutral,0.8841
l79yru,TSLA,neutral,0.8841
l79ycx,AMC,neutral,0.9151
l79ycx,GME,neutral,0.9151
l79x8p,AMC,neutral,0.9197
l79x8p,GME,neutral,0.9197
l79x02,GME,neutral,0.8035
l79x02,NFLX,neutral,0.8035
l79wno,GME,neutral,0.7387
l79qye,GME,neutral,0.6607
l79o8w,GME,neutral,0.8323
l79o2j,GME,negative,0.8624
l79ln5,AMC,neutral,0.8917
l79l06,AMC,neutral,0.7574
l79l06,GME,neutral,0.7574
l79jy6,GME,negative,0.9271
l79j8k,GME,neutral,0.8520
l79h0l,AMC,neutral,0.9321
l79h0l,GME,neutral,0.9321
l79fxt,GME,neutral,0.8812
l79fjx,GME,neutral,0.8951
l79ez5,GME,neutral,0.8750
l79dgz,AMC,negative,0.6242
l79dgz,GME,negative,0.6242
l79ddr,GME,neutral,0.6103
l79ddr,TSLA,neutral,0.6103
l79bqw,GME,neutral,0.5361
l799ui,GME,negative,0.8340
l797qv,GME,neutral,0.9398
l7967o,GME,neutral,0.6109
l7uy8r,GME,negative,0.7456
l7uy8r,NFLX,negative,0.7456
l7uy8e,AMC,neutral,0.5888
l7uxfm,GME,neutral,0.9224
l7uy1y,AMC,neutral,0.9259
l7uy1y,GME,neutral,0.9259
l7uy1y,TSLA,neutral,0.9259
l7uy1j,AMC,neutral,0.9036
l7uy1j,GME,neutral,0.9036
l7uy17,AMC,neutral,0.8201
l7uy11,GME,neutral,0.8978
l7uxzz,GME,neutral,0.8393
l7uxzw,GME,neutral,0.5671
l7uxzm,AMC,negative,0.6853
l7uxzm,GME,negative,0.6853
l7uxze,GME,neutral,0.8696
l7uxyg,AMC,neutral,0.8472
l7uxwr,AMC,neutral,0.8724
l7uxwr,GME,neutral,0.8724
l7uxqr,GME,negative,0.9287
l7kirw,GME,positive,0.7576
l7kirw,TSLA,positive,0.7576
l7kgnc,GME,neutral,0.5983
l7kgay,AMZN,neutral,0.7887
l7keyh,GME,neutral,0.5011
l7kdy8,GME,positive,0.6105
l7kdww,META,neutral,0.5701
l7kdww,GME,neutral,0.5701
l7kdfw,AMC,neutral,0.8765
l7kdfw,GME,neutral,0.8765
l7kd7n,GOOGL,neutral,0.9207
l7k71e,GME,neutral,0.8585
l7k3ee,GME,neutral,0.8697
l7k1ej,GME,neutral,0.5137
l7v7kd,AMC,neutral,0.8040
l7l2tb,AMC,neutral,0.5514
l7l2tb,GME,neutral,0.5514
l7kznk,AMC,neutral,0.9048
l7kznk,GME,neutral,0.9048
l7kxtz,GME,neutral,0.8629
l7kxd7,GME,negative,0.4904
l7kxbs,GME,neutral,0.8546
l7kw1i,GME,neutral,0.8281
l7kt61,GME,positive,0.5996
l7kskq,GME,neutral,0.8015
l7kpq9,GME,neutral,0.8212
l7kp3o,GME,neutral,0.8544
l7koxt,GME,neutral,0.8753
l7uwou,AMC,neutral,0.9349
l7u953,GME,negative,0.6848
l7lw1p,GME,neutral,0.5791
l7ltf1,GME,neutral,0.8920
l7lqm6,GME,neutral,0.8525
l7lloe,GME,neutral,0.8357
l7lihy,META,neutral,0.8641
l7lihy,GME,neutral,0.8641
l7lihy,NFLX,neutral,0.8641
l7lihy,GOOGL,neutral,0.8641
l7l928,GME,negative,0.5936
l7l682,GME,neutral,0.7609
l7l5d1,GME,neutral,0.8585
l7voyx,GME,neutral,0.8958
l7voyx,GOOGL,neutral,0.8958
l7vlww,GME,neutral,0.9312
l7vjyt,GME,neutral,0.8699
l7vjyt,GOOGL,neutral,0.8699
l7vhkg,TSLA,neutral,0.9359
l7vhg6,GME,neutral,0.6135
l7uy9i,GME,neutral,0.9073
l7tjyt,GME,negative,0.6140
l7m7pv,GME,neutral,0.9256
l7m6jt,AMC,neutral,0.8950
l7ly4a,GME,neutral,0.8779
l7lxm3,GME,neutral,0.8781
l7lx6t,GME,neutral,0.7760
l7vz0d,GME,neutral,0.6961
l7ugh7,GME,neutral,0.7688
l7mran,GME,neutral,0.6485
l7movl,GME,neutral,0.7602
l7mo5c,AMC,neutral,0.6765
l7mo5c,TSLA,neutral,0.6765
l7mix1,GME,neutral,0.8581
l7mdyc,GME,neutral,0.9231
l7m9py,GME,neutral,0.9411
l7w8xx,GME,neutral,0.8156
l7w7up,GME,neutral,0.8683
l7w5vv,GME,negative,0.5010
l7vdpn,AMC,neutral,0.9200
l7uhf9,GME,neutral,0.7362
l7t7ih,TSLA,neutral,0.9279
l7sshv,AMC,neutral,0.8049
l7sshv,GME,neutral,0.8049
l7n2v4,AMC,neutral,0.8503
l7n2v4,GME,neutral,0.8503
l7n2ge,GME,neutral,0.8641
l7n1w0,GME,neutral,0.8350
l7mz8d,GME,neutral,0.8819
l7my7b,GME,neutral,0.9078
l7mxkj,GME,neutral,0.9123
l7mx06,GME,neutral,0.8625
l7wdti,GME,neutral,0.8708
l7ncio,AMC,neutral,0.8722
l7ncio,GME,neutral,0.8722
l7nbdt,GME,neutral,0.8599
l7nbat,AMC,neutral,0.8190
l7nbat,GME,neutral,0.8190
l7nbat,META,neutral,0.8190
l7n9lh,GME,neutral,0.9197
l7n8xi,GME,neutral,0.7404
l7n7rr,GME,neutral,0.8772
l7n3lk,AMC,neutral,0.8858
l7n3lk,GME,neutral,0.8858
l7wpas,GME,neutral,0.8040
l7nx7t,GME,neutral,0.8254
l7nrqi,AMC,neutral,0.9013
l7nrqi,GME,neutral,0.9013
l7nq23,AAPL,neutral,0.7679
l7nq23,GME,neutral,0.7679
l7nq23,GOOGL,neutral,0.7679
l7npwk,GME,neutral,0.8984
l7npwk,MSFT,neutral,0.8984
l7npwk,TSLA,neutral,0.8984
l7nj02,AMC,neutral,0.9055
l7nj02,GME,neutral,0.9055
l7wv2c,GME,neutral,0.8336
l7wprt,GME,neutral,0.4899
l7wmcl,GME,neutral,0.9455
l7wl0j,GME,neutral,0.8691
l7wiiu,GME,neutral,0.7842
l7wiad,GME,neutral,0.7180
l7whwu,GME,neutral,0.9267
l7wfgy,GME,neutral,0.8491
l7wchk,GME,neutral,0.8830
l7w72j,AMC,neutral,0.8768
l7w72j,GME,neutral,0.8768
l7w72j,MSFT,neutral,0.8768
l7w2xo,GME,negative,0.5358
l7w2bd,GME,neutral,0.9027
l7w1up,AMC,positive,0.9121
l7w1up,GME,positive,0.9121
l7w16u,AMC,neutral,0.7234
l7w16u,GME,neutral,0.7234
l7vz7j,AMC,neutral,0.8265
l7vt4m,AMC,neutral,0.7784
l7vt4m,GME,neutral,0.7784
l7vkw6,GME,neutral,0.7798
l7vk39,AMC,neutral,0.8950
l7vk39,GME,neutral,0.8950
l7vgse,GME,neutral,0.9049
l7veqt,GME,neutral,0.8896
l7v955,GME,neutral,0.8442
l7v92w,GME,neutral,0.8487
l7v5h0,AMC,neutral,0.7035
l7v5h0,GME,neutral,0.7035
l7v3ob,GME,neutral,0.8620
l7v3eg,GME,neutral,0.8424
l7v2w1,AMC,neutral,0.7503
l7v2w1,GME,neutral,0.7503
l7v1h1,AMC,neutral,0.7362
l7v1h1,GME,neutral,0.7362
l7v0wm,GME,neutral,0.9074
l7v0vp,AMC,neutral,0.9262
l7v0vp,GME,neutral,0.9262
l7v0r6,AMC,neutral,0.9222
l7v0nj,AMC,neutral,0.8720
l7v0nj,GME,neutral,0.8720
l7uzfg,GME,negative,0.7012
l7uyzx,GME,neutral,0.6498
l7uylz,AMC,negative,0.5240
l7uyhb,AMC,neutral,0.8709
l7uyhb,GME,neutral,0.8709
l7uyh3,AMC,neutral,0.9293
l7uyh3,GME,neutral,0.9293
l7uyet,GME,neutral,0.9095
l7uy51,AMC,neutral,0.6638
l7uy51,GME,neutral,0.6638
l7uy3z,AMC,neutral,0.9121
l7uxwn,AMC,neutral,0.8013
l7uxwn,GME,neutral,0.8013
l7uxqq,GME,neutral,0.8951
l7uxp7,GME,neutral,0.8063
l7uxo3,AMC,neutral,0.9290
l7uxo3,GME,neutral,0.9290
l7uxmh,AMC,neutral,0.8998
l7uxle,GME,neutral,0.6192
l7ux81,GME,neutral,0.8946
l7ux21,AMC,neutral,0.8143
l7uwvw,AMC,neutral,0.7437
l7uwvw,GME,neutral,0.7437
l7uwv6,GME,neutral,0.8373
l7uwqg,GME,neutral,0.8753
l7uwqb,GME,neutral,0.8508
l7uwlc,AMC,neutral,0.6954
l7uwlc,GME,neutral,0.6954
l7uwch,GME,neutral,0.7669
l7uw8t,GME,negative,0.9306
l7uw8n,GME,neutral,0.9319
l7uvxn,AMC,neutral,0.7313
l7uvxn,GME,neutral,0.7313
l7uvx1,AMC,neutral,0.8386
l7uvx1,GME,neutral,0.8386
l7uvvc,GME,neutral,0.8678
l7uvii,GME,neutral,0.8807
l7uvg3,AMC,neutral,0.8936
l7uvg3,GME,neutral,0.8936
l7uva9,AMC,neutral,0.9060
l7uva9,GME,neutral,0.9060
l7uv6v,GME,neutral,0.8924
l7uv6v,MSFT,neutral,0.8924
l7uuhd,GME,neutral,0.8551
l7uugc,GME,neutral,0.8733
l7utz8,AMC,neutral,0.8699
l7utz8,GME,neutral,0.8699
l7utvw,GME,neutral,0.5802
l7utoi,GME,neutral,0.8672
l7utmw,GME,neutral,0.6627
l7utlq,AMC,neutral,0.9303
l7utlq,GME,neutral,0.9303
l7utlf,AMC,neutral,0.8819
l7utl2,AMC,neutral,0.6868
l7utl2,GME,neutral,0.6868
l7utju,GME,neutral,0.8801
l7utfj,GME,neutral,0.8046
l7utbv,GME,neutral,0.9059
l7ut8n,AMC,neutral,0.8509
l7ut8n,GME,neutral,0.8509
l7ut88,GME,positive,0.7134
l7uswd,AMC,neutral,0.9350
l7usud,GME,neutral,0.7333
l7urfa,GME,neutral,0.7032
l7ur8s,AMZN,positive,0.6512
l7ur3x,GME,neutral,0.8114
l7ur2k,AMC,neutral,0.8943
l7uq1y,GME,neutral,0.8510
l7uonx,AMC,neutral,0.9436
l7ughz,GME,neutral,0.9351
l7ufta,AMC,neutral,0.9105
l7udzb,AMC,neutral,0.9099
l7udxe,AMC,neutral,0.9303
l7uds1,GME,neutral,0.5865
l7ud82,AMC,neutral,0.7743
l7ud4c,AMC,neutral,0.8825
l7ud4c,GME,neutral,0.8825
l7ud26,GME,neutral,0.8515
l7ucik,GME,neutral,0.8029
l7ucgy,GME,negative,0.9485
l7uccr,GME,neutral,0.5945
l7ubj7,GME,neutral,0.9157
l7uaub,AMC,neutral,0.8566
l7uaub,GME,neutral,0.8566
l7uant,GME,neutral,0.9133
l7ua8v,AMC,neutral,0.9294
l7ua6d,GME,neutral,0.9128
l7ua2u,AMC,neutral,0.8665
l7u9zm,AMC,neutral,0.9048
l7u9zm,GME,neutral,0.9048
l7u9p8,GME,neutral,0.9196
l7u9jw,GME,negative,0.8588
l7u9h2,GME,neutral,0.9143
l7u97s,GME,neutral,0.6830
l7u8aj,GME,neutral,0.8041
l7u7t2,GME,neutral,0.7692
l7u7os,GME,neutral,0.9288
l7u78y,AMC,neutral,0.9269
l7u6v1,AMC,neutral,0.8311
l7u6v1,GME,neutral,0.8311
l7u6py,GME,neutral,0.8666
l7u6p8,GME,neutral,0.5484
l7u62r,AMC,neutral,0.5312
l7u62r,GME,neutral,0.5312
l7u5q1,AMC,neutral,0.7941
l7u5em,GME,neutral,0.8809
l7u5av,GME,neutral,0.8255
l7u56p,GME,neutral,0.9367
l7u54l,GME,neutral,0.7849
l7u51h,GME,negative,0.8964
l7u4ug,AMC,positive,0.6740
l7u4ri,GME,neutral,0.6459
l7u4qp,GME,neutral,0.9201
l7u4qa,GME,neutral,0.8252
l7u45w,AMC,neutral,0.6376
l7u45w,GME,neutral,0.6376
l7u3qh,GME,neutral,0.9164
l7u3p8,GME,neutral,0.7538
l7u3j7,GME,neutral,0.9076
l7u2no,GME,neutral,0.5669
l7u2j7,GME,neutral,0.8663
l7tvmu,GME,neutral,0.8932
l7tttf,GME,neutral,0.9065
l7tt9d,GME,neutral,0.7708
l7so0p,GME,neutral,0.8760
l7sn3w,GME,negative,0.9424
l7slke,GME,neutral,0.8732
l7sisb,GME,negative,0.7734
l7sevh,GME,neutral,0.9157
l7s7sx,GME,neutral,0.9088
l7s7bb,GME,neutral,0.7914
l7s72w,GME,neutral,0.9295
l7s6o3,GME,neutral,0.8511
l7s631,GME,neutral,0.9321
l7s3db,GME,neutral,0.7792
l7s38d,GME,neutral,0.8595
l7s292,GME,neutral,0.9074
l7s259,GME,neutral,0.5718
l7s1fz,AMC,neutral,0.8682
l7s1fz,GME,neutral,0.8682
l7rznq,GME,negative,0.5260
l7rx75,GME,neutral,0.7096
l7rwto,AMZN,neutral,0.8831
l7rwto,GME,neutral,0.8831
l7rwfi,GME,neutral,0.9286
l7ruzt,AMC,neutral,0.7465
l7ruzt,GME,neutral,0.7465
l7rr53,GME,neutral,0.8205
l7rmsv,GME,neutral,0.9086
l7rj4h,GME,neutral,0.8791
l7rh6j,GME,neutral,0.8067
l7rgjd,GME,neutral,0.7877
l7rdlq,AMC,negative,0.8347
l7rdlq,GME,negative,0.8347
l7rbzo,GME,neutral,0.6472
l7rb4k,AAPL,positive,0.6585
l7rb4k,MSFT,positive,0.6585
l7rb4k,TSLA,positive,0.6585
l7rb4k,META,positive,0.6585
l7rb4k,GME,positive,0.6585
l7r6es,GME,neutral,0.9139
l7r49p,GME,neutral,0.8730
l7r3h5,GME,neutral,0.8803
l7r06p,GME,neutral,0.7862
l7qzbi,GME,neutral,0.7772
l7qxh3,AMC,neutral,0.9011
l7qxh3,GME,neutral,0.9011
l7qwh6,GME,neutral,0.8522
l7qrmi,GME,neutral,0.8606
l7qqmy,GME,neutral,0.7179
l7qpro,AMC,neutral,0.5018
l7qmfv,GME,neutral,0.5378
l7qk0d,GME,negative,0.5492
l7qif1,AMC,neutral,0.7739
l7qif1,GME,neutral,0.7739
l7qi21,GME,neutral,0.9108
l7qcnh,GME,neutral,0.9072
l7qahx,GME,neutral,0.8556
l7q1et,GME,neutral,0.5293
l7q1eo,GME,neutral,0.8321
l7q0u9,GME,neutral,0.7447
l7q0hm,AMC,neutral,0.8765
l7q0hm,GME,neutral,0.8765
l7px5f,GME,neutral,0.6214
l7proo,GME,neutral,0.8072
l7prip,GME,neutral,0.8612
l7ppuu,GME,neutral,0.9159
l7pimc,GME,neutral,0.4959
l7pimc,TSLA,neutral,0.4959
l7pc5o,AMC,neutral,0.6030
l7pc5o,GME,neutral,0.6030
l7paoz,GME,neutral,0.9327
l7p9d5,GME,neutral,0.5771
l7p7xd,AMC,negative,0.9267
l7p7xd,GME,negative,0.9267
l7p7k6,AMC,neutral,0.6461
l7p7k6,GME,neutral,0.6461
l7p5ig,GME,neutral,0.9190
l7p32i,GME,neutral,0.9116
l7p1j6,TSLA,neutral,0.8891
l7ozz4,GME,neutral,0.9036
l7oz28,GME,neutral,0.7792
l7oyzi,GME,neutral,0.5856
l7ox2n,GME,negative,0.9157
l7ovnv,GME,neutral,0.7806
l7ov6i,GME,neutral,0.9370
l7otwv,GME,neutral,0.8855
l7otrj,GME,neutral,0.9290
l7opbs,GME,negative,0.6568
l7op8z,GME,neutral,0.9404
l7ooxb,GME,neutral,0.7495
l7ohbt,GME,neutral,0.6481
l7of8y,GME,negative,0.8157
l7oa3e,GME,neutral,0.9260
l7o940,AMC,negative,0.5204
l7o940,GME,negative,0.5204
l7o7q0,AMC,neutral,0.8898
l7o7q0,GME,neutral,0.8898
l7o7q0,TSLA,neutral,0.8898
l7o4xa,TSLA,neutral,0.6733
l7o2rq,GME,neutral,0.7803
l7nzph,AAPL,neutral,0.8282
l7nzph,TSLA,neutral,0.8282
l7nymc,GME,neutral,0.6045
l83l52,GME,neutral,0.8889
l83oq0,GME,neutral,0.8914
l83e92,AAPL,neutral,0.8992
l83e92,MSFT,neutral,0.8992
l83e92,TSLA,neutral,0.8992
l845eb,GME,neutral,0.8144
l844bn,GME,neutral,0.8531
l83yen,GME,neutral,0.7966
l83w6l,GME,neutral,0.9412
l83sxc,GME,neutral,0.9148
l83any,GME,neutral,0.9071
l839cw,AMC,neutral,0.8586
l81le6,GME,neutral,0.5106
l81i5t,GME,neutral,0.9076
l81i5t,TSLA,neutral,0.9076
l814nx,GME,negative,0.6469
l7yivj,GME,neutral,0.4671
l7yi1s,GME,negative,0.9180
l7yfy5,GME,neutral,0.6294
l7yeu4,GME,negative,0.8699
l7yco4,GME,neutral,0.8119
l7yc2q,GME,neutral,0.9023
l7yb3d,AMC,neutral,0.9005
l7yb3d,GME,neutral,0.9005
l7yam7,GME,neutral,0.8608
l7y8u1,GME,positive,0.5589
l7y7yd,GME,neutral,0.9220
l7y7uj,AMC,negative,0.6140
l7y7uj,GME,negative,0.6140
l7y7st,GME,neutral,0.8288
l7y453,META,neutral,0.8920
l7y23l,GME,neutral,0.7727
l7y1nx,GME,negative,0.7537
l7y0df,GME,neutral,0.5988
l7xwqu,GME,neutral,0.6583
l7xrab,GME,neutral,0.6075
l7xr1r,GME,neutral,0.8693
l7xqbo,AMC,negative,0.4118
l7xobf,AMC,negative,0.6526
l7xnvo,GME,neutral,0.6812
l7xj5z,AMZN,neutral,0.8640
l7xj5z,GME,neutral,0.8640
l7xeu2,GME,neutral,0.8868
l7xedx,GME,neutral,0.5578
l7xaph,GME,neutral,0.8365
l7x6j1,AMC,neutral,0.8681
l7x6j1,GME,neutral,0.8681
l7x6j1,TSLA,neutral,0.8681
l7x6j1,AMZN,neutral,0.8681
l7x551,GME,positive,0.6307
l7x4b0,GME,negative,0.9511
l7ww8t,GME,neutral,0.8733
l7wwgj,GME,neutral,0.9045
l7wvz1,GME,neutral,0.7493
l7wulr,AMC,neutral,0.5321
l7wtli,GME,neutral,0.8884
l7wsok,GME,neutral,0.8928
l7wsgy,GME,neutral,0.8830
l7wsgy,TSLA,neutral,0.8830
l7wqx2,GME,neutral,0.7388
l7wnt0,GME,neutral,0.9073
l7wmkf,GME,neutral,0.7362
l7wkiq,GME,negative,0.8850
l7wkd9,GME,neutral,0.9202
l7wjmr,GME,neutral,0.9441
l7wg3t,GME,neutral,0.7321
l7weuu,GME,neutral,0.9033
l7w8gf,GME,neutral,0.8706
l7w856,AMC,neutral,0.8170
l7w856,GME,neutral,0.8170
l7w856,META,neutral,0.8170
l7w7dz,GME,neutral,0.6904
l7w47e,AAPL,neutral,0.9064
l7w47e,TSLA,neutral,0.9064
l7w47e,AMC,neutral,0.9064
l7w47e,AMZN,neutral,0.9064
l7w47e,GME,neutral,0.9064
l7w457,GME,neutral,0.8124
l7w33d,GME,neutral,0.9439
l7vzmo,GME,neutral,0.7780
l7vzmo,NVDA,neutral,0.7780
l7vyax,GME,neutral,0.9020
l7vxx6,GME,neutral,0.8599
l7vvxp,GME,neutral,0.9240
l7vsve,TSLA,neutral,0.8559
l7vs56,GME,negative,0.8603
l7vqbv,AMC,neutral,0.9186
l7vqbv,GME,neutral,0.9186
l7vm17,GME,neutral,0.6879
l7vjha,GME,neutral,0.7577
l7vhok,GME,neutral,0.8567
l7vhjc,GME,neutral,0.8225
l7vgou,GME,neutral,0.5606
l7vg1w,GME,neutral,0.9063
l7vfpm,AMC,neutral,0.6523
l7vfpm,GME,neutral,0.6523
l7vbih,AMC,neutral,0.9376
l7vbih,GME,neutral,0.9376
l7vbe5,GME,neutral,0.7391
l7v9o8,GME,neutral,0.9382
l7v9ny,GME,neutral,0.5250
l7v3we,GME,negative,0.7746
l7v33d,GME,neutral,0.5517
l7v1wm,GME,neutral,0.8522
l7v173,AMC,neutral,0.7547
l7v173,GME,neutral,0.7547
l7v14t,GME,neutral,0.9198
l7uzkk,AMC,neutral,0.6220
l7uzkk,GME,neutral,0.6220
l7uzee,AMC,negative,0.4869
l7uzee,GME,negative,0.4869
l7uz66,AMC,neutral,0.5712
l7uz66,GME,neutral,0.5712
l7uydz,GME,neutral,0.8896
l7uxqf,GME,neutral,0.7974
l7uxqf,TSLA,neutral,0.7974
l7uxeb,GME,neutral,0.8424
l7uwrd,GME,negative,0.6707
l7uw4c,GME,neutral,0.8149
l7uw4c,TSLA,neutral,0.8149
l7uveq,GME,neutral,0.8568
l7uvcg,GME,neutral,0.9103
l7uv1d,AMC,negative,0.5725
l7uv1d,GME,negative,0.5725
l7utlk,GME,neutral,0.9128
l7utby,AMC,negative,0.8029
l7utby,GME,negative,0.8029
l7utaz,AMC,neutral,0.5597
l7us47,GME,neutral,0.8887
l7upns,AMC,neutral,0.8542
l7upns,GME,neutral,0.8542
l7unw5,GME,negative,0.6154
l7ul1i,GME,neutral,0.9410
l7ujjh,GME,neutral,0.8015
l7uj6c,AMC,neutral,0.8578
l7uj6c,GME,neutral,0.8578
l7uff6,GME,neutral,0.7549
l7ud73,GME,neutral,0.9101
l7ud2r,GME,neutral,0.5428
l7ud1x,GME,neutral,0.7683
l7ud1s,GME,negative,0.8676
l7ucln,GME,neutral,0.6492
l7uceb,GME,neutral,0.6206
l7uc1y,GME,neutral,0.7912
l7ubwf,GME,neutral,0.8935
l7ublf,GME,neutral,0.8637
l7ua37,GME,neutral,0.9267
l7u99e,AMC,neutral,0.9057
l7u8h5,AMC,neutral,0.8436
l7u8h5,GME,neutral,0.8436
l7u811,AMC,neutral,0.8924
l7u79l,AMC,neutral,0.8397
l7u6zt,GME,neutral,0.8333
l7u6em,AMC,neutral,0.8842
l7u6em,GME,neutral,0.8842
l7u27v,GME,neutral,0.7926
l7tu52,GME,neutral,0.7337
l7trxc,GME,neutral,0.9231
l7trd5,GME,neutral,0.8867
l7tr3n,GME,neutral,0.9137
l7tnqy,AMC,neutral,0.9103
l7tnqy,GME,neutral,0.9103
l7tmni,GME,neutral,0.8611
l7tkfo,IBM,neutral,0.8955
l7tkfo,GME,neutral,0.8955
l7tkav,GME,neutral,0.9164
l7thzg,GME,neutral,0.8322
l7thzg,TSLA,neutral,0.8322
l7thep,GME,neutral,0.9043
l7tgr8,GME,neutral,0.8488
l7tc3u,AMC,neutral,0.9290
l7tc3u,GME,neutral,0.9290
l7tabf,GME,neutral,0.8579
l7tabf,NFLX,neutral,0.8579
l7t8q8,GME,neutral,0.9128
l7t8lj,AMC,negative,0.9473
l7t8lj,GME,negative,0.9473
l7t7hb,GME,neutral,0.8690
l7t58i,AMC,neutral,0.7419
l7t58i,GME,neutral,0.7419
l7t483,GME,neutral,0.6121
l7sy58,GME,neutral,0.7257
l7sx9e,GME,neutral,0.8183
l7sx16,AMC,neutral,0.8979
l7svb9,GME,neutral,0.4745
l7ssut,GME,negative,0.5765
l7sqfe,AAPL,neutral,0.7571
l7sqfe,GME,neutral,0.7571
l7sq36,GME,negative,0.5115
l7sp9f,AMC,neutral,0.8440
l7sp9f,GME,neutral,0.8440
l7sp9f,GOOGL,neutral,0.8440
l7soru,AMC,neutral,0.9145
l8i9yx,GME,neutral,0.5585
l8i8tm,GME,neutral,0.8446
l8i13b,GME,neutral,0.9335
l8hxs6,GME,neutral,0.8477
l8k3x6,AMC,neutral,0.6698
l8k3x6,GME,neutral,0.6698
l8hoqw,AMC,neutral,0.7949
l8hoqw,GME,neutral,0.7949
l8hb8d,GME,negative,0.8881
l80aqa,GME,neutral,0.5101
l80aij,GME,neutral,0.8823
l806ec,GME,neutral,0.7901
l80686,AMC,neutral,0.8791
l80686,GME,neutral,0.8791
l80686,TSLA,neutral,0.8791
l803zd,GME,neutral,0.8740
l7zzg0,GME,neutral,0.7402
l7zzd8,GME,negative,0.5177
l7zxtj,GME,negative,0.5198
l7zqdy,GME,neutral,0.9378
l7zpns,GME,neutral,0.8938
l7znii,AMC,neutral,0.8625
l7znii,GME,neutral,0.8625
l7zkf9,GME,neutral,0.7705
l7zkas,AMC,neutral,0.8851
l7zj1l,AMC,neutral,0.7888
l7zj1l,GME,neutral,0.7888
l7zhxs,GME,neutral,0.5440
l7zhge,GME,neutral,0.7600
l7zgdk,GME,neutral,0.8956
l7zfpe,GME,neutral,0.5199
l7zb5w,GME,neutral,0.4898
l7z952,GME,positive,0.5513
l7z6hz,AMC,neutral,0.9365
l7z6hz,GME,neutral,0.9365
l7z1dq,GME,neutral,0.9080
l7z0u9,GME,neutral,0.8758
l7yz6j,GME,neutral,0.9275
l7yxfz,AMC,negative,0.4901
l7yxfz,GME,negative,0.4901
l7yw2t,GME,neutral,0.7254
l7yu3k,AMC,neutral,0.6677
l7yu3k,GME,neutral,0.6677
l7ytvo,AMC,neutral,0.6197
l7ytvo,GME,neutral,0.6197
l7yr02,GME,neutral,0.7398
l7ypkc,AMC,neutral,0.9000
l7yogv,GME,neutral,0.6630
l7ylp7,GME,neutral,0.5188
l7yizs,GME,neutral,0.7980
l80sl1,GME,neutral,0.7759
l80sl1,TSLA,neutral,0.7759
l80rin,GME,neutral,0.8514
l80r9s,GME,neutral,0.8236
l80pt5,GME,neutral,0.7280
l8o31w,TSLA,negative,0.9206
l8l73a,GME,neutral,0.7421
l815oj,GME,neutral,0.9049
l813ad,GME,neutral,0.6423
l80zi6,GME,neutral,0.6980
l80y9b,GME,neutral,0.4858
l80xaf,GME,neutral,0.7236
l80wjp,GME,negative,0.5762
l8obkv,GME,neutral,0.5385
l8obkm,GME,neutral,0.8984
l8obk3,GME,neutral,0.7284
l8objz,GME,neutral,0.8867
l8oben,AMC,neutral,0.7697
l8oben,GME,neutral,0.7697
l8nzoo,GME,neutral,0.5032
l8lxc9,GME,neutral,0.8459
l81o3x,AMC,neutral,0.9116
l81o3x,GME,neutral,0.9116
l81n15,GME,neutral,0.9018
l81luf,GME,neutral,0.8381
l81j55,GME,negative,0.6034
l81iwp,AMC,neutral,0.8231
l81i1w,GME,neutral,0.8413
l81gl4,GME,neutral,0.7084
l81fgb,GME,neutral,0.5348
l81cfi,GME,neutral,0.9211
l81cbz,GME,negative,0.6808
l81cb2,GME,neutral,0.9272
l818e2,GME,neutral,0.8805
l81uq4,AMC,neutral,0.5234
l81uq4,GME,neutral,0.5234
l81x7r,GME,neutral,0.8831
l81wp0,AMC,negative,0.8324
l81wp0,GME,negative,0.8324
l82mvg,GME,neutral,0.7288
l82jvf,GME,neutral,0.9407
l8ow4v,GME,neutral,0.9128
l82rne,GME,neutral,0.8805
l82qx8,GME,neutral,0.6872
l82qw4,AMC,negative,0.5472
l82nlj,GME,neutral,0.7305
l82vtm,GME,neutral,0.8541
l82vi1,AMC,neutral,0.9097
l82vi1,GME,neutral,0.9097
l8pq9o,AMC,positive,0.8390
l8pq9o,GME,positive,0.8390
l8ppxn,GME,neutral,0.9264
l83624,AMC,neutral,0.8864
l83624,GME,neutral,0.8864
l833dg,AMZN,positive,0.9449
l833dg,MSFT,positive,0.9449
l833dg,INTC,positive,0.9449
l833dg,NVDA,positive,0.9449
l82y7u,GME,neutral,0.9292
l82xwk,GME,neutral,0.7789
l8pxgx,AMC,positive,0.8390
l8pxgx,GME,positive,0.8390
l83ctf,GME,negative,0.5655
l83bnz,AMC,neutral,0.9095
l83bnz,GME,neutral,0.9095
l83bhy,GOOGL,neutral,0.7966
l83aec,GME,neutral,0.8779
l838xq,GME,neutral,0.9230
l838m1,GME,neutral,0.9176
l8373w,GME,neutral,0.8978
l836uj,GME,neutral,0.9029
l8puw3,GME,neutral,0.6073
l8orma,GME,neutral,0.9116
l83kfu,GME,neutral,0.9012
l83j8d,GME,neutral,0.5075
l83ir9,GME,neutral,0.8565
l8oty9,GME,neutral,0.8810
l83osk,GME,neutral,0.9241
l83nvt,META,neutral,0.7291
l83mn8,AMC,neutral,0.8706
l83sd6,GME,neutral,0.7041
l83ola,GME,neutral,0.9145
l8qsyf,GME,neutral,0.8431
l8qlix,GME,neutral,0.9004
l8q8l9,AMC,neutral,0.8812
l8q8l9,GME,neutral,0.8812
l8q8l9,TSLA,neutral,0.8812
l8q347,GME,neutral,0.8581
l8q316,GME,negative,0.6021
l8pzb1,GME,neutral,0.8018
l8px9g,GME,neutral,0.8813
l8kjc7,GME,negative,0.8584
l83va0,GME,neutral,0.9003
l83ttn,GME,neutral,0.8098
l83t0v,GME,neutral,0.9373
l8r6zn,AMZN,neutral,0.7335
l8r6zn,GME,neutral,0.7335
l8r6hv,GME,negative,0.7973
l8r5t6,GME,neutral,0.7049
l8r55y,AMC,neutral,0.9021
l8r55y,GME,neutral,0.9021
l8qyx4,GME,neutral,0.8470
l8qwyt,GME,neutral,0.9402
l8que7,GME,negative,0.7521
l8qkyp,GME,neutral,0.7125
l8qgxy,AMC,positive,0.5893
l8qgxy,GME,positive,0.5893
l8qfdi,GME,neutral,0.9030
l8rerx,GME,neutral,0.9138
l83zni,GME,neutral,0.8565
l83wti,GME,neutral,0.8832
l8qj3f,GME,neutral,0.5703
l8p1n8,GME,neutral,0.5714
l846lw,AMC,neutral,0.7841
l846a1,GME,neutral,0.9373
l84698,GME,neutral,0.7775
l84698,TSLA,neutral,0.7775
l842nk,GME,neutral,0.5575
l8ryb4,GME,neutral,0.8438
l8rxua,GME,neutral,0.8438
l84cet,AMC,neutral,0.9297
l84cet,GME,neutral,0.9297
l84bv0,GME,neutral,0.9245
l84bki,GME,negative,0.7348
l84b0g,AAPL,negative,0.9169
l84b0g,GOOGL,negative,0.9169
l84b0g,MSFT,negative,0.9169
l84b0g,TSLA,negative,0.9169
l84b0g,AMC,negative,0.9169
l84b0g,AMZN,negative,0.9169
l84b0g,GME,negative,0.9169
l84b0g,META,negative,0.9169
l84b0g,NFLX,negative,0.9169
l8o8t0,GME,neutral,0.9220
l84hbn,GME,positive,0.8082
l8sdpg,GME,neutral,0.9186
l8sd6p,GME,neutral,0.9392
l8rn4r,GME,negative,0.5249
l8rkmd,AMC,negative,0.5631
l8rkmd,GME,negative,0.5631
l8rge8,GME,neutral,0.7007
l8q091,GME,neutral,0.8276
l8py7n,AMC,neutral,0.8691
l8py7n,GME,neutral,0.8691
l8ptpt,GME,neutral,0.9136
l8phmp,AMC,neutral,0.6050
l8phmp,GME,neutral,0.6050
l8pbgk,AMC,neutral,0.9214
l8pbgk,GME,neutral,0.9214
l8s54z,GME,negative,0.8912
l84ijn,GME,neutral,0.9443
l8t2nr,GOOGL,neutral,0.7759
l8t2nr,TSLA,neutral,0.7759
l8soi2,GME,neutral,0.9044
l84pz9,AMZN,neutral,0.6960
l84pbe,GME,neutral,0.5703
l84oxu,GME,neutral,0.8390
l84ner,AAPL,neutral,0.8909
l84ner,GME,neutral,0.8909
l84ner,MSFT,neutral,0.8909
l84ner,TSLA,neutral,0.8909
l84lfo,GME,neutral,0.8156
l8tdlu,AMC,neutral,0.8681
l8tdlu,GME,neutral,0.8681
l8519e,GME,neutral,0.8866
l850dj,GME,neutral,0.6086
l84zbp,GME,neutral,0.6555
l84uz9,GME,neutral,0.5686
l8tmms,AAPL,neutral,0.8755
l8tmms,GOOGL,neutral,0.8755
l8tmms,TSLA,neutral,0.8755
l8tmms,AMZN,neutral,0.8755
l8tmms,GME,neutral,0.8755
l8tmms,NFLX,neutral,0.8755
l8tlwo,GME,neutral,0.8548
l8tls9,GME,negative,0.7362
l8tj9q,AMC,neutral,0.7024
l8tj9q,AMZN,neutral,0.7024
l8tfu0,GME,neutral,0.7996
l8tf06,GME,neutral,0.8333
l8tchb,GME,neutral,0.8754
l8tbj7,GME,neutral,0.8917
l8taci,GME,neutral,0.9344
l8t6zj,AMC,neutral,0.6889
l8t6zj,GME,neutral,0.6889
l8t6zj,MSFT,neutral,0.6889
l8t3d4,GME,neutral,0.8915
l8t29c,GME,negative,0.9138
l8sgw1,GME,neutral,0.8491
l8rr11,GME,neutral,0.7546
l8qk7v,AMC,neutral,0.5764
l8qgz1,GME,neutral,0.8761
l8qehr,GME,neutral,0.6982
l8oig7,GME,neutral,0.5978
l8oich,AMC,neutral,0.7978
l8ohql,GME,neutral,0.7353
l8ohql,TSLA,neutral,0.7353
l8ohkg,AMC,neutral,0.9039
l8ohkg,GME,neutral,0.9039
l8obuz,GME,neutral,0.8975
l8ob3x,GME,neutral,0.9071
l8oaqe,GME,neutral,0.8801
l8o4rq,GME,neutral,0.8483
l8o43y,GME,neutral,0.9116
l8o29g,AMC,neutral,0.5548
l8o29g,GME,neutral,0.5548
l8nih3,GME,neutral,0.8762
l8mtyi,GME,neutral,0.9198
l8mruv,GME,neutral,0.8115
l8mf60,GME,neutral,0.7602
l8ltzp,AMC,neutral,0.8814
l8ltzp,GME,neutral,0.8814
l8j4cn,GME,neutral,0.5579
l8izo3,AMC,neutral,0.7600
l8izo3,GME,neutral,0.7600
l8ikgj,GME,negative,0.4865
l8i0ce,GME,neutral,0.8094
l8i0ce,NFLX,neutral,0.8094
l8hstc,GME,neutral,0.8919
l8hsjd,GME,neutral,0.9210
l8hpe6,GME,neutral,0.8751
l8hpe6,TSLA,neutral,0.8751
l8hi11,AAPL,neutral,0.9378
l8hi11,GME,neutral,0.9378
l8hfdf,AMC,neutral,0.5330
l8hfdf,GME,neutral,0.5330
l8hfdf,NFLX,neutral,0.5330
l8hfc1,GME,neutral,0.8819
l8hds6,GME,neutral,0.7771
l8hdgu,GME,neutral,0.8947
l8h9hz,GME,neutral,0.9141
l8gudx,GME,neutral,0.6818
l8gs6r,GME,neutral,0.5888
l8gq6k,GME,negative,0.8955
l8gn2j,GME,neutral,0.7170
l8gm3r,AMC,neutral,0.7955
l8gm3r,GME,neutral,0.7955
l8glcl,GME,neutral,0.8068
l8glcl,TSLA,neutral,0.8068
l8gbyw,GME,neutral,0.9384
l8gb6s,AMC,neutral,0.8314
l8gb6s,GME,neutral,0.8314
l8g9iv,AMC,neutral,0.9109
l8g9iv,GME,neutral,0.9109
l8g8sr,AMC,neutral,0.7636
l8g8sr,GME,neutral,0.7636
l8g7qu,GME,neutral,0.8648
l8g6ju,GME,neutral,0.9280
l8g3gn,GME,neutral,0.8865
l8fz38,META,neutral,0.8289
l8fz38,GME,neutral,0.8289
l8fz38,TSLA,neutral,0.8289
l8ftlj,GME,neutral,0.6394
l8fr5s,GME,neutral,0.8983
l8fpw1,GME,neutral,0.7003
l8fn3m,GME,neutral,0.7463
l8fmzw,GME,neutral,0.6222
l8fjgm,GME,neutral,0.8364
l8fis7,AAPL,neutral,0.8437
l8fis7,GME,neutral,0.8437
l8fiip,GME,neutral,0.9375
l8fi4o,GME,neutral,0.6557
l8f8ut,AMC,neutral,0.7817
l8f8ut,GME,neutral,0.7817
l8f4qr,META,neutral,0.9072
l8f4qr,GME,neutral,0.9072
l8f10t,GME,neutral,0.8694
l8epwq,GME,neutral,0.8804
l8el3h,AMC,neutral,0.8986
l8ek8e,GME,neutral,0.6795
l8eire,GME,neutral,0.8609
l8eire,TSLA,neutral,0.8609
l8eihl,GME,neutral,0.5732
l8eihl,TSLA,neutral,0.5732
l8efqp,AMC,neutral,0.7286
l8efqp,GME,neutral,0.7286
l8eate,GME,negative,0.6432
l8ea15,GME,neutral,0.9047
l8e9f3,GME,neutral,0.7530
l8e767,GME,neutral,0.6990
l8e3t6,GME,neutral,0.6765
l8e1jb,AAPL,negative,0.9260
l8e1jb,GME,negative,0.9260
l8e0fz,GME,neutral,0.7342
l8e0el,GME,neutral,0.8136
l8dtsj,GME,neutral,0.9126
l8dqx7,AAPL,neutral,0.9356
l8dqx7,GME,neutral,0.9356
l8dp39,GME,negative,0.7721
l8dnl3,GME,neutral,0.8953
l8dn6h,GME,neutral,0.9128
l8dlo4,GME,negative,0.7895
l8dl9s,GME,negative,0.8237
l8dlgo,GME,neutral,0.9267
l8dl1e,TSLA,neutral,0.9040
l8dkif,GME,negative,0.6542
l8djal,AMC,neutral,0.7569
l8djal,GME,neutral,0.7569
l8dfb8,AMC,neutral,0.9185
l8dfb8,GME,neutral,0.9185
l8dfb8,GOOGL,neutral,0.9185
l8ddsd,GME,neutral,0.9330
l8dbu1,GME,neutral,0.8011
l8daci,GME,neutral,0.8887
l8d9zh,GME,neutral,0.9361
l8d9ce,GME,negative,0.7218
l8d6dk,GME,neutral,0.9232
l8d2jw,GME,neutral,0.6350
l8d2fp,GME,neutral,0.9256
l8d1n8,GME,neutral,0.6788
l8cypo,GME,negative,0.5355
l8cy23,GME,neutral,0.5742
l8cwgw,AMC,negative,0.5528
l8cwgw,AAPL,negative,0.5528
l8cwgw,GME,negative,0.5528
l8cwgw,AMZN,negative,0.5528
l8cvfx,GME,neutral,0.9107
l8ct2u,AMC,positive,0.8846
l8cs89,GME,neutral,0.8434
l8crat,GME,neutral,0.7563
l8cqvt,AMC,neutral,0.6115
l8co5z,GME,neutral,0.8488
l8cn0f,AMC,neutral,0.8992
l8cn0f,GME,neutral,0.8992
l8cmbs,GME,neutral,0.6243
l8cltf,GME,neutral,0.9378
l8cl9v,GME,neutral,0.9075
l8cive,GME,neutral,0.7352
l8cd1o,GME,neutral,0.8823
l8ccsu,AMC,neutral,0.8041
l8ccsu,GME,neutral,0.8041
l8ccbd,GME,neutral,0.7975
l8cbgs,AMZN,neutral,0.8305
l8cbgs,GME,neutral,0.8305
l8cape,GME,neutral,0.8993
l8c9ld,GME,neutral,0.9194
l8c4ud,GME,neutral,0.6194
l8c3wf,GME,neutral,0.8697
l8c3wf,TSLA,neutral,0.8697
l8c3wf,GOOGL,neutral,0.8697
l8c0u4,GME,neutral,0.8097
l8c0p1,AMC,neutral,0.9086
l8c0p1,GME,neutral,0.9086
l8c0p1,TSLA,neutral,0.9086
l8bzhn,AMC,neutral,0.8708
l8bzhn,GME,neutral,0.8708
l8bzg0,GME,neutral,0.8946
l8bzdk,GME,neutral,0.9121
l8bxhr,GME,negative,0.5360
l8bwtx,GME,neutral,0.9164
l8bw97,GME,neutral,0.8602
l8bw88,GME,neutral,0.8019
l8bv6m,GME,neutral,0.7471
l8brqg,AMC,neutral,0.8697
l8brqg,GME,neutral,0.8697
l8bmy9,GME,negative,0.4791
l8bmgz,GME,neutral,0.8452
l8bmfa,GME,neutral,0.7107
l8bkwi,GME,negative,0.5053
l8bjbl,GME,neutral,0.6296
l8bis7,GME,neutral,0.8864
l8bipx,GME,neutral,0.7228
l8bi37,GME,neutral,0.9470
l8beq9,NFLX,neutral,0.8418
l8begi,AMC,neutral,0.6993
l8begi,GME,neutral,0.6993
l8bdrp,GME,neutral,0.9003
l8bdmv,GME,neutral,0.9199
l8bcoe,GME,neutral,0.9193
l8bazp,GME,neutral,0.9147
l8bawm,GME,neutral,0.6917
l8b9ud,META,neutral,0.9007
l8b9ud,GME,neutral,0.9007
l8b9e7,GME,neutral,0.7822
l8b8rw,GME,neutral,0.8705
l8b814,AMC,neutral,0.8211
l8b814,GME,neutral,0.8211
l8b6gc,GME,neutral,0.9081
l8b5f8,GME,neutral,0.6273
l8b0cm,GME,neutral,0.8324
l8ax8n,AMC,neutral,0.8623
l8ax8n,GME,neutral,0.8623
l8ax8n,GOOGL,neutral,0.8623
l8avzd,AMC,neutral,0.7255
l8avzd,GME,neutral,0.7255
l8aui3,GME,neutral,0.8918
l8aovz,AAPL,neutral,0.8606
l8aovz,GME,neutral,0.8606
l8an8x,GME,neutral,0.6878
l8amyk,GME,neutral,0.6721
l8alpm,GME,neutral,0.8976
l8akqa,GME,negative,0.6656
l8aioo,GME,negative,0.8702
l8ahqi,AMC,neutral,0.9147
l8ahqi,GME,neutral,0.9147
l8ahit,GME,neutral,0.7238
l8ahit,TSLA,neutral,0.7238
l8ae7u,GME,neutral,0.8219
l8aa88,GME,neutral,0.9244
l8a7na,GME,neutral,0.8277
l8a7b2,GME,neutral,0.8864
l8a6y7,GME,negative,0.9394
l8a19s,GME,neutral,0.8837
l8a0xz,GME,neutral,0.9007
l89wdc,GME,neutral,0.8138
l89uxj,AMC,neutral,0.7073
l89uxj,GME,neutral,0.7073
l89u8r,AMC,neutral,0.8731
l89u8r,AAPL,neutral,0.8731
l89u8r,GME,neutral,0.8731
l89u8r,NFLX,neutral,0.8731
l89r5g,GME,neutral,0.9390
l89onr,GME,negative,0.9505
l89ndw,AMC,neutral,0.8747
l89ndw,GME,neutral,0.8747
l89m0y,GME,neutral,0.9073
l89lzs,GME,neutral,0.8444
l89ex8,GME,neutral,0.7286
l89dy3,GME,neutral,0.8685
l89dnc,AMC,neutral,0.9406
l89d4s,AAPL,neutral,0.8537
l89d4s,AMC,neutral,0.8537
l89d4s,META,neutral,0.8537
l89d4s,GME,neutral,0.8537
l89d4s,NFLX,neutral,0.8537
l89cfm,AMC,neutral,0.4065
l89baf,GME,negative,0.5551
l899gs,GME,neutral,0.9127
l8995m,GME,neutral,0.7708
l896mb,GME,neutral,0.9371
l894mf,GME,neutral,0.8446
l894ji,GME,negative,0.5056
l892zo,TSLA,negative,0.8874
l890qx,AMC,neutral,0.8628
l890ga,GME,negative,0.5641
l88xqn,AMC,neutral,0.9314
l88x22,AMZN,neutral,0.7520
l88x22,AAPL,neutral,0.7520
l88uio,GME,neutral,0.7328
l88s3i,GME,neutral,0.6977
l88nzd,GME,neutral,0.7063
l88l5k,GME,positive,0.7598
l88i21,GME,neutral,0.5678
l88gix,AMC,neutral,0.8639
l88gix,GME,neutral,0.8639
l88giq,GME,neutral,0.8446
l88fj0,AMC,neutral,0.9170
l88fj0,GME,neutral,0.9170
l88fhu,GME,neutral,0.8173
l88e7e,META,neutral,0.5903
l88e7e,GME,neutral,0.5903
l88d09,GME,neutral,0.9082
l88b8r,AMC,negative,0.4843
l88b8r,GME,negative,0.4843
l88b8r,NVDA,negative,0.4843
l889m8,GME,neutral,0.7892
l886d1,GME,neutral,0.7178
l8856m,AMC,neutral,0.5801
l8856m,GME,neutral,0.5801
l884wu,GME,neutral,0.8054
l884hk,GME,neutral,0.8942
l882je,GME,neutral,0.7693
l87zll,GME,neutral,0.8986
l87ylh,GME,neutral,0.6460
l87rwj,AMC,neutral,0.7894
l87rwj,GME,neutral,0.7894
l87owe,AAPL,neutral,0.8632
l87owe,GME,neutral,0.8632
l87oms,AMC,neutral,0.6347
l87lhi,AMC,neutral,0.6837
l87lhi,GME,neutral,0.6837
l87l54,GME,neutral,0.8966
l87j8t,AMZN,neutral,0.7348
l87j8t,GME,neutral,0.7348
l87j8t,TSLA,neutral,0.7348
l87hhd,AMC,neutral,0.8970
l87hhd,GME,neutral,0.8970
l87goh,GME,neutral,0.5614
l87d25,AMC,negative,0.6584
l87d25,GME,negative,0.6584
l87ci6,GME,neutral,0.8640
l87ba7,GME,neutral,0.8753
l87awp,GME,neutral,0.6319
l878b7,GME,neutral,0.8507
l873f0,AMC,neutral,0.8404
l873f0,AAPL,neutral,0.8404
l873f0,GME,neutral,0.8404
l873f0,TSLA,neutral,0.8404
l86s0q,GME,neutral,0.9288
l86mcq,GME,neutral,0.7926
l86ku5,GME,neutral,0.8863
l86iuf,GME,negative,0.5869
l86i72,GME,neutral,0.9146
l86hgh,INTC,neutral,0.8216
l86gqt,GME,neutral,0.6452
l86fz5,GME,neutral,0.8306
l86ehd,GME,neutral,0.9062
l86eed,AAPL,neutral,0.7792
l86eed,GME,neutral,0.7792
l8694g,GME,neutral,0.8843
l867bw,GME,neutral,0.6031
l866x3,GME,neutral,0.8685
l865i1,GME,neutral,0.9035
l864yx,AMZN,neutral,0.7825
l864yx,GME,neutral,0.7825
l864yx,GOOGL,neutral,0.7825
l864hh,GME,neutral,0.8371
l863ne,AMC,neutral,0.8689
l863ne,GME,neutral,0.8689
l85zte,GME,negative,0.8597
l85yw4,GME,negative,0.4464
l85xyk,AMC,neutral,0.8332
l85xyk,GME,neutral,0.8332
l85xk8,GME,neutral,0.9267
l85vw8,AMC,neutral,0.9368
l85q0x,GME,neutral,0.8326
l85n88,AMC,neutral,0.6638
l85n88,GME,neutral,0.6638
l85gt4,GME,neutral,0.8207
l85gjg,GME,neutral,0.8358
l85fnq,AMC,neutral,0.6282
l85fnq,GME,neutral,0.6282
l85fnq,TSLA,neutral,0.6282
l85d5p,AMC,neutral,0.9062
l85d5p,GME,neutral,0.9062
l85bnu,GME,neutral,0.8600
l859xx,AMC,neutral,0.8910
l859kz,GME,negative,0.5690
l857s6,GME,negative,0.6848
l856qs,AMC,neutral,0.9199
l855tv,GME,neutral,0.7667
l853ir,GME,neutral,0.8659
l8539h,GME,negative,0.7148
l8j82g,GME,neutral,0.9351
l8j82g,TSLA,neutral,0.9351
l98hwg,GME,neutral,0.9026
l8qtdr,GME,neutral,0.8675
l8qs20,GME,neutral,0.8057
l8qf76,AMC,neutral,0.9235
l8qf76,GME,neutral,0.9235
l8qbrt,GME,neutral,0.8173
l8qamd,GME,negative,0.5260
l8q9r9,AMC,negative,0.5921
l8q9r9,GME,negative,0.5921
l8q37u,GME,neutral,0.9293
l8pwph,GME,neutral,0.8768
l8pvsu,AMC,neutral,0.8706
l8pvsu,GME,neutral,0.8706
l8pg8x,AMC,neutral,0.7630
l8pg8x,GME,neutral,0.7630
l8pegt,GME,neutral,0.6440
l8pe4x,GME,neutral,0.7929
l8pdb7,AMC,neutral,0.6738
l8pdb7,TSLA,neutral,0.6738
l8pbfg,GME,neutral,0.6306
l8p1ah,GME,negative,0.5800
l8ozve,GME,neutral,0.4660
l8oz2r,AMC,neutral,0.7304
l8oz2r,GME,neutral,0.7304
l8oxdx,GME,neutral,0.8396
l8ow40,AMC,neutral,0.7636
l8ow40,GME,neutral,0.7636
l8ota3,GME,negative,0.8116
l8osi7,GME,neutral,0.7819
l8os8k,AMC,neutral,0.9038
l8os17,GME,neutral,0.8444
l8ortf,GME,neutral,0.8230
l8ortf,GOOGL,neutral,0.8230
l8orms,GME,neutral,0.8712
l8or77,AAPL,neutral,0.7183
l8or77,MSFT,neutral,0.7183
l8or77,TSLA,neutral,0.7183
l8or77,AMZN,neutral,0.7183
l8or77,GME,neutral,0.7183
l8or77,NFLX,neutral,0.7183
l8or4p,AMC,neutral,0.5298
l8or4p,GME,neutral,0.5298
l8opqu,GME,neutral,0.9111
l8ooe6,GME,neutral,0.7182
l8omow,GME,neutral,0.6404
l8ojsx,GME,neutral,0.8359
l8oiaa,GME,neutral,0.8242
l8oh8j,AMC,neutral,0.7287
l8oh8j,GME,neutral,0.7287
l8ogqg,AMC,neutral,0.8976
l8ogqg,GME,neutral,0.8976
l8ogfn,AMC,neutral,0.8904
l8ogfn,GME,neutral,0.8904
l8og5w,GME,neutral,0.8944
l8oeqc,GME,neutral,0.9393
l8od5u,GME,neutral,0.5255
l8octf,GME,neutral,0.7554
l8oa2a,GME,neutral,0.8051
l8oa2a,NFLX,neutral,0.8051
l8oa2a,TSLA,neutral,0.8051
l8o6k4,AMZN,neutral,0.9119
l8o5dw,AMC,neutral,0.8002
l8o5dw,GME,neutral,0.8002
l8o4le,GME,neutral,0.8842
l8o47g,GME,neutral,0.8715
l8o36t,GME,neutral,0.8538
l8o22y,GME,neutral,0.9131
l8o1gy,GME,neutral,0.7662
l8nzst,GME,neutral,0.5951
l8nzsa,AMC,neutral,0.8747
l8nzsa,GME,neutral,0.8747
l8nzhr,AMC,neutral,0.6797
l8nzhr,GME,neutral,0.6797
l8nxqh,GME,neutral,0.6469
l8nvir,GME,neutral,0.6892
l8nq5v,AMC,neutral,0.8439
l8nq5v,NFLX,neutral,0.8439
l8nq2m,AMC,neutral,0.7680
l8nq2m,GME,neutral,0.7680
l8nmpn,GME,negative,0.7076
l8nlkb,GME,neutral,0.9115
l8nite,AMC,neutral,0.8054
l8nite,GME,neutral,0.8054
l8nfpu,AMC,neutral,0.7248
l8nfpu,GME,neutral,0.7248
l8neg2,AMC,neutral,0.9265
l8neg2,GME,neutral,0.9265
l8neg2,TSLA,neutral,0.9265
l8nddr,GME,neutral,0.9210
l8ncqq,AAPL,neutral,0.8132
l8ncqq,GME,neutral,0.8132
l8ncqq,NVDA,neutral,0.8132
l8nap0,AMC,neutral,0.5612
l8nap0,GME,neutral,0.5612
l8na2j,GME,neutral,0.7900
l8na2j,TSLA,neutral,0.7900
l8n8au,GME,neutral,0.8577
l8n3ut,AMC,neutral,0.9165
l8mzqx,GME,neutral,0.8166
l8mzbx,GME,neutral,0.9194
l8mw06,GME,neutral,0.8337
l8mw06,MSFT,neutral,0.8337
l8ms73,GOOGL,negative,0.5741
l8mpr0,GME,neutral,0.8987
l8mp7h,AMC,neutral,0.8493
l8mp7h,AAPL,neutral,0.8493
l8mp7h,GME,neutral,0.8493
l8mmp4,GME,neutral,0.8301
l8ml45,AAPL,negative,0.9377
l8ml45,GOOGL,negative,0.9377
l8ml45,MSFT,negative,0.9377
l8ml45,AMC,negative,0.9377
l8ml45,AMZN,negative,0.9377
l8ml45,GME,negative,0.9377
l8mfqs,GME,negative,0.8736
l8medy,GME,negative,0.9622
l8m5jy,GME,neutral,0.7495
l8m1oj,AMC,neutral,0.8602
l8m1oj,GME,neutral,0.8602
l8lz8j,GME,neutral,0.8364
l8lz8j,NFLX,neutral,0.8364
l8lxuy,GME,neutral,0.7291
l8lxpk,GME,neutral,0.8672
l8lwdv,AMC,neutral,0.8702
l8lwdv,GME,neutral,0.8702
l8lw5f,GME,neutral,0.8822
l8lvu8,AMC,neutral,0.7889
l8lvu8,GME,neutral,0.7889
l8lvr8,GME,neutral,0.8400
l8lvr8,TSLA,neutral,0.8400
l8lrsd,GME,neutral,0.6780
l8lr0l,GME,negative,0.7196
l8lqlc,GME,neutral,0.8488
l8ll68,GME,neutral,0.8455
l8li51,AMC,neutral,0.8720
l8li51,GME,neutral,0.8720
l8lgtt,GME,neutral,0.7908
l8lfug,AMC,neutral,0.7597
l8lfug,GME,neutral,0.7597
l8ldes,GME,neutral,0.8408
l8la40,AMC,neutral,0.9005
l8la40,GME,neutral,0.9005
l8l78o,AAPL,neutral,0.9281
l8l78o,GME,neutral,0.9281
l8l17d,GME,neutral,0.9001
l8l0ck,AMC,neutral,0.6803
l8l0ck,GME,neutral,0.6803
l8kl38,GME,positive,0.6224
l8kl38,TSLA,positive,0.6224
l8kkh3,GME,neutral,0.9188
l8kbgq,GME,neutral,0.8722
l8katt,GME,neutral,0.9082
l8k8f4,GME,positive,0.7549
l8k6vs,GME,neutral,0.5606
l8k4es,GME,neutral,0.9260
l8jx4p,GME,neutral,0.9015
l8jx4p,INTC,neutral,0.9015
l8jwmx,GME,neutral,0.7642
l9fg9g,GME,negative,0.8026
l9ev6u,GME,neutral,0.5844
l9el6l,AMC,neutral,0.5705
l9el6l,GME,neutral,0.5705
l9efsw,GME,neutral,0.7042
l9dwaj,GME,negative,0.9730
l9dj40,GME,neutral,0.9227
l9dcrw,GME,negative,0.9730
l9dc34,GME,neutral,0.8205
l9dbtq,GME,negative,0.9624
l9d3j8,GME,neutral,0.8775
l9czvt,GME,neutral,0.7625
l9cwhf,GME,neutral,0.7179
l9culx,GME,neutral,0.8828
l9cob6,GME,neutral,0.8532
l9cnx6,GME,neutral,0.8220
l9clwl,GME,neutral,0.8964
l9c6s2,GME,neutral,0.9262
l9c489,GME,neutral,0.5091
l9bsgk,GME,neutral,0.8376
l9bopg,AMC,neutral,0.8780
l9bopg,GME,neutral,0.8780
l9bmpt,GME,neutral,0.5592
l9bexc,GME,neutral,0.8071
l9ax4o,GME,neutral,0.8820
l9g6n3,GME,neutral,0.8157
l99ou5,GME,neutral,0.6116
l9g8ft,CRM,neutral,0.9180
l9g8ft,GME,neutral,0.9180
l9g8ft,GOOGL,neutral,0.9180
l9bawh,GME,neutral,0.9240
l9gme3,GME,neutral,0.9283
l9gio8,GME,neutral,0.8457
l9gd97,AMC,neutral,0.8775
l9guwv,GME,neutral,0.8699
l9fqoq,GME,neutral,0.7307
l9fnu2,GME,positive,0.5364
l9ffvd,GME,neutral,0.8333
l9f95j,GME,neutral,0.8662
l9eybm,AMC,neutral,0.7957
l9df44,GME,neutral,0.7678
l9cz1k,GME,neutral,0.6010
l94rr3,AMC,neutral,0.7392
l94rr3,GME,neutral,0.7392
l94nqq,GME,negative,0.5003
l94l2p,GOOGL,neutral,0.6525
l94kur,GME,neutral,0.9148
l94kur,TSLA,neutral,0.9148
l94ktc,AMC,neutral,0.5366
l94ktc,GME,neutral,0.5366
l94jz1,GME,neutral,0.5359
l94j6a,GME,negative,0.6356
l94hdi,AMC,neutral,0.8481
l94hdi,GME,neutral,0.8481
l94adw,GME,neutral,0.6913
l947cs,GME,neutral,0.8181
l945w2,GME,neutral,0.8865
l945r0,GME,neutral,0.7848
l945r0,TSLA,neutral,0.7848
l943dj,GME,neutral,0.9024
l9415s,GME,negative,0.8345
l941bw,GME,neutral,0.8845
l93xtd,GME,neutral,0.8872
l93wlb,AMC,neutral,0.7354
l93whe,GME,neutral,0.8743
l93vrb,GME,neutral,0.8286
l93p4w,AMC,neutral,0.8707
l93m8p,GME,positive,0.6382
l93lbz,GME,neutral,0.7471
l93lbz,TSLA,neutral,0.7471
l93jfu,GME,neutral,0.7873
l93jfu,TSLA,neutral,0.7873
l93jfu,NVDA,neutral,0.7873
l93d18,GME,neutral,0.8807
l93bgq,GME,neutral,0.9207
l939n1,GME,neutral,0.8555
l939en,GME,neutral,0.9280
l938ge,GME,neutral,0.8681
l935x7,GME,neutral,0.8721
l935an,GME,neutral,0.8191
l934r4,GME,neutral,0.9241
l9314h,GME,neutral,0.7794
l930ir,GME,neutral,0.8591
l930fj,GME,negative,0.5130
l92wh6,GME,neutral,0.8978
l92uke,GME,neutral,0.9345
l92srk,GME,neutral,0.7197
l92rsz,AMC,positive,0.6776
l92rsz,GME,positive,0.6776
l92o5q,GME,neutral,0.9212
l92o0a,GME,neutral,0.9152
l92ma1,AMC,neutral,0.9169
l92ma1,GME,neutral,0.9169
l92ma1,GOOGL,neutral,0.9169
l92lcr,GME,neutral,0.5841
l92jzg,GME,neutral,0.7920
l92jx1,GME,neutral,0.7894
l92ju2,AMC,neutral,0.9143
l92j7m,GME,neutral,0.6086
l92j1m,AMC,neutral,0.9280
l92hec,GME,neutral,0.6722
l92ehp,GME,neutral,0.9021
l92dpk,GME,neutral,0.8645
l92984,GME,neutral,0.8731
l928lr,AMC,neutral,0.8379
l928lr,GME,neutral,0.8379
l926lt,AMC,neutral,0.9067
l924um,GME,neutral,0.7477
l9246n,AMC,neutral,0.8705
l9246n,GME,neutral,0.8705
l9246n,NFLX,neutral,0.8705
l9246n,TSLA,neutral,0.8705
l9230n,GME,neutral,0.9065
l91zx0,GME,neutral,0.6704
l91ydo,AMC,neutral,0.8206
l91ydo,AAPL,neutral,0.8206
l91ydo,GME,neutral,0.8206
l91ydo,MSFT,neutral,0.8206
l91xf3,GME,neutral,0.8161
l91w1h,GME,negative,0.5411
l91t63,GME,neutral,0.9122
l91sna,GME,neutral,0.8267
l91sj9,GME,neutral,0.9325
l91qyh,GME,neutral,0.6556
l91pj7,GME,neutral,0.8274
l91p8w,GME,neutral,0.7795
l91och,AMC,positive,0.5957
l91ns5,GME,negative,0.7277
l91n1e,GME,neutral,0.9311
l91lp8,GME,neutral,0.8536
l91lp8,MSFT,neutral,0.8536
l91k2w,GME,neutral,0.9336
l91iiv,AMC,neutral,0.9271
l91gce,GME,neutral,0.9260
l91ddi,AMC,neutral,0.9247
l91c43,GME,neutral,0.8372
l918i2,GME,neutral,0.7637
l914a0,AMC,neutral,0.7232
l914a0,GME,neutral,0.7232
l913n7,GME,neutral,0.6754
l9133f,GME,neutral,0.8906
l91118,GME,neutral,0.9105
l910jn,GME,neutral,0.8755
l90xci,GME,neutral,0.6433
l90vn7,GME,neutral,0.8178
l90vmv,AMC,neutral,0.6782
l90vmv,GME,neutral,0.6782
l90vcc,GME,neutral,0.7430
l90usa,GME,neutral,0.9147
l90txk,GME,neutral,0.8629
l90q28,META,neutral,0.9027
l90q28,AAPL,neutral,0.9027
l90q28,GME,neutral,0.9027
l90q28,MSFT,neutral,0.9027
l90oq6,GME,neutral,0.8928
l90om0,GME,neutral,0.8942
l90l3c,GME,neutral,0.8133
l90kru,GME,neutral,0.9278
l90jz6,GME,neutral,0.7805
l90jz6,TSLA,neutral,0.7805
l90i8m,GME,neutral,0.8312
l90f92,GME,neutral,0.7305
l90bf7,AMC,neutral,0.9382
l90ay6,GME,neutral,0.9244
l907mf,GME,neutral,0.9388
l906zz,GME,neutral,0.8974
l903t4,GME,neutral,0.6973
l903jz,GME,neutral,0.6624
l9037r,GME,neutral,0.8791
l902cb,GME,neutral,0.7926
l901vf,GME,negative,0.6271
l901lr,GME,neutral,0.8424
l8zz0g,GME,negative,0.9138
l8zy88,GME,neutral,0.8826
l8zy85,GME,neutral,0.5330
l8zy5h,GME,neutral,0.8646
l8zure,GME,negative,0.6463
l8ztxh,AMC,neutral,0.8381
l8ztxh,GME,neutral,0.8381
l8zo8p,GME,neutral,0.8358
l8zo8p,TSLA,neutral,0.8358
l8zg30,NFLX,neutral,0.9375
l8zdad,AMZN,neutral,0.8740
l8zdad,GME,neutral,0.8740
l8zdad,TSLA,neutral,0.8740
l8zd0i,GME,neutral,0.7544
l8zbtn,GME,neutral,0.5024
l8zakx,AMC,negative,0.9234
l8zakx,GME,negative,0.9234
l8z8yo,GME,neutral,0.6931
l8z3xa,GME,neutral,0.8238
l8z1av,GME,neutral,0.8215
l8yum7,AMC,neutral,0.8267
l8yum7,GME,neutral,0.8267
l8yro2,GME,neutral,0.8452
l8yro1,AMC,neutral,0.9166
l8yre9,GME,neutral,0.7648
l8yr1h,AMC,neutral,0.8624
l8yj6g,GME,neutral,0.8938
l8yfu7,GME,neutral,0.7992
l8yfff,GME,neutral,0.6756
l8ybvf,AMC,neutral,0.9346
l8y7qv,GME,neutral,0.8802
l8y7do,GME,negative,0.8201
l8y7df,GME,neutral,0.9164
l8y4we,GME,neutral,0.7232
l8y3wh,GME,neutral,0.8739
l8y27e,GME,neutral,0.5207
l8y1qp,GME,neutral,0.8830
l8y19d,AMC,neutral,0.8206
l8xtx4,GME,neutral,0.8912
l8xtcs,AMC,neutral,0.8821
l8xsxt,GME,negative,0.5918
l8xrd1,GME,neutral,0.9041
l8xrd1,TSLA,neutral,0.9041
l8xqvy,GME,negative,0.5357
l8xlmc,GME,neutral,0.9104
l8xm9q,AMC,neutral,0.7500
l8xm9q,GME,neutral,0.7500
l8xiv2,GME,neutral,0.8915
l8xiqh,GME,neutral,0.8822
l8x89b,GME,neutral,0.9116
l8x4pj,GME,neutral,0.8556
l8x3q8,GME,neutral,0.8049
l8x36y,AMC,neutral,0.9268
l8x36y,GME,neutral,0.9268
l8x2ml,AMC,neutral,0.8812
l8x19c,AMC,neutral,0.9365
l8x19c,GME,neutral,0.9365
l8wz8f,GME,negative,0.8010
l8wydy,GME,negative,0.8333
l8wwrk,GME,neutral,0.8835
l8wuzj,AMZN,neutral,0.8945
l8wu5v,GME,neutral,0.7662
l8wu5v,TSLA,neutral,0.7662
l8wq3k,AMC,neutral,0.7223
l8wq3k,GME,neutral,0.7223
l8wq2p,GME,neutral,0.7861
l8woiw,AMC,neutral,0.9162
l8woiw,GME,neutral,0.9162
l8wnxl,GME,neutral,0.9056
l8wksi,GME,neutral,0.8878
l8wjd4,AMC,neutral,0.9165
l8whcp,GME,negative,0.5812
l8wfvu,GME,negative,0.9427
l8wf1z,CRM,negative,0.6110
l8wf1z,GME,negative,0.6110
l8wdqu,GME,neutral,0.9206
l8wd8v,AMC,neutral,0.8243
l8wd8v,GME,neutral,0.8243
l8w9z8,GME,neutral,0.8794
l8w9gq,GME,neutral,0.8582
l8w9bj,AMC,neutral,0.5672
l8w9bj,GME,neutral,0.5672
l8w98a,AMC,neutral,0.8303
l8w98a,GME,neutral,0.8303
l8w823,GME,neutral,0.9283
l8w7q8,GME,neutral,0.7990
l8w6kh,GME,neutral,0.9060
l8w6kh,NVDA,neutral,0.9060
l8w5x5,GME,negative,0.8822
l8w5ez,GME,neutral,0.7830
l8w31x,GME,neutral,0.8719
l8w1u8,GME,neutral,0.7183
l8w198,GME,neutral,0.7037
l8w198,TSLA,neutral,0.7037
l8w0ps,AMC,neutral,0.8431
l8w0ps,GME,neutral,0.8431
l8vzd1,GME,neutral,0.9254
l8vypw,GME,neutral,0.6804
l8vwc7,AMC,neutral,0.7779
l8vwc7,GME,neutral,0.7779
l8vvhq,AMC,neutral,0.7473
l8vvhq,GME,neutral,0.7473
l8vtyl,AMC,neutral,0.7660
l8vtn4,GME,neutral,0.8002
l8vs9u,GME,neutral,0.8908
l8vrop,AMC,neutral,0.8622
l8vrop,GME,neutral,0.8622
l8vrjy,GME,neutral,0.6372
l8voe4,GME,neutral,0.7978
l8vo93,AMC,neutral,0.7294
l8vnz9,GME,neutral,0.8962
l8vnz9,GOOGL,neutral,0.8962
l8vnhh,AMC,neutral,0.8567
l8vn39,GME,neutral,0.8156
l8vm7l,GME,neutral,0.8010
l8vk3m,GME,negative,0.4874
l8viza,AAPL,neutral,0.8051
l8viza,GME,neutral,0.8051
l8viey,AMC,neutral,0.9433
l8vfxt,AMC,neutral,0.9079
l8vfxt,GME,neutral,0.9079
l8vfxt,MSFT,neutral,0.9079
l8ve6g,GME,neutral,0.8717
l8v9g7,GME,neutral,0.7477
l8v6q0,AMC,neutral,0.7175
l8v6q0,GME,neutral,0.7175
l8v3zl,GME,negative,0.6424
l8v3gy,GME,neutral,0.8947
l8v2n5,GME,neutral,0.8755
l8v1we,GME,positive,0.5004
l8v1j2,GME,neutral,0.6779
l8uyuw,GME,neutral,0.8634
l8uvro,AMC,neutral,0.8370
l8uvro,GME,neutral,0.8370
l8uu76,AMC,neutral,0.6162
l8uu76,GME,neutral,0.6162
l8uszo,GME,neutral,0.8723
l8uqmg,AAPL,neutral,0.8196
l8uqmg,INTC,neutral,0.8196
l8uql6,GME,positive,0.6204
l8upvl,GME,neutral,0.9278
l8uox4,GME,neutral,0.9268
l8umxk,GME,neutral,0.9038
l8umxk,GOOGL,neutral,0.9038
l8ukwa,GME,negative,0.6848
l8ujpp,GME,neutral,0.7897
l8uigj,GME,neutral,0.7903
l8ubz2,GME,neutral,0.7013
l8u97t,AMC,neutral,0.8510
l8u96r,GME,neutral,0.8813
l8u30r,GOOGL,neutral,0.7524
l8u2qc,GME,negative,0.9317
l8twuo,AMC,neutral,0.7785
l8twuo,GME,neutral,0.7785
l8tvho,GME,neutral,0.9210
l8tuag,GME,neutral,0.9295
l8tu3q,GME,positive,0.7636
l8tu2m,GME,neutral,0.8961
l8tp9i,GME,neutral,0.8015
l8tkws,AMC,neutral,0.8048
l8tkws,GME,neutral,0.8048
l8tjgh,AAPL,neutral,0.8741
l8tjgh,GOOGL,neutral,0.8741
l8tjgh,MSFT,neutral,0.8741
l8tjgh,TSLA,neutral,0.8741
l8tjgh,AMC,neutral,0.8741
l8tjgh,META,neutral,0.8741
l8tjgh,GME,neutral,0.8741
l8tfi8,GME,neutral,0.9182
l8te7d,GME,neutral,0.7921
l8tdq3,AMC,neutral,0.8173
l8tdq3,GME,neutral,0.8173
l8tczt,AMC,neutral,0.8524
l8tczt,GME,neutral,0.8524
l8tbry,GME,neutral,0.5605
l8tbry,TSLA,neutral,0.5605
l8t3dm,GME,neutral,0.8710
l8t2tg,AMC,neutral,0.8556
l8t2tg,GME,neutral,0.8556
l8t2ly,AMC,neutral,0.9101
l8t2ly,GME,neutral,0.9101
l8sy4n,GME,neutral,0.6138
l8st50,AMC,neutral,0.8209
l8st50,GME,neutral,0.8209
l8ssek,GME,neutral,0.8284
l8soa3,AMC,neutral,0.8983
l8soa3,GME,neutral,0.8983
l8snc3,AMC,neutral,0.9320
l8snc3,GME,neutral,0.9320
l8sn9v,AMC,neutral,0.8823
l8sn9v,GME,neutral,0.8823
l8sl7y,GME,neutral,0.8914
l8si67,AMC,neutral,0.8603
l8si67,GME,neutral,0.8603
l8shll,GME,neutral,0.8349
l8sa41,GME,neutral,0.8340
l8s98l,AMC,neutral,0.8957
l8s98l,GME,neutral,0.8957
l8s621,GME,neutral,0.8545
l8s36m,AMZN,positive,0.6910
l8s36m,AAPL,positive,0.6910
l8s36m,GME,positive,0.6910
l8s35c,GME,neutral,0.8419
l8s35c,GOOGL,neutral,0.8419
l8rxln,GME,negative,0.8856
l8rwve,GME,neutral,0.8438
l8rws1,GME,neutral,0.7972
l8rv9l,GME,neutral,0.7804
l8rv8b,GME,neutral,0.8813
l8rv8b,TSLA,neutral,0.8813
l8rso3,GME,neutral,0.9136
l8rs31,GME,neutral,0.7371
l8rqlp,GME,neutral,0.8830
l8roem,CRM,neutral,0.8646
l8roem,INTC,neutral,0.8646
l8roem,AMC,neutral,0.8646
l8roem,META,neutral,0.8646
l8roem,GME,neutral,0.8646
l8roem,AMZN,neutral,0.8646
l8ro2p,GME,neutral,0.8723
l8rhhs,AMC,neutral,0.8939
l8rhhs,GME,neutral,0.8939
l8rg9e,GME,positive,0.7748
l8rg93,AMC,neutral,0.4932
l8rg93,GME,neutral,0.4932
l8rg93,AMZN,neutral,0.4932
l8rftx,GME,negative,0.7995
l8r9wc,GME,neutral,0.8781
l8r21n,GME,neutral,0.7927
l8r0f9,GME,negative,0.7432
l9y33e,GME,neutral,0.8095
l94y5a,GME,neutral,0.8505
l94x2z,GME,neutral,0.9432
l94wkj,AAPL,neutral,0.9011
l94wkj,GME,neutral,0.9011
l94t1a,AMC,neutral,0.9031
l94t1a,GME,neutral,0.9031
l9ydse,AMC,neutral,0.9261
l9ydse,GME,neutral,0.9261
l9xp9a,GME,neutral,0.8600
l9x2dk,GME,neutral,0.8890
l9v4fb,GME,neutral,0.9455
l99r4c,GME,neutral,0.9002
l99kiw,GME,neutral,0.7492
l99h5f,GME,neutral,0.8768
l99h5f,TSLA,neutral,0.8768
l99eep,GME,neutral,0.6741
l99bg2,AMC,neutral,0.7350
l9941m,GME,neutral,0.9179
l993zq,GME,neutral,0.7374
l992vp,AMC,neutral,0.8450
l992vp,GME,neutral,0.8450
l98suj,GME,positive,0.8393
l98siq,GME,negative,0.4361
l98q6y,GME,neutral,0.7218
l98oha,GME,neutral,0.8802
l98nid,AMC,neutral,0.5271
l98nau,GME,negative,0.5265
l98kwc,AMC,neutral,0.9106
l98k17,GME,neutral,0.7745
l98g93,GME,neutral,0.7227
l98dyc,AMC,neutral,0.9254
l97ykd,GME,neutral,0.6655
l97rz1,GME,neutral,0.6940
l97oud,AMC,neutral,0.8637
l97kc9,GME,neutral,0.8056
l97i6d,GME,neutral,0.9278
l97c0u,GME,neutral,0.7309
l97c0u,GOOGL,neutral,0.7309
l97buc,GME,neutral,0.8590
l975qo,AMC,neutral,0.8767
l975qo,GME,neutral,0.8767
l975qo,TSLA,neutral,0.8767
l974py,GME,neutral,0.8887
l973g8,GME,neutral,0.7007
l96kq7,GME,neutral,0.9463
l96ea1,GME,neutral,0.6944
l96afu,GME,neutral,0.8676
l964fl,GME,negative,0.6554
l962su,GME,neutral,0.7631
l962jw,GME,neutral,0.9011
l962jb,GME,neutral,0.8968
l96042,GME,neutral,0.5883
l95pvf,GME,neutral,0.9116
l95k8j,GME,neutral,0.9158
l95jqs,GME,neutral,0.8673
l95fxi,GME,neutral,0.9001
l95fxi,TSLA,neutral,0.9001
l95acm,GME,neutral,0.9034
l952rj,AMC,neutral,0.7544
l952rj,GME,neutral,0.7544
l952rj,AMZN,neutral,0.7544
la1i0b,GME,neutral,0.9208
la1i0b,MSFT,neutral,0.9208
la1i0b,GOOGL,neutral,0.9208
l9vobi,GME,neutral,0.8579
l9ahrw,GME,neutral,0.5019
l9ahrw,GOOGL,neutral,0.5019
l9afjk,GME,neutral,0.7660
l9adzw,GME,neutral,0.8244
l9a9yg,AMC,neutral,0.8065
l9a9yg,GME,neutral,0.8065
la1jc1,GME,neutral,0.8816
la1b8t,GME,neutral,0.9028
la0z1c,AAPL,neutral,0.9095
la0z1c,GME,neutral,0.9095
la0z1c,TSLA,neutral,0.9095
l9yya1,GME,negative,0.9328
l9xday,AMC,neutral,0.7110
l9xday,GME,neutral,0.7110
l9xc50,GME,neutral,0.4754
l9xbcd,AMC,neutral,0.4840
l9xbcd,GME,neutral,0.4840
l9x7yh,GME,neutral,0.8672
l9x3sg,AMC,neutral,0.9197
l9wxme,GME,neutral,0.5572
l9wuok,GME,neutral,0.7904
l9wu65,GME,neutral,0.9102
l9wte6,AMZN,negative,0.5840
l9wte6,AAPL,negative,0.5840
l9wte6,GME,negative,0.5840
l9wte6,MSFT,negative,0.5840
l9wpwn,AMC,neutral,0.8766
l9wpwn,GME,neutral,0.8766
l9woa8,AMC,neutral,0.9268
l9wo2l,GME,neutral,0.9335
l9wo11,AMC,neutral,0.9243
l9wo11,GME,neutral,0.9243
l9wo11,META,neutral,0.9243
l9wner,GME,neutral,0.8891
l9wlrt,AMC,neutral,0.9278
l9wlrt,GME,neutral,0.9278
l9wkh5,AMC,neutral,0.8962
l9wjza,GME,positive,0.7739
l9wgbz,GME,neutral,0.9131
l9wf0l,GME,neutral,0.9194
l9wbld,GME,neutral,0.8479
l9wa8f,AMC,negative,0.9477
l9w9yw,AMC,neutral,0.8460
l9w9yw,GME,neutral,0.8460
l9w5uc,GME,neutral,0.8753
l9w5ok,GME,neutral,0.8140
l9w5og,GME,neutral,0.6024
l9w466,AMC,neutral,0.8600
l9w466,GME,neutral,0.8600
l9vzwo,GME,neutral,0.6679
l9vzd2,GME,neutral,0.9251
l9vyxj,GME,neutral,0.5247
l9vt2h,AMC,negative,0.7790
l9vt2h,NFLX,negative,0.7790
l9vqvo,AMC,positive,0.7071
l9vpuf,GME,neutral,0.8139
l9vn2v,GME,neutral,0.9303
l9vgzo,GME,neutral,0.8641
l9vgp9,GME,neutral,0.8061
l9vgg6,AMC,neutral,0.9261
l9vgg6,GME,neutral,0.9261
l9vg8a,GME,neutral,0.8788
l9v8zq,TSLA,neutral,0.8808
l9v56y,AMC,neutral,0.8267
l9v56y,GME,neutral,0.8267
l9v3zn,AMC,neutral,0.9272
l9v3zn,GME,neutral,0.9272
l9v3r4,GME,neutral,0.9203
l9v2io,GME,neutral,0.9259
l9v1s4,GME,neutral,0.7728
l9uygh,GME,positive,0.9330
l9uwdo,GME,neutral,0.8764
l9uwlm,GME,neutral,0.6793
l9uvci,AMC,neutral,0.8567
l9uvci,GME,neutral,0.8567
l9utnq,GME,neutral,0.8908
l9uq9q,META,neutral,0.8569
l9uq9q,AAPL,neutral,0.8569
l9uq9q,GME,neutral,0.8569
l9uq9q,TSLA,neutral,0.8569
l9un0b,GME,neutral,0.9307
l9ul1c,GME,neutral,0.7792
l9uf9l,AMC,neutral,0.8579
l9uf9l,GME,neutral,0.8579
l9ue3b,GOOGL,neutral,0.8351
l9ucd4,GME,neutral,0.8506
l9ub35,GME,neutral,0.7829
l9u74y,GME,neutral,0.8418
l9u6go,GME,neutral,0.7611
l9u4ci,GME,neutral,0.9248
l9u3zy,AMC,neutral,0.5995
l9u3zy,GME,neutral,0.5995
l9u1pl,GME,negative,0.5070
l9tznx,GME,neutral,0.9164
l9tzkv,GME,neutral,0.9206
l9txha,GME,negative,0.5079
l9ts2v,GME,neutral,0.8162
l9tqj0,GME,neutral,0.7493
l9to6v,GME,neutral,0.8992
l9tlk8,AMC,neutral,0.9049
l9tlk8,AAPL,neutral,0.9049
l9tlk8,GME,neutral,0.9049
l9tlk8,TSLA,neutral,0.9049
l9tlc5,GME,neutral,0.8661
l9tl5l,AMC,neutral,0.8167
l9tl5l,GME,neutral,0.8167
l9thkw,GME,neutral,0.9319
l9tewo,GME,neutral,0.9066
l9tdrg,GME,neutral,0.8856
l9tcsw,GME,neutral,0.9401
l9tcet,AMC,positive,0.7595
l9tcet,GME,positive,0.7595
l9ta9n,GME,neutral,0.7468
l9t86s,GME,neutral,0.8541
l9t854,GME,neutral,0.8155
l9t33p,AMC,neutral,0.7377
l9suez,GME,neutral,0.8334
l9suez,GOOGL,neutral,0.8334
l9stgl,GME,neutral,0.8267
l9sow3,AMC,neutral,0.9207
l9smad,GME,negative,0.8584
l9sh9e,AMC,neutral,0.7084
l9sh9e,GME,neutral,0.7084
l9sgdi,GME,neutral,0.5324
l9sewz,GME,neutral,0.9059
l9sabj,GME,neutral,0.7106
l9s88i,GME,neutral,0.6630
l9s85t,GME,neutral,0.9358
l9s5w3,GME,neutral,0.9492
l9s378,AMC,neutral,0.7455
l9s2i4,GME,neutral,0.6495
l9runf,AMC,neutral,0.8095
l9runf,GME,neutral,0.8095
l9ru1x,AMC,neutral,0.9051
l9ru1x,GME,neutral,0.9051
l9rril,META,neutral,0.8873
l9rp9x,AMC,neutral,0.8118
l9rp9x,GME,neutral,0.8118
l9rk78,GME,neutral,0.8365
l9ri07,GME,neutral,0.8094
l9rcjb,AMC,neutral,0.9103
l9rbcn,AMZN,neutral,0.9114
l9rbcn,GME,neutral,0.9114
l9rbcn,MSFT,neutral,0.9114
l9r422,AMC,neutral,0.8723
l9r422,GME,neutral,0.8723
l9r410,GME,neutral,0.7366
l9qxmz,GME,neutral,0.5636
l9qx8p,META,neutral,0.7590
l9qx8p,AAPL,neutral,0.7590
l9qx8p,GME,neutral,0.7590
l9qvf9,AMC,neutral,0.9089
l9qvf9,GME,neutral,0.9089
l9qtey,GME,neutral,0.8916
l9qt90,GME,neutral,0.8142
l9qsrq,GME,neutral,0.6784
l9qsqf,AMC,neutral,0.7868
l9qsqf,GME,neutral,0.7868
l9qspm,AMC,neutral,0.8834
l9qqrc,AMC,neutral,0.6016
l9qqrc,GME,neutral,0.6016
l9qopx,GME,neutral,0.8205
l9qj41,GME,neutral,0.7827
l9qfsf,GME,neutral,0.9281
l9qfqa,GME,neutral,0.9373
l9qeyv,GME,neutral,0.8962
l9qbwg,AMC,neutral,0.9244
l9q7bl,GME,neutral,0.8867
l9q60k,GME,neutral,0.8267
l9ptpe,GME,neutral,0.8283
l9ps6i,AMC,neutral,0.6164
l9ps6i,GME,neutral,0.6164
l9powj,GME,neutral,0.5218
l9plqg,GME,neutral,0.7935
l9pjrh,GME,neutral,0.7587
l9pjfm,GME,neutral,0.7323
l9pimp,GME,neutral,0.8877
l9phrh,GME,neutral,0.9421
l9phd5,GME,neutral,0.8986
l9pgct,GME,negative,0.9682
l9pg4u,AMC,neutral,0.7646
l9pg4u,GME,neutral,0.7646
l9pfbi,GME,neutral,0.7044
l9pezr,GME,neutral,0.9289
l9pck8,GME,neutral,0.8330
l9p9fq,GME,neutral,0.9098
l9p4db,GME,negative,0.5699
l9p1xu,AAPL,neutral,0.7099
l9p1xu,GME,neutral,0.7099
l9p1xu,MSFT,neutral,0.7099
l9p0tr,GME,neutral,0.7700
l9ozhd,GME,neutral,0.6676
l9ozfe,GME,neutral,0.9299
l9oyzt,AMC,neutral,0.9162
l9oy7o,GME,neutral,0.7083
l9oy0u,GME,neutral,0.6942
l9ourz,AMC,neutral,0.8591
l9ourz,GME,neutral,0.8591
l9oqc6,AMC,neutral,0.8729
l9oqc6,GME,neutral,0.8729
l9opja,GME,neutral,0.7742
l9opep,GME,neutral,0.8726
l9oo9m,AMC,neutral,0.7928
l9oo9m,GME,neutral,0.7928
l9oo9m,META,neutral,0.7928
l9oo1x,GME,negative,0.6878
l9olg1,GME,neutral,0.9306
l9oeig,GME,neutral,0.8777
l9odgj,GME,negative,0.8664
l9oajh,GME,neutral,0.8641
l9o78x,AMC,neutral,0.5931
l9o78x,GME,neutral,0.5931
l9o5vc,GME,neutral,0.9000
l9o5go,GME,neutral,0.9154
l9o3vs,AMC,neutral,0.6905
l9o3vs,GME,neutral,0.6905
l9o3ux,AMC,neutral,0.8321
l9o38c,GME,neutral,0.8922
l9o38c,NFLX,neutral,0.8922
l9nwmv,AMC,neutral,0.9263
l9nudr,AMC,neutral,0.7838
l9ns6v,GME,neutral,0.9213
l9nrob,AMC,neutral,0.8578
l9nrob,GME,neutral,0.8578
l9nje2,AMC,negative,0.5892
l9nje2,GME,negative,0.5892
l9ne0a,GME,neutral,0.8683
l9ne0a,TSLA,neutral,0.8683
l9nc0j,GME,neutral,0.6772
l9nasy,GME,negative,0.6927
l9n5j0,GME,neutral,0.7221
l9n519,GME,neutral,0.5300
l9n2us,GME,neutral,0.9149
l9mxyo,GME,neutral,0.5443
l9mwtn,GME,neutral,0.9347
l9mwhx,GME,neutral,0.7858
l9mvtm,GME,neutral,0.6918
l9mvq3,AMC,neutral,0.6043
l9mvq3,GME,neutral,0.6043
l9mux1,GME,neutral,0.9016
l9mumm,AMC,neutral,0.8658
l9mumm,GME,neutral,0.8658
l9mta5,GME,neutral,0.8930
l9mry6,AAPL,neutral,0.8233
l9mry6,TSLA,neutral,0.8233
l9mry6,AMC,neutral,0.8233
l9mry6,GME,neutral,0.8233
l9mry6,NVDA,neutral,0.8233
l9mqt3,GME,neutral,0.9113
l9mo6h,GME,neutral,0.9454
l9mmvb,AMC,neutral,0.8482
l9mmvb,GME,neutral,0.8482
l9mms6,GME,neutral,0.7962
l9mkw3,GME,neutral,0.8113
l9mjta,AMC,positive,0.8537
l9mjta,GME,positive,0.8537
l9mcwr,GME,neutral,0.8649
l9m4dv,GME,negative,0.5431
l9m270,GME,neutral,0.8635
l9m0ps,GME,negative,0.9093
l9lyk5,GME,neutral,0.7909
l9lyk5,INTC,neutral,0.7909
l9lyk5,GOOGL,neutral,0.7909
l9lwng,AMC,neutral,0.8924
l9lvnx,GME,neutral,0.8482
l9lt2h,GME,neutral,0.8769
l9lsui,GME,neutral,0.7447
l9looo,GME,neutral,0.8735
l9lo62,GME,neutral,0.8009
l9lnil,GME,neutral,0.9091
l9ll1r,GME,neutral,0.8405
l9lj1e,AMC,neutral,0.9101
l9lgvb,AMC,neutral,0.6984
l9lgvb,GME,neutral,0.6984
l9ldib,GME,neutral,0.9317
l9ld3x,GME,neutral,0.8602
l9lcdc,GME,neutral,0.9150
l9laqm,AMC,neutral,0.8820
l9laqm,GME,neutral,0.8820
l9lagm,GME,neutral,0.8836
l9lagm,NFLX,neutral,0.8836
l9l9dr,AMC,neutral,0.8425
l9l9dr,GME,neutral,0.8425
l9l5q7,GME,neutral,0.8285
l9l4rr,GME,neutral,0.9112
l9l4k8,GME,negative,0.4750
l9l35o,AMC,neutral,0.9047
l9l35o,GME,neutral,0.9047
l9kvgb,GME,neutral,0.8461
l9kvgb,GOOGL,neutral,0.8461
l9ksh1,GME,neutral,0.7514
l9klih,GME,neutral,0.9190
l9kky3,TSLA,neutral,0.8959
l9kj3f,GME,neutral,0.9311
l9kgge,GME,negative,0.5877
l9kbhp,AMZN,neutral,0.8812
l9kbhp,GME,neutral,0.8812
l9k8o5,GME,neutral,0.6888
l9k7mp,AMC,neutral,0.8076
l9k7mp,AAPL,neutral,0.8076
l9k7mp,GME,neutral,0.8076
l9k7mp,META,neutral,0.8076
l9k5d0,GME,neutral,0.7659
l9k2s0,GME,neutral,0.8986
l9jyd7,GME,neutral,0.9094
l9jqmn,GME,neutral,0.6456
l9jqf6,GME,neutral,0.9190
l9jofc,GME,neutral,0.8128
l9jj7z,GME,neutral,0.8893
l9jhtj,GME,neutral,0.7435
l9jhcb,GME,neutral,0.8856
l9jgw1,GME,neutral,0.7453
l9jbc5,GME,neutral,0.5045
l9j9m6,GME,neutral,0.8850
l9j9a6,AMC,neutral,0.5083
l9j9a6,GME,neutral,0.5083
l9j8ht,GME,neutral,0.9252
l9j2vk,AMC,neutral,0.7901
l9j2vk,GME,neutral,0.7901
l9j1d5,AMC,neutral,0.8825
l9j1d5,GME,neutral,0.8825
l9j0p5,GME,neutral,0.9235
l9izo3,GME,neutral,0.8611
l9iz9z,GME,neutral,0.8913
l9iymq,AMC,neutral,0.6247
l9iymq,GME,neutral,0.6247
l9ixmn,GME,neutral,0.8669
l9ix4o,GME,neutral,0.9065
l9iqau,GME,neutral,0.5425
l9io4g,AMC,neutral,0.6058
l9imop,GME,neutral,0.9043
l9iert,GME,neutral,0.8277
l9ieo0,GME,neutral,0.9050
l9idz3,AMC,neutral,0.8327
l9idz3,GME,neutral,0.8327
l9ib5f,AMC,neutral,0.9041
l9i9ao,AMZN,neutral,0.8089
l9i9ao,GME,neutral,0.8089
l9i61h,AMC,neutral,0.9211
l9i61h,GME,neutral,0.9211
l9i1wo,GME,neutral,0.9308
l9hxtl,GME,neutral,0.6394
l9hvj9,AMC,neutral,0.5473
l9hvj9,GME,neutral,0.5473
l9hvfu,GME,neutral,0.9317
l9hv92,GME,neutral,0.7989
l9hqn0,GME,neutral,0.8377
l9hnws,AMC,neutral,0.8657
l9hl1m,AMC,neutral,0.8535
l9hl1m,GME,neutral,0.8535
l9hk1p,GME,neutral,0.8402
l9hiit,GME,positive,0.8649
l9hhf1,AMC,neutral,0.6797
l9hhf1,GME,neutral,0.6797
l9hftu,GME,neutral,0.9252
l9hcb2,GME,negative,0.7139
l9h8n8,AMC,neutral,0.9339
l9h8n8,GME,neutral,0.9339
l9h8mz,GME,neutral,0.9222
l9h7hz,GME,neutral,0.8888
l9h7ex,GME,neutral,0.9172
l9h775,GME,neutral,0.8950
l9h61r,GME,negative,0.9594
l9h5xa,AMC,neutral,0.8281
l9h3vv,AMC,neutral,0.7815
l9h3vv,AAPL,neutral,0.7815
l9h3vv,GME,neutral,0.7815
l9gzne,GME,negative,0.5740
l9gzct,AMC,neutral,0.8589
l9gzct,GME,neutral,0.8589
l9gzct,TSLA,neutral,0.8589
l9gz0q,AMC,neutral,0.8253
l9gz0q,GME,neutral,0.8253
l9gwx2,AMC,negative,0.5999
l9gwx2,GME,negative,0.5999
l9gwlq,GME,negative,0.5554
l9gvva,GME,neutral,0.9353
l9gues,GME,neutral,0.8922
l9gtjo,GME,neutral,0.7940
l9gqbf,GME,neutral,0.6401
l9gi0x,GME,neutral,0.8174
l9ghce,GME,neutral,0.7767
l9gf8d,GME,neutral,0.9044
l9gds5,GME,neutral,0.9328
l9gdgb,GME,neutral,0.8737
l9gd98,GME,neutral,0.9129
l9gblq,GME,neutral,0.9276
l9gait,AMC,neutral,0.8805
l9g78j,GME,neutral,0.8119
l9fp6f,GME,neutral,0.8007
l9fmvc,AMC,neutral,0.9013
l9fmvc,GME,neutral,0.9013
l9fgcp,GME,neutral,0.9190
l9femq,GME,neutral,0.8584
l9fee6,GME,positive,0.3861
l9facp,GME,neutral,0.7751
l9f9t1,GME,neutral,0.8559
l9f3p6,GME,neutral,0.9266
l9f1jy,GME,neutral,0.8979
l9f0qo,AMC,neutral,0.8637
l9f0qo,AAPL,neutral,0.8637
l9f0qo,GME,neutral,0.8637
l9f0mc,AMC,neutral,0.9066
l9f0mc,TSLA,neutral,0.9066
l9ez8j,GME,negative,0.9535
l9ev37,GME,neutral,0.8764
l9esr0,AMC,negative,0.8561
l9esr0,GME,negative,0.8561
l9epwv,AMC,neutral,0.6058
l9eih1,GME,neutral,0.9293
l9ehaw,GME,neutral,0.8845
l9efzt,AMC,neutral,0.8756
l9eg6l,GME,neutral,0.8769
l9ea3v,AMC,neutral,0.8827
l9ea3v,GME,neutral,0.8827
l9dx6w,GME,neutral,0.5701
l9dwcv,GME,neutral,0.8939
l9dvul,GME,negative,0.5665
l9dukq,GME,negative,0.9740
l9dr7o,GME,neutral,0.6251
l9dj5u,GME,neutral,0.8371
l9dgkr,GME,neutral,0.5492
l9dbep,GME,negative,0.9545
l9d89z,GME,neutral,0.9032
l9d4ik,GME,neutral,0.7670
l9d24j,GME,neutral,0.8528
l9d24j,TSLA,neutral,0.8528
l9d1rj,GME,neutral,0.8286
l9czx4,GME,neutral,0.8814
l9cxm0,AMC,neutral,0.7758
l9cxm0,GME,neutral,0.7758
l9cowd,GME,neutral,0.7487
l9chbg,GME,neutral,0.7678
l9chbg,TSLA,neutral,0.7678
l9cg00,GME,neutral,0.8970
l9ceud,GME,neutral,0.9119
l9c9is,AMC,neutral,0.9434
l9c9is,GME,neutral,0.9434
l9c1ca,GME,neutral,0.4907
l9bymx,AMC,neutral,0.9137
l9bwat,AMC,negative,0.5531
l9bwat,GME,negative,0.5531
l9bvbb,GME,neutral,0.8793
l9buan,GME,neutral,0.8573
l9brtg,GME,neutral,0.9162
l9blz2,GME,neutral,0.7129
l9bfp3,GME,neutral,0.5366
l9bfp3,GOOGL,neutral,0.5366
l9b8av,GME,neutral,0.5801
l9b5c4,AMC,neutral,0.9209
l9b5c4,GME,neutral,0.9209
l9b5c4,TSLA,neutral,0.9209
l9b2my,AMC,neutral,0.6854
l9auf5,AMZN,neutral,0.7844
l9auf5,GME,neutral,0.7844
l9ascw,GME,neutral,0.9298
la8hkm,GME,neutral,0.8808
la8gbk,AMC,neutral,0.8336
la8gbk,GME,neutral,0.8336
la8gbk,MSFT,neutral,0.8336
la8gbk,TSLA,neutral,0.8336
la8evj,GME,neutral,0.8988
la8egv,GME,neutral,0.8778
la8c12,AMC,neutral,0.9150
la8bu0,GME,neutral,0.8127
la8bqp,GME,neutral,0.9296
la8bog,GME,negative,0.6775
la8av1,AMC,neutral,0.9354
la8ah2,GME,neutral,0.8347
la89ys,AMC,neutral,0.8548
la88zd,GME,neutral,0.8978
la88ym,GME,neutral,0.9156
la880r,GME,neutral,0.9252
la87yp,GME,neutral,0.8316
la87n9,GME,neutral,0.8324
la87bv,AMC,neutral,0.7966
la869s,GME,neutral,0.5599
la85zj,GME,neutral,0.8097
la84a0,GME,neutral,0.8163
la8482,AMC,neutral,0.8338
la8408,AMC,neutral,0.8554
la83re,GME,neutral,0.8045
la83ds,GME,neutral,0.8289
la82iu,GME,neutral,0.8730
la81tc,GME,neutral,0.9346
la7xy9,GME,neutral,0.9323
la7xlw,GME,neutral,0.9247
la7vt8,GME,neutral,0.7591
la7v9q,AMC,neutral,0.8119
la7v9q,GME,neutral,0.8119
la7ua4,GME,neutral,0.9175
la7qy9,AMC,neutral,0.8290
la7qb8,GME,neutral,0.8879
la7q5q,GME,neutral,0.9338
la7or3,GME,neutral,0.7518
la7ohf,GME,neutral,0.7477
la7nsd,AMC,neutral,0.8310
la7nd2,GME,neutral,0.9054
la7n1t,GME,neutral,0.8906
la7m9r,AMC,neutral,0.9110
la7klf,GME,neutral,0.8186
la7joo,AMC,neutral,0.9200
la7jkl,GME,neutral,0.9123
la7jhp,AMC,neutral,0.8917
la7ise,AMC,neutral,0.9113
la7ise,GME,neutral,0.9113
la7hkq,GME,neutral,0.8046
la7ewk,GME,neutral,0.9029
la7esc,GME,neutral,0.9175
la7e08,AMC,neutral,0.7493
la7du0,GME,neutral,0.5254
la7du0,NVDA,neutral,0.5254
la7bhj,GME,neutral,0.8959
la78nm,AMC,neutral,0.8440
la78nm,GME,neutral,0.8440
la78nm,META,neutral,0.8440
la77v9,GME,neutral,0.9437
la76ml,GME,neutral,0.7563
la74lm,GME,neutral,0.8096
la73ue,GME,neutral,0.7689
la73qw,META,neutral,0.9158
la73qw,GME,neutral,0.9158
la73js,GME,neutral,0.8233
la73ik,AMC,neutral,0.9100
la73h4,AMC,neutral,0.8784
la73ap,GME,positive,0.6018
la71xw,GME,neutral,0.7788
la71f9,AMC,neutral,0.8200
la6znb,TSLA,neutral,0.8676
la6wvm,GME,neutral,0.7915
la6waq,GME,neutral,0.7820
la6w8q,GME,neutral,0.7137
la6vcb,AMC,negative,0.7882
la6vcb,GME,negative,0.7882
la6vbv,AMC,neutral,0.9268
la6v58,GME,neutral,0.9332
la6sde,AMC,neutral,0.9234
la6rmn,GME,neutral,0.8981
la6py4,GME,neutral,0.5766
la6pxa,GME,neutral,0.9019
la6o0l,GME,neutral,0.9158
la6nzb,AMC,positive,0.4341
la6mrr,AMC,neutral,0.8401
la6mrr,GME,neutral,0.8401
la6mph,AMC,neutral,0.9383
la6mi9,GME,neutral,0.9197
la6k2s,AMC,neutral,0.9168
la6k2s,GME,neutral,0.9168
la6jqx,AMC,neutral,0.8942
la6ibw,GME,neutral,0.5127
la6ibr,GME,neutral,0.6160
la6i4t,AMC,negative,0.7081
la6i4t,GME,negative,0.7081
la6hvu,GME,neutral,0.8884
la6hd1,GME,neutral,0.8908
la6hca,AMZN,neutral,0.9179
la6hca,GME,neutral,0.9179
la6frb,GME,neutral,0.9231
la6fj3,GME,neutral,0.8662
la6f2u,AMC,neutral,0.8093
la6ebx,AMC,neutral,0.8487
la6ebx,GME,neutral,0.8487
la6ebf,GME,negative,0.9505
la6db4,GME,neutral,0.9179
la6crf,GME,neutral,0.8743
la6cmz,AMC,neutral,0.8782
la6cmz,GME,neutral,0.8782
la6b94,GME,neutral,0.9261
la6a9u,GME,neutral,0.8286
la69wj,GME,neutral,0.8818
la69md,GME,neutral,0.8764
la692u,GME,neutral,0.8981
la68r5,AMC,neutral,0.7547
la67p4,AMC,neutral,0.8876
la67p4,GME,neutral,0.8876
la67me,AMC,neutral,0.8409
la67me,GME,neutral,0.8409
la67ix,GME,neutral,0.6208
la66td,AMC,neutral,0.8983
la65ws,GME,neutral,0.9264
la654r,GME,neutral,0.7301
la648n,GME,neutral,0.8696
la63gn,AMC,neutral,0.9313
la63cx,GME,neutral,0.7694
la631h,GME,neutral,0.9411
la62h2,GME,neutral,0.8617
la61gh,GME,neutral,0.8986
la61ay,GME,neutral,0.8690
la5xsc,GME,neutral,0.8922
la5xtf,AMC,neutral,0.8944
la5xpr,GME,neutral,0.7820
la5xl6,AMC,neutral,0.6766
la5wx4,GME,neutral,0.9196
la5wqk,GME,neutral,0.8971
la5wpe,GME,neutral,0.9114
la5w4r,GME,neutral,0.7976
la5v3q,GME,neutral,0.8600
la5upr,GME,neutral,0.6453
la5ulm,GME,negative,0.8783
la5uch,AMC,neutral,0.8596
la5tyd,GME,neutral,0.9342
la5s8i,GME,neutral,0.9463
la5qpj,GME,neutral,0.8991
la5qpd,GME,neutral,0.7423
la5ork,GME,neutral,0.8325
la5o1e,AMC,neutral,0.6551
la5o1e,GME,neutral,0.6551
la5o15,GME,neutral,0.9011
la5ln2,GME,neutral,0.7433
la5lk8,AMC,neutral,0.9136
la5k7e,GME,neutral,0.9306
la5j5k,AMC,neutral,0.8930
la5jfo,GME,neutral,0.9064
la5j0s,GME,positive,0.5538
la5ip5,GME,neutral,0.9042
la5i7n,GME,neutral,0.9050
la5gkp,AMC,neutral,0.9171
la5g8r,AMC,neutral,0.6968
la5g8r,GME,neutral,0.6968
la5g5f,AMC,neutral,0.6898
la5g5f,GME,neutral,0.6898
la5fvm,TSLA,neutral,0.8959
la5f82,AMZN,neutral,0.8813
la5e4b,GME,negative,0.9297
la5d9s,AMC,neutral,0.8668
la5cl1,GME,neutral,0.7468
la5d2d,AMC,neutral,0.8877
la5cik,GME,neutral,0.9283
la5bg7,AMC,negative,0.9149
la5adh,GME,neutral,0.9073
la59ts,GME,neutral,0.9198
la5937,GME,neutral,0.9052
la5926,AMC,neutral,0.8174
la58y2,GME,positive,0.8703
la584o,AMC,neutral,0.7906
la57at,AMC,negative,0.9705
la57at,GME,negative,0.9705
la56hh,GME,negative,0.6624
la54lh,AMC,neutral,0.6091
la54ea,AMC,neutral,0.9214
la54e7,GME,neutral,0.7695
la53nh,GME,neutral,0.8945
la53hi,GME,neutral,0.4978
la530z,AMC,neutral,0.8740
la530z,GME,neutral,0.8740
la5204,GME,neutral,0.8247
la51ip,GME,neutral,0.9085
la512h,AMC,neutral,0.8871
la50qp,AMC,neutral,0.9167
la50hf,AMC,neutral,0.8974
la50hf,GME,neutral,0.8974
la50f7,AMC,negative,0.4829
la502s,GME,neutral,0.9183
la4xrb,GME,neutral,0.8730
la4um0,GME,neutral,0.9001
la4r9j,AMC,neutral,0.9230
la4qr1,GME,neutral,0.9150
la4pzv,GME,negative,0.6399
la4pt3,GME,positive,0.9034
la4po3,GME,negative,0.5686
la4pji,GME,negative,0.8528
la4p6h,META,positive,0.5426
la4p6h,GME,positive,0.5426
la4p2v,AMC,negative,0.7099
la4p2v,GME,negative,0.7099
la4o9m,GME,neutral,0.9127
la4njd,GME,neutral,0.8880
la4neq,GME,neutral,0.9141
la4mog,GME,neutral,0.5840
la4mlp,AMC,neutral,0.8977
la4lcp,AMC,neutral,0.8771
la4lcp,GME,neutral,0.8771
la4ks0,GME,neutral,0.6904
la4iml,AMC,neutral,0.7961
la4iml,GME,neutral,0.7961
la4hux,GME,neutral,0.8200
la4hom,GME,neutral,0.8074
la4gbi,AMC,neutral,0.8542
la4g1w,AMC,neutral,0.8726
la4g1w,GME,neutral,0.8726
la4g18,AMC,neutral,0.9129
la4ez9,GME,neutral,0.9171
la4euu,GME,neutral,0.8217
la4aq3,GME,neutral,0.9271
la4ahu,GME,neutral,0.9194
la4a3a,GME,neutral,0.6536
la46ld,AMC,neutral,0.8388
la46ld,GME,neutral,0.8388
la42h4,AMC,negative,0.5008
la42h4,GME,negative,0.5008
la3z5e,GME,neutral,0.8104
la3ypn,GME,neutral,0.8251
la3yb6,AMC,neutral,0.9117
la3yb6,GME,neutral,0.9117
la3x0s,AMZN,neutral,0.5842
la3wra,GOOGL,neutral,0.9354
la3wd4,GME,neutral,0.8183
la3vgm,GME,neutral,0.9198
la3sy8,GME,positive,0.6044
la3pqa,AMC,neutral,0.8894
la3pqa,GME,neutral,0.8894
la3o6a,AMC,neutral,0.4841
la3o6a,GME,neutral,0.4841
la3n6u,GME,neutral,0.6641
la3n19,GME,neutral,0.6451
la3mu3,AMC,neutral,0.8962
la3mu3,GME,neutral,0.8962
la3kk1,AMC,neutral,0.8929
la3kk1,GME,neutral,0.8929
la3jwv,AMC,neutral,0.9339
la3hnf,GME,neutral,0.9092
la3gwo,GME,neutral,0.8533
la3ddb,GME,neutral,0.7699
la3664,AMC,neutral,0.8624
la3664,GME,neutral,0.8624
la332q,AMC,neutral,0.9360
la32u6,GME,negative,0.7694
la310t,AMC,neutral,0.9063
la2zdk,GME,neutral,0.9054
la2zdk,GOOGL,neutral,0.9054
la2xa1,AMC,neutral,0.9358
la2umc,AMC,neutral,0.8651
la2qq7,AMC,neutral,0.7181
la2qnn,GME,neutral,0.9049
la2oov,GOOGL,negative,0.9330
la2oov,MSFT,negative,0.9330
la2oov,TSLA,negative,0.9330
la2oov,AMZN,negative,0.9330
la2oov,GME,negative,0.9330
la2ohn,AMC,neutral,0.7644
la2ohn,TSLA,neutral,0.7644
la2laa,GME,neutral,0.8421
la2bf9,AMC,positive,0.9162
la2bf9,GME,positive,0.9162
la2aao,AMC,neutral,0.8992
la29o8,AMC,neutral,0.7846
la278a,GME,neutral,0.7011
la26si,GME,neutral,0.7863
la21yr,AMC,neutral,0.9281
la21yr,GME,neutral,0.9281
la1zgd,GME,neutral,0.7613
la1x7j,GME,negative,0.7065
la1uth,AMC,neutral,0.6179
la1uth,GME,neutral,0.6179
la1uo1,GME,neutral,0.8433
la1uiz,GME,negative,0.6012
la1szv,AMC,neutral,0.9039
la1roc,AMC,neutral,0.8948
la1oop,AMZN,neutral,0.8591
la1oop,GME,neutral,0.8591
la1o04,AMC,negative,0.7037
la1o04,GME,negative,0.7037
la1n5y,GME,neutral,0.8915
la1m8w,AMC,neutral,0.8958
la1m8w,GME,neutral,0.8958
la1ljj,GME,neutral,0.7558
la1kwb,TSLA,neutral,0.7882
la1jpr,GME,neutral,0.8649
la1ich,AMC,neutral,0.8983
la1cdi,GME,neutral,0.8713
la1adk,GME,neutral,0.8257
la18kt,AMC,neutral,0.7892
la18kt,GME,neutral,0.7892
la18dh,AMC,neutral,0.9272
la18dh,GME,neutral,0.9272
la129w,GME,negative,0.5686
la116k,GME,neutral,0.7412
la0v0u,AMC,neutral,0.8872
la0see,GME,neutral,0.7146
la0nf8,GME,neutral,0.8770
la0lv2,GME,neutral,0.7376
la0i2o,GME,negative,0.8533
la0hs9,AMC,neutral,0.8682
la0hs9,GME,neutral,0.8682
la0gfm,GME,neutral,0.9261
la0fox,AMC,neutral,0.9268
la0e5z,GME,positive,0.9121
la0buk,GME,neutral,0.6814
la0bma,GME,neutral,0.8755
la09rn,GME,negative,0.5419
la07g3,AMC,neutral,0.8478
l9zzek,AMC,neutral,0.8342
l9zzek,GME,neutral,0.8342
l9zupa,AMC,neutral,0.7381
l9zupa,GME,neutral,0.7381
l9znas,AMZN,neutral,0.7057
l9zmsb,GME,negative,0.6574
l9z88h,AMC,negative,0.6945
l9z88h,GME,negative,0.6945
l9z177,AMC,neutral,0.7960
l9z0yt,AMC,neutral,0.9095
l9z0km,GME,neutral,0.9199
l9ywyz,GME,neutral,0.7063
l9yuqi,AMC,neutral,0.9229
l9ytpu,GME,negative,0.7485
l9ysrl,AMC,neutral,0.6169
l9ysrl,GME,neutral,0.6169
l9ys8t,AMC,neutral,0.5355
l9yrhs,GME,neutral,0.7559
l9yq8e,AMC,neutral,0.8941
l9yq8e,GME,neutral,0.8941
l9yogt,GME,neutral,0.6569
l9yncv,GME,neutral,0.8122
l9ymbd,GME,neutral,0.9134
l9ym89,GME,negative,0.5141
l9ylma,TSLA,neutral,0.9127
l9yl0w,GME,neutral,0.7981
l9yjc6,GME,neutral,0.9210
l9yinq,GME,neutral,0.6242
l9yelq,TSLA,neutral,0.5185
l9yehf,GME,neutral,0.8645
l9ycag,AMC,neutral,0.6654
l9y7ar,GME,neutral,0.6050
l9y0ht,GME,negative,0.6849
l9xqem,GME,neutral,0.9226
l9xptr,GME,neutral,0.6883
l9xnvl,AMC,neutral,0.9447
l9xnvl,GME,neutral,0.9447
l9xjhm,AMC,neutral,0.6077
l9xjhm,GME,neutral,0.6077
l9xi9g,GME,neutral,0.8970
l9xfxv,AAPL,neutral,0.7473
l9xfxv,TSLA,neutral,0.7473
laqcvk,GME,neutral,0.7878
laqa34,GME,neutral,0.7149
laqa34,MSFT,neutral,0.7149
laq7vx,GME,neutral,0.5474
laq7nt,GME,neutral,0.8847
laq14z,GME,neutral,0.9077
laq0i3,AMC,neutral,0.8445
laq0i3,GME,neutral,0.8445
laq09r,GME,neutral,0.7164
lapvnh,AMC,negative,0.8616
lapvnh,GME,negative,0.8616
lapvbl,GME,neutral,0.6883
lapu8s,GME,neutral,0.8812
lapu8s,TSLA,neutral,0.8812
lapsy5,GME,negative,0.7639
lapsaj,GME,neutral,0.8429
laprib,AMC,positive,0.6709
laprh5,GME,negative,0.9262
lapqvr,GME,neutral,0.9148
lapp5f,AMC,neutral,0.7239
lapp5f,GME,neutral,0.7239
lapovy,GME,neutral,0.4974
lapl7m,GME,neutral,0.8212
lapkwl,GME,neutral,0.6863
lapkqw,AMZN,neutral,0.8743
lapilj,AMC,neutral,0.9109
lapilj,GME,neutral,0.9109
lapi5q,GME,neutral,0.6579
lapi5q,GOOGL,neutral,0.6579
laphuw,AMC,neutral,0.8881
laphuw,GME,neutral,0.8881
laphez,GME,neutral,0.8858
laph8v,GME,neutral,0.9224
lapgyq,GME,neutral,0.5460
lapgwo,AAPL,neutral,0.9169
lapgwo,ADBE,neutral,0.9169
lapgwo,MSFT,neutral,0.9169
lap5vq,AMC,positive,0.8864
lap5vq,GME,positive,0.8864
lap5k7,GME,neutral,0.9306
lap4p4,AMC,negative,0.5096
lap4p4,GME,negative,0.5096
lap3an,GME,neutral,0.8757
lap2lh,AMC,neutral,0.9187
lap2lh,GME,neutral,0.9187
lap10i,AMC,neutral,0.7781
lap10i,GME,neutral,0.7781
lap10i,TSLA,neutral,0.7781
lap10i,AMZN,neutral,0.7781
laozb1,GME,neutral,0.8609
laoy1b,AMC,neutral,0.5838
laoy1b,GME,neutral,0.5838
laoy1b,NVDA,neutral,0.5838
laoxn8,AMC,neutral,0.8993
laoxn8,GME,neutral,0.8993
laoxdv,GME,neutral,0.7670
laoubf,AMZN,neutral,0.6529
laotkl,GME,negative,0.8882
laotg9,GME,neutral,0.8829
laot3e,GME,neutral,0.7769
laose6,AMC,neutral,0.9069
laose6,GME,neutral,0.9069
laos5b,GME,neutral,0.8456
laorkr,META,negative,0.9695
laorkr,AAPL,negative,0.9695
laor4s,GME,neutral,0.5818
laootk,GME,neutral,0.9399
laonm1,AMC,neutral,0.9086
laonm1,GME,neutral,0.9086
laon0w,GME,neutral,0.9045
laomj7,GME,neutral,0.6415
laomec,GME,negative,0.9055
laom2z,AMC,neutral,0.9325
laolti,AMC,neutral,0.8889
laolti,GME,neutral,0.8889
laokvp,TSLA,neutral,0.8687
laoj02,META,neutral,0.6903
laoj02,CSCO,neutral,0.6903
laoiey,AMC,neutral,0.8977
laofkf,GME,neutral,0.5260
laoeet,GME,neutral,0.9453
laoe5l,GME,neutral,0.8990
laocg3,GME,neutral,0.8962
laob5k,GME,neutral,0.6840
laoaru,GME,neutral,0.8785
lao9zo,GME,neutral,0.7441
lao87m,GME,neutral,0.8600
lao77p,GME,neutral,0.8033
lao72s,GME,neutral,0.9424
lao6ud,GME,neutral,0.9004
lao4e6,GME,neutral,0.8525
lanzkz,GME,negative,0.8116
lanzj4,GME,neutral,0.8203
lanw94,GME,negative,0.5378
lanvom,GME,neutral,0.8680
lansz7,AMC,negative,0.7200
lansz7,GME,negative,0.7200
lansz7,MSFT,negative,0.7200
lansko,AMC,neutral,0.8638
lansko,AAPL,neutral,0.8638
lansko,GME,neutral,0.8638
lansko,NFLX,neutral,0.8638
lanpkk,GME,neutral,0.6392
lannmf,GME,neutral,0.6783
lanmqm,GME,neutral,0.8487
lanmpg,AMC,neutral,0.8073
lanmpg,GME,neutral,0.8073
lanmpg,NFLX,neutral,0.8073
lanmme,GME,neutral,0.8708
lanl05,GME,neutral,0.4929
lankrh,AMC,neutral,0.9122
lank45,AMC,neutral,0.8426
lank45,GME,neutral,0.8426
lank45,TSLA,neutral,0.8426
lank45,AMZN,neutral,0.8426
lanjpb,GME,negative,0.6952
laniv1,AMC,neutral,0.8286
laniv1,GME,neutral,0.8286
lani54,GME,neutral,0.6404
lanhnc,GME,negative,0.6877
lanf94,GME,neutral,0.7830
lanepu,AMC,negative,0.6454
lanepu,GME,negative,0.6454
lanaps,GME,neutral,0.7394
lan8h4,AMC,neutral,0.5664
lan8h4,GME,neutral,0.5664
lan8gy,GME,neutral,0.6381
lan6sq,GME,neutral,0.9056
lan492,GME,neutral,0.7249
lan2qs,AMC,neutral,0.6146
lan210,GME,neutral,0.9441
lan1s7,GME,neutral,0.8757
lan1j5,GME,neutral,0.9105
lan0id,AAPL,neutral,0.7924
lan0id,GME,neutral,0.7924
lan0id,INTC,neutral,0.7924
lan0id,NVDA,neutral,0.7924
lamy9l,AAPL,neutral,0.7741
lamy9l,GME,neutral,0.7741
lamwib,GME,neutral,0.5178
lamwg6,GME,neutral,0.8349
lamtz2,AMC,negative,0.8958
lamtz2,GME,negative,0.8958
lamtdn,GME,positive,0.5316
lamrle,GME,neutral,0.5732
lamqtv,GME,neutral,0.9297
lamqf9,GME,neutral,0.8621
lammkd,GME,neutral,0.8760
lamksl,AMC,neutral,0.8805
lamjzp,GME,neutral,0.8997
lamill,AMC,neutral,0.8019
lamill,AAPL,neutral,0.8019
lamill,MSFT,neutral,0.8019
lamill,IBM,neutral,0.8019
lamg0y,AMC,neutral,0.9197
lamg0y,GME,neutral,0.9197
lamfoi,GME,neutral,0.7532
lamdp1,GME,neutral,0.8327
lambcn,GME,neutral,0.7722
lamap7,GME,neutral,0.5983
lam9co,GME,neutral,0.8662
lam9co,TSLA,neutral,0.8662
lam78z,GME,negative,0.4659
lam74h,GME,neutral,0.9042
lam6rb,GME,neutral,0.4902
lam6pj,AMC,neutral,0.9151
lam6pj,GME,neutral,0.9151
lam364,GME,neutral,0.7922
lam2mp,GME,neutral,0.6687
lalzbt,AMC,neutral,0.7802
lalzbt,GME,neutral,0.7802
lalytq,GME,neutral,0.9091
lalw7o,AMC,neutral,0.5082
lalw7o,GME,neutral,0.5082
lalw7o,META,neutral,0.5082
lalv5p,GME,negative,0.9240
lalucf,AMC,neutral,0.5875
lalucf,GME,neutral,0.5875
lalucf,NVDA,neutral,0.5875
laltz6,GME,neutral,0.9060
laltl1,GME,positive,0.4738
lalrkd,AMC,neutral,0.7147
lalrkd,GME,neutral,0.7147
lalr0v,GME,neutral,0.9370
lalofd,GME,neutral,0.8914
lalnju,GME,neutral,0.8493
lalm9y,GME,neutral,0.5578
lalm80,AMC,neutral,0.6598
lallqg,GME,neutral,0.8463
lallgv,GME,neutral,0.8337
lalkjf,GME,neutral,0.7525
lalkff,GME,neutral,0.7125
lalked,GME,neutral,0.7208
laljfq,GME,neutral,0.9099
lalje2,AMC,neutral,0.9030
lalje2,GME,neutral,0.9030
lalhkz,GME,neutral,0.6336
lalhfl,GME,neutral,0.9021
lalhed,GME,negative,0.9427
lalgc9,AMC,neutral,0.9323
lalgc9,GME,neutral,0.9323
lalgc9,NFLX,neutral,0.9323
lalgc9,AMZN,neutral,0.9323
lale8a,GME,negative,0.7049
laleeu,AMC,neutral,0.9250
lald38,GME,neutral,0.8307
lalcvu,GME,neutral,0.6214
lalcjr,GME,neutral,0.8165
lalcjb,AAPL,neutral,0.9345
lalcjb,GME,neutral,0.9345
lalaqy,AMC,neutral,0.8080
lalaqy,GME,neutral,0.8080
lal9mt,GME,neutral,0.8973
lal7nk,GME,neutral,0.9022
lal6qz,GME,neutral,0.9343
lal66x,AMC,positive,0.8323
lal4ku,GME,negative,0.5732
lal4ku,TSLA,negative,0.5732
lal2rs,GME,neutral,0.7874
lal2m6,AMC,neutral,0.8748
lal2m6,GME,neutral,0.8748
lal2db,GME,neutral,0.5282
lal2db,GOOGL,neutral,0.5282
lal236,GME,neutral,0.8480
lal1d3,GME,neutral,0.8381
lal147,AMC,neutral,0.9189
lal147,GME,neutral,0.9189
lal105,GME,neutral,0.9301
lal0g0,GME,neutral,0.9304
lakzi8,AMC,positive,0.5038
lakzi3,GME,neutral,0.5988
laky5y,GME,neutral,0.8040
lakxuk,GME,positive,0.8397
lakxb1,AMC,neutral,0.7535
lakw2q,AMC,neutral,0.8749
lakvih,GME,negative,0.9430
lakuon,GME,neutral,0.9273
lakt6q,AMC,neutral,0.8703
lakt6q,GME,neutral,0.8703
laksjy,GME,neutral,0.5251
laksdu,GME,neutral,0.8260
lakrt8,GME,neutral,0.9238
lakrt8,NFLX,neutral,0.9238
lakppx,GME,neutral,0.7840
lakled,AMC,neutral,0.8003
lakled,GME,neutral,0.8003
lakk2t,GME,neutral,0.8356
lakjki,GME,negative,0.7665
lakjdp,GME,neutral,0.9407
lakjcz,GME,neutral,0.8154
laki1v,CSCO,positive,0.5800
laki1v,IBM,positive,0.5800
laki1v,MSFT,positive,0.5800
laki1v,INTC,positive,0.5800
lakhh2,GME,neutral,0.8919
lakhem,GME,neutral,0.6956
lakh78,AMC,negative,0.8106
lakh78,GME,negative,0.8106
lakh41,META,neutral,0.9436
lakh41,GME,neutral,0.9436
lakh3k,GME,neutral,0.9354
lakh0v,GME,negative,0.6093
lakgwo,GME,neutral,0.8743
lakgr7,AMC,neutral,0.8900
lake06,GME,negative,0.6762
lakdxv,GME,negative,0.6216
lakdez,GME,neutral,0.8452
lakcy8,GME,neutral,0.8811
lakbx2,TSLA,neutral,0.8083
lakbc9,GME,neutral,0.8399
lakb0c,GME,neutral,0.9180
lak8ji,GME,neutral,0.5664
lak7g6,GME,neutral,0.8229
lak773,GME,neutral,0.7710
lak64b,AMC,neutral,0.6115
lak64b,GME,neutral,0.6115
lak4mb,GME,positive,0.7708
lak4hh,GME,neutral,0.8908
lak3y8,GME,neutral,0.8630
lak3v8,GME,neutral,0.8474
lak3pn,AMC,neutral,0.6066
lak3pn,GME,neutral,0.6066
lak3ej,GME,negative,0.8400
lak21t,GME,neutral,0.8042
lak1h3,GME,neutral,0.8190
lak0zl,GME,neutral,0.8202
lak0mj,GME,neutral,0.7240
laju73,AMC,negative,0.5668
laju73,GME,negative,0.5668
lajsrl,GME,neutral,0.6868
lajqqy,GME,neutral,0.5413
lajpxi,AMC,neutral,0.8779
lajpxi,GME,neutral,0.8779
lajows,GME,neutral,0.8989
lajor0,GME,neutral,0.5316
lajoee,GME,neutral,0.9340
lajo6i,GME,neutral,0.7306
lajnfo,GME,neutral,0.8942
lajne6,GME,neutral,0.9196
lajnds,GME,neutral,0.8417
lajmvn,GME,neutral,0.9173
lajk83,AMC,neutral,0.7220
lajk83,GME,neutral,0.7220
lajjue,GME,neutral,0.9187
lajjs2,AMC,neutral,0.8938
lajjs2,GME,neutral,0.8938
lajj54,GME,negative,0.6945
lajhb4,GME,negative,0.6376
lajhb4,TSLA,negative,0.6376
lajg0n,GME,neutral,0.8846
lajg0n,TSLA,neutral,0.8846
lajfpz,GME,neutral,0.9278
lajfk6,GME,neutral,0.8899
lajdta,GME,neutral,0.8127
lajdi4,GME,neutral,0.4812
lajdgn,GME,neutral,0.7508
lajc9e,GME,neutral,0.8639
laj9jl,GME,positive,0.7607
laj97z,GME,neutral,0.9356
laj97s,GME,neutral,0.5691
laj86z,AMC,neutral,0.5334
laj86z,GME,neutral,0.5334
laj7vo,AMC,neutral,0.4794
laj76z,GME,neutral,0.8950
laj72e,AMC,neutral,0.9351
laj6ed,GME,neutral,0.8427
laj6ed,TSLA,neutral,0.8427
laj5mk,GME,neutral,0.9335
laj59s,AMC,neutral,0.5372
laj53o,GME,neutral,0.8977
laj4k9,GME,negative,0.8559
laj2rv,GME,neutral,0.9116
laj2rv,TSLA,neutral,0.9116
laj2rv,GOOGL,neutral,0.9116
laj26k,GME,negative,0.5115
laj1ws,AMC,neutral,0.6298
laj1ws,GME,neutral,0.6298
laj1lj,GME,neutral,0.8900
laj1gd,AMC,positive,0.7800
laj0t5,GME,neutral,0.8135
laizgj,GME,neutral,0.9194
laiyat,GME,neutral,0.8829
laixf2,AMC,neutral,0.8298
laixf2,GME,neutral,0.8298
laixf2,TSLA,neutral,0.8298
laixay,GME,negative,0.9133
laix2u,AMC,neutral,0.9375
laiwhz,GME,neutral,0.7690
laiuz6,AMC,neutral,0.8654
laiuz6,GME,neutral,0.8654
laiuz6,NVDA,neutral,0.8654
lairpy,GME,neutral,0.7638
laiq5h,GME,neutral,0.9328
lain3k,AMC,neutral,0.8356
lain3k,GME,neutral,0.8356
lain3k,NFLX,neutral,0.8356
laimtj,GME,neutral,0.7085
lailzd,AMC,negative,0.6805
lailzd,GME,negative,0.6805
laild2,AMC,neutral,0.7114
laild2,GME,neutral,0.7114
lail8f,GME,negative,0.9124
lail3g,GME,neutral,0.9086
lail27,GME,positive,0.7879
laikxm,GME,neutral,0.9346
laikk5,GME,negative,0.8759
laikd0,AMC,neutral,0.7118
laikd0,GME,neutral,0.7118
laijn0,GME,neutral,0.6680
laiiuj,AMC,neutral,0.8100
laiiuj,TSLA,neutral,0.8100
laiihf,GME,neutral,0.9448
laiih5,GME,neutral,0.8853
laiiab,AMC,neutral,0.8721
laii12,INTC,neutral,0.8492
laii12,TSLA,neutral,0.8492
laii12,AMC,neutral,0.8492
laii12,AMZN,neutral,0.8492
laii12,GME,neutral,0.8492
laiht4,GME,negative,0.7498
laihdz,GME,neutral,0.7463
laih8l,GME,neutral,0.6150
laignl,AMC,negative,0.9576
laign1,GME,neutral,0.6070
laifyg,GME,neutral,0.8514
laiemw,GME,negative,0.8995
laict1,GME,neutral,0.8576
laicb1,GME,neutral,0.7346
laicb1,TSLA,neutral,0.7346
laic8a,AMC,neutral,0.8557
laic11,GME,neutral,0.6391
laibtj,GME,neutral,0.6944
lai96g,GME,neutral,0.8527
lai796,AMC,neutral,0.9014
lai796,GME,neutral,0.9014
lai5xk,GME,neutral,0.6795
lai5qv,GME,neutral,0.8004
lai50c,AMC,neutral,0.8945
lai4ie,NVDA,neutral,0.8704
lai3qh,GME,neutral,0.9086
lai3ot,GME,neutral,0.8503
lai3oc,GME,negative,0.9045
lai3b5,GME,neutral,0.9253
lai30m,GME,neutral,0.8703
lai2cp,GME,neutral,0.9038
lai275,GME,neutral,0.8486
lai1hr,AMC,negative,0.4839
lai1hr,GME,negative,0.4839
lai1dk,GME,neutral,0.7854
lai15g,AMZN,positive,0.6608
lai0mb,AMC,neutral,0.8403
lai0mb,GME,neutral,0.8403
lai0du,AMC,neutral,0.8824
lahzob,AMC,neutral,0.5179
lahzob,GME,neutral,0.5179
lahzgb,GME,neutral,0.5210
lahygb,AMC,neutral,0.9151
lahygb,GME,neutral,0.9151
lahyg0,GME,positive,0.8453
lahy3i,GME,neutral,0.8042
lahw0f,GME,neutral,0.7326
lahvtf,GME,negative,0.9588
lahvcz,GME,negative,0.5787
lahv5y,AMC,neutral,0.8063
lahurr,GME,neutral,0.9234
lahuh1,GME,neutral,0.8348
lahtqu,GME,neutral,0.7941
lahso5,AMC,neutral,0.8664
lahso5,GME,neutral,0.8664
lahs5m,AMC,neutral,0.6694
lahpca,GME,positive,0.5596
lahol0,GME,neutral,0.9023
lahnek,GME,neutral,0.9427
lahmei,GME,neutral,0.7104
lahmei,GOOGL,neutral,0.7104
lahlxa,GME,neutral,0.5096
lahlre,GME,neutral,0.7188
lahla3,GME,neutral,0.9430
lahk8l,AMC,neutral,0.7753
lahk53,GME,neutral,0.9192
lahih0,GME,neutral,0.6596
lahib2,AMC,neutral,0.8574
lahib2,GME,neutral,0.8574
lahhg1,GME,negative,0.4931
lahgwj,AMZN,neutral,0.5910
lahgwj,AAPL,neutral,0.5910
lahgwj,GME,neutral,0.5910
lahgwj,TSLA,neutral,0.5910
lahflp,GME,neutral,0.8235
lahfh1,GME,neutral,0.8353
lahekn,GME,neutral,0.8682
laheh9,GME,neutral,0.8917
lahdbn,GME,positive,0.9252
lahcyj,GME,neutral,0.6399
lahcyj,GOOGL,neutral,0.6399
lahbub,GME,neutral,0.8984
lahcsd,AMC,neutral,0.6893
lahcsd,GME,neutral,0.6893
lahcsd,META,neutral,0.6893
lahckk,GME,neutral,0.9247
lahby4,GME,neutral,0.6628
lahby4,NVDA,neutral,0.6628
lahbuq,AMC,neutral,0.8766
lahbuq,GME,neutral,0.8766
lahbdv,GME,positive,0.6957
lahags,AMC,neutral,0.8434
laha43,AMZN,neutral,0.7524
laha43,GME,neutral,0.7524
lah8fb,GME,neutral,0.7475
lah86x,GME,neutral,0.5686
lah7e0,GME,neutral,0.8995
lah6si,GME,negative,0.6819
lah6br,AMC,neutral,0.8794
lah62y,GME,neutral,0.8280
lah5yf,AMC,positive,0.5959
lah5yf,GME,positive,0.5959
lah4st,GME,neutral,0.7212
lah4on,GME,negative,0.4909
lah33s,AMC,positive,0.9173
lah33s,GME,positive,0.9173
lah2q6,GME,neutral,0.6037
lah1uf,AMZN,neutral,0.9115
lah1uf,TSLA,neutral,0.9115
lah198,AMC,neutral,0.7931
lah17i,GME,neutral,0.4926
lah17i,TSLA,neutral,0.4926
lah0bi,GME,neutral,0.9142
lah00v,GME,neutral,0.8118
lagzcz,AMZN,neutral,0.7629
lagzcz,GME,neutral,0.7629
lagybk,GME,neutral,0.8014
lagxz0,GME,positive,0.5314
lagxz0,TSLA,positive,0.5314
lagxei,GME,neutral,0.6759
lagxco,GME,neutral,0.5219
lagwom,GME,neutral,0.8874
lagvo4,GME,neutral,0.8000
lagvnn,GME,neutral,0.9297
lagvjd,AMC,neutral,0.8588
lagvjd,GME,neutral,0.8588
lagusb,AMC,neutral,0.8766
lagusb,GME,neutral,0.8766
lagupp,GME,neutral,0.9024
lagtum,GME,neutral,0.8787
lagsgk,AMC,neutral,0.6197
lagsgk,GME,neutral,0.6197
lagpsd,GME,neutral,0.8799
lago66,GME,neutral,0.9147
lago11,GME,negative,0.6254
lagniw,GME,neutral,0.4960
lagmqg,GME,neutral,0.5554
lagmqg,TSLA,neutral,0.5554
lazd78,AMC,neutral,0.5966
lazbuv,GME,neutral,0.8266
laxjq6,GME,negative,0.8027
laz0dq,GME,neutral,0.8715
layqeh,GME,neutral,0.7882
layilo,GME,neutral,0.9284
laydeh,GME,neutral,0.8950
laydbl,AMC,negative,0.4791
layd4e,GME,neutral,0.8546
laycz7,AMC,neutral,0.7490
laycz7,GME,neutral,0.7490
laych7,GME,neutral,0.8209
laycdx,GME,negative,0.6531
layc9q,GME,positive,0.8494
layc40,GME,neutral,0.8863
laybw3,GME,neutral,0.9237
laybqz,GME,neutral,0.9366
layb2c,GME,neutral,0.8195
layags,AMC,neutral,0.5326
layags,GME,neutral,0.5326
lay9v0,GME,neutral,0.6238
lay9p7,AMC,neutral,0.7656
lay9p7,GME,neutral,0.7656
lay9bd,GME,negative,0.9444
lay9aw,AMC,neutral,0.9171
lay9aw,GME,neutral,0.9171
lay99l,GME,negative,0.4757
lay8v3,AMC,neutral,0.8851
lay8v3,AAPL,neutral,0.8851
lay8v3,GME,neutral,0.8851
lay8fw,GME,neutral,0.9352
lay808,GME,negative,0.5855
lay7rf,GME,neutral,0.7918
lay66k,GME,neutral,0.8802
lay61g,AMC,neutral,0.8760
lay615,AMC,neutral,0.7850
lay60m,AMC,neutral,0.9037
lay60m,GME,neutral,0.9037
lay60g,GME,neutral,0.8313
lay5wi,GME,negative,0.5117
lay5wi,TSLA,negative,0.5117
lay590,AMC,neutral,0.7847
lay44w,NFLX,positive,0.7840
lay3q2,GME,neutral,0.5857
lay36p,GME,neutral,0.9071
lay34y,AMC,neutral,0.8792
lay34y,GME,neutral,0.8792
lay346,GME,neutral,0.8991
lay2q2,GME,neutral,0.7401
lay2go,GME,neutral,0.8128
lay2gn,GME,neutral,0.9171
lay29a,GME,neutral,0.8757
lay1ve,GME,neutral,0.6374
lay1uz,GME,neutral,0.4959
lay14m,GME,neutral,0.8711
lay00w,AMC,negative,0.5397
lay00w,GME,negative,0.5397
laxz6v,GME,neutral,0.8987
laxyow,AMC,neutral,0.7687
laxyow,GME,neutral,0.7687
laxy57,GME,neutral,0.8386
laxxgj,GME,neutral,0.9212
laxwk2,GME,neutral,0.7988
laxw6s,AMC,neutral,0.6267
laxw30,GME,neutral,0.9032
laxvyc,AMC,neutral,0.8119
laxvxg,GME,neutral,0.9163
laxvwn,AMC,neutral,0.7308
laxvwn,GME,neutral,0.7308
laxviv,GME,neutral,0.8499
laxvim,AMC,neutral,0.8672
laxugq,GME,neutral,0.9338
laxu6p,GME,neutral,0.8795
laxse3,GME,positive,0.5491
laxs82,AMC,neutral,0.9515
laxs82,GME,neutral,0.9515
laxs7w,AMC,negative,0.5585
laxs7w,GME,negative,0.5585
laxr1q,AMC,neutral,0.6097
laxr1q,GME,neutral,0.6097
laxqrg,GME,neutral,0.8971
laxqgp,AMC,neutral,0.8255
laxqgp,GME,neutral,0.8255
laxpu7,AMC,positive,0.7138
laxp35,GME,neutral,0.9140
laxp6m,GME,neutral,0.7574
laxp6m,GOOGL,neutral,0.7574
laxoyy,GME,neutral,0.4941
laxokl,GME,neutral,0.4951
laxncm,GME,neutral,0.7784
laxn53,GME,negative,0.4717
laxmtw,GME,neutral,0.9178
laxmrm,AMC,neutral,0.8210
laxmiw,GME,neutral,0.8461
laxlxr,GME,neutral,0.7291
laxlet,GME,neutral,0.8287
laxlbd,GME,neutral,0.9172
laxl43,GME,neutral,0.8966
laxkpn,AMC,neutral,0.9043
laxkkn,GME,neutral,0.7138
laxkj2,GME,neutral,0.6278
laxk3i,AMC,negative,0.6119
laxjli,GME,neutral,0.8712
laxjli,NFLX,neutral,0.8712
lb0ukp,AMC,neutral,0.9085
lb0ukp,GME,neutral,0.9085
lb0qh7,GME,neutral,0.8635
lb0lzy,AMC,neutral,0.7309
lb0lzy,GME,neutral,0.7309
lb0irj,GME,neutral,0.9093
lazqjr,GME,neutral,0.8417
layu32,GME,neutral,0.8557
layid3,AMC,neutral,0.6021
layict,TSLA,negative,0.7163
layic7,AMC,negative,0.9026
layib4,AMC,neutral,0.9280
layib4,GME,neutral,0.9280
layiac,GME,neutral,0.6615
layi8c,GME,neutral,0.8301
layi88,GME,neutral,0.6903
layi88,NFLX,neutral,0.6903
layi7v,AMC,neutral,0.8383
layi7v,GME,neutral,0.8383
layi7k,GME,neutral,0.4861
layi6f,GME,neutral,0.7802
layi3n,AMC,neutral,0.9356
layi38,AMC,negative,0.8977
layi2w,GME,neutral,0.9039
layi0z,AMC,negative,0.9561
layi0z,GME,negative,0.9561
layi0n,AMC,neutral,0.5574
layi0d,GME,neutral,0.7922
layhz1,GME,neutral,0.9350
layhyj,AMC,neutral,0.6377
layhyj,GME,neutral,0.6377
layhxp,AMC,neutral,0.9244
layhvm,AMC,neutral,0.5682
layhtb,AMC,neutral,0.9401
layhrw,GME,neutral,0.8578
layhrd,AMC,neutral,0.6941
layhrd,GME,neutral,0.6941
layhr1,GME,neutral,0.4769
layhmm,AMC,neutral,0.7683
layhlo,GME,neutral,0.6261
layhl5,GME,neutral,0.8433
layhja,AMC,neutral,0.4945
layhi8,AMC,positive,0.5685
layhi8,GME,positive,0.5685
layhhz,AMC,neutral,0.7494
layhhz,GME,neutral,0.7494
layhh1,GME,negative,0.9208
layhee,AMC,negative,0.8627
layhe6,GME,neutral,0.8900
layhdz,AMC,neutral,0.8723
layhdz,GME,neutral,0.8723
layhce,GME,neutral,0.6561
layhbs,AMC,neutral,0.9168
layha8,GME,neutral,0.9048
layh7u,AMC,neutral,0.8688
layh7u,GME,neutral,0.8688
layh67,GME,neutral,0.8300
layh55,GME,neutral,0.9127
layh3y,AMC,neutral,0.9011
layh3y,GME,neutral,0.9011
layh3u,AMC,negative,0.8093
layh3u,GME,negative,0.8093
layh2n,AMC,neutral,0.6508
layh20,GME,negative,0.9118
layh1t,GME,neutral,0.9441
layh1d,GME,neutral,0.9216
layh0d,GME,neutral,0.8629
laygyg,GME,neutral,0.9155
laygx5,GME,negative,0.7997
laygvo,GME,neutral,0.7589
laygv0,GME,neutral,0.8486
layguq,AMC,negative,0.9461
layguq,GME,negative,0.9461
laygto,GME,neutral,0.9065
laygsc,AMC,neutral,0.7621
laygoa,GME,neutral,0.9354
layfrh,AMC,neutral,0.6572
layfow,GME,neutral,0.9058
layfj4,AMC,neutral,0.8821
layfj4,GME,neutral,0.8821
layffa,GME,neutral,0.8860
layff2,GME,neutral,0.8814
layfao,AMC,positive,0.8618
layf9z,GME,neutral,0.9257
layend,GME,neutral,0.8400
laydwz,GME,neutral,0.7548
laydp8,AMC,neutral,0.8048
laydp8,GME,neutral,0.8048
lb20h1,GME,neutral,0.7799
lb0xg0,GME,neutral,0.9320
lazqj5,GME,neutral,0.9298
lazo0s,AMC,neutral,0.7386
lazo0s,GME,neutral,0.7386
laymcb,AMC,neutral,0.5827
laymbl,GME,neutral,0.7782
laymal,AMC,neutral,0.9274
laymal,GME,neutral,0.9274
laymal,TSLA,neutral,0.9274
laym7g,AMC,neutral,0.7597
laym74,GME,negative,0.8177
laym6g,GME,neutral,0.8745
laym68,AMC,neutral,0.9053
laym68,GME,neutral,0.9053
laym4z,AMC,negative,0.8995
laym4k,GME,neutral,0.8665
laym44,AMC,neutral,0.8602
laym3o,AMC,neutral,0.8992
laym3o,GME,neutral,0.8992
laym33,TSLA,negative,0.4509
laym25,GME,neutral,0.9234
laym1c,GME,neutral,0.8407
laym01,GME,neutral,0.9119
laylyw,GME,neutral,0.6660
laylyr,ORCL,neutral,0.8831
layly7,GME,neutral,0.8917
laylx5,AMC,neutral,0.7314
laylx5,GME,neutral,0.7314
laylvy,AMC,neutral,0.9315
laylul,GME,neutral,0.9390
laylu2,AMC,neutral,0.8953
laylu2,GME,neutral,0.8953
laylsx,AMC,neutral,0.4860
laylsx,GME,neutral,0.4860
laylsv,GME,neutral,0.8883
laylqy,AMC,neutral,0.7794
laylqy,GME,neutral,0.7794
laylqn,GME,neutral,0.5269
laylq5,AMC,negative,0.9030
laylq5,GME,negative,0.9030
laylpa,GME,neutral,0.5007
laylod,AMC,neutral,0.8487
laylod,GME,neutral,0.8487
laylns,AMC,neutral,0.7819
laylkv,GME,negative,0.4846
laylkr,GME,negative,0.5967
laylhs,GME,neutral,0.8209
laylga,GME,neutral,0.9159
layle7,GME,negative,0.6189
layldu,AMC,neutral,0.8405
layldu,GME,neutral,0.8405
layldm,AMC,neutral,0.8794
laylcj,GME,neutral,0.8575
laylca,AMC,neutral,0.6561
laylca,GME,neutral,0.6561
laylaj,GME,neutral,0.8903
layla9,GME,neutral,0.5616
layl90,AMC,neutral,0.8645
layl90,GME,neutral,0.8645
layl8p,AMC,neutral,0.9061
layl8p,GME,neutral,0.9061
layl77,GME,neutral,0.7798
layl6n,GME,negative,0.5355
layl3n,GME,neutral,0.8582
layl2c,GME,negative,0.8642
layl1r,AMC,neutral,0.8878
laykxx,GME,neutral,0.9205
laykwo,GME,neutral,0.9292
laykw5,AMC,neutral,0.7691
laykvd,GME,neutral,0.6946
layksy,GME,neutral,0.7444
layksm,GME,neutral,0.9039
laykpf,GME,neutral,0.8905
laykp6,GME,negative,0.7218
laykp1,GME,neutral,0.9320
laykom,GME,neutral,0.9236
laykod,AMC,neutral,0.6580
layko2,AMC,neutral,0.9081
laykn4,GME,neutral,0.5239
laykm1,AMC,neutral,0.7957
laykm1,GME,neutral,0.7957
laykl0,AMC,neutral,0.8482
laykl0,GME,neutral,0.8482
laykjw,AMC,negative,0.4987
laykjw,GME,negative,0.4987
laykh5,GME,neutral,0.9267
laykfs,GME,neutral,0.8314
laykf3,GME,neutral,0.5072
laykev,GME,negative,0.4925
laykes,AMC,neutral,0.9075
laykem,GME,neutral,0.8955
laykei,AMC,neutral,0.8571
laykeh,GME,neutral,0.8521
layke4,GME,negative,0.8992
laykbj,AMC,neutral,0.7404
laykbj,GME,neutral,0.7404
layk9t,AMC,neutral,0.8390
layk9b,GME,negative,0.7422
layk95,GME,neutral,0.4968
layk8x,GME,negative,0.9215
layk8d,GME,neutral,0.8275
layk6i,AMC,negative,0.6762
layk6i,GME,negative,0.6762
layk62,GME,neutral,0.9036
layk5y,AMC,neutral,0.5167
layk5y,GME,neutral,0.5167
layk5k,GME,neutral,0.7709
layk56,GME,neutral,0.8972
layk51,AMC,neutral,0.8478
layk3l,AMC,neutral,0.8196
layk2o,AMC,neutral,0.9034
layk0p,AMC,neutral,0.8052
layjzn,AMC,neutral,0.9080
layjwr,GME,neutral,0.7735
layju1,AMC,neutral,0.9350
layjsk,GME,neutral,0.7920
layjre,GME,neutral,0.9097
layjqa,GME,neutral,0.9150
layjpe,AMC,neutral,0.6307
layjmi,GME,neutral,0.6497
layjke,GME,neutral,0.8878
layjih,GME,neutral,0.9084
layjia,GME,neutral,0.9285
layjf3,AMC,neutral,0.7797
layj90,AMC,neutral,0.9282
layj8s,GME,neutral,0.4886
layj2p,GME,positive,0.7849
layj16,GME,neutral,0.6985
layj0c,AMC,neutral,0.5006
layj0c,GME,neutral,0.5006
layiz6,AMC,neutral,0.6895
layiz6,GME,neutral,0.6895
layiyw,GME,negative,0.6533
layiyo,GME,neutral,0.8503
layixu,GME,neutral,0.9016
layiwt,AMC,negative,0.7343
layiwt,GME,negative,0.7343
layipu,AMC,neutral,0.8820
layipu,GME,neutral,0.8820
layink,GME,neutral,0.9244
layimo,GME,neutral,0.9379
layils,AMC,neutral,0.9443
layils,GME,neutral,0.9443
layil8,GME,neutral,0.9395
layikr,AMC,neutral,0.7327
layikr,GME,neutral,0.7327
layigl,AMC,negative,0.7105
layigc,GME,neutral,0.9025
lb46hc,AMC,neutral,0.6058
lb45d0,AMC,neutral,0.6891
lb452f,GME,neutral,0.8991
lb44e9,TSLA,neutral,0.8124
lb43n2,AMC,negative,0.6376
lb43mn,GME,neutral,0.8224
lb43iu,AMC,neutral,0.9069
lb43iu,GME,neutral,0.9069
lb42zk,GME,negative,0.6656
lb41tw,GME,neutral,0.9233
lb41kq,GME,neutral,0.6763
lb40lz,GME,neutral,0.9091
lb3yko,AMC,negative,0.6169
lb3yko,GME,negative,0.6169
lb3ycs,GME,neutral,0.9105
lb3y0v,AMC,neutral,0.8886
lb3y0v,GME,neutral,0.8886
lb3xnc,GME,neutral,0.9016
lb3xnc,GOOGL,neutral,0.9016
lb3xlh,GME,neutral,0.5559
lb3x4j,GME,neutral,0.9039
lb3wtu,AMC,neutral,0.8747
lb3wtu,GME,neutral,0.8747
lb3wlj,GME,neutral,0.8628
lb3vc5,GME,negative,0.6388
lb3v8m,AMC,negative,0.6257
lb3v8m,GME,negative,0.6257
lb3v8m,TSLA,negative,0.6257
lb3uu3,GME,neutral,0.8491
lb3udi,GME,neutral,0.9236
lb3u6t,GME,neutral,0.9041
lb3tz7,GME,neutral,0.7788
lb3sut,GME,neutral,0.7064
lb3s12,GME,neutral,0.8419
lb3qzh,AMC,neutral,0.6619
lb3qzh,GME,neutral,0.6619
lb3qcg,GME,neutral,0.8963
lb3pns,AAPL,neutral,0.8106
lb3pns,GME,neutral,0.8106
lb3mxf,GME,neutral,0.9099
lb3mkn,AMC,neutral,0.9205
lb3mcv,GME,neutral,0.7930
lb3j65,GME,neutral,0.8587
lb3ia1,AMC,neutral,0.8518
lb3hu2,GME,neutral,0.7820
lb3hb2,GME,negative,0.6120
lb3h5j,GME,neutral,0.8609
lb3gkq,GME,neutral,0.8881
lb3fjj,GME,neutral,0.7701
lb3fjj,TSLA,neutral,0.7701
lb3enb,AMC,neutral,0.6044
lb3da0,GME,neutral,0.9014
lb3da0,NVDA,neutral,0.9014
lb3cn9,GME,negative,0.6486
lb3cn8,GME,negative,0.5544
lb3c4s,AMC,neutral,0.9285
lb3c4s,GME,neutral,0.9285
lb3c4s,NFLX,neutral,0.9285
lb3boz,GME,neutral,0.6903
lb3b2j,GME,neutral,0.8765
lb3aw0,GME,neutral,0.8916
lb397r,GME,neutral,0.8884
lb38ym,GME,neutral,0.6092
lb36i9,GME,neutral,0.8152
lb35zp,GME,neutral,0.7056
lb35zp,GOOGL,neutral,0.7056
lb349c,GME,neutral,0.5505
lb337f,GME,neutral,0.8556
lb333g,GME,neutral,0.8932
lb331a,GME,neutral,0.8189
lb331a,TSLA,neutral,0.8189
lb31g9,GME,neutral,0.8346
lb30os,GME,neutral,0.9224
lb30gp,AAPL,neutral,0.9165
lb30gp,GME,neutral,0.9165
lb30gp,ORCL,neutral,0.9165
lb300m,GME,neutral,0.8229
lb3004,GME,neutral,0.9207
lb2zyw,GME,neutral,0.7813
lb2zuc,GME,neutral,0.8778
lb2zc6,AMZN,neutral,0.8556
lb2zbw,GME,neutral,0.8794
lb2zbw,GOOGL,neutral,0.8794
lb2xv3,GME,negative,0.9538
lb2w6o,AMC,neutral,0.4981
lb2w6o,GME,neutral,0.4981
lb2uon,GME,neutral,0.6924
lb2uog,GME,neutral,0.8341
lb2u9f,GME,neutral,0.8353
lb2tro,AMC,neutral,0.7457
lb2tro,GME,neutral,0.7457
lb2shx,GME,neutral,0.8179
lb2rjt,GME,neutral,0.8983
lb2mfm,GME,neutral,0.9082
lb2kxv,GME,negative,0.6690
lb2jdp,AMC,neutral,0.9397
lb2jdp,GME,neutral,0.9397
lb2idb,GME,neutral,0.7976
lb2hch,AMC,neutral,0.7984
lb2gme,GME,neutral,0.9188
lb2g4n,GME,neutral,0.9194
lb2fxn,AMC,positive,0.8691
lb2db4,AMC,neutral,0.5235
lb2db4,GME,neutral,0.5235
lb2d75,AMC,neutral,0.8989
lb2d75,GME,neutral,0.8989
lb2bza,GME,neutral,0.9422
lb2bev,GME,neutral,0.8416
lb2bbq,GME,neutral,0.6269
lb29x3,GME,negative,0.9150
lb291x,GME,positive,0.6296
lb28ly,GME,neutral,0.8169
lb28br,AMC,neutral,0.8437
lb28br,GME,neutral,0.8437
lb27ue,GME,neutral,0.8213
lb2708,TSLA,neutral,0.9059
lb26mh,GME,neutral,0.7461
lb263m,GME,negative,0.5207
lb25t8,AAPL,neutral,0.8836
lb25t8,TSLA,neutral,0.8836
lb25t8,AMC,neutral,0.8836
lb25t8,AMZN,neutral,0.8836
lb25t8,GME,neutral,0.8836
lb24u8,GME,neutral,0.7912
lb24jd,AMC,neutral,0.8174
lb230o,AMC,neutral,0.8109
lb230o,GME,neutral,0.8109
lb22yj,GME,neutral,0.5772
lb223q,GME,neutral,0.8134
lb220o,AMC,neutral,0.7188
lb220d,GME,neutral,0.8146
lb21a6,GME,neutral,0.8937
lb215c,GME,negative,0.8481
lb20ea,AMC,neutral,0.8243
lb206t,GME,negative,0.9479
lb1yuh,GME,negative,0.7382
lb1yqg,GME,negative,0.4685
lb1ypa,GME,neutral,0.8344
lb1yoy,AMC,neutral,0.7642
lb1yoy,GME,neutral,0.7642
lb1x9l,AMC,neutral,0.7285
lb1ujn,GME,neutral,0.7955
lb1uir,AMC,negative,0.5864
lb1uir,NFLX,negative,0.5864
lb1tk0,GME,neutral,0.8907
lb1swf,GME,positive,0.5407
lb1sm0,AMC,neutral,0.6507
lb1r4z,GME,neutral,0.7793
lb1qox,AMZN,neutral,0.9348
lb1qcv,GME,neutral,0.9462
lb1pnq,GME,neutral,0.8917
lb1pcw,AMC,neutral,0.7814
lb1pcw,GME,neutral,0.7814
lb1nxz,GME,neutral,0.8832
lb1n12,AMC,neutral,0.8344
lb1n12,GME,neutral,0.8344
lb1l5z,GME,neutral,0.7677
lb1kuq,TSLA,neutral,0.8610
lb1k6i,AMC,neutral,0.5414
lb1k6i,GME,neutral,0.5414
lb1j5e,GME,neutral,0.6950
lb1j4h,GME,neutral,0.7408
lb1i35,GME,negative,0.9252
lb1ggy,GME,neutral,0.9391
lb1fpy,GME,neutral,0.9244
lb1fpk,GME,negative,0.9553
lb1fh0,GME,neutral,0.6413
lb1ezs,GME,neutral,0.8688
lb1ev8,AMC,neutral,0.9331
lb1ev8,GME,neutral,0.9331
lb1dj8,GME,neutral,0.5848
lb1d8l,AMC,neutral,0.8525
lb1d8l,GME,neutral,0.8525
lb1cxe,GME,neutral,0.7111
lb1cwb,AMC,neutral,0.6452
lb1ba4,GME,neutral,0.9365
lb1b6w,GME,neutral,0.9313
lb1b61,GME,neutral,0.8757
lb1ahd,GME,neutral,0.9272
lb1a3i,GME,neutral,0.8607
lb19w9,AMC,negative,0.5028
lb18ww,GME,neutral,0.8612
lb18wk,AMC,neutral,0.8422
lb18q4,GME,neutral,0.8578
lb1646,AMC,neutral,0.8968
lb1646,GME,neutral,0.8968
lb15mz,GME,neutral,0.7657
lb15al,AMC,neutral,0.8158
lb15al,GME,neutral,0.8158
lb14nk,AMC,neutral,0.7030
lb14nk,GME,neutral,0.7030
lb14bp,GME,neutral,0.8827
lb12w5,AMC,neutral,0.9034
lb12g7,GME,neutral,0.8842
lb123h,GME,neutral,0.9290
lb11z4,GME,neutral,0.9097
lb0yx9,GME,neutral,0.9186
lb0yde,GME,neutral,0.9003
lb0xqb,TSLA,neutral,0.6416
lb0vya,GME,positive,0.9291
lb0vxj,GME,neutral,0.9006
lb0vwt,AMC,neutral,0.5468
lb0vwt,GME,neutral,0.5468
lb0v6y,GME,neutral,0.8486
lb0tw8,GME,neutral,0.6277
lb0ted,GME,neutral,0.6707
lb0swi,GME,neutral,0.9227
lb0smr,GME,neutral,0.7611
lb0sci,GME,neutral,0.6400
lb0rwe,GME,neutral,0.8495
lb0qkj,GME,neutral,0.8193
lb0o0o,GME,neutral,0.9293
lb0nok,AMC,neutral,0.8034
lb0mnn,AMC,neutral,0.9186
lb0lup,GME,neutral,0.8464
lb0l55,GME,neutral,0.7102
lb0l2j,GME,neutral,0.8970
lb0jqs,GME,neutral,0.8498
lb0jl5,GME,neutral,0.6649
lb0jdm,GME,neutral,0.8987
lb0j0u,AMC,neutral,0.8704
lb0hkr,GME,neutral,0.7371
lb0hb5,GME,neutral,0.9042
lb0gtt,GME,neutral,0.7211
lb0gin,GME,neutral,0.9061
lb0gcj,AMC,neutral,0.7095
lb0gcj,GME,neutral,0.7095
lb0gcj,GOOGL,neutral,0.7095
lb0gcj,AMZN,neutral,0.7095
lb0eey,GME,neutral,0.6137
lb0cg3,GME,neutral,0.7515
lb0cfk,GME,neutral,0.8770
lb0btt,GME,neutral,0.8675
lb0bn6,AMC,neutral,0.8979
lb0bbj,GME,neutral,0.6179
lb08iy,GME,neutral,0.8785
lb08dx,AMC,neutral,0.8196
lb08dx,GME,neutral,0.8196
lb077w,GME,neutral,0.9285
lb06bd,GME,negative,0.8240
lb04dp,AMC,positive,0.5629
lb04dp,GME,positive,0.5629
lb04cc,AMC,neutral,0.8876
lb04cc,GME,neutral,0.8876
lb03s5,GME,negative,0.7488
lb02kr,GME,negative,0.8557
lb02jt,GME,negative,0.8522
lb01ao,GME,neutral,0.7915
lb01tx,AMC,neutral,0.9440
lb01tx,GME,neutral,0.9440
lb012a,GME,neutral,0.9240
lb00xj,GME,neutral,0.9166
lazzj9,GME,neutral,0.8824
lazzaa,AMC,negative,0.7812
lazzaa,GME,negative,0.7812
lazxdi,AMC,neutral,0.9366
lazxdi,GME,neutral,0.9366
lazx0s,GME,neutral,0.9171
lazvzt,GME,neutral,0.8859
lazvu8,GME,neutral,0.9110
lazvex,AMC,positive,0.4983
lazvex,AMZN,positive,0.4983
lazv5e,GME,neutral,0.9279
lazulf,GME,neutral,0.7873
lazuc6,GME,neutral,0.7024
lazte3,GME,neutral,0.8997
lazsq2,AMC,neutral,0.7240
lazsq2,GME,neutral,0.7240
lazsig,AMC,neutral,0.8935
lazs70,GME,neutral,0.8254
lazr2u,GME,positive,0.8380
lazqyb,GME,neutral,0.9364
lazpvo,GME,neutral,0.9149
lazqlr,GME,neutral,0.7664
lazqjt,GME,neutral,0.6309
lazqgb,AMC,neutral,0.8872
lazqcs,GME,positive,0.7263
lazq24,AMC,neutral,0.8903
lazq24,GME,neutral,0.8903
lazpnq,GME,neutral,0.6532
lazphl,GME,negative,0.6140
lazopg,GME,positive,0.7852
lazo80,GME,neutral,0.8109
lazo3g,AMC,neutral,0.6614
laznyx,GME,neutral,0.9073
laznp2,GME,neutral,0.9131
laznjj,AMC,neutral,0.4964
laznjj,GME,neutral,0.4964
laznjj,AMZN,neutral,0.4964
lazmzy,AMC,neutral,0.8942
lazmzy,GME,neutral,0.8942
lazmpn,GME,neutral,0.9367
lazley,GME,neutral,0.7907
lazkzf,GME,neutral,0.8153
lazktn,GME,neutral,0.6308
lazkjw,AMZN,neutral,0.4987
lazkjw,GME,neutral,0.4987
lazjwo,GME,neutral,0.8720
lazju5,GME,neutral,0.5160
lazjre,GME,neutral,0.9062
lazj51,GME,neutral,0.8411
lazi36,GME,neutral,0.4977
lazhpl,GME,neutral,0.9467
lazh3i,GME,negative,0.6571
lazgbr,AMC,neutral,0.8284
lazgbr,GME,neutral,0.8284
lazg2l,GME,neutral,0.9189
lazfy7,GME,neutral,0.8195
lazfaq,GME,neutral,0.9292
lazf9t,GME,neutral,0.8832
lazeow,AMC,positive,0.5039
lazecs,AMC,neutral,0.7819
lazebg,AMC,neutral,0.8715
lazebg,GME,neutral,0.8715
laze9l,AMC,neutral,0.9297
laze9l,GME,neutral,0.9297
laze0o,AMC,neutral,0.9317
laze0o,GME,neutral,0.9317
lazdzn,GME,neutral,0.4960
lazdis,GME,neutral,0.8522
lazdff,GME,negative,0.8859
lazcyv,AMC,neutral,0.8404
lazcyv,GME,neutral,0.8404
lazca0,GME,neutral,0.6757
lazc8e,AMC,neutral,0.8315
lazb6g,AMC,neutral,0.7078
lazb6g,GME,neutral,0.7078
lazanv,AMC,neutral,0.8405
laza45,GME,negative,0.9466
laz9yu,AMC,neutral,0.6304
laz9yu,GME,neutral,0.6304
laz9tc,AMC,neutral,0.8412
laz9rr,AMC,neutral,0.7266
laz9hq,GME,neutral,0.6703
laz9g9,AMC,neutral,0.9103
laz9g9,GME,neutral,0.9103
laz8xo,GME,neutral,0.9066
laz8xo,TSLA,neutral,0.9066
laz8s3,GME,neutral,0.8054
laz8s3,GOOGL,neutral,0.8054
laz8m9,AMC,neutral,0.8520
laz8m9,GME,neutral,0.8520
laz8m9,NFLX,neutral,0.8520
laz7rh,AMC,neutral,0.7751
laz7rh,GME,neutral,0.7751
laz7ga,GME,negative,0.4735
laz71m,GME,neutral,0.7722
laz6mk,GME,neutral,0.9226
laz6jl,GME,neutral,0.8665
laz6hj,AMC,neutral,0.8702
laz6a0,AMC,neutral,0.8460
laz6a0,GME,neutral,0.8460
laz64c,GME,neutral,0.6522
laz62j,AMC,neutral,0.9083
laz62j,GME,neutral,0.9083
laz5gw,AMC,neutral,0.8873
laz58l,GME,neutral,0.7719
laz4zq,AMC,neutral,0.7110
laz4zq,GME,neutral,0.7110
laz4rm,GME,neutral,0.8308
laz3vf,AMC,negative,0.5896
laz3vf,GME,negative,0.5896
laz3gt,AMC,neutral,0.8627
laz3gg,GME,neutral,0.7074
laz2yh,GME,neutral,0.9301
laz2wy,GME,neutral,0.6150
laz2uw,GME,neutral,0.9051
laz2ie,AMC,neutral,0.8730
laz2i3,AMC,neutral,0.9445
laz2i3,GME,neutral,0.9445
laz23z,GME,neutral,0.8643
laz1y7,GME,neutral,0.8987
laz1uc,AMC,neutral,0.9336
laz1nr,AMC,neutral,0.7035
laz1iy,AMC,neutral,0.7728
laz03b,GME,neutral,0.5074
layzyq,GME,neutral,0.9392
layzsw,GME,neutral,0.5724
layyqm,AMC,neutral,0.7075
layy9u,AMC,neutral,0.8465
layy9u,GME,neutral,0.8465
layy3t,AMC,neutral,0.6884
layxy9,GME,neutral,0.9289
layxmy,GME,neutral,0.8123
layxh9,GME,neutral,0.7173
layx2t,GME,neutral,0.9314
laywzo,GME,positive,0.5713
laywz5,AMC,neutral,0.9050
laywz5,GME,neutral,0.9050
laywsh,GME,neutral,0.9142
laywp8,GME,negative,0.8011
laywkt,GME,neutral,0.8975
laywj3,GME,positive,0.7927
laywe3,GME,neutral,0.9355
layw9x,AMC,neutral,0.8450
layw9m,GME,neutral,0.8818
layw2m,GME,neutral,0.7643
layv40,GME,negative,0.8895
layv39,GME,neutral,0.8790
layuxv,GME,neutral,0.9435
layu4d,GME,neutral,0.8511
layu0p,GME,neutral,0.9142
layrib,AMC,neutral,0.7431
layrao,GME,negative,0.8780
layr40,AMC,neutral,0.9198
layr3d,GME,neutral,0.8797
layqji,AMC,neutral,0.8227
layprf,AMC,positive,0.9481
laypn6,GME,neutral,0.8485
layp6g,GME,neutral,0.8891
layow3,GME,neutral,0.5835
layow3,GOOGL,neutral,0.5835
layopt,GME,neutral,0.8211
laynv1,GME,neutral,0.6940
laynuc,GME,neutral,0.8885
laymn9,AMC,neutral,0.8019
laymjv,GME,neutral,0.7662
laymjd,GME,neutral,0.9182
laymit,AMC,neutral,0.7844
laymi9,AMC,negative,0.6073
laymi9,GME,negative,0.6073
lbiuoe,GME,neutral,0.9343
lbhd7j,GME,neutral,0.7541
lbgl3o,GME,neutral,0.5527
lbfjxs,GME,negative,0.7001
lbd3do,GME,neutral,0.7809
lbbyp4,GME,neutral,0.8973
lb828h,AMC,neutral,0.9389
lb8275,AMC,neutral,0.5574
lb8275,GME,neutral,0.5574
lb824r,AMC,neutral,0.6058
lb7zxn,AMC,neutral,0.9288
lb7zxn,GME,neutral,0.9288
lb7z48,GME,neutral,0.6896
lb7wcn,GME,negative,0.9353
lb7vn0,GME,neutral,0.9085
lb7uvx,GME,neutral,0.4932
lb7uj0,AMC,negative,0.6619
lb7svw,AMZN,neutral,0.9173
lb7svw,GME,neutral,0.9173
lb7rg4,GME,neutral,0.9249
lb7qe8,AMC,neutral,0.8811
lb7qe8,GME,neutral,0.8811
lb7ovu,AMC,neutral,0.9215
lb7ogl,AMZN,neutral,0.8490
lb7ndd,GME,neutral,0.7683
lb7ndd,TSLA,neutral,0.7683
lb7ks4,GME,neutral,0.7448
lb7kc3,GME,neutral,0.7869
lb7kdi,GME,neutral,0.8633
lb7hwb,AMC,neutral,0.9303
lb7ht7,AMC,neutral,0.6656
lb7ht7,GME,neutral,0.6656
lb7hbj,AMC,neutral,0.9011
lb7hbj,GME,neutral,0.9011
lb7g3q,GME,neutral,0.8552
lb7gmq,AMC,neutral,0.5416
lb7gmq,GME,neutral,0.5416
lb7ej9,GME,negative,0.9603
lb7e8m,AMC,neutral,0.6620
lb7cbu,GME,neutral,0.8267
lb7df9,GME,neutral,0.7287
lb7cx0,AMC,neutral,0.9327
lb7cww,AMC,neutral,0.8219
lb7cww,GME,neutral,0.8219
lb7btz,GME,neutral,0.7951
lb7ben,GME,neutral,0.8844
lb7bei,GME,neutral,0.7767
lb7azn,AMC,neutral,0.8783
lb7azn,GME,neutral,0.8783
lb7awd,GME,negative,0.6773
lb7agn,GME,neutral,0.8659
lb79g8,AMC,neutral,0.9150
lb79g8,GME,neutral,0.9150
lb5muo,GME,neutral,0.7853
lbno7y,GME,neutral,0.7997
lbnb2t,GME,positive,0.7900
lbmml1,GME,negative,0.5959
lbm4fr,AMC,neutral,0.9375
lbm4fr,GME,neutral,0.9375
lbf8y0,GME,neutral,0.7726
lbeyag,AMZN,neutral,0.6130
lbex1o,GME,neutral,0.9231
lbew0u,GME,neutral,0.7847
lbeut3,GME,neutral,0.8557
lbetc7,META,neutral,0.9053
lbetc7,GME,neutral,0.9053
lbessq,AMC,neutral,0.9198
lberup,GME,neutral,0.7807
lberoe,AMC,neutral,0.7167
lbercy,AMZN,neutral,0.7579
lbercy,AAPL,neutral,0.7579
lbercy,GME,neutral,0.7579
lbercy,GOOGL,neutral,0.7579
lbeqzn,AMC,neutral,0.8682
lber4x,AMC,neutral,0.8148
lber4x,GME,neutral,0.8148
lbeps1,GME,neutral,0.8184
lbeo0h,GME,neutral,0.8538
lben8o,AMZN,neutral,0.9302
lbemgl,GME,neutral,0.7920
lbejix,GME,neutral,0.9298
lbeif7,GME,neutral,0.9146
lbegxp,AMC,neutral,0.9196
lbegsv,GME,neutral,0.7381
lbefe9,AMC,positive,0.3843
lbefe9,GME,positive,0.3843
lbee8k,GME,neutral,0.8148
lbedlo,GME,neutral,0.6919
lbebt6,AMC,neutral,0.7419
lbebt6,GOOGL,neutral,0.7419
lbebok,GME,neutral,0.8990
lbebfl,GME,neutral,0.5843
lbeb9d,GME,neutral,0.8896
lbeap6,GME,neutral,0.8530
lbe89p,GME,neutral,0.6747
lbe85k,GOOGL,neutral,0.8924
lbe80d,GME,neutral,0.6470
lbe5zr,AMC,neutral,0.9110
lbe5zr,GME,neutral,0.9110
lbe5m0,GME,neutral,0.7282
lbe2z6,GME,positive,0.4510
lbe1uw,AMC,neutral,0.8965
lbdz2e,GME,neutral,0.7211
lbdxiy,GME,neutral,0.6091
lbduj2,AMC,neutral,0.5669
lbduj2,GME,neutral,0.5669
lbdta9,AMC,neutral,0.8504
lbdt9q,GME,neutral,0.8458
lbdsei,GME,neutral,0.9120
lbds1e,GME,neutral,0.8139
lbdqyf,GME,neutral,0.7408
lbdqn1,GME,negative,0.6507
lbdq28,AMZN,neutral,0.7350
lbdq28,GME,neutral,0.7350
lbdpbr,GME,negative,0.8346
lbdosp,GME,neutral,0.7906
lbdo3o,GME,negative,0.5247
lbdmaw,AMC,neutral,0.8948
lbdmaw,GME,neutral,0.8948
lbdmaw,NFLX,neutral,0.8948
lbdmaw,GOOGL,neutral,0.8948
lbdm2t,GME,neutral,0.8897
lbdlan,AMC,neutral,0.8822
lbdlan,GME,neutral,0.8822
lbdka3,GME,neutral,0.7724
lbdi8m,AAPL,neutral,0.6658
lbdi8m,GME,neutral,0.6658
lbdi8m,TSLA,neutral,0.6658
lbdgym,AMZN,neutral,0.9340
lbdfh5,GME,neutral,0.8729
lbdd1e,GME,negative,0.9007
lbdchj,AMC,neutral,0.8046
lbdchj,GME,neutral,0.8046
lbdbhz,GME,neutral,0.9254
lbdb8b,AMC,neutral,0.8856
lbdb8b,GME,neutral,0.8856
lbdagb,GME,negative,0.5039
lbdaf6,AMC,neutral,0.6901
lbdaf6,GME,neutral,0.6901
lbd9pt,AMZN,neutral,0.9015
lbd9pt,GME,neutral,0.9015
lbd99k,GME,neutral,0.8347
lbd8rq,GME,positive,0.8190
lbd8am,GME,neutral,0.8766
lbd8am,TSLA,neutral,0.8766
lbd5vx,GME,neutral,0.8842
lbd2oj,GOOGL,positive,0.5484
lbd2oj,MSFT,positive,0.5484
lbd2oj,NFLX,positive,0.5484
lbd16x,GME,neutral,0.9196
lbd0oh,GME,neutral,0.5207
lbcwv1,AMC,neutral,0.7554
lbcwv1,GME,neutral,0.7554
lbcwf4,AMC,neutral,0.8750
lbcs7g,AMZN,neutral,0.7116
lbcs7g,AAPL,neutral,0.7116
lbcs7g,META,neutral,0.7116
lbcrx1,GME,neutral,0.6996
lbcruc,AMC,neutral,0.8278
lbcruc,GME,neutral,0.8278
lbcr4r,GME,neutral,0.7068
lbcr7c,AMC,neutral,0.8031
lbcr7c,GME,neutral,0.8031
lbcque,GME,neutral,0.8590
lbcqq4,GME,negative,0.7324
lbco6z,GME,neutral,0.6288
lbcnw8,AMC,neutral,0.5490
lbcmu5,AMC,neutral,0.8020
lbcmu5,GME,neutral,0.8020
lbcme3,GME,neutral,0.9041
lbcin7,GME,neutral,0.8006
lbcin7,TSLA,neutral,0.8006
lbchto,GME,neutral,0.8531
lbchd5,AMC,neutral,0.8504
lbceye,GME,neutral,0.8573
lbcd9m,AMC,neutral,0.7045
lbcd9m,GME,neutral,0.7045
lbcc2e,AMC,neutral,0.5817
lbc758,AMZN,neutral,0.8586
lbc758,GME,neutral,0.8586
lbc6hz,AMC,neutral,0.8645
lbc6hz,GME,neutral,0.8645
lbc6aa,GME,neutral,0.9078
lbc61s,GME,positive,0.6839
lbc5gq,GME,neutral,0.7944
lbc4s3,GME,neutral,0.8751
lbc3o3,GME,neutral,0.9089
lbc19a,GME,neutral,0.8421
lbbxmt,AMC,neutral,0.8813
lbbxmt,GME,neutral,0.8813
lbbuts,GME,neutral,0.8853
lbbur3,AMC,negative,0.5198
lbbur3,GME,negative,0.5198
lbbtzq,GME,negative,0.8365
lbbsoc,GME,negative,0.9438
lbbskk,GME,neutral,0.5090
lbbshu,AMC,neutral,0.8745
lbbshu,GME,neutral,0.8745
lbbs9v,GME,neutral,0.8919
lbbs3n,GME,neutral,0.7693
lbbrud,AMC,negative,0.9452
lbbrud,GME,negative,0.9452
lbbqrq,GME,neutral,0.5860
lbbq16,AMC,negative,0.9151
lbbq16,GME,negative,0.9151
lbbq08,GME,neutral,0.9242
lbbpvv,GME,neutral,0.6712
lbbpdd,GME,negative,0.8590
lbbp14,GME,negative,0.7945
lbboa5,GME,neutral,0.8865
lbbnwd,GME,neutral,0.4732
lbbmx5,GME,neutral,0.7715
lbbmaz,AMC,neutral,0.9268
lbbmaz,GME,neutral,0.9268
lbbls8,GME,negative,0.5138
lbbjtz,AMC,neutral,0.8580
lbbjtz,GME,neutral,0.8580
lbbgo4,GME,neutral,0.8789
lbbfcs,GME,neutral,0.7290
lbbdux,GME,neutral,0.9035
lbbctz,GME,neutral,0.8925
lbbcmv,GME,neutral,0.7757
lbbc98,GME,positive,0.7537
lbbc98,TSLA,positive,0.7537
lbb9ti,GME,neutral,0.8980
lbb9qk,GME,neutral,0.7696
lbb9dw,AMC,neutral,0.5491
lbb8pw,GME,neutral,0.8504
lbb7zb,GME,neutral,0.4637
lbb5kn,GME,neutral,0.9339
lbb4hd,AMC,neutral,0.7774
lbb4fj,AAPL,neutral,0.8811
lbb4fj,GME,neutral,0.8811
lbb4fj,TSLA,neutral,0.8811
lbb4fj,NVDA,neutral,0.8811
lbb2nx,GME,neutral,0.7086
lbb145,GME,negative,0.5276
lbb0s9,GME,neutral,0.8695
lbb03w,GME,negative,0.9498
lbaww3,AMC,neutral,0.9028
lbaww3,GME,neutral,0.9028
lbawak,GME,negative,0.8493
lbavu0,GME,neutral,0.7797
lbauct,AMC,neutral,0.6396
lbauct,GOOGL,neutral,0.6396
lbauct,NFLX,neutral,0.6396
lbauct,AMZN,neutral,0.6396
lbatni,GME,neutral,0.8842
lbassf,GME,neutral,0.9012
lbarj0,GME,neutral,0.7571
lbar6v,GME,negative,0.6932
lbar6v,TSLA,negative,0.6932
lbapl3,AMC,negative,0.8414
lbaobk,GME,neutral,0.6627
lbanq5,AMC,negative,0.7202
lbanq5,GME,negative,0.7202
lbanld,GME,neutral,0.8768
lbamth,AMC,neutral,0.8804
lbamth,GME,neutral,0.8804
lbalrv,GME,neutral,0.9073
lbaktb,AMC,neutral,0.8861
lbaktb,GME,neutral,0.8861
lbaj0m,AMC,neutral,0.7891
lbaj0m,GME,neutral,0.7891
lbah8c,AMC,negative,0.5348
lbah8c,GME,negative,0.5348
lbagpn,AMC,positive,0.8166
lbadrc,GME,neutral,0.8363
lbacsv,AMC,neutral,0.8514
lbacsv,GME,neutral,0.8514
lbabdb,AAPL,neutral,0.7860
lbabdb,NFLX,neutral,0.7860
lbabau,AMC,neutral,0.8664
lbabau,GME,neutral,0.8664
lbaai3,GME,neutral,0.7014
lba8fu,AMC,positive,0.8664
lba8fu,GME,positive,0.8664
lba7x5,GME,neutral,0.8293
lba7ag,GME,neutral,0.8826
lba5qt,GME,neutral,0.8361
lba51j,AMC,neutral,0.8772
lba51j,GME,neutral,0.8772
lba42r,AMC,neutral,0.8900
lba42r,GME,neutral,0.8900
lba211,GME,neutral,0.8114
lba0no,GME,neutral,0.8726
lb9zsz,GME,neutral,0.9173
lb9v5v,GME,neutral,0.7887
lb9uiz,AMC,neutral,0.9013
lb9uiz,GME,neutral,0.9013
lb9tir,GME,neutral,0.9302
lb9rxg,AMC,neutral,0.7640
lb9rmm,AMC,negative,0.6557
lb9rmm,GME,negative,0.6557
lb9qcm,GME,negative,0.8773
lb9mum,GME,neutral,0.8470
lb9kl6,AMC,neutral,0.9228
lb9kl6,GME,neutral,0.9228
lb9jri,GME,neutral,0.9370
lb9j84,AMC,neutral,0.8651
lb9j2l,AMC,neutral,0.7692
lb9j2l,GME,neutral,0.7692
lb9j2l,META,neutral,0.7692
lb9hl6,GME,neutral,0.8514
lb9gdn,GME,negative,0.5150
lb9fpo,TSLA,neutral,0.7934
lb9exu,GME,positive,0.7863
lb9cjy,GME,negative,0.9570
lb9bsr,GME,neutral,0.9215
lb9a34,GME,neutral,0.7134
lb99vr,GME,neutral,0.6744
lb992v,GME,neutral,0.8517
lb98iz,AMC,neutral,0.7705
lb98iz,GME,neutral,0.7705
lb98i8,AMZN,neutral,0.7818
lb988m,GME,negative,0.7941
lb97wx,GME,neutral,0.8752
lb95y6,GME,neutral,0.6962
lb95rk,GME,neutral,0.8914
lb950u,GME,positive,0.8544
lb942r,GME,neutral,0.8753
lb941t,AMC,neutral,0.8685
lb92v6,GME,neutral,0.7298
lb8zke,GME,neutral,0.8779
lb8zfz,GME,neutral,0.8578
lb8z54,GME,neutral,0.7779
lb8x9f,GME,neutral,0.7747
lb8w03,AMC,neutral,0.9191
lb8w03,GME,neutral,0.9191
lb8tvy,GME,neutral,0.9394
lb8tcx,GME,neutral,0.7219
lb8n69,GME,positive,0.7896
lb8lwf,AMC,neutral,0.5812
lb8lwf,GME,neutral,0.5812
lb8lfm,GME,neutral,0.8734
lb8kh0,GME,neutral,0.7562
lb8kg0,AMC,neutral,0.9211
lb8kg0,GME,neutral,0.9211
lb8hjc,GME,neutral,0.8554
lb8gwm,GME,neutral,0.7702
lb8gpd,AMC,neutral,0.8992
lb8g3r,GME,neutral,0.6131
lb8f26,GME,neutral,0.9298
lb89h9,GME,neutral,0.8243
lb88l8,GME,neutral,0.7921
lb886c,GME,neutral,0.9150
lb880v,GME,positive,0.7350
lb87tj,GME,negative,0.7815
lb86sh,AMZN,negative,0.5416
lb86ph,AMC,neutral,0.8720
lb86d0,GME,neutral,0.8763
lb85th,GME,neutral,0.8460
lbtzy2,AMZN,negative,0.6464
lbtzy2,GME,negative,0.6464
lbtzy2,GOOGL,negative,0.6464
lbtzse,AMC,neutral,0.9393
lbtz11,GME,neutral,0.9312
lbtyy4,AMC,neutral,0.8999
lbtyy4,GME,neutral,0.8999
lbtygy,AMC,neutral,0.9077
lbtvg5,GME,neutral,0.8865
lbtv25,GME,neutral,0.8690
lbttxt,GME,neutral,0.7918
lbtrtq,GME,negative,0.6890
lbtrpn,AMZN,neutral,0.8983
lbtrpm,AMC,neutral,0.9073
lbtrpm,GME,neutral,0.9073
lbtr9v,AMC,neutral,0.8660
lbtr9v,GME,neutral,0.8660
lbtq10,GME,neutral,0.9009
lbtpv4,GME,negative,0.5537
lbtp9c,GME,neutral,0.8590
lbtp0q,GME,positive,0.5383
lbtmvo,GME,neutral,0.9266
lbtlfi,AMC,neutral,0.8706
lbtk4q,AMC,neutral,0.5623
lbtj6o,AMC,neutral,0.9362
lbtidl,AMC,neutral,0.6533
lbtidl,GME,neutral,0.6533
lbthbl,GME,neutral,0.7842
lbtf5a,AMC,neutral,0.9143
lbteiv,AMC,neutral,0.9059
lbte8n,GME,neutral,0.6434
lbtc9x,GME,neutral,0.7292
lbtc9x,MSFT,neutral,0.7292
lbtbtj,GME,negative,0.9385
lbtb4e,AMC,neutral,0.6542
lbtb4e,GME,neutral,0.6542
lbtaxh,GME,neutral,0.8413
lbtamm,GME,neutral,0.8606
lbt9h0,GME,negative,0.7534
lbt8yz,AMC,neutral,0.6229
lbt8yz,GME,neutral,0.6229
lbt7tr,GME,neutral,0.9182
lbt5ko,GME,positive,0.6093
lbt2i4,GME,neutral,0.8039
lbt02h,AMC,neutral,0.8986
lbt01v,GME,neutral,0.9072
lbt009,GME,neutral,0.8968
lbsz3p,GME,positive,0.6056
lbsxol,AMC,neutral,0.9357
lbsxol,GME,neutral,0.9357
lbswiu,AMC,negative,0.6045
lbswiu,GME,negative,0.6045
lbswgr,AAPL,positive,0.6925
lbswgr,TSLA,positive,0.6925
lbsvju,GME,neutral,0.6578
lbsuw3,GME,neutral,0.8604
lbsuw3,TSLA,neutral,0.8604
lbsuw3,GOOGL,neutral,0.8604
lbsufh,GME,neutral,0.8550
lbsufh,NFLX,neutral,0.8550
lbsti0,AMC,neutral,0.9096
lbssgx,GME,neutral,0.7858
lbsrqh,GME,neutral,0.9300
lbsq1v,AMC,negative,0.8891
lbso3x,AMC,neutral,0.7877
lbso3x,GME,neutral,0.7877
lbsmbj,GME,neutral,0.7930
lbsm9y,GME,positive,0.9455
lbslnq,GME,negative,0.8565
lbskzm,AMZN,neutral,0.8990
lbskru,AMC,neutral,0.9259
lbskru,GME,neutral,0.9259
lbskru,AMZN,neutral,0.9259
lbsi36,AAPL,neutral,0.9023
lbsi36,GME,neutral,0.9023
lbsi36,TSLA,neutral,0.9023
lbserl,AMC,neutral,0.8970
lbsae4,GME,neutral,0.8423
lbs7cr,GME,neutral,0.6439
lbs5me,GME,neutral,0.5913
lbs65w,AMC,neutral,0.8160
lbs4w1,AMC,neutral,0.8710
lbs1h2,GME,neutral,0.7197
lbs0h2,GME,neutral,0.8708
lbrvib,GME,neutral,0.8762
lbrvdz,AAPL,neutral,0.7418
lbrvdz,TSLA,neutral,0.7418
lbrufu,AMC,neutral,0.7416
lbrubg,AMZN,neutral,0.9207
lbrubg,GME,neutral,0.9207
lbrubg,MSFT,neutral,0.9207
lbrubg,NFLX,neutral,0.9207
lbrsvf,GME,neutral,0.9453
lbrqxq,AMC,neutral,0.7788
lbrq5r,AMC,neutral,0.7641
lbrq5r,GME,neutral,0.7641
lbrpbs,GME,neutral,0.9268
lbrlzn,GME,neutral,0.8747
lbrjif,AMC,neutral,0.8808
lbrjif,GME,neutral,0.8808
lbrjif,NFLX,neutral,0.8808
lbrjif,AMZN,neutral,0.8808
lbrjey,GME,neutral,0.8110
lbri8p,AMC,neutral,0.7940
lbri7g,GME,neutral,0.8791
lbrfc1,GME,neutral,0.7980
lbrdkj,AMC,neutral,0.8199
lbrdkj,GME,neutral,0.8199
lbrc01,AMC,neutral,0.8840
lbrc01,GME,neutral,0.8840
lbranb,GME,neutral,0.8992
lbr85x,GME,negative,0.9339
lbr5zn,GME,neutral,0.9031
lbr5om,AMC,neutral,0.8478
lbr5da,GME,neutral,0.9058
lbr427,AMC,neutral,0.8479
lbr427,GME,neutral,0.8479
lbr27a,AMC,neutral,0.9056
lbr27a,GME,neutral,0.9056
lbr09r,AMC,neutral,0.9285
lbr09r,GME,neutral,0.9285
lbqxq2,GME,neutral,0.9116
lbqwoc,AMC,negative,0.7030
lbqwoc,GME,negative,0.7030
lbqvbq,AMC,neutral,0.8763
lbqusy,AMC,neutral,0.9379
lbqugu,AMC,neutral,0.9350
lbquft,GME,neutral,0.8494
lbqu60,GME,neutral,0.8600
lbqtuh,GME,positive,0.9021
lbqtsa,GME,negative,0.6378
lbqs4l,GME,neutral,0.7712
lbqq51,GME,neutral,0.9209
lbqpr3,GME,neutral,0.8425
lbqplr,AMC,negative,0.6406
lbqplr,GME,negative,0.6406
lbqpg7,GME,neutral,0.7541
lbqpa2,AMC,positive,0.9330
lbqpa2,GME,positive,0.9330
lbqmm5,GME,neutral,0.8987
lbqlli,AMC,neutral,0.9150
lbqkik,AMZN,neutral,0.6630
lbqkik,GME,neutral,0.6630
lbqjxn,GME,neutral,0.8069
lbqju6,AMC,neutral,0.8765
lbqju6,GME,neutral,0.8765
lbqjdi,AMZN,neutral,0.8017
lbqh3l,GME,neutral,0.8098
lbqh1b,GME,neutral,0.6749
lbqgix,AAPL,neutral,0.8862
lbqgix,GME,neutral,0.8862
lbqfgp,AMC,neutral,0.9147
lbqerz,GME,neutral,0.6236
lbqdul,AMZN,neutral,0.8603
lbqdul,GME,neutral,0.8603
lbqdgo,GME,neutral,0.7789
lbqd7o,GME,neutral,0.9246
lbqctc,AMC,neutral,0.9291
lbqctc,GME,neutral,0.9291
lbqaxy,GME,neutral,0.7657
lbqaxo,AMC,negative,0.4953
lbqaxo,GME,negative,0.4953
lbqa3q,GME,negative,0.5589
lbq9ja,GME,neutral,0.8666
lbq67k,AMC,neutral,0.9377
lbq67k,GME,neutral,0.9377
lbq3s5,AMC,neutral,0.8564
lbq3cv,GME,neutral,0.4323
lbq1hg,GME,neutral,0.7877
lbpv8j,GME,neutral,0.9175
lbpusp,GME,neutral,0.8332
lbpuip,GME,neutral,0.6852
lbptya,GME,neutral,0.8387
lbptxa,AMC,neutral,0.9023
lbptjv,AMC,neutral,0.7703
lbptjv,GME,neutral,0.7703
lbpt4m,AMC,neutral,0.7722
lbpt4m,GME,neutral,0.7722
lbpscf,AMC,neutral,0.8330
lbpscf,GME,neutral,0.8330
lbpscf,TSLA,neutral,0.8330
lbprua,GME,neutral,0.8064
lbpqkr,GME,neutral,0.9434
lbpp7v,AMC,neutral,0.8836
lbpp7v,GME,neutral,0.8836
lbpos8,AMC,neutral,0.7599
lbpos8,GME,neutral,0.7599
lbpno9,AMC,negative,0.6613
lbpno9,GME,negative,0.6613
lbpn04,GME,neutral,0.9423
lbpj2c,GME,neutral,0.5795
lbpity,GME,neutral,0.8843
lbpi1m,AMC,neutral,0.9372
lbpi1m,GME,neutral,0.9372
lbpgqi,AMC,neutral,0.7867
lbpgcz,GME,neutral,0.9146
lbpg7m,GME,neutral,0.9089
lbpfm4,GME,negative,0.9256
lbpf00,AMZN,neutral,0.8889
lbpf00,NFLX,neutral,0.8889
lbpdhm,AMC,neutral,0.8908
lbpdhm,GME,neutral,0.8908
lbpday,GME,neutral,0.7226
lbpd1o,GME,neutral,0.8941
lbpcee,GME,neutral,0.7986
lbpbxg,AMC,positive,0.8117
lbpa5x,GME,neutral,0.9361
lbp639,GME,neutral,0.8012
lbp4ds,GME,neutral,0.8394
lbp4ds,INTC,neutral,0.8394
lbp20c,GME,neutral,0.5243
lbp180,GME,neutral,0.8175
lbp169,GME,neutral,0.9109
lbp14w,GME,neutral,0.7037
lbp0ed,GME,neutral,0.6679
lbozyh,AMC,negative,0.9061
lbozyh,GME,negative,0.9061
lbozrs,AMC,negative,0.9288
lboz3s,AMC,neutral,0.7812
lboz3s,GME,neutral,0.7812
lboyfd,TSLA,neutral,0.8796
lboxnq,GME,neutral,0.9170
lbowl0,AMC,neutral,0.6582
lbow8c,AMZN,neutral,0.6565
lbow8c,GME,neutral,0.6565
lbow7j,AMC,neutral,0.6415
lbow3y,GME,negative,0.5344
lbovon,GME,neutral,0.7648
lboupx,AMC,neutral,0.8550
lboupx,GME,neutral,0.8550
lboupx,NFLX,neutral,0.8550
lbosxq,GME,neutral,0.8953
lbomtp,GME,neutral,0.8739
lbom80,AMZN,neutral,0.7479
lbom80,GME,neutral,0.7479
lboluh,GME,neutral,0.9251
lbolim,GME,neutral,0.8480
lbokya,GME,neutral,0.6250
lbokea,GME,neutral,0.8967
lbohi9,GME,neutral,0.8644
lbogj8,AMC,neutral,0.9099
lboghl,GME,neutral,0.8923
lbofa7,GME,neutral,0.8265
lboeo5,MSFT,neutral,0.7098
lboeia,AMC,neutral,0.8338
lboeha,GME,neutral,0.8063
lboc9j,AMC,neutral,0.9332
lboc9j,GME,neutral,0.9332
lbob0d,AMC,neutral,0.9150
lbob0d,GME,neutral,0.9150
lbo9ud,AMC,neutral,0.7863
lbo9ud,GME,neutral,0.7863
lbo7vn,GME,neutral,0.8449
lbo7uq,AMC,neutral,0.9499
lbo7d7,GME,neutral,0.8929
lbo6la,GME,neutral,0.8644
lbo5ce,AMZN,neutral,0.9102
lbo5ce,GME,neutral,0.9102
lbo37a,GME,neutral,0.9397
lbo1t4,GME,neutral,0.7834
lbo0ix,GME,neutral,0.8524
lbnzpw,AMC,neutral,0.8767
lbnyls,GME,neutral,0.5991
lbnyfp,GME,neutral,0.8868
lbnu35,AMC,positive,0.6406
lbnu0a,AMC,neutral,0.4834
lbnsy4,AMC,neutral,0.5342
lbnsrt,AMC,neutral,0.8358
lbns16,AMC,neutral,0.8677
lbnrmi,GME,negative,0.8557
lbnrmi,MSFT,negative,0.8557
lbnr1x,AMZN,neutral,0.8902
lbnr1x,NFLX,neutral,0.8902
lbno79,GME,neutral,0.9188
lbnnf8,GME,negative,0.4001
lbnn4y,GME,neutral,0.8323
lbnjmh,GME,negative,0.9403
lbnj6z,AMC,neutral,0.9198
lbniwa,GME,neutral,0.9354
lbnfu4,GME,neutral,0.7322
lbn8v0,AMC,neutral,0.6642
lbn8v0,GME,neutral,0.6642
lbn7ge,AMZN,neutral,0.6461
lbn7ge,GME,neutral,0.6461
lbn7ge,META,neutral,0.6461
lbn3rh,AMC,neutral,0.9434
lbmzya,NFLX,neutral,0.8796
lbmzhc,GME,neutral,0.8653
lbmum3,GME,neutral,0.9008
lbmsjk,AMC,neutral,0.5528
lbmsjk,GME,neutral,0.5528
lbmrzg,AMC,neutral,0.7640
lbmrzg,GME,neutral,0.7640
lbmoz9,GME,negative,0.9196
lbmouv,AMC,neutral,0.7849
lbmouv,GME,neutral,0.7849
lbmofx,AMC,neutral,0.5951
lbmmr6,AMC,positive,0.5183
lbmmr6,GME,positive,0.5183
lbmj43,GME,negative,0.7456
lbmih7,GME,neutral,0.8832
lbmheu,AMC,positive,0.8231
lbmheu,GME,positive,0.8231
lbmhad,AMC,neutral,0.8076
lbmhad,GME,neutral,0.8076
lbmh0g,AMC,neutral,0.8689
lbmh0g,GME,neutral,0.8689
lbmf5m,AMC,neutral,0.7676
lbmctl,GME,neutral,0.8779
lbma8f,AMZN,neutral,0.8742
lbma8f,GME,neutral,0.8742
lbma8f,MSFT,neutral,0.8742
lbma8f,TSLA,neutral,0.8742
lbm9uw,GME,neutral,0.8252
lbm9fn,AMC,positive,0.8051
lbm9fn,GME,positive,0.8051
lbm3vr,GME,neutral,0.8724
lbm3qn,GME,neutral,0.8694
lbm1ks,GME,neutral,0.8880
lblwsn,GME,neutral,0.9140
lblwh1,GME,neutral,0.7987
lblqg0,GME,neutral,0.8638
lblp1r,GME,neutral,0.8955
lblofg,GME,neutral,0.7864
lblofg,TSLA,neutral,0.7864
lblcsc,AMC,neutral,0.5847
lblcsc,GME,neutral,0.5847
lblaaw,GME,neutral,0.8884
lbl8k0,AMC,neutral,0.8118
lbl8k0,GME,neutral,0.8118
lbl6zh,AMC,neutral,0.9042
lbl6vq,META,neutral,0.7048
lbl6vq,GME,neutral,0.7048
lbl6vq,TSLA,neutral,0.7048
lbl6em,AMC,neutral,0.7863
lbl6em,GME,neutral,0.7863
lbl23c,GME,neutral,0.8390
lbkzob,AMC,neutral,0.7589
lbkzob,GME,neutral,0.7589
lbkyne,GOOGL,neutral,0.6943
lbkyne,TSLA,neutral,0.6943
lbkyne,AMC,neutral,0.6943
lbkyne,AMZN,neutral,0.6943
lbkyne,GME,neutral,0.6943
lbkos6,AAPL,neutral,0.8939
lbkos6,GME,neutral,0.8939
lbkos6,TSLA,neutral,0.8939
lbkn1n,GME,neutral,0.9021
lbkfvv,AMC,neutral,0.9195
lbkfvv,GME,neutral,0.9195
lbkcgk,GME,neutral,0.8872
lbkca4,GME,neutral,0.7530
lbkbqq,GME,neutral,0.6350
lbk9y9,AMC,neutral,0.8939
lbk9y9,GME,neutral,0.8939
lbk9gg,GME,neutral,0.7470
lbk69t,GME,neutral,0.9186
lbk670,GME,negative,0.5628
lbk3al,GME,neutral,0.7965
lbjzaz,GME,neutral,0.8318
lbjyc0,GME,neutral,0.7082
lbjy5c,GME,neutral,0.8975
lbjy05,GME,neutral,0.8349
lbjxqe,AMC,neutral,0.8501
lbjv0f,AMC,neutral,0.7759
lbjv0f,GME,neutral,0.7759
lbjroh,GME,neutral,0.9225
lbjqds,GME,neutral,0.9204
lbjle0,GME,neutral,0.6919
lbjle0,TSLA,neutral,0.6919
lbjl9e,GOOGL,neutral,0.9211
lbjl9e,MSFT,neutral,0.9211
lbjl9e,TSLA,neutral,0.9211
lbjkrr,GME,neutral,0.6169
lbjkrr,TSLA,neutral,0.6169
lbjjxn,GME,neutral,0.7280
lbjjhd,AMC,positive,0.8311
lbj7q6,GME,neutral,0.8070
lbj5g7,AMC,neutral,0.6475
lbj5g7,GME,neutral,0.6475
lbj15v,GME,neutral,0.6687
lbixik,GME,neutral,0.8977
lbitv7,CSCO,neutral,0.8925
lbitv7,GOOGL,neutral,0.8925
lbitv7,MSFT,neutral,0.8925
lbitv7,TSLA,neutral,0.8925
lbitv7,GME,neutral,0.8925
lbit6f,GME,neutral,0.9289
lbistt,AMC,negative,0.6689
lbistt,GME,negative,0.6689
lbis4b,AMC,neutral,0.9347
lbiq2b,GME,neutral,0.8658
lbipcx,AMC,neutral,0.8720
lbinl9,GME,neutral,0.9456
lbifxi,AMC,negative,0.9531
lbifxi,GME,negative,0.9531
lbifwv,GME,neutral,0.8954
lbieij,GOOGL,positive,0.5279
lbieij,MSFT,positive,0.5279
lbieij,NFLX,positive,0.5279
lbibia,GME,neutral,0.5115
lbi89o,GME,neutral,0.8896
lbi87p,GME,neutral,0.9239
lbi7x5,GME,neutral,0.8518
lbi6qt,GME,neutral,0.9006
lbi6em,GME,negative,0.6341
lbi4yj,GME,neutral,0.9263
lbhzeo,GME,neutral,0.9258
lbhwf9,AMZN,neutral,0.6322
lbhwf9,GME,neutral,0.6322
lbhw7k,GME,neutral,0.8696
lbhu8u,AMC,negative,0.8687
lbhu8u,GME,negative,0.8687
lbhqaf,AMC,neutral,0.6793
lbhpb6,GME,neutral,0.7727
lbhmsd,GME,negative,0.9701
lbh9pc,GME,neutral,0.8109
lbh1tv,GME,neutral,0.8853
lbh1tv,TSLA,neutral,0.8853
lbgy2f,GME,neutral,0.8976
lbgu7e,GME,neutral,0.9247
lbgu7e,TSLA,neutral,0.9247
lbgs9s,GME,neutral,0.8175
lbgo8v,GME,negative,0.6350
lbgm5x,GME,positive,0.6243
lbgk5d,GME,neutral,0.6342
lbgiy0,GME,neutral,0.8143
lbgiy0,GOOGL,neutral,0.8143
lbgcem,GME,neutral,0.8638
lbg9oc,AMC,neutral,0.8243
lbg9oc,GME,neutral,0.8243
lbg9ha,AMC,neutral,0.7212
lbg9ha,CSCO,neutral,0.7212
lbg9ha,GME,neutral,0.7212
lbg6gs,GME,neutral,0.8672
lbg6bf,GME,negative,0.9227
lbg1xn,GME,neutral,0.8135
lbg028,GME,neutral,0.9114
lbfyxi,GME,neutral,0.7261
lbfuxx,TSLA,positive,0.5640
lbftmg,AMC,neutral,0.9052
lbftmg,GME,neutral,0.9052
lbfsk3,GME,neutral,0.7654
lbfsei,AMC,neutral,0.7320
lbfq7d,GME,neutral,0.8591
lbfoj4,AMC,negative,0.5196
lbfoj4,GME,negative,0.5196
lbflzw,GME,neutral,0.8757
lbfluv,GME,neutral,0.8950
lbfldn,AAPL,positive,0.6761
lbfj2l,AMC,negative,0.7790
lbfj2l,GME,negative,0.7790
lbfhhd,AMC,neutral,0.7701
lbfhhd,GME,neutral,0.7701
lbfhhd,AMZN,neutral,0.7701
lbfhde,AMC,neutral,0.7987
lbfhde,GME,neutral,0.7987
lbfeur,GME,neutral,0.8945
lbfe7l,GME,neutral,0.8813
lbfcfl,NFLX,neutral,0.9081
lbfbjb,GME,positive,0.6488
lbfbeb,GME,positive,0.7769
lbfbeb,TSLA,positive,0.7769
lbf8vc,TSLA,positive,0.8637
lbf4xq,AMC,neutral,0.9104
lcadot,AMC,neutral,0.9148
lcadot,GME,neutral,0.9148
lca5ec,GME,negative,0.6954
lca3kl,GME,neutral,0.9223
lc9wdv,GME,neutral,0.9237
lc8p23,AMC,neutral,0.8285
lc8fs5,AMC,neutral,0.7582
lc8fs5,GME,neutral,0.7582
lc88pz,GME,negative,0.6315
lc83pr,AMC,neutral,0.9131
lc83pr,GME,neutral,0.9131
lc81r1,GME,negative,0.5796
lc7tn0,GME,neutral,0.8479
lc7od3,GME,neutral,0.7740
lc7od3,NFLX,neutral,0.7740
lc7ain,AMC,neutral,0.8961
lc7ain,GME,neutral,0.8961
lc6lw1,AMC,neutral,0.9264
lc6lw1,GME,neutral,0.9264
lccrz0,GME,neutral,0.5191
lccp7c,AMC,neutral,0.7436
lccp7c,GME,neutral,0.7436
lcchnr,GME,neutral,0.9225
lcc1qu,GME,neutral,0.7762
lc8s9c,GME,neutral,0.9215
lc8dvm,AMC,negative,0.6567
lc1m7d,GME,neutral,0.6908
lc1kh8,AMC,neutral,0.9266
lc1l1d,GME,negative,0.6993
lc1g07,GME,neutral,0.5853
lc1g07,TSLA,neutral,0.5853
lc1fth,AMC,neutral,0.9130
lc1fth,META,neutral,0.9130
lc174t,GME,neutral,0.8173
lc15r6,GME,neutral,0.8504
lc15jz,GME,neutral,0.9220
lc12oy,AMC,neutral,0.7332
lc12oy,GME,neutral,0.7332
lc1067,AAPL,neutral,0.8570
lc0zxb,AMC,neutral,0.9055
lc0zxb,GME,neutral,0.9055
lc0v8d,AMZN,neutral,0.9269
lc0v8d,META,neutral,0.9269
lc0ubt,GME,neutral,0.7690
lc0rg8,AMC,neutral,0.7353
lc0r6g,GME,neutral,0.8482
lc0oof,AMC,neutral,0.8880
lc0oof,GME,neutral,0.8880
lc0occ,GME,positive,0.9033
lc0nm6,AMC,negative,0.8913
lc0nm6,GME,negative,0.8913
lc0kr6,GME,neutral,0.8684
lc0jww,TSLA,neutral,0.9249
lc0jkn,GME,neutral,0.9144
lc0jhh,GME,positive,0.9013
lc0jcd,GME,positive,0.8294
lc0jcd,TSLA,positive,0.8294
lc0j4a,GME,neutral,0.8916
lc0iut,GME,neutral,0.9152
lc0gzi,AAPL,neutral,0.9383
lc0gd5,GME,neutral,0.8664
lc0g7u,AMC,neutral,0.9288
lc0g7u,GME,neutral,0.9288
lc0g00,AMC,neutral,0.9144
lc0g00,GME,neutral,0.9144
lc0bs7,GME,negative,0.5528
lc09s5,GME,neutral,0.9123
lc087u,GME,neutral,0.9066
lc06zu,AMC,positive,0.6688
lc06df,AMC,neutral,0.8942
lc06df,GME,neutral,0.8942
lc03su,GME,neutral,0.9073
lbzz70,GME,neutral,0.9008
lbzz0k,AMC,neutral,0.8927
lbzxq8,GME,negative,0.9513
lbzwl3,GME,negative,0.8431
lbzvxx,GME,neutral,0.8930
lbztj9,GME,neutral,0.9346
lbzt8u,AMZN,neutral,0.8912
lbzie2,GME,neutral,0.8785
lbzi1b,AMC,neutral,0.9442
lcdyfk,GME,neutral,0.9299
lcdwd1,GME,negative,0.5487
lccqbh,AMC,neutral,0.8349
lccnx8,TSLA,neutral,0.9319
lccffb,AMC,neutral,0.8636
lccffb,GME,neutral,0.8636
lcbdsg,AMC,neutral,0.8156
lcbdsg,GME,neutral,0.8156
lc9rt8,GME,negative,0.6591
lc9053,AMZN,neutral,0.4537
lc9053,GME,neutral,0.4537
lc9053,MSFT,neutral,0.4537
lc8wai,GME,neutral,0.8926
lc70gl,AMC,neutral,0.6588
lc6r4c,GME,neutral,0.7313
lc6rgv,AMC,neutral,0.7078
lc6rgv,GME,neutral,0.7078
lc6rgv,GOOGL,neutral,0.7078
lc6rf9,GME,neutral,0.7242
lc6qno,GME,neutral,0.9304
lc6pt0,GME,neutral,0.9298
lc6pqq,GME,neutral,0.9144
lc6png,AMC,neutral,0.7667
lc6png,GME,neutral,0.7667
lc6ozg,GME,neutral,0.9289
lc6o2a,GME,neutral,0.7784
lc6nrm,GME,neutral,0.7773
lc6nrm,TSLA,neutral,0.7773
lc6nno,AMC,neutral,0.8645
lc6nno,GME,neutral,0.8645
lc6mq7,GME,neutral,0.8976
lc6mne,AMC,negative,0.4887
lc6mce,GME,neutral,0.8979
lc6m2z,GME,neutral,0.8325
lc6m0b,AMC,neutral,0.9424
lc6m0b,GME,neutral,0.9424
lc6lzn,AMC,neutral,0.9036
lc6lzn,GME,neutral,0.9036
lc6lqr,AMC,neutral,0.9039
lc6lqr,GME,neutral,0.9039
lc6lqr,NFLX,neutral,0.9039
lc6lp1,AMC,neutral,0.9034
lc6ld1,GME,negative,0.4744
lc6l2g,AMC,neutral,0.9057
lc6kvl,AMC,neutral,0.8488
lc6kt6,AMC,neutral,0.5980
lc6kr8,GME,neutral,0.8665
lc6keu,GME,neutral,0.8114
lc6kdu,AMC,neutral,0.9169
lc6kdu,GME,neutral,0.9169
lc6k65,GME,neutral,0.8027
lc6k2e,GME,negative,0.7056
lc6jq1,AMC,neutral,0.5384
lc6jq1,GME,neutral,0.5384
lc6jp8,GME,negative,0.9026
lc6jnt,GME,neutral,0.9335
lc6jlg,AMC,neutral,0.6951
lc6jlg,GME,neutral,0.6951
lc6hu2,AMC,neutral,0.9235
lc6hu2,GME,neutral,0.9235
lc6g66,GME,neutral,0.9257
lc6d5o,GME,neutral,0.5101
lc6bwc,GME,neutral,0.8950
lc68f5,GME,neutral,0.8798
lc665z,GME,neutral,0.4717
lc619p,AMC,neutral,0.9166
lc5w6v,GME,neutral,0.6408
lc5vit,AMZN,neutral,0.7886
lc5vit,TSLA,neutral,0.7886
lc5v6d,AMC,neutral,0.9183
lc5v6d,GME,neutral,0.9183
lc5tl3,AMC,neutral,0.8744
lc5lzt,GME,neutral,0.9121
lc5liy,GME,neutral,0.9015
lc5l0b,GME,neutral,0.9187
lc5ciu,AMZN,neutral,0.8584
lc5ciu,GME,neutral,0.8584
lc5c14,GME,neutral,0.8994
lc59pj,GME,negative,0.6019
lc58at,AMC,neutral,0.9324
lc5690,AMC,neutral,0.5143
lc5690,GME,neutral,0.5143
lc5666,NFLX,neutral,0.7196
lc52sx,AMC,neutral,0.8771
lc52sx,GME,neutral,0.8771
lc52ml,AMC,neutral,0.4936
lc52ml,GME,neutral,0.4936
lc4yc0,GME,neutral,0.7828
lc4y7q,GME,neutral,0.9258
lc4y2h,GME,neutral,0.8358
lc4y2h,NFLX,neutral,0.8358
lc4xo3,AMC,neutral,0.8684
lc4xo3,GME,neutral,0.8684
lc4wpr,GME,neutral,0.5887
lc4vg3,GME,neutral,0.9070
lc4tht,AMC,neutral,0.9057
lc4tht,GME,neutral,0.9057
lc4s95,AMC,neutral,0.9167
lc4oix,GME,neutral,0.8672
lc4imy,GME,neutral,0.7517
lc4i1r,GOOGL,neutral,0.6844
lc4i1r,TSLA,neutral,0.6844
lc4boy,AAPL,neutral,0.8599
lc4boy,TSLA,neutral,0.8599
lc4bfv,GME,neutral,0.9204
lc46rt,GME,neutral,0.9318
lc45s9,GME,neutral,0.9193
lc44qo,AMC,negative,0.6038
lc43uq,GME,negative,0.7468
lc3zt5,AMC,neutral,0.8140
lc3zt5,GME,neutral,0.8140
lc3zq8,AMC,positive,0.5015
lc3yyk,AMC,neutral,0.6545
lc3dpc,AMC,neutral,0.9395
lc3dpc,GME,neutral,0.9395
lc3da4,AMC,neutral,0.8818
lc39bn,GME,neutral,0.8764
lc38zb,AMC,neutral,0.8900
lc38zb,GME,neutral,0.8900
lc35yl,AMC,positive,0.6800
lc35yl,GME,positive,0.6800
lc35xq,GME,neutral,0.7532
lc33yg,AMC,neutral,0.8201
lc33yg,GME,neutral,0.8201
lc33rw,GME,neutral,0.8261
lc33ke,GME,neutral,0.6554
lc32og,GME,neutral,0.8341
lc2z6e,GME,neutral,0.9375
lc2t7j,GME,negative,0.5128
lc2sw9,GME,positive,0.6106
lc2prl,GME,neutral,0.8365
lc2jnl,AMC,neutral,0.8375
lc2dpx,GME,neutral,0.5870
lc2d8q,GME,neutral,0.8842
lc2atq,AAPL,neutral,0.9390
lc27u9,GME,neutral,0.9075
lc23go,GME,neutral,0.7357
lc21u9,GME,neutral,0.9074
lc1zhy,GME,neutral,0.7907
lc1yzy,GME,neutral,0.6773
lc1via,NVDA,negative,0.5251
lc1udz,GME,neutral,0.9079
lc1t19,MSFT,neutral,0.8958
lc1rjb,AMZN,neutral,0.8983
lc1rjb,GME,neutral,0.8983
lc1rjb,NFLX,neutral,0.8983
lc1p4n,GME,neutral,0.7391
lc1p4h,GME,neutral,0.9121
lc1p3c,GME,negative,0.8590
lchl16,GME,neutral,0.5119
lchkzz,AAPL,neutral,0.9219
lchkzz,GME,neutral,0.9219
lchkzz,TSLA,neutral,0.9219
lchkzz,GOOGL,neutral,0.9219
lchk9v,GME,neutral,0.8458
lchk0k,GME,neutral,0.9129
lchjyg,GME,negative,0.7203
lchjwu,GME,negative,0.5446
lchjvz,GME,neutral,0.9361
lchjnt,AMZN,positive,0.7428
lchjnt,AAPL,positive,0.7428
lchjnt,GME,positive,0.7428
lchjcc,GME,neutral,0.8856
lchj3n,GME,neutral,0.8580
lchh5u,AMC,negative,0.6486
lchh5u,GME,negative,0.6486
lchgxg,GME,neutral,0.8089
lchgum,AMC,negative,0.5067
lchgum,GME,negative,0.5067
lchgnp,GME,neutral,0.7232
lchglm,GME,neutral,0.5114
lchg83,GME,neutral,0.7357
lchfos,AMC,negative,0.7014
lchfos,GME,negative,0.7014
lchfdk,AMC,neutral,0.9046
lchfdk,GME,neutral,0.9046
lchewz,GME,neutral,0.8483
lche1c,AMZN,neutral,0.8536
lche1c,GME,neutral,0.8536
lchdt0,GME,negative,0.8210
lchdn8,GME,neutral,0.6485
lchdgt,AMZN,positive,0.9507
lchdgt,TSLA,positive,0.9507
lchda6,AMC,neutral,0.9104
lchda6,GME,neutral,0.9104
lchcmx,AMC,neutral,0.8219
lchcjg,AMC,negative,0.5638
lchcjg,GME,negative,0.5638
lchc4w,AMC,neutral,0.6697
lchc4w,GME,neutral,0.6697
lchc4b,AMC,neutral,0.9158
lchc4b,GME,neutral,0.9158
lchbvp,AMC,neutral,0.6561
lchbvp,GME,neutral,0.6561
lchafl,GME,negative,0.7283
lcha38,GME,neutral,0.9151
lcha0a,AMZN,neutral,0.8623
lcha0a,GME,neutral,0.8623
lch9n6,GME,negative,0.5288
lch8zq,GME,neutral,0.7578
lch7qm,GME,neutral,0.7298
lch7gc,GME,neutral,0.7425
lch7b4,AMC,neutral,0.8865
lch7b4,GME,neutral,0.8865
lch6rx,AMC,neutral,0.9023
lch60l,GME,neutral,0.9346
lch5nz,GME,neutral,0.7258
lch513,AMC,neutral,0.8136
lch513,GME,neutral,0.8136
lch513,TSLA,neutral,0.8136
lch4ls,GME,neutral,0.7788
lch4dr,GME,neutral,0.9324
lch30b,AMC,neutral,0.8857
lch2kd,GME,neutral,0.9180
lch1zm,GME,neutral,0.9057
lch1yz,GME,neutral,0.8725
lch1y8,AMC,negative,0.6358
lch1y8,GME,negative,0.6358
lch1vi,AMC,negative,0.6484
lch1vi,GME,negative,0.6484
lch1bm,GME,neutral,0.9115
lch11q,GME,neutral,0.7661
lch0l0,GME,neutral,0.7654
lcgypp,GME,neutral,0.8113
lcgyj3,AMC,neutral,0.8691
lcgxof,GME,neutral,0.9000
lcgxia,GME,neutral,0.9162
lcgwk7,GME,neutral,0.8445
lcgvzc,GME,negative,0.7172
lcgvt6,GME,neutral,0.6755
lcguav,AAPL,neutral,0.7778
lcguav,GME,neutral,0.7778
lcgu59,GME,neutral,0.8919
lcgu59,GOOGL,neutral,0.8919
lcgs9e,AMC,neutral,0.8633
lcgs9e,GME,neutral,0.8633
lcgrwo,AMC,neutral,0.8336
lcgrwo,GME,neutral,0.8336
lcgqxr,GME,negative,0.8742
lcgppa,AMC,neutral,0.9016
lcgppa,GME,neutral,0.9016
lcgpc5,GME,neutral,0.6149
lcgpao,AMZN,neutral,0.7084
lcgpao,GME,neutral,0.7084
lcgp7a,GME,neutral,0.8600
lcgoz2,GME,neutral,0.9258
lcgoyn,GME,negative,0.3982
lcgot9,GME,negative,0.5064
lcgnox,GME,neutral,0.9058
lcgnox,TSLA,neutral,0.9058
lcgncz,AMC,neutral,0.7097
lcgncz,GME,neutral,0.7097
lcgmio,GME,negative,0.4947
lcgmi4,GME,neutral,0.7784
lcgmha,AMC,neutral,0.6441
lcgmha,GME,neutral,0.6441
lcgmha,META,neutral,0.6441
lcglyh,GME,positive,0.5760
lcgkf0,GME,neutral,0.7311
lcgk60,GME,neutral,0.6638
lcgk08,AAPL,neutral,0.8850
lcgk08,GOOGL,neutral,0.8850
lcgk08,MSFT,neutral,0.8850
lcgk08,TSLA,neutral,0.8850
lcgk08,GME,neutral,0.8850
lcgiyq,GME,neutral,0.8964
lcgi5m,GME,neutral,0.8684
lcghx1,AMC,neutral,0.8397
lcghx1,GME,neutral,0.8397
lcgghj,AMC,neutral,0.7391
lcgghj,GME,neutral,0.7391
lcggg4,GME,neutral,0.8324
lcggcn,GME,neutral,0.9171
lcgf85,GME,neutral,0.9113
lcgf4s,MSFT,positive,0.9248
lcgeh5,GME,neutral,0.9185
lcgcdg,AMC,neutral,0.9142
lcgcdg,GME,neutral,0.9142
lcgbe1,AMC,neutral,0.9117
lcgb04,GME,neutral,0.8987
lcgb04,TSLA,neutral,0.8987
lcgaii,GME,neutral,0.9068
lcg9om,GME,positive,0.4590
lcg86d,AMC,neutral,0.5309
lcg86d,GME,neutral,0.5309
lcg7os,GME,neutral,0.8806
lcg6in,GME,neutral,0.7142
lcg635,AMC,negative,0.8763
lcg635,GME,negative,0.8763
lcg5te,GME,neutral,0.7589
lcg5b9,AMC,neutral,0.8957
lcg5b9,GME,neutral,0.8957
lcg53o,GME,neutral,0.5079
lcg503,AMC,neutral,0.8910
lcg502,GME,neutral,0.9191
lcg4a8,AMC,neutral,0.6084
lcg4a8,GME,neutral,0.6084
lcg46v,GME,neutral,0.9104
lcg46o,GME,neutral,0.7288
lcg26u,GME,neutral,0.8807
lcg21t,GME,neutral,0.5550
lcg1fj,GME,neutral,0.4894
lcfzdf,AMC,neutral,0.8930
lcfzdf,GME,neutral,0.8930
lcfy97,AMC,neutral,0.7507
lcfy97,GME,neutral,0.7507
lcfxiz,GME,neutral,0.9299
lcfwrd,GME,neutral,0.9424
lcfvzz,AMC,negative,0.7082
lcfvzz,GME,negative,0.7082
lcfuvb,AMC,neutral,0.8471
lcfuvb,GME,neutral,0.8471
lcfubd,GME,neutral,0.8441
lcft30,TSLA,neutral,0.8318
lcfsu1,AMC,neutral,0.9318
lcfssq,GME,neutral,0.9146
lcfspz,GME,neutral,0.9165
lcfshx,AMC,neutral,0.8666
lcfshx,GME,neutral,0.8666
lcfs8e,GME,neutral,0.7388
lcfrxt,GME,neutral,0.9025
lcfr4h,GME,neutral,0.8895
lcfpux,GME,neutral,0.7168
lcfp07,GME,neutral,0.8383
lcfoyn,GME,neutral,0.8926
lcfoyn,TSLA,neutral,0.8926
lcfm96,GME,neutral,0.8030
lcfm96,TSLA,neutral,0.8030
lcfluf,GME,neutral,0.8015
lcfky0,AMC,neutral,0.8974
lcfky0,GME,neutral,0.8974
lcfk5w,GME,neutral,0.8634
lcfird,AMC,neutral,0.8878
lcfird,GME,neutral,0.8878
lcfi41,AMC,neutral,0.8978
lcfhf8,GME,neutral,0.7051
lcfh4w,GME,neutral,0.7143
lcfgfn,AMC,neutral,0.9336
lcfgfn,GME,neutral,0.9336
lcfgfb,AMZN,neutral,0.5670
lcfgfb,GME,neutral,0.5670
lcffky,AMC,neutral,0.8688
lcffky,GME,neutral,0.8688
lcff9m,AMC,neutral,0.9283
lcfdou,GME,negative,0.9328
lcfcww,GME,neutral,0.8184
lcfcmb,AMC,neutral,0.8469
lcfcmb,GME,neutral,0.8469
lcfcgl,GME,negative,0.7226
lcf85m,AMC,neutral,0.9004
lcf85m,GME,neutral,0.9004
lcf7ia,GME,neutral,0.9174
lcf728,GME,neutral,0.8264
lcf6k0,GME,negative,0.6840
lcf69c,GME,neutral,0.8791
lcf5dq,GME,neutral,0.8777
lcf3v0,AMC,neutral,0.8894
lcf3v0,GME,neutral,0.8894
lcf3ib,GME,neutral,0.9174
lcf2jj,GME,neutral,0.9143
lcf1s2,GME,neutral,0.8529
lcf0bk,GME,neutral,0.8562
lcf03b,GME,neutral,0.7353
lcezlv,GME,neutral,0.8697
lceyyy,GME,neutral,0.8819
lcexi6,GME,neutral,0.8854
lcew5b,AMC,neutral,0.8743
lcew5b,GME,neutral,0.8743
lcew2h,GME,neutral,0.8187
lcev7z,AMC,neutral,0.8713
lcev7z,GME,neutral,0.8713
lceuho,GME,neutral,0.9242
lcesar,GME,negative,0.6960
lces9e,AMC,neutral,0.6877
lces9e,GME,neutral,0.6877
lceri5,AMC,neutral,0.9163
lceri5,GME,neutral,0.9163
lcepav,GME,neutral,0.8765
lceopp,AMC,neutral,0.8876
lceopp,GME,neutral,0.8876
lcenf6,GME,neutral,0.6970
lcemwx,GME,negative,0.7472
lcemen,GME,neutral,0.8316
lcelxh,GME,neutral,0.9235
lcele7,GME,neutral,0.8627
lcek1v,GME,neutral,0.8362
lcejov,GME,neutral,0.9159
lceewc,GME,neutral,0.7971
lceeim,GME,neutral,0.8303
lced2m,AMZN,neutral,0.8887
lced2m,GME,neutral,0.8887
lced0o,GME,negative,0.5195
lceajl,GME,neutral,0.8740
lcea8b,GME,negative,0.5594
lce9or,GME,neutral,0.8306
lce8jc,GME,neutral,0.8544
lce7ci,AMC,neutral,0.8942
lce7ci,GME,neutral,0.8942
lce5o4,GME,neutral,0.8479
lce4w0,GME,neutral,0.9118
lce3pv,GME,neutral,0.9125
lce3mf,GME,neutral,0.7884
lce3ed,GME,neutral,0.6318
lcdzre,AMC,neutral,0.8855
lcdzre,GME,neutral,0.8855
lcdz3d,AMC,neutral,0.7329
lcdxyo,GME,neutral,0.9148
lcdww5,AMC,neutral,0.5977
lcdww5,GME,neutral,0.5977
lcdw4e,GME,neutral,0.9182
lcdvw9,GME,neutral,0.7444
lcdvmf,GME,neutral,0.8917
lcdvj4,GME,neutral,0.8118
lcdv3o,AMC,neutral,0.8650
lcdspa,GME,neutral,0.9374
lcds9l,GME,neutral,0.9279
lcdrj5,GME,neutral,0.8966
lcdquo,AMC,neutral,0.7203
lcdquo,GME,neutral,0.7203
lcdqdd,GME,neutral,0.9094
lcdnmk,AMC,neutral,0.9253
lcdnmk,GME,neutral,0.9253
lcdndj,AMC,negative,0.5469
lcdndj,GME,negative,0.5469
lcdmcp,GME,neutral,0.7912
lcdkvx,AMC,neutral,0.8388
lcdhoe,GME,neutral,0.9087
lcdho0,GME,neutral,0.8437
lcdfgm,AMC,neutral,0.8787
lcdfgm,GME,neutral,0.8787
lcdf79,AMC,neutral,0.9077
lcdf79,GME,neutral,0.9077
lcdepv,GME,negative,0.8382
lcdeeq,GME,neutral,0.7616
lcde53,GME,neutral,0.9398
lcddac,GME,neutral,0.6513
lcdc1n,GME,neutral,0.9375
lcdc1n,TSLA,neutral,0.9375
lcdblr,AMC,neutral,0.8299
lcd8sv,GME,neutral,0.7863
lcd8e6,GME,neutral,0.8723
lcd7sg,AMC,neutral,0.7794
lcd7sg,GME,neutral,0.7794
lcd6h0,AMC,neutral,0.7558
lcd6h0,GME,neutral,0.7558
lcd4g8,GME,neutral,0.8853
lcd2y9,AMC,neutral,0.8770
lcd1kl,GME,neutral,0.8262
lcd15v,AMC,neutral,0.8329
lcd15v,GME,neutral,0.8329
lcd115,GME,neutral,0.9214
lcd0cu,GME,neutral,0.6681
lccxqf,GME,neutral,0.9054
lccwbq,GME,neutral,0.9311
lccvzu,GME,neutral,0.8620
lccvei,GME,neutral,0.8426
lccv04,GME,neutral,0.7328
lccr5g,GME,neutral,0.8073
lccpoo,GME,neutral,0.7025
lccph0,GME,neutral,0.8653
lccous,GME,neutral,0.9257
lccmy7,GME,neutral,0.8972
lcclmf,AMC,neutral,0.8599
lcclmf,GME,neutral,0.8599
lccl5x,AMC,neutral,0.8491
lccl5x,GME,neutral,0.8491
lccl0k,GME,neutral,0.8679
lcckr6,GME,neutral,0.8160
lccjcd,AMC,neutral,0.7291
lcciwq,GME,neutral,0.7585
lccing,GME,neutral,0.6480
lcce8z,AMC,neutral,0.8276
lcce8z,GME,neutral,0.8276
lccdqw,AMC,neutral,0.5406
lccdqw,GME,neutral,0.5406
lccdj7,GME,neutral,0.8931
lccdj7,NVDA,neutral,0.8931
lccdih,GME,neutral,0.7508
lccbqo,AMC,neutral,0.8632
lccbqo,GME,neutral,0.8632
lccbhk,AMC,neutral,0.6439
lccbhk,GME,neutral,0.6439
lcc6zw,GME,neutral,0.8045
lcc6ri,AMC,neutral,0.8907
lcc6ri,GOOGL,neutral,0.8907
lcc27u,GME,neutral,0.8952
lcc1z6,GME,neutral,0.9291
lcbj9k,GME,neutral,0.7763
lcbii6,GME,positive,0.5269
lcbgl6,GME,neutral,0.7959
lcbffo,GME,negative,0.6215
lcbds9,AMC,neutral,0.9215
lcbd3w,AMC,neutral,0.8009
lcbd3w,GME,neutral,0.8009
lcbbq8,GME,neutral,0.6262
lcbbi6,GME,neutral,0.8352
lcb9eo,AMC,neutral,0.8348
lcb9eo,GME,neutral,0.8348
lcb9d5,AMC,neutral,0.8864
lcb9d5,GME,neutral,0.8864
lcb70o,GME,negative,0.5812
lcb6ok,GME,neutral,0.7138
lcb6h6,GME,neutral,0.8943
lcb6h6,GOOGL,neutral,0.8943
lcb5mk,GME,neutral,0.8903
lcb426,GME,neutral,0.8130
lcb2nx,GME,neutral,0.9287
lcb2nj,AMC,neutral,0.8559
lcb2nj,GME,neutral,0.8559
lcaurt,TSLA,neutral,0.5482
lcatm2,GME,neutral,0.9431
lcamkz,AMC,neutral,0.8368
lcamkz,GME,neutral,0.8368
lcakfj,GME,neutral,0.4961
lcak8a,GME,neutral,0.8032
lcajty,GME,neutral,0.8813
lcaip9,AAPL,neutral,0.8054
lcaip9,GME,neutral,0.8054
lcaip9,MSFT,neutral,0.8054
lcahqv,GME,neutral,0.8743
lcah9m,GME,negative,0.7403
lcagbj,GME,neutral,0.6245
lcaet7,GME,neutral,0.8103
lcaekx,AMC,neutral,0.8508
lcaekx,GME,neutral,0.8508
lcacxe,GME,neutral,0.8565
lcabtl,GME,neutral,0.8061
lcabas,GME,neutral,0.8943
lca9xz,AMC,neutral,0.7585
lca9xz,GME,neutral,0.7585
lca9xz,MSFT,neutral,0.7585
lca84f,GME,neutral,0.8101
lca4pt,GME,neutral,0.5095
lca38t,GME,neutral,0.9233
lc9yop,GME,neutral,0.8857
lc9xoe,AMC,neutral,0.7755
lc9xoe,GME,neutral,0.7755
lc9xmh,AMC,neutral,0.8497
lc9xmh,GME,neutral,0.8497
lc9wnx,AMC,neutral,0.8829
lc9wnx,GME,neutral,0.8829
lc9w0b,GME,neutral,0.9159
lc9vfl,AMC,neutral,0.8653
lc9vfl,GME,neutral,0.8653
lc9vdw,GME,neutral,0.9035
lc9vdw,GOOGL,neutral,0.9035
lc9sg5,GME,negative,0.5862
lc9rpo,AMC,neutral,0.9045
lc9rpo,GME,neutral,0.9045
lc9nfv,GME,neutral,0.5082
lc9lgz,GME,neutral,0.8820
lc9lgz,NFLX,neutral,0.8820
lc9lf4,GME,neutral,0.8776
lc9ivk,AMC,neutral,0.8626
lc9ivk,GME,neutral,0.8626
lc9egk,GME,neutral,0.6735
lc97cd,GME,neutral,0.9059
lc941y,GME,neutral,0.8363
lc93xa,AMC,neutral,0.8386
lc93xa,GME,neutral,0.8386
lc9396,META,neutral,0.7611
lc9396,GME,neutral,0.7611
lc92py,AMC,neutral,0.6247
lc91t8,AMC,neutral,0.9033
lc91t8,GME,neutral,0.9033
lc91t8,ORCL,neutral,0.9033
lc9084,GME,neutral,0.9202
lc8zk2,AMC,neutral,0.8870
lc8z5c,GME,neutral,0.8434
lc8yzz,AMC,neutral,0.7960
lc8yzz,GME,neutral,0.7960
lc8ywt,AMC,negative,0.9060
lc8ywt,META,negative,0.9060
lc8yi9,AMC,neutral,0.9031
lc8xgb,GME,neutral,0.8520
lc8x09,GME,neutral,0.9416
lc8wr5,AMC,neutral,0.9003
lc8wr5,GME,neutral,0.9003
lc8wo7,GME,neutral,0.8543
lc8vwz,GME,neutral,0.9024
lc8vgo,GME,neutral,0.8702
lc8vgj,AMC,neutral,0.3989
lc8vgj,GME,neutral,0.3989
lc8vcd,AMC,negative,0.7278
lc8v9o,GME,neutral,0.9100
lc8uvl,AMC,neutral,0.7357
lc8u01,GME,negative,0.9391
lc8tt4,AMC,neutral,0.8541
lc8tbm,AMC,neutral,0.8850
lc8tbm,GME,neutral,0.8850
lc8t7a,AMC,neutral,0.8190
lc8t0j,AMC,neutral,0.8259
lc8t0j,GME,neutral,0.8259
lc8sqz,GME,neutral,0.7944
lc8ria,META,neutral,0.9101
lc8ria,GME,neutral,0.9101
lc8qvq,GME,neutral,0.8934
lc8qvh,GME,neutral,0.4900
lc8pdl,AMC,neutral,0.8235
lc8pco,GME,negative,0.4997
lc8p30,GME,neutral,0.5814
lc8oqs,GME,neutral,0.9091
lc8n7d,AMC,neutral,0.8697
lc8n7d,GME,neutral,0.8697
lc8n7d,GOOGL,neutral,0.8697
lc8m2n,AMC,neutral,0.8105
lc8m2n,GME,neutral,0.8105
lc8lul,GME,neutral,0.7550
lc8ldf,GME,neutral,0.9142
lc8kuq,GME,neutral,0.8103
lc8kms,GME,neutral,0.8635
lc8jrh,AMC,negative,0.9134
lc8jrh,GME,negative,0.9134
lc8hex,GME,neutral,0.8915
lc8h8v,GME,neutral,0.9356
lc8gqg,GME,neutral,0.5913
lc8fey,GME,neutral,0.8650
lc8feg,AMC,neutral,0.8445
lc8dvv,AMC,neutral,0.8854
lc8ccy,GME,neutral,0.9343
lc8c9f,GME,neutral,0.6927
lc8bt0,AMC,neutral,0.8841
lc8bt0,GME,neutral,0.8841
lc8b2x,GME,neutral,0.7590
lc8a3r,AMC,neutral,0.8657
lc8a0f,GME,negative,0.9059
lc88ph,GME,neutral,0.7847
lc88e5,GME,neutral,0.7714
lc86l3,AMC,neutral,0.9142
lc86l3,GME,neutral,0.9142
lc86l3,TSLA,neutral,0.9142
lc86hi,AMC,neutral,0.8416
lc86hi,GME,neutral,0.8416
lc83m2,AMC,neutral,0.5731
lc82yi,GME,neutral,0.8955
lc816n,GME,neutral,0.7744
lc80gw,AMC,neutral,0.6762
lc80gw,GME,neutral,0.6762
lc7ydx,AMC,neutral,0.7925
lc7ydx,GME,neutral,0.7925
lc7ydf,AMC,neutral,0.6343
lc7xmi,GME,neutral,0.7178
lc7xil,GME,neutral,0.8996
lc7x8v,GME,neutral,0.6988
lc7wvx,GME,neutral,0.8181
lc7wpc,GME,neutral,0.8390
lc7vxh,AMC,neutral,0.9073
lc7vxh,GME,neutral,0.9073
lc7vdx,GME,neutral,0.7717
lc7vdx,TSLA,neutral,0.7717
lc7vc2,GME,neutral,0.7406
lc7unf,GME,neutral,0.9007
lc7uep,AMC,neutral,0.6304
lc7uaw,TSLA,neutral,0.8692
lc7uaw,AMC,neutral,0.8692
lc7uaw,GME,neutral,0.8692
lc7uaw,NVDA,neutral,0.8692
lc7uaw,NFLX,neutral,0.8692
lc7tjr,GME,neutral,0.8858
lc7tg4,GME,negative,0.7280
lc7ssy,GME,neutral,0.7514
lc7sn3,AAPL,neutral,0.8080
lc7s96,GME,neutral,0.9250
lc7rvm,GME,neutral,0.6970
lc7rn0,AMC,neutral,0.9341
lc7rn0,GME,neutral,0.9341
lc7rli,AMC,neutral,0.9239
lc7rht,TSLA,neutral,0.9159
lc7qzy,AAPL,neutral,0.9201
lc7qxf,GME,neutral,0.7935
lc7qnx,AMC,neutral,0.8761
lc7qlk,GME,neutral,0.8907
lc7ql1,AMC,neutral,0.8404
lc7ql1,GME,neutral,0.8404
lc7qhy,AMC,neutral,0.9307
lc7qhy,GME,neutral,0.9307
lc7qei,GME,neutral,0.8435
lc7plr,GME,neutral,0.5284
lc7pdq,GME,neutral,0.8088
lc7p9h,GME,neutral,0.8037
lc7ob7,GME,neutral,0.7828
lc7nzn,GME,neutral,0.5191
lc7nlc,AMC,neutral,0.8049
lc7nlc,GME,neutral,0.8049
lc7n6s,AMC,neutral,0.9184
lc7mlq,AMC,neutral,0.9315
lc7mlq,GME,neutral,0.9315
lc7m62,GME,neutral,0.9127
lc7ll0,GME,neutral,0.8421
lc7ll0,TSLA,neutral,0.8421
lc7lgq,GME,neutral,0.5027
lc7ld4,GME,neutral,0.9158
lc7la6,GME,neutral,0.9301
lc7l8v,GME,neutral,0.7936
lc7kq4,GME,neutral,0.8974
lc7k4y,GME,neutral,0.7879
lc7k4x,AMC,neutral,0.9183
lc7k1x,GME,neutral,0.8298
lc7joq,GME,neutral,0.8783
lc7j99,GME,neutral,0.7903
lc7j81,AMC,neutral,0.8182
lc7j81,GME,neutral,0.8182
lc7j7r,GME,neutral,0.8916
lc7i5o,AMC,neutral,0.9247
lc7i5o,GME,neutral,0.9247
lc7i1h,GME,neutral,0.6536
lc7hmf,AMC,neutral,0.9093
lc7hmf,GME,neutral,0.9093
lc7hgy,GME,neutral,0.8749
lc7h4a,AMC,neutral,0.8853
lc7h4a,GME,neutral,0.8853
lc7h0d,GME,neutral,0.7511
lc7gyt,AAPL,neutral,0.6406
lc7gyt,GME,neutral,0.6406
lc7grd,AMC,neutral,0.5522
lc7ggh,AMC,neutral,0.9101
lc7gg9,AMC,neutral,0.9249
lc7gg9,GME,neutral,0.9249
lc7f5c,GME,negative,0.7363
lc7e3f,GME,neutral,0.7572
lc7e1d,GME,neutral,0.9314
lc7d58,AMC,neutral,0.9232
lc7d58,GME,neutral,0.9232
lc7cv9,GME,neutral,0.8115
lc7cue,GME,neutral,0.9199
lc7cs5,AMC,neutral,0.8754
lc7cf6,AMC,neutral,0.8754
lc7c2p,AMC,neutral,0.8256
lc7c2p,GME,neutral,0.8256
lc7bzb,AMC,neutral,0.6375
lc7bf8,AMC,positive,0.5903
lc7b8f,GME,neutral,0.9063
lc7al6,GME,neutral,0.9052
lc7al6,GOOGL,neutral,0.9052
lc7aj4,GME,negative,0.9209
lc7ah1,AMZN,neutral,0.9224
lc7ah1,GME,neutral,0.9224
lc7ah1,TSLA,neutral,0.9224
lc7a30,GME,neutral,0.5464
lc7a07,AMC,neutral,0.6572
lc7a07,GME,neutral,0.6572
lc79m0,AMC,neutral,0.7426
lc79m0,GME,neutral,0.7426
lc79cm,GME,neutral,0.9198
lc7905,AMC,neutral,0.8640
lc7905,GME,neutral,0.8640
lc7905,META,neutral,0.8640
lc78on,GME,neutral,0.6407
lc78ex,AMC,neutral,0.7940
lc78ex,GME,neutral,0.7940
lc7858,GME,neutral,0.8875
lc77u5,AMC,neutral,0.8135
lc77u5,GME,neutral,0.8135
lc77th,AMC,neutral,0.9108
lc77mk,AMC,neutral,0.8561
lc77mk,GME,neutral,0.8561
lc77ct,AMC,neutral,0.9172
lc771w,GME,neutral,0.7200
lc771w,TSLA,neutral,0.7200
lc76u5,AMC,neutral,0.9353
lc76sl,AMC,neutral,0.9128
lc76ks,GME,neutral,0.7674
lc76d9,GME,negative,0.5100
lc765b,AMC,positive,0.7095
lc75za,GME,neutral,0.7255
lc75ji,GME,neutral,0.7376
lc74ew,GME,neutral,0.9154
lc74ew,MSFT,neutral,0.9154
lc74bf,AMC,neutral,0.7654
lc74ar,GME,neutral,0.8974
lc73yt,GME,neutral,0.9114
lc73xi,AMC,neutral,0.9235
lc73xi,GME,neutral,0.9235
lc73fr,AMC,neutral,0.9219
lc73fr,GME,neutral,0.9219
lc73c9,GME,neutral,0.6097
lc72wg,AMC,neutral,0.8792
lc72ub,GME,neutral,0.9343
lc72o3,GME,neutral,0.6589
lc726s,GME,neutral,0.5407
lc726l,GME,negative,0.6766
lc71yp,AMC,neutral,0.9046
lc71yp,GME,neutral,0.9046
lc7159,AMC,neutral,0.9080
lc6zyz,GME,neutral,0.9267
lc6zut,AMC,neutral,0.9128
lc6zut,GME,neutral,0.9128
lc6zn4,GME,neutral,0.8685
lc6zlb,AMC,negative,0.5763
lc6zlb,GME,negative,0.5763
lc6zb6,AMC,neutral,0.9103
lc6zb6,GME,neutral,0.9103
lc6ytw,AMC,neutral,0.7887
lc6yf8,GME,neutral,0.9250
lc6xcm,GME,neutral,0.4857
lc6x80,GME,neutral,0.9424
lc6x52,AMC,neutral,0.8359
lc6x52,GME,neutral,0.8359
lc6wun,AMC,positive,0.8755
lc6wd0,GME,negative,0.7441
lc6vpb,GME,neutral,0.7950
lc6v9d,AMC,neutral,0.7982
lc6v9d,GME,neutral,0.7982
lc6tya,AMC,neutral,0.9348
lc6tya,GME,neutral,0.9348
lc6tj1,GME,neutral,0.9179
lc6tig,GME,positive,0.5089
lc6t5j,AMC,neutral,0.9167
lc6sw7,GME,negative,0.6512
lc6sti,GME,neutral,0.8825
lc6s5r,AMC,neutral,0.8797
lc6s5r,GME,neutral,0.8797
lc6rux,GME,neutral,0.8415
lcmkgt,GME,neutral,0.9450
lcmkbq,GME,neutral,0.9355
lcmk1z,GME,neutral,0.9138
lcmjzb,GME,neutral,0.6734
lcmjlw,GME,neutral,0.9211
lcmjil,GME,neutral,0.9256
lcmji4,GME,neutral,0.9062
lcmjda,GME,neutral,0.8857
lcmj50,GME,neutral,0.8724
lcmixp,GME,neutral,0.9090
lcmim0,AMC,positive,0.7720
lcmils,AMC,neutral,0.5672
lcmils,GME,neutral,0.5672
lcmil1,GME,negative,0.8066
lcmijd,AMC,negative,0.9249
lcmijd,GME,negative,0.9249
lcmi7c,AMC,negative,0.5296
lcmi7c,GME,negative,0.5296
lcmi6p,GME,neutral,0.5706
lcmi1z,GME,neutral,0.8734
lcmhzj,AMC,neutral,0.8988
lcmhi2,GME,neutral,0.6857
lcmh7b,AMC,negative,0.6758
lcmh7b,GME,negative,0.6758
lcmh76,AMZN,positive,0.8201
lcmh76,GOOGL,positive,0.8201
lcmh3f,TSLA,neutral,0.8300
lcmh15,GME,neutral,0.9242
lcmgz9,GME,neutral,0.7451
lcmgyh,GME,negative,0.6883
lcmgl6,GME,neutral,0.8958
lcmghj,GME,neutral,0.8520
lcmghd,GME,neutral,0.9169
lcmgft,GME,neutral,0.8312
lcmgec,GME,neutral,0.9288
lcmga2,GME,neutral,0.8991
lcmg1e,GME,neutral,0.7250
lcmg11,GME,neutral,0.5598
lcmfwo,AMC,negative,0.6639
lcmfwo,GME,negative,0.6639
lcmfj0,AMC,negative,0.9434
lcmfj0,GME,negative,0.9434
lcmfdr,GME,neutral,0.8714
lcmeo2,GME,neutral,0.8754
lcmel9,GME,neutral,0.9128
lcmeg5,GME,neutral,0.8477
lcmeg3,GME,neutral,0.5563
lcmedi,GME,negative,0.5639
lcme63,GME,positive,0.6266
lcme16,GME,neutral,0.9359
lcmdvk,AMC,neutral,0.8811
lcmdvk,GME,neutral,0.8811
lcmdkz,GME,neutral,0.9136
lcmdcs,GME,neutral,0.8872
lcmd8r,GME,neutral,0.8810
lcmcty,GME,neutral,0.8820
lcmcrl,AMC,neutral,0.8998
lcmcrl,GME,neutral,0.8998
lcmcnj,AMC,neutral,0.9156
lcmcmv,AMC,negative,0.7461
lcmcmv,GME,negative,0.7461
lcmcfk,GME,negative,0.5167
lcmcew,AMC,neutral,0.5273
lcmc74,GME,negative,0.6862
lcmbxj,GOOGL,neutral,0.8980
lcmbpg,AMC,neutral,0.8647
lcmbpg,GME,neutral,0.8647
lcmbii,GME,neutral,0.7235
lcmbfx,GME,neutral,0.8846
lcmb77,GME,neutral,0.6911
lcmb6e,GME,neutral,0.6959
lcmb2n,GME,neutral,0.5753
lcma9t,GME,negative,0.7913
lcm9mv,AMC,negative,0.5245
lcm8v7,AMC,neutral,0.5810
lcm8v7,GME,neutral,0.5810
lcm8tr,GME,neutral,0.8622
lcm8po,AMC,negative,0.5240
lcm8po,GME,negative,0.5240
lcm88x,AMC,neutral,0.5895
lcm88x,GME,neutral,0.5895
lcm87a,AMC,neutral,0.8739
lcm80d,GME,negative,0.5572
lcm7gr,AAPL,neutral,0.8357
lcm7gr,TSLA,neutral,0.8357
lcm7ff,AMC,neutral,0.9054
lcm7cn,AMC,neutral,0.7526
lcm7cn,GME,neutral,0.7526
lcm78z,GME,neutral,0.5942
lcm78y,AAPL,neutral,0.9113
lcm6xi,AMC,negative,0.7248
lcm6xi,GME,negative,0.7248
lcm6x3,GME,neutral,0.8801
lcm6h7,GME,negative,0.6961
lcm69i,GME,neutral,0.8685
lcm5mz,GME,neutral,0.6629
lcm5lu,GME,neutral,0.9247
lcm5fq,GME,neutral,0.8300
lcm586,AMC,neutral,0.8301
lcm4lb,GME,neutral,0.6673
lcm3yo,GME,neutral,0.8874
lcm3y0,GME,neutral,0.9058
lcm3uj,GME,negative,0.6989
lcm3rl,GME,neutral,0.8702
lcm3q8,AMC,neutral,0.9177
lcm3m6,GME,neutral,0.8680
lcm3li,GME,neutral,0.7819
lcm3d5,GME,neutral,0.6316
lcm3b1,GME,neutral,0.7165
lcm3ax,GME,neutral,0.7911
lcm39g,GME,neutral,0.8697
lcm36k,GME,neutral,0.8298
lcm34a,GME,neutral,0.7828
lcm2v8,AMC,neutral,0.8477
lcm2v8,GME,neutral,0.8477
lcm2j5,AMC,negative,0.7402
lcm2j5,GME,negative,0.7402
lcm2ff,GME,neutral,0.8739
lcm2e3,AMC,neutral,0.8844
lcm2e3,GME,neutral,0.8844
lcm20q,AMC,neutral,0.8902
lcm20q,GME,neutral,0.8902
lcm1jn,GME,neutral,0.8399
lcm1bp,AMC,neutral,0.8655
lcm13h,GME,neutral,0.8266
lcm0yz,GME,neutral,0.9064
lcm05q,GME,neutral,0.9229
lcm05g,AMC,neutral,0.6346
lcm05g,GME,neutral,0.6346
lclzwd,AMC,negative,0.6448
lclzwd,GME,negative,0.6448
lclzus,AMC,neutral,0.6323
lclzar,AMC,neutral,0.9248
lclzar,GME,neutral,0.9248
lclyzo,GME,neutral,0.9306
lclyg2,GME,neutral,0.9101
lclyej,GME,neutral,0.9228
lclxwl,GME,neutral,0.7463
lclxmk,GME,neutral,0.7225
lclxac,GME,neutral,0.7180
lclx0d,GME,neutral,0.7999
lclwx5,AMC,neutral,0.8872
lclwx5,GME,neutral,0.8872
lclwn3,AMC,negative,0.5167
lclwn3,GME,negative,0.5167
lclwfg,AMC,negative,0.9639
lclwdl,AMC,neutral,0.8883
lclwdl,GME,neutral,0.8883
lclw80,AMC,neutral,0.9380
lclvll,AMC,neutral,0.9125
lclvll,GME,neutral,0.9125
lclv0o,GME,neutral,0.7802
lclusr,GME,negative,0.8966
lclumd,AMC,neutral,0.9126
lclumd,GME,neutral,0.9126
lclul7,AMC,neutral,0.8362
lclul7,GME,neutral,0.8362
lcluhm,GME,neutral,0.7941
lcluh4,GME,neutral,0.9391
lclu42,AMC,negative,0.5915
lclu42,GME,negative,0.5915
lcltdv,GME,neutral,0.6773
lclshv,AMC,neutral,0.8589
lclszs,AMC,positive,0.8148
lclszs,GME,positive,0.8148
lclss8,AMC,neutral,0.9037
lclss8,GME,neutral,0.9037
lclss8,META,neutral,0.9037
lclsgj,GME,neutral,0.8431
lclsgj,TSLA,neutral,0.8431
lclsde,AMC,neutral,0.9309
lclrxr,GME,neutral,0.8758
lclr1y,GME,neutral,0.6575
lclqfu,AMC,neutral,0.7813
lclqfu,GME,neutral,0.7813
lclqf1,GME,neutral,0.8986
lclq8n,AMC,neutral,0.9184
lclpvt,AMC,neutral,0.7787
lclpnm,GME,neutral,0.6582
lclp54,GME,neutral,0.7555
lcloav,GME,neutral,0.9192
lclok7,AMC,neutral,0.9384
lclnwe,AMC,neutral,0.8952
lclnwe,GME,neutral,0.8952
lclnvt,GME,neutral,0.6623
lcln5e,AMC,neutral,0.8975
lcln5e,GME,neutral,0.8975
lclmy2,AMZN,neutral,0.8915
lclmsm,AMC,neutral,0.6466
lclmsm,GME,neutral,0.6466
lclmk4,GME,negative,0.7117
lclmjc,AMC,negative,0.6018
lclm2z,GME,neutral,0.7134
lclm1p,GME,neutral,0.8059
lcllw0,GME,neutral,0.6336
lclls8,AMC,neutral,0.7546
lclls2,GME,neutral,0.9006
lcljyi,GME,neutral,0.9077
lcllgm,AMC,neutral,0.8662
lcllg0,AMC,neutral,0.6628
lcllg0,GME,neutral,0.6628
lcllfm,AMC,neutral,0.8653
lcllfm,NFLX,neutral,0.8653
lclkwl,GME,neutral,0.8509
lclk46,GME,neutral,0.9299
lclk1q,GME,neutral,0.5670
lclk0s,GME,neutral,0.7933
lcljrf,AMC,neutral,0.9053
lcljiz,AMC,neutral,0.8287
lcljiz,GME,neutral,0.8287
lcljc2,GME,negative,0.9664
lclj2s,GME,neutral,0.8137
lclj2k,AMC,neutral,0.4549
lclixo,GME,negative,0.9527
lclisl,GME,neutral,0.7985
lclims,GME,neutral,0.7486
lclhot,GME,neutral,0.7822
lclhfm,AMC,neutral,0.9045
lclhfm,GME,neutral,0.9045
lclhfm,MSFT,neutral,0.9045
lclhfm,TSLA,neutral,0.9045
lclhfc,GME,neutral,0.8439
lclhcm,GME,neutral,0.6544
lclha2,AMZN,neutral,0.8706
lclha2,GME,neutral,0.8706
lclgr3,GME,negative,0.7413
lclg5l,GME,neutral,0.6986
lclfcx,AMC,neutral,0.8900
lcldvh,AMC,neutral,0.8427
lcldvh,GME,neutral,0.8427
lcldpa,GME,neutral,0.8333
lcld3f,AMC,neutral,0.8832
lcld3f,GME,neutral,0.8832
lclcy7,AMC,neutral,0.8626
lclcy7,GME,neutral,0.8626
lclcjy,GME,neutral,0.8947
lclchs,GME,negative,0.6320
lclbvy,GME,neutral,0.7218
lclbvy,TSLA,neutral,0.7218
lclawc,GME,neutral,0.7311
lclao4,GME,neutral,0.9105
lcla8l,GME,neutral,0.6195
lcla0t,GME,neutral,0.8745
lcl9ox,AMC,neutral,0.5937
lcl9ox,GME,neutral,0.5937
lcl9fn,AMC,neutral,0.6154
lcl955,GME,neutral,0.5804
lcl8xo,GME,neutral,0.7860
lcl8j1,AMC,neutral,0.8673
lcl8j1,GME,neutral,0.8673
lcl8f5,GME,neutral,0.9195
lcl88l,AMC,neutral,0.7027
lcl88l,GME,neutral,0.7027
lcl83b,GME,neutral,0.8783
lcl7z3,GME,neutral,0.9115
lcl7yz,AMC,neutral,0.9210
lcl7yz,GME,neutral,0.9210
lcl7y7,GME,neutral,0.6440
lcl7xr,GME,neutral,0.9112
lcl7km,GME,neutral,0.8359
lcl7a5,GME,neutral,0.4963
lcl753,AMC,neutral,0.6961
lcl6yf,AMC,neutral,0.7262
lcl6oo,GME,neutral,0.8869
lcl6m2,AMC,neutral,0.7650
lcl6g5,AMC,neutral,0.9198
lcl67f,AMC,neutral,0.5836
lcl5rj,GME,neutral,0.6542
lcl5p7,GME,neutral,0.6003
lcl5lb,GME,neutral,0.8321
lcl5i1,GME,neutral,0.9152
lcl4io,AMC,neutral,0.8662
lcl4io,GME,neutral,0.8662
lcl41b,AMC,neutral,0.8462
lcl41b,GME,neutral,0.8462
lcl3fn,AMC,neutral,0.9286
lcl3fn,GME,neutral,0.9286
lcl2oj,TSLA,neutral,0.8070
lcl1hy,AMC,neutral,0.8362
lcl1hy,GME,neutral,0.8362
lcl0h0,GME,neutral,0.6925
lcl0h0,TSLA,neutral,0.6925
lcl08p,AMC,neutral,0.9251
lcl08p,GME,neutral,0.9251
lckzyc,GME,neutral,0.8844
lckzoz,GME,neutral,0.9043
lckzmf,GME,negative,0.9397
lckz22,GME,neutral,0.8685
lckyf8,GME,neutral,0.9193
lckyf8,TSLA,neutral,0.9193
lckxv6,GME,neutral,0.7849
lckxcg,GME,neutral,0.9269
lckx9l,AMC,negative,0.7049
lckx9l,GME,negative,0.7049
lckw8w,GME,neutral,0.7400
lckvxz,GME,neutral,0.7478
lckvra,GME,negative,0.4856
lckvhz,GME,negative,0.6944
lckvbm,GME,neutral,0.8549
lckv0g,AMC,neutral,0.7910
lckv0g,GME,neutral,0.7910
lckux7,AMC,neutral,0.8984
lckux7,GME,neutral,0.8984
lckuvl,GME,neutral,0.8852
lckuvl,GOOGL,neutral,0.8852
lckucc,GME,neutral,0.9214
lcktt3,AMC,neutral,0.8183
lcktql,AMC,neutral,0.7733
lcktql,GME,neutral,0.7733
lcktoy,AMC,neutral,0.8690
lcktoy,GME,neutral,0.8690
lcktn3,TSLA,neutral,0.8891
lckti9,GME,neutral,0.8947
lckt7p,GME,neutral,0.9139
lckt2n,AMC,neutral,0.8349
lckt2n,GME,neutral,0.8349
lckt1o,AMC,neutral,0.5851
lckt1o,GME,neutral,0.5851
lckswn,AMC,neutral,0.8111
lckswn,GME,neutral,0.8111
lcksgz,AMC,neutral,0.8454
lcksgz,GME,neutral,0.8454
lcks15,GME,negative,0.8120
lckrfx,GME,neutral,0.8514
lckrfr,GME,neutral,0.8126
lckr4k,GME,neutral,0.9127
lckr2b,GME,neutral,0.8815
lckqy5,AMC,neutral,0.8047
lckqy5,GME,neutral,0.8047
lckqkm,GME,negative,0.6917
lckqki,GME,neutral,0.8597
lckqk1,GME,neutral,0.8258
lckqk1,TSLA,neutral,0.8258
lckqgg,GME,negative,0.6473
lckqfu,GME,neutral,0.8786
lckqfc,AMC,neutral,0.8693
lckqfc,GME,neutral,0.8693
lckpvs,GME,negative,0.6537
lckppk,GME,positive,0.8995
lckozv,AMC,neutral,0.6135
lckou1,GME,neutral,0.9141
lckoo2,GME,neutral,0.9104
lckoep,GME,neutral,0.8804
lcknwf,AMC,neutral,0.8934
lcknwf,GME,neutral,0.8934
lcknwf,GOOGL,neutral,0.8934
lcknm0,GME,neutral,0.7337
lcknfj,GME,neutral,0.6401
lckn63,GME,negative,0.5276
lckn3k,GME,neutral,0.8910
lckmtc,AMC,negative,0.4621
lckmtc,GME,negative,0.4621
lckmtc,TSLA,negative,0.4621
lckmm9,GME,neutral,0.3963
lckmhy,AMC,neutral,0.9233
lckmhy,GME,neutral,0.9233
lcklqw,GME,neutral,0.8838
lcklzn,AMC,neutral,0.8564
lcklzn,GME,neutral,0.8564
lcklog,AMC,neutral,0.7602
lcklog,GME,neutral,0.7602
lckl1q,GME,neutral,0.7026
lckkyb,AMC,negative,0.5299
lckkyb,GME,negative,0.5299
lckkv8,GME,negative,0.4726
lckkuf,AMC,neutral,0.7912
lckkuf,GME,neutral,0.7912
lckkes,AMC,neutral,0.8506
lckkes,GME,neutral,0.8506
lckk7a,AMZN,neutral,0.8577
lckk7a,GME,neutral,0.8577
lckk1p,GME,neutral,0.7266
lckjyx,AMC,neutral,0.8919
lckju2,GME,neutral,0.9066
lckjlo,AMC,neutral,0.9119
lckjhp,AMC,neutral,0.6870
lckjhp,GME,neutral,0.6870
lckjcn,GME,neutral,0.9080
lckiz0,GME,neutral,0.8827
lckiwg,AMC,neutral,0.8862
lckiwg,GME,neutral,0.8862
lckit9,GME,neutral,0.8133
lckisn,GME,neutral,0.9045
lckip4,TSLA,neutral,0.9244
lckima,AMC,neutral,0.8891
lckima,GME,neutral,0.8891
lckilu,GME,neutral,0.9314
lckift,AMC,neutral,0.8969
lckift,GME,neutral,0.8969
lckif3,GME,neutral,0.8466
lckick,GME,negative,0.5020
lcki61,AMC,neutral,0.6623
lcki4u,GME,neutral,0.8582
lckha7,INTC,negative,0.8120
lckh6t,GME,neutral,0.8881
lckguo,AMC,neutral,0.8313
lckguo,GME,neutral,0.8313
lckgu9,GME,neutral,0.8868
lckgkz,AMC,neutral,0.8706
lckgdk,GME,neutral,0.8719
lckgc1,GME,neutral,0.9207
lckg22,GME,neutral,0.6989
lckg22,TSLA,neutral,0.6989
lckfre,GME,negative,0.7937
lckfq9,GME,negative,0.7576
lckfkh,GME,neutral,0.9032
lckfjq,AMC,neutral,0.8115
lckfee,AMC,neutral,0.8447
lckfee,GME,neutral,0.8447
lckfa6,AMC,neutral,0.9107
lckfa6,GME,neutral,0.9107
lckf9d,GME,neutral,0.8972
lckeyk,GME,negative,0.9184
lckexc,GME,neutral,0.9223
lckeqt,GME,neutral,0.7156
lckeon,AMC,negative,0.4599
lckeon,GME,negative,0.4599
lckeeg,GME,neutral,0.5072
lckecq,GME,neutral,0.8469
lcke4h,AMC,neutral,0.7241
lcke4h,GME,neutral,0.7241
lckdys,AMC,neutral,0.8057
lckdys,GME,neutral,0.8057
lckd9n,GME,neutral,0.9280
lckclo,GME,negative,0.5424
lckc7t,GME,neutral,0.9092
lckc7n,AMC,neutral,0.8811
lckc7e,AMC,neutral,0.8134
lckc7e,GME,neutral,0.8134
lckah3,AMC,neutral,0.5343
lckah3,GME,neutral,0.5343
lcka2n,GME,neutral,0.6205
lcka0b,GME,neutral,0.5312
lck96i,AMC,neutral,0.9036
lck96i,GME,neutral,0.9036
lck96i,NFLX,neutral,0.9036
lck969,TSLA,neutral,0.6188
lck94c,AMC,neutral,0.8465
lck93d,GME,neutral,0.8930
lck8zj,GME,neutral,0.6899
lck850,GME,neutral,0.8909
lck850,TSLA,neutral,0.8909
lck84b,AMC,neutral,0.9298
lck75y,GME,neutral,0.8586
lck739,GME,negative,0.6113
lck711,GME,negative,0.8207
lck6vm,AMC,negative,0.7734
lck6qx,AMC,neutral,0.8387
lck6qx,GME,neutral,0.8387
lck6qk,AMC,neutral,0.8492
lck6qk,GME,neutral,0.8492
lck6o4,GME,neutral,0.8074
lck6jo,GME,neutral,0.8604
lck69c,AMC,neutral,0.8099
lck66g,AMC,neutral,0.9136
lck5yp,GME,neutral,0.8057
lck5ci,AMC,positive,0.5523
lck5ci,GME,positive,0.5523
lck598,AMC,neutral,0.6252
lck578,GME,neutral,0.5593
lck4z1,AMC,neutral,0.5683
lck4z1,GME,neutral,0.5683
lck4ul,AMC,neutral,0.9196
lck4uf,AMZN,neutral,0.8460
lck4uf,GME,neutral,0.8460
lck4qf,GME,negative,0.9328
lck4pi,GME,neutral,0.8720
lck4js,AMC,neutral,0.8807
lck4js,GME,neutral,0.8807
lck4em,GME,neutral,0.9242
lck4em,NVDA,neutral,0.9242
lck49o,AMC,neutral,0.5766
lck49o,GME,neutral,0.5766
lck47j,AMC,neutral,0.8923
lck47j,AAPL,neutral,0.8923
lck47j,TSLA,neutral,0.8923
lck47j,AMZN,neutral,0.8923
lck3x9,GME,neutral,0.8838
lck3jj,GME,neutral,0.8744
lck2xc,AMC,neutral,0.8203
lck2xc,GME,neutral,0.8203
lck2ek,AMC,neutral,0.8670
lck2ek,GME,neutral,0.8670
lck2d1,GME,negative,0.7101
lck2am,AMC,neutral,0.8849
lck2am,GME,neutral,0.8849
lck28g,AMC,neutral,0.8569
lck28g,GME,neutral,0.8569
lck28g,TSLA,neutral,0.8569
lck25p,GME,neutral,0.6539
lck1w0,AMC,neutral,0.8136
lck1s0,GME,neutral,0.6742
lck199,GME,neutral,0.9205
lck18n,GME,neutral,0.8292
lck145,GME,neutral,0.7280
lck12p,AMC,neutral,0.8964
lck0zq,AMC,neutral,0.7928
lck0te,AMC,negative,0.6842
lck0te,GME,negative,0.6842
lck0nj,GME,negative,0.6582
lck0e8,AMC,neutral,0.9133
lck0e8,GME,neutral,0.9133
lck0cw,AAPL,neutral,0.7141
lck0cw,TSLA,neutral,0.7141
lck0cw,AMC,neutral,0.7141
lck0cw,AMZN,neutral,0.7141
lck0cw,GME,neutral,0.7141
lcjzz1,GME,neutral,0.7917
lcjzx2,GME,negative,0.5014
lcjzuj,GME,neutral,0.8611
lcjzcm,GME,neutral,0.4896
lcjz9r,AMC,negative,0.6435
lcjz9r,GME,negative,0.6435
lcjz2h,GME,neutral,0.7146
lcjyy8,GME,neutral,0.7726
lcjyqe,GME,neutral,0.8112
lcjyiv,GME,neutral,0.9006
lcjyhq,GME,neutral,0.8629
lcjy7k,GME,negative,0.9168
lcjy22,AMC,neutral,0.8674
lcjy22,GME,neutral,0.8674
lcjy00,GME,neutral,0.6849
lcjxvb,AMC,neutral,0.5590
lcjxsj,GME,neutral,0.6473
lcjxo4,GME,negative,0.6230
lcjxl2,AMC,neutral,0.9067
lcjxl2,GME,neutral,0.9067
lcjxcz,GME,neutral,0.8301
lcjxbw,GME,neutral,0.8360
lcjxb8,AMC,neutral,0.9240
lcjxaw,AMC,negative,0.7920
lcjxaw,GME,negative,0.7920
lcjx6w,GME,neutral,0.8914
lcjwzz,GME,neutral,0.8564
lcjwty,GME,neutral,0.6507
lcjwtn,AMC,neutral,0.9041
lcjwtn,GME,neutral,0.9041
lcjwly,GME,neutral,0.6545
lcjwkd,AMC,neutral,0.7562
lcjwkd,GME,neutral,0.7562
lcjwg6,AMC,neutral,0.8874
lcjwg6,GME,neutral,0.8874
lcjwcd,GME,neutral,0.8016
lcjv22,AMC,neutral,0.8056
lcjw46,AMC,neutral,0.6313
lcjvwd,GME,neutral,0.9312
lcjvhf,GME,negative,0.6115
lcjvbq,AMC,negative,0.5167
lcjvbq,GME,negative,0.5167
lcjv8h,GME,neutral,0.6479
lcjuyo,GME,neutral,0.9177
lcjupb,AMC,neutral,0.5270
lcjuks,GME,neutral,0.9283
lcjuie,GME,neutral,0.9353
lcjuhx,AMC,negative,0.5004
lcjuf7,GME,neutral,0.6375
lcju1c,GME,neutral,0.8415
lcjts0,GME,negative,0.6782
lcjtmq,GME,neutral,0.8504
lcjtmq,MSFT,neutral,0.8504
lcjtk0,AMC,neutral,0.6368
lcjtj7,GME,negative,0.9041
lcjteb,GME,neutral,0.8872
lcjt8p,GME,neutral,0.6910
lcjsz6,AMC,neutral,0.7319
lcjsz6,GME,neutral,0.7319
lcjsyk,GME,neutral,0.8933
lcjsxu,GME,neutral,0.8339
lcjsuy,GME,negative,0.8602
lcjst2,GME,negative,0.7011
lcjsk7,GME,neutral,0.9012
lcjs4a,GME,neutral,0.7566
lcjs41,GME,negative,0.8087
lcjrsu,GME,neutral,0.7889
lcjrgv,AMC,neutral,0.9117
lcjrgv,GME,neutral,0.9117
lcjrgv,MSFT,neutral,0.9117
lcjr30,AMC,neutral,0.6870
lcjr30,GME,neutral,0.6870
lcjqsj,GME,neutral,0.8024
lcjql2,AMC,neutral,0.6167
lcjql2,GME,neutral,0.6167
lcjqhi,GME,negative,0.5711
lcjqdt,GME,neutral,0.8573
lcjqcg,AMC,neutral,0.7528
lcjqcg,AAPL,neutral,0.7528
lcjqcg,GME,neutral,0.7528
lcjqbf,GME,neutral,0.9080
lcjq2k,GME,neutral,0.8814
lcjpf3,AMC,neutral,0.6306
lcjpf3,GME,neutral,0.6306
lcjpee,GME,negative,0.4884
lcjpdu,GME,positive,0.9314
lcjp8i,GME,neutral,0.8999
lcjp5u,GME,negative,0.8081
lcjoyr,AMC,neutral,0.8914
lcjoyr,GME,neutral,0.8914
lcjotr,AMC,neutral,0.7576
lcjotr,GME,neutral,0.7576
lcjory,GME,neutral,0.8834
lcjorr,GME,neutral,0.7241
lcjof9,GME,neutral,0.6295
lcjof0,GME,neutral,0.6701
lcjoez,GME,neutral,0.7975
lcjobt,AMC,negative,0.7932
lcjo0e,GME,negative,0.6672
lcjnzo,GME,neutral,0.6388
lcjnyg,AMC,neutral,0.9306
lcjnn1,AMC,neutral,0.6572
lcjnn1,GME,neutral,0.6572
lcjnji,GME,neutral,0.8131
lcjngg,GME,neutral,0.8612
lcjnge,GME,neutral,0.8409
lcjn4m,AMC,neutral,0.9116
lcjn3x,GME,neutral,0.8726
lcjn2a,GME,neutral,0.8831
lcjn01,GME,neutral,0.6177
lcjmwx,AMC,neutral,0.9304
lcjmwx,GME,neutral,0.9304
lcjmwt,GME,neutral,0.6676
lcjmg4,AMC,neutral,0.9248
ld2ulo,GME,neutral,0.7946
ld2ui0,GME,negative,0.9055
ld2qzz,GME,neutral,0.5627
ld2qyu,AMC,neutral,0.9251
ld2qyu,GME,neutral,0.9251
ld2q39,AMC,neutral,0.5433
ld2g96,GME,neutral,0.8557
ld2drq,AMC,neutral,0.6362
ld2drq,GME,neutral,0.6362
ld2c5p,AMC,neutral,0.8273
ld26g7,GME,neutral,0.8584
ld24ur,GME,neutral,0.7387
ld1h7b,GME,neutral,0.7557
ld1c5v,AMC,neutral,0.8464
ld1azt,AAPL,neutral,0.8190
ld1azt,GOOGL,neutral,0.8190
ld1azt,MSFT,neutral,0.8190
ld1azt,TSLA,neutral,0.8190
ld1azt,GME,neutral,0.8190
ld0xfn,GME,neutral,0.8674
ld0i9y,AMZN,neutral,0.6129
ld0i9y,GME,neutral,0.6129
ld0i9y,TSLA,neutral,0.6129
ld0a1e,GME,neutral,0.8553
ld08v4,GME,neutral,0.8874
ld08rh,AMC,neutral,0.8052
ld08nd,AMC,neutral,0.8544
ld08nd,GME,neutral,0.8544
ld08ep,GME,neutral,0.8431
ld07vb,GME,neutral,0.9217
ld07th,GME,neutral,0.8619
ld07p0,GME,neutral,0.5407
ld07g9,AMZN,neutral,0.8330
ld07g9,GME,neutral,0.8330
ld07e5,AMC,neutral,0.6617
ld07b7,AMC,neutral,0.9201
ld071a,TSLA,neutral,0.9238
ld06kf,GME,neutral,0.5526
ld06kf,TSLA,neutral,0.5526
ld065o,GME,neutral,0.8829
ld05en,AMC,neutral,0.9245
ld05en,GME,neutral,0.9245
ld05ak,GME,neutral,0.7044
ld050j,GME,neutral,0.8308
ld044r,AMC,neutral,0.8050
ld044r,GME,neutral,0.8050
ld044h,AMC,neutral,0.8560
ld044h,GME,neutral,0.8560
ld0433,GME,neutral,0.8905
ld03do,GME,neutral,0.8775
ld030z,AMC,neutral,0.9472
ld030t,GME,neutral,0.5407
ld02s5,AMC,neutral,0.8949
ld02s5,GME,neutral,0.8949
ld0260,AMC,neutral,0.7387
ld0260,GME,neutral,0.7387
ld018r,AMC,neutral,0.7529
ld00c2,AMC,neutral,0.4896
lczzr2,GME,neutral,0.8921
lczzbh,GME,neutral,0.7518
lczyar,AMC,neutral,0.6355
lczyar,GME,neutral,0.6355
lczxhe,GME,neutral,0.8944
lczt22,GME,neutral,0.4646
lczspn,GME,neutral,0.6946
lczs8g,AMC,neutral,0.5490
lczs8g,GME,neutral,0.5490
lczs0a,AMZN,neutral,0.9115
lczs0a,GME,neutral,0.9115
lczs0a,TSLA,neutral,0.9115
lczrxc,AMC,neutral,0.9149
lczrva,AMC,negative,0.6251
lczrva,GME,negative,0.6251
lczrva,TSLA,negative,0.6251
lczqnp,AMZN,neutral,0.6112
lczqnp,GME,neutral,0.6112
lczqn7,GME,neutral,0.5541
lczqis,GME,neutral,0.8728
lczprz,GME,neutral,0.8962
lczpqw,GME,neutral,0.7854
lczokb,TSLA,neutral,0.5458
lczo3j,AMC,negative,0.5863
lczo3j,GME,negative,0.5863
lcznnd,GME,negative,0.7168
lczn9v,GME,neutral,0.8644
lczmx4,GME,neutral,0.6506
lczml3,GME,neutral,0.8888
lczmk7,GME,negative,0.9359
lczmh9,AMC,neutral,0.8742
lczmh9,GME,neutral,0.8742
lczmcm,GME,neutral,0.8951
lczltc,GME,neutral,0.8065
lczl2z,GME,neutral,0.8805
lczl2s,AMC,neutral,0.8115
lczl2s,GME,neutral,0.8115
lczl0s,GME,neutral,0.7427
lczkf4,AMC,neutral,0.8554
lczk3c,AMC,neutral,0.8940
lczk3c,GME,neutral,0.8940
lczjz8,GME,positive,0.5122
lczjvc,AMC,neutral,0.8463
lczjvc,GME,neutral,0.8463
lczjrg,GME,positive,0.9250
lczjqw,AMZN,neutral,0.8123
lczjqw,GME,neutral,0.8123
lczjn0,GME,neutral,0.8905
lczjhi,AMC,negative,0.6770
lczjg2,GME,neutral,0.8560
lczj9e,GME,neutral,0.8460
lcziv9,AMC,neutral,0.8750
lcziv9,GME,neutral,0.8750
lcziv8,AMC,neutral,0.8684
lcziom,GME,neutral,0.7863
lczimi,GME,negative,0.8286
lczil1,AMC,neutral,0.7296
lczil1,GME,neutral,0.7296
lczi2y,GME,neutral,0.8397
lczhvw,AMC,negative,0.8397
lczhvw,GME,negative,0.8397
lczhmc,GME,neutral,0.9079
lczhe7,AMC,neutral,0.9203
lczhe7,GME,neutral,0.9203
lczhbv,GME,neutral,0.8554
lczhbv,MSFT,neutral,0.8554
lczgvz,AMC,neutral,0.7886
lczgvz,GME,neutral,0.7886
lczgqk,GME,neutral,0.8493
lczgm4,GME,neutral,0.8413
lczfyv,GME,negative,0.7913
lczftc,GME,negative,0.7127
lczbvh,GME,positive,0.8337
lcz8wc,GME,neutral,0.8131
lcz87u,AMC,neutral,0.7878
lcz87u,GME,neutral,0.7878
lcz85l,GME,neutral,0.6640
lcz7vz,GME,neutral,0.7011
lcz7vz,GOOGL,neutral,0.7011
lcz7m9,AMC,neutral,0.8444
lcz7m9,GME,neutral,0.8444
lcz7kq,GME,neutral,0.8881
lcz7it,AMC,neutral,0.8800
lcz7it,GME,neutral,0.8800
lcz77q,AMC,negative,0.6911
lcz77q,GME,negative,0.6911
lcz77q,TSLA,negative,0.6911
lcz730,AMC,neutral,0.9335
lcz730,GME,neutral,0.9335
lcz6on,AMC,neutral,0.8238
lcz6on,GME,neutral,0.8238
lcz633,GME,neutral,0.8010
lcz5sk,AMC,positive,0.7915
lcz5h9,AMC,neutral,0.8418
lcz5df,GME,neutral,0.8837
lcz58m,GME,positive,0.9509
lcz4r9,GME,neutral,0.7430
lcz4qy,GME,neutral,0.9238
lcz4mq,GME,neutral,0.8347
lcz4bf,AMC,neutral,0.9274
lcz4bf,GME,neutral,0.9274
lcz3t9,GME,neutral,0.9116
lcz3sp,AMC,neutral,0.8659
lcz3sp,GME,neutral,0.8659
lcz3ro,GME,negative,0.6635
lcz3p0,AMC,neutral,0.9002
lcz39u,AMC,neutral,0.9253
lcz2wg,AMC,neutral,0.8904
lcz2js,AMC,neutral,0.7644
lcz2ek,GME,neutral,0.5325
lcz1va,GME,neutral,0.9240
lcz1qu,AMC,neutral,0.9284
lcz1m5,AMC,neutral,0.8613
lcz1m5,GME,neutral,0.8613
lcz0zp,AMC,neutral,0.7973
lcz0zp,GME,neutral,0.7973
lcz0ni,GME,neutral,0.7610
lcz0b6,GME,neutral,0.8960
lcz06x,GME,neutral,0.8652
lcyzn2,GME,negative,0.9311
lcyyrq,GME,neutral,0.7197
lcyy35,GME,neutral,0.8703
lcyxxu,GME,neutral,0.9088
lcyxl2,GME,neutral,0.7121
lcyw5u,AMC,negative,0.5014
lcyw5u,GME,negative,0.5014
lcyw1s,GME,positive,0.9119
lcyvhj,AMC,negative,0.5034
lcyvhj,GME,negative,0.5034
lcyuwg,AMC,neutral,0.6729
lcyuwg,GME,neutral,0.6729
lcytl8,AMC,neutral,0.7316
lcyslk,GME,negative,0.8421
lcysfs,GME,neutral,0.7493
lcysdc,AMC,neutral,0.8484
lcys36,GME,neutral,0.7007
lcyrlu,GME,positive,0.7046
lcyqvn,GME,neutral,0.8287
lcyqaq,GME,neutral,0.7788
lcypx2,AMC,neutral,0.8189
lcypx2,GME,neutral,0.8189
lcyp8g,AMC,neutral,0.8645
lcyp8g,GME,neutral,0.8645
lcyoz4,GME,neutral,0.9204
lcyoue,AMC,neutral,0.8428
lcyoue,GME,neutral,0.8428
lcyo2v,GME,neutral,0.5631
lcynwb,AMC,neutral,0.4511
lcyn26,AMC,neutral,0.9273
lcyn26,GME,neutral,0.9273
lcylnx,GME,neutral,0.9220
lcylcc,AMC,negative,0.8967
lcylcc,GME,negative,0.8967
lcykl7,GME,neutral,0.7948
lcyki8,AMC,neutral,0.9406
lcyki8,GME,neutral,0.9406
lcyk54,AMC,negative,0.5764
lcyk54,GME,negative,0.5764
lcyjrd,GME,neutral,0.9043
lcyi7t,AAPL,neutral,0.8676
lcyi7t,TSLA,neutral,0.8676
lcyhyx,AMC,neutral,0.6862
lcyhyx,GME,neutral,0.6862
lcyhjv,AMC,neutral,0.8918
lcygsw,AMC,positive,0.6749
lcygsw,GME,positive,0.6749
lcyfzp,GME,negative,0.7531
lcyfjw,GME,neutral,0.8216
lcyfg6,AMC,neutral,0.7708
lcyfg6,GME,neutral,0.7708
lcyf07,GME,negative,0.8316
lcydl4,GME,negative,0.6742
lcyd66,GME,negative,0.6670
lcycvd,AMC,neutral,0.6045
lcycvd,GME,neutral,0.6045
lcycp3,AMC,negative,0.5586
lcychd,GME,neutral,0.9295
lcycbz,AMC,neutral,0.8620
lcycbz,GME,neutral,0.8620
lcyc6a,GME,neutral,0.7492
lcyc5u,AMC,positive,0.5573
lcyc2m,GME,neutral,0.8939
lcyc0v,AMC,neutral,0.8965
lcybsd,AMZN,neutral,0.9009
lcybsd,GME,neutral,0.9009
lcybsd,TSLA,neutral,0.9009
lcybsd,GOOGL,neutral,0.9009
lcyba3,GME,neutral,0.6707
lcyb3n,GME,neutral,0.7276
lcyb0o,GME,neutral,0.8027
lcyash,GME,neutral,0.7429
lcyamf,MSFT,negative,0.8135
lcya84,GME,neutral,0.9258
lcya84,NFLX,neutral,0.9258
lcya4d,GME,neutral,0.9325
lcy9yt,GME,neutral,0.9027
lcy9tc,GME,neutral,0.8310
lcy9ow,AMZN,neutral,0.6417
lcy9ow,GME,neutral,0.6417
lcy9ow,TSLA,neutral,0.6417
lcy9ob,AMC,neutral,0.8678
lcy9ob,GME,neutral,0.8678
lcy9gw,GME,neutral,0.6833
lcy97r,GME,negative,0.7596
lcy8mm,GOOGL,neutral,0.7398
lcy8mm,TSLA,neutral,0.7398
lcy782,GME,neutral,0.8515
lcy774,AMC,neutral,0.9003
lcy774,GME,neutral,0.9003
lcy74u,GME,neutral,0.9162
lcy5o5,GME,neutral,0.9242
lcy5ez,AMC,neutral,0.7841
lcy58x,AMC,neutral,0.5088
lcy58x,GME,neutral,0.5088
lcy58x,NVDA,neutral,0.5088
lcy50a,AMC,neutral,0.8264
lcy50a,GME,neutral,0.8264
lcy4xd,AMC,neutral,0.8084
lcy4ic,AMC,neutral,0.6460
lcy3je,GME,neutral,0.7474
lcy3ir,GME,neutral,0.9348
lcy1no,GME,neutral,0.8966
lcy1jw,AMC,neutral,0.9396
lcy1jw,GME,neutral,0.9396
lcy12s,GME,neutral,0.9088
lcy0ux,GME,neutral,0.8728
lcxzwh,GME,neutral,0.7702
lcxzlv,GME,neutral,0.9133
lcxyhc,GME,neutral,0.8946
lcxy4q,AMC,neutral,0.9010
lcxvw1,GME,neutral,0.8706
lcxv1s,AMC,neutral,0.7855
lcxv1s,GME,neutral,0.7855
lcxut3,GME,neutral,0.9177
lcxud9,AMC,neutral,0.6677
lcxt25,AMZN,neutral,0.9202
lcxt25,GME,neutral,0.9202
lcxsot,GME,neutral,0.8230
lcxru3,GME,neutral,0.7468
lcxru3,TSLA,neutral,0.7468
lcxrd6,GME,neutral,0.6287
lcxq7r,GME,neutral,0.9146
lcxotk,GME,neutral,0.8916
lcxotk,GOOGL,neutral,0.8916
lcxog9,GME,neutral,0.9199
lcxoef,AMZN,neutral,0.7930
lcxoef,GME,neutral,0.7930
lcxnqy,GME,neutral,0.8438
lcxnmh,GME,neutral,0.4979
lcxmv7,AMC,negative,0.6507
lcxmv7,GME,negative,0.6507
lcxkzc,AMZN,neutral,0.8865
lcxkzc,AAPL,neutral,0.8865
lcxkzc,TSLA,neutral,0.8865
lcxjyb,GME,neutral,0.8453
lcxjyb,TSLA,neutral,0.8453
ld7d9u,GME,neutral,0.7476
ld7cng,GME,neutral,0.7943
ld7c6e,AMC,neutral,0.9296
ld7c6e,GME,neutral,0.9296
ld7bgm,GME,neutral,0.8915
ld7b8c,GME,neutral,0.8568
ld7b2x,AMC,neutral,0.8668
ld7b1c,GME,negative,0.6269
ld7aw3,GME,neutral,0.6752
ld7asb,AMC,neutral,0.8118
ld7asb,GME,neutral,0.8118
ld7aru,AMC,neutral,0.5572
ld7aru,GME,neutral,0.5572
ld79u4,GME,neutral,0.9162
ld79ro,GME,neutral,0.8766
ld79kl,GME,neutral,0.8438
ld79iw,AMC,neutral,0.9034
ld79iw,NFLX,neutral,0.9034
ld79iw,AMZN,neutral,0.9034
ld799n,GME,neutral,0.6882
ld7991,AMC,neutral,0.9281
ld7991,GME,neutral,0.9281
ld78o6,GME,neutral,0.9280
ld7820,AMC,neutral,0.9140
ld7820,GME,neutral,0.9140
ld77oe,GME,neutral,0.9044
ld778m,AMC,negative,0.6563
ld778m,GME,negative,0.6563
ld76uw,AMC,neutral,0.6967
ld76uw,GME,neutral,0.6967
ld76ey,AMC,neutral,0.7872
ld76eq,AMC,neutral,0.6112
ld76eq,GME,neutral,0.6112
ld769g,GME,neutral,0.5808
ld75za,GME,neutral,0.8910
ld75y8,GME,neutral,0.9132
ld75oy,GME,neutral,0.8547
ld74yz,AMC,neutral,0.8408
ld74yz,GME,neutral,0.8408
ld74v5,GME,neutral,0.8430
ld74bz,GME,neutral,0.8787
ld7482,AMC,neutral,0.9284
ld7482,GME,neutral,0.9284
ld745a,GME,neutral,0.8673
ld745a,GOOGL,neutral,0.8673
ld7381,GME,neutral,0.7406
ld72zh,GME,neutral,0.8247
ld72vx,GME,neutral,0.8363
ld72pr,GME,negative,0.6480
ld72pl,GME,neutral,0.9459
ld72d5,AMZN,positive,0.8315
ld72d5,GOOGL,positive,0.8315
ld72d5,MSFT,positive,0.8315
ld72d5,META,positive,0.8315
ld72b0,GME,neutral,0.9222
ld72at,GME,neutral,0.6718
ld722k,GME,neutral,0.6258
ld71jm,GME,neutral,0.7569
ld71ej,GME,neutral,0.6973
ld71dz,AMC,neutral,0.8589
ld716c,GME,neutral,0.9108
ld70z4,AMC,neutral,0.7380
ld70z4,GME,neutral,0.7380
ld70u7,GME,neutral,0.9145
ld702w,GME,neutral,0.7516
ld702w,TSLA,neutral,0.7516
ld6zwz,GME,neutral,0.8716
ld6yq0,GME,neutral,0.8895
ld6ypa,GME,negative,0.6183
ld6yo5,GME,negative,0.4987
ld6yo5,TSLA,negative,0.4987
ld6ybf,AMC,neutral,0.7391
ld6y3x,GME,negative,0.9019
ld6xsy,GME,neutral,0.9441
ld6xns,GME,negative,0.4930
ld6xba,GME,neutral,0.8957
ld6x82,GME,negative,0.5149
ld6wo0,GME,negative,0.4908
ld6w7d,AMC,neutral,0.5278
ld6vlk,GME,neutral,0.8755
ld6uri,AMC,neutral,0.8548
ld6uri,GME,neutral,0.8548
ld6uri,AMZN,neutral,0.8548
ld6ulk,AMC,neutral,0.8561
ld6ulk,GME,neutral,0.8561
ld6uh0,GME,neutral,0.9307
ld6uei,GME,neutral,0.9292
ld6sya,GME,neutral,0.9402
ld6stf,AMC,neutral,0.8852
ld6spi,GME,neutral,0.8177
ld6sc1,GME,neutral,0.8228
ld6s8z,GME,neutral,0.6028
ld6rp8,GME,neutral,0.9167
ld6ra6,AMC,negative,0.6670
ld6ra6,GME,negative,0.6670
ld6qwv,GME,neutral,0.8660
ld6oeh,AMC,neutral,0.9013
ld6oeh,GME,neutral,0.9013
ld6neh,AMC,neutral,0.8527
ld6neh,GME,neutral,0.8527
ld6m8m,AMC,neutral,0.8205
ld6lcw,GME,neutral,0.9263
ld6l6f,AMC,neutral,0.7359
ld6l6f,GME,neutral,0.7359
ld6kr4,GME,neutral,0.9030
ld6ked,GME,neutral,0.6752
ld6ked,GOOGL,neutral,0.6752
ld6iwy,GME,negative,0.4925
ld6i8q,GME,neutral,0.7042
ld6i76,GME,neutral,0.8634
ld6hxa,GME,neutral,0.6212
ld6hkj,GME,neutral,0.6169
ld6h8v,GME,neutral,0.9215
ld6gz2,GME,neutral,0.6880
ld6gw3,GME,negative,0.6399
ld6g36,GME,negative,0.6379
ld6g0y,AMC,negative,0.9142
ld6ezd,GME,neutral,0.8128
ld6d8g,GME,neutral,0.9184
ld6d4u,GME,neutral,0.8727
ld6d0i,AMC,neutral,0.7928
ld6cu0,AMZN,neutral,0.9035
ld6cu0,GME,neutral,0.9035
ld6by9,AMC,neutral,0.8973
ld6by9,GME,neutral,0.8973
ld6b94,AMC,neutral,0.8405
ld6b94,GME,neutral,0.8405
ld6b6a,AMC,neutral,0.8487
ld6b6a,GME,neutral,0.8487
ld69ut,AMC,neutral,0.7493
ld69ut,GME,neutral,0.7493
ld67w8,GME,neutral,0.7047
ld67sw,AMC,neutral,0.8783
ld67sw,GME,neutral,0.8783
ld67ee,GME,neutral,0.8663
ld67c2,AMC,neutral,0.8295
ld67c2,GME,neutral,0.8295
ld66sh,GME,negative,0.8900
ld61vf,GME,neutral,0.6676
ld60t5,GME,neutral,0.9280
ld60ho,GME,neutral,0.5907
ld5zp1,AAPL,neutral,0.8941
ld5zp1,GME,neutral,0.8941
ld5yf8,AMC,neutral,0.8393
ld5yf8,GME,neutral,0.8393
ld5vt7,GME,neutral,0.7492
ld5vin,GME,neutral,0.5170
ld5ufq,GME,neutral,0.8194
ld5ucq,GME,neutral,0.7063
ld5u2k,AMC,neutral,0.7114
ld5u2k,GME,neutral,0.7114
ld5rnp,AMC,neutral,0.8950
ld5rnp,GME,neutral,0.8950
ld5rd9,GME,neutral,0.7590
ld5qzz,GME,neutral,0.8645
ld5qzl,GME,neutral,0.5328
ld5o8b,GME,negative,0.7712
ld5naf,AMC,neutral,0.6690
ld5mg9,GME,neutral,0.8820
ld5m6k,AMC,neutral,0.8334
ld5m6d,AMC,neutral,0.7511
ld5lgq,AMC,neutral,0.7606
ld5l15,AMC,neutral,0.7606
ld5kxt,AMC,neutral,0.9110
ld5kxt,GME,neutral,0.9110
ld5kgk,AMC,neutral,0.8670
ld5k9q,GME,neutral,0.7797
ld5ipr,GME,neutral,0.8239
ld5i0n,GME,neutral,0.6515
ld5hct,GME,neutral,0.7986
ld5gkj,GME,neutral,0.8690
ld5ftc,AMC,neutral,0.7069
ld5ftc,GME,neutral,0.7069
ld5fls,GME,neutral,0.5910
ld5fan,AMC,neutral,0.6588
ld5fan,GME,neutral,0.6588
ld5edv,AAPL,neutral,0.8749
ld5edv,GME,neutral,0.8749
ld5edv,MSFT,neutral,0.8749
ld5cbx,GME,neutral,0.8040
ld5cbe,AMC,neutral,0.9008
ld5c1g,GME,neutral,0.8635
ld5b8i,GME,negative,0.9240
ld5agz,GME,neutral,0.9179
ld5agf,GME,neutral,0.9282
ld59x4,GME,negative,0.4856
ld56z3,GME,neutral,0.9001
ld56ux,TSLA,neutral,0.8114
ld55w5,AMC,neutral,0.8013
ld54ue,AMC,neutral,0.9010
ld54ue,GME,neutral,0.9010
ld54ou,GME,neutral,0.8662
ld53i7,GME,neutral,0.8122
ld5263,TSLA,neutral,0.8820
ld5251,AMC,neutral,0.9039
ld5251,GME,neutral,0.9039
ld51yn,AMC,neutral,0.6174
ld51yn,GME,neutral,0.6174
ld51jr,GME,neutral,0.9218
ld51jr,MSFT,neutral,0.9218
ld51jr,NFLX,neutral,0.9218
ld4zef,GME,negative,0.5162
ld4z95,GOOGL,neutral,0.7832
ld4z95,MSFT,neutral,0.7832
ld4yet,GME,neutral,0.7973
ld4xhx,AMC,negative,0.7260
ld4xhx,GME,negative,0.7260
ld4x5n,GME,neutral,0.8171
ld4w59,GME,neutral,0.6001
ld4vea,GME,neutral,0.8641
ld4uj6,AMC,negative,0.4870
ld4uj6,GME,negative,0.4870
ld4tas,GME,neutral,0.7388
ld4t6j,AMC,negative,0.5146
ld4t6j,GME,negative,0.5146
ld4sa9,GME,neutral,0.9292
ld4rnz,GME,neutral,0.8927
ld4qzq,AMC,positive,0.6603
ld4pc8,GME,positive,0.9088
ld4lw3,GME,neutral,0.4991
ld4jip,GME,neutral,0.9249
ld4jip,MSFT,neutral,0.9249
ld4jip,NFLX,neutral,0.9249
ld4jhg,GME,neutral,0.9036
ld4jet,AMC,neutral,0.8570
ld4j5g,GME,neutral,0.9286
ld4iue,GME,neutral,0.8681
ld4hwc,GME,neutral,0.5709
ld4glc,GME,neutral,0.8938
ld4ft3,GME,neutral,0.9278
ld4e8b,GME,neutral,0.9154
ld4dbt,AMZN,neutral,0.8314
ld4dbt,GME,neutral,0.8314
ld4cvv,AMC,neutral,0.8844
ld4cvv,GME,neutral,0.8844
ld4cfi,GME,neutral,0.8724
ld4cc8,GME,neutral,0.8886
ld4bua,GME,neutral,0.9149
ld4b2t,GME,neutral,0.7243
ld49op,GME,neutral,0.7562
ld49iq,AMC,neutral,0.5195
ld48m7,GME,neutral,0.9314
ld48m7,TSLA,neutral,0.9314
ld47pc,AMC,neutral,0.8710
ld47i1,AAPL,neutral,0.5912
ld47d0,AMC,neutral,0.7887
ld47d0,GME,neutral,0.7887
ld44ia,GME,neutral,0.5347
ld44h7,GME,neutral,0.7083
ld41u0,AMC,neutral,0.7835
ld40ce,GME,neutral,0.6173
ld3ynu,GME,neutral,0.7906
ld3y1m,GME,neutral,0.9228
ld3xtv,TSLA,neutral,0.8273
ld3xld,GME,neutral,0.7521
ld3xh5,GME,neutral,0.7900
ld3wri,GME,positive,0.9438
ld3vcc,GME,negative,0.6052
ld3tol,GME,neutral,0.7291
ld3szy,AMC,neutral,0.8354
ld3szy,GME,neutral,0.8354
ld3r2q,GME,neutral,0.5687
ld3qur,GME,neutral,0.5681
ld3q4h,GME,neutral,0.9309
ld3q4h,GOOGL,neutral,0.9309
ld3q2g,AMC,neutral,0.6886
ld3q2g,GME,neutral,0.6886
ld3ntz,AMC,neutral,0.6820
ld3ntz,GME,neutral,0.6820
ld3lft,GME,neutral,0.8956
ld3l9l,GME,neutral,0.9091
ld3kz1,AMC,neutral,0.9251
ld3kz1,GME,neutral,0.9251
ld3jq6,GME,neutral,0.8685
ld3jfm,GME,neutral,0.8922
ld3ikp,AMC,neutral,0.8557
ld3i7d,GME,neutral,0.8314
lcpz4o,TSLA,neutral,0.9110
ld3gs4,AMC,neutral,0.8786
ld3gs4,GME,neutral,0.8786
ld3f53,GME,neutral,0.8460
ld3e33,AMZN,neutral,0.8944
ld3e33,GME,neutral,0.8944
ld3e33,TSLA,neutral,0.8944
ld3d4v,GME,neutral,0.7476
ld3btf,GME,neutral,0.9304
ld3ala,GME,neutral,0.9176
ld39s8,GME,neutral,0.8550
ld38q1,AMC,neutral,0.8245
ld38ck,AMC,neutral,0.8958
ld38ck,GME,neutral,0.8958
ld37vs,AMC,neutral,0.8927
ld37vs,GME,neutral,0.8927
ld36kw,GME,neutral,0.9223
ld35xp,GME,neutral,0.9079
ld33my,AMC,neutral,0.9283
ld33bm,GME,neutral,0.6872
ld319s,GME,neutral,0.8465
ld2zlq,GME,neutral,0.8131
ld2ycu,AMC,neutral,0.7772
ld2ya9,GME,neutral,0.9185
ld2wvy,AMC,neutral,0.7315
ld2wtg,GME,neutral,0.7346
ld2uhi,AMC,neutral,0.9088
ld2uhi,GME,neutral,0.9088
ld2tmt,GME,neutral,0.7757
ld2tds,MSFT,neutral,0.7003
ld2s9x,AMC,neutral,0.8687
ld2qy6,GME,neutral,0.5199
ld2quj,AMC,neutral,0.8791
ld2quj,GME,neutral,0.8791
ld2quj,TSLA,neutral,0.8791
ld2qrq,GME,neutral,0.8004
ld2qmk,GME,neutral,0.6577
ld2qmk,TSLA,neutral,0.6577
ld2pjj,GME,negative,0.9042
ld2pj8,GME,neutral,0.9071
ld2osk,GME,neutral,0.7965
ld2nq6,GME,neutral,0.7880
ld2nkn,GME,neutral,0.7896
ld2mjj,GME,neutral,0.9253
ld2kdk,GME,neutral,0.8545
ld2jwu,GME,negative,0.6075
ld2j2d,GME,negative,0.5969
ld2ibo,GME,neutral,0.6529
ld2hqe,GME,neutral,0.7033
ld2hd3,AMC,neutral,0.6273
ld2gwr,AMC,neutral,0.7998
ld2gwr,GME,neutral,0.7998
ld2gtw,GME,neutral,0.6758
ld2g5f,GME,neutral,0.8684
ld2fyg,GME,neutral,0.8958
ld2exq,AMC,neutral,0.8665
ld2exq,GME,neutral,0.8665
ld2er6,GME,neutral,0.7568
ld2e76,AMC,negative,0.6692
ld2dvk,AMC,neutral,0.9271
ld2dvk,GME,neutral,0.9271
ld2dbr,AMC,neutral,0.8386
ld2dbr,GME,neutral,0.8386
ld2da2,GME,neutral,0.8438
ld2cmk,GME,neutral,0.7991
ld2cma,GME,neutral,0.8371
ld2blw,GME,neutral,0.9014
ld2b5h,GME,neutral,0.9312
ld2aqg,AMC,neutral,0.9210
ld2aqg,GME,neutral,0.9210
ld2aaz,GME,neutral,0.8143
ld2a8f,GME,neutral,0.8820
ld2a7q,GME,neutral,0.6704
ld2a2a,AAPL,neutral,0.7824
ld2a2a,GME,neutral,0.7824
ld2a14,AMC,neutral,0.8500
ld2a14,GME,neutral,0.8500
ld29qe,AMC,neutral,0.7633
ld29qe,GME,neutral,0.7633
ld29pn,GME,neutral,0.8909
ld29gg,AMC,neutral,0.8513
ld29gg,GME,neutral,0.8513
ld29ak,GME,neutral,0.9127
ld296a,GME,neutral,0.9150
ld2939,GME,neutral,0.8837
ld28nz,AMC,neutral,0.9158
ld28nz,GME,neutral,0.9158
ld28kr,AMC,neutral,0.8693
ld28kr,GME,neutral,0.8693
ld27p7,AMC,neutral,0.6907
ld27ix,GME,neutral,0.8900
ld2742,AMC,neutral,0.8812
ld2701,GME,neutral,0.8997
ld26sf,AMC,neutral,0.9073
ld26sf,GME,neutral,0.9073
ld26ka,AMC,neutral,0.9166
ld2607,GME,neutral,0.8122
ld25yw,GME,neutral,0.5497
ld2526,AAPL,neutral,0.9296
ld24w9,GME,neutral,0.6381
ld24dm,GME,neutral,0.9032
ld24dm,MSFT,neutral,0.9032
ld24dm,NFLX,neutral,0.9032
ld22k1,GME,neutral,0.9216
ld21h3,GME,negative,0.7806
ld218f,AMC,neutral,0.8743
ld1zut,GME,neutral,0.7196
ld1zfp,AMC,neutral,0.8826
ld1z9e,AMC,neutral,0.9143
ld1z9e,GME,neutral,0.9143
ld1z8h,GME,neutral,0.9426
ld1ytf,GME,neutral,0.9069
ld1yq1,GME,neutral,0.8595
ld1yne,AMZN,neutral,0.8449
ld1xqx,GME,neutral,0.9034
ld1xba,AMC,positive,0.5373
ld1wru,AMC,neutral,0.8665
ld1wkm,GME,neutral,0.7380
ld1vzq,GME,neutral,0.9057
ld1vwl,GME,neutral,0.8762
ld1v7r,GME,neutral,0.9104
ld1uqr,GME,neutral,0.8841
ld1uho,GME,neutral,0.8709
ld1u70,GME,neutral,0.8385
ld1tby,AMC,negative,0.5708
ld1sv3,GME,neutral,0.9210
ld1sjy,GME,neutral,0.6222
ld1sew,AMZN,neutral,0.8964
ld1rr8,AMC,neutral,0.9141
ld1rr8,GME,neutral,0.9141
ld1ret,GME,neutral,0.8959
ld1r4l,AMC,neutral,0.8766
ld1r4l,GME,neutral,0.8766
ld1ol9,GME,neutral,0.9317
ld1o93,AMC,negative,0.9269
ld1n1n,GME,neutral,0.8435
ld1m4a,AMC,neutral,0.8497
ld1m4a,GME,neutral,0.8497
ld1m1h,GME,negative,0.6674
ld1lzy,GME,negative,0.5364
ld1lpl,AMC,neutral,0.9124
ld1lpl,GME,neutral,0.9124
ld1lkv,AMC,neutral,0.7539
ld1lkv,GME,neutral,0.7539
ld1lkv,TSLA,neutral,0.7539
ld1lef,AMC,neutral,0.8097
ld1lef,GME,neutral,0.8097
ld1l91,GME,neutral,0.8759
ld1krg,GME,neutral,0.8489
ld1kgl,AMC,neutral,0.8078
ld1keu,GME,neutral,0.9295
ld1k2d,AMC,neutral,0.8083
ld1jvk,GME,negative,0.8998
ld1jjc,AMC,neutral,0.9068
ld1jjc,GME,neutral,0.9068
ld1jf3,AMC,neutral,0.9062
ld1jf3,GME,neutral,0.9062
ld1j8b,GME,neutral,0.8805
ld1iws,AAPL,neutral,0.9201
ld1iws,GOOGL,neutral,0.9201
ld1iws,TSLA,neutral,0.9201
ld1isn,GME,neutral,0.8546
ld1hs4,GME,positive,0.5154
ld1hjt,AMC,neutral,0.7599
ld1hjt,GME,neutral,0.7599
ld1hjd,GME,neutral,0.8254
ld1hi4,GME,neutral,0.9373
ld1gu4,AMC,neutral,0.9207
ld1glr,GME,neutral,0.5056
ld1gj0,GME,neutral,0.8665
ld1fyx,AMC,neutral,0.8717
ld1fw6,GME,neutral,0.7961
ld1eyg,AMC,neutral,0.8803
ld1eyg,GME,neutral,0.8803
ld1ekq,GME,negative,0.9260
ld1efy,GME,negative,0.7179
ld1eew,AMC,neutral,0.5273
ld1eew,GME,neutral,0.5273
ld1e9n,AMC,neutral,0.8101
ld1e9n,GME,neutral,0.8101
ld1dsb,GME,neutral,0.9090
ld1dnk,GME,neutral,0.9024
ld1d9b,GME,neutral,0.8559
ld1d6o,GME,neutral,0.8004
ld1cy8,AMC,neutral,0.8556
ld1ce9,GME,neutral,0.9094
ld1bor,GME,neutral,0.7485
ld1bdu,GME,neutral,0.8214
ld1bcy,GME,neutral,0.6796
ld1aqs,GME,neutral,0.6658
ld1ajq,GME,neutral,0.8434
ld19n6,GME,neutral,0.9069
ld1984,META,neutral,0.6571
ld1984,GME,neutral,0.6571
ld1984,NVDA,neutral,0.6571
ld18vz,AMC,neutral,0.8723
ld18vz,GME,neutral,0.8723
ld18au,AMC,neutral,0.8271
ld189w,AMC,negative,0.9521
ld17ku,AMC,neutral,0.7493
ld17ku,GME,neutral,0.7493
ld15zm,AAPL,neutral,0.9181
ld15zm,GOOGL,neutral,0.9181
ld15zm,MSFT,neutral,0.9181
ld15ve,GME,neutral,0.6268
ld15dj,GME,neutral,0.8279
ld14r1,GME,neutral,0.7799
ld13c3,AMC,neutral,0.6291
ld13c3,GME,neutral,0.6291
ld13c3,TSLA,neutral,0.6291
ld13bt,GME,negative,0.6140
ld12ew,GME,negative,0.5261
ld124b,GME,neutral,0.8858
ld122y,AMC,neutral,0.9173
ld122y,GME,neutral,0.9173
ld11ps,GME,neutral,0.8797
ld1195,GME,neutral,0.8049
ld115e,GME,neutral,0.9318
ld1133,AMC,neutral,0.9235
ld1133,GME,neutral,0.9235
ld10se,GME,neutral,0.9322
ld100v,AMC,neutral,0.9221
ld100v,GME,neutral,0.9221
ld100a,AMC,neutral,0.8826
ld100a,GME,neutral,0.8826
ld0zsj,GME,neutral,0.9191
ld0zq0,AMC,neutral,0.7937
ld0z0g,GME,negative,0.8433
ld0yi2,GME,neutral,0.7947
ld0ygy,GME,neutral,0.9378
ld0y0w,AMC,neutral,0.9153
ld0y0w,GME,neutral,0.9153
ld0y0w,TSLA,neutral,0.9153
ld0xxm,GME,neutral,0.9080
ld0xf6,GME,neutral,0.5551
ld0xbj,AMC,negative,0.8441
ld0xbj,GME,negative,0.8441
ld0wne,AMC,neutral,0.7706
ld0wne,GME,neutral,0.7706
ld0wne,TSLA,neutral,0.7706
ld0wgw,AMC,neutral,0.8969
ld0wbs,AMC,neutral,0.8625
ld0wa4,GME,neutral,0.8502
ld0vr6,GME,negative,0.7587
ld0uma,GME,neutral,0.9064
ld0u3r,GME,neutral,0.8970
ld0tv4,GME,negative,0.9268
ld0tos,TSLA,neutral,0.4177
ld0tio,AMC,neutral,0.8943
ld0tio,GME,neutral,0.8943
ld0t6n,AMC,neutral,0.6741
ld0t6n,GME,neutral,0.6741
ld0svy,GME,neutral,0.8489
ld0sjt,GME,negative,0.7872
ld0sbb,GME,neutral,0.7575
ld0rx8,GME,neutral,0.5551
ld0rv1,GME,neutral,0.6615
ld0rdh,GME,neutral,0.9089
ld0rae,AMC,neutral,0.8671
ld0rae,GME,neutral,0.8671
ld0ra8,GME,neutral,0.9298
ld0r5x,AMZN,neutral,0.9020
ld0r5x,GME,neutral,0.9020
ld0qsn,GME,neutral,0.8991
ld0qsn,TSLA,neutral,0.8991
ld0qfq,GME,neutral,0.9342
ld0qf4,GME,neutral,0.7796
ld0qdy,AMC,neutral,0.9063
ld0q72,AMC,positive,0.9174
ld0q72,GME,positive,0.9174
ld0pdk,GME,neutral,0.6420
ld0p92,AMZN,neutral,0.8593
ld0p92,GME,neutral,0.8593
ld0oy9,AMC,neutral,0.5936
ld0oy9,GME,neutral,0.5936
ld0oc0,AMC,neutral,0.6881
ld0oc0,GME,neutral,0.6881
ld0o0z,AMC,neutral,0.5696
ld0o0z,GME,neutral,0.5696
ld0nq4,AMC,negative,0.8937
ld0nq4,GME,negative,0.8937
ld0ndr,TSLA,neutral,0.8819
ld0n6r,AMZN,neutral,0.6108
ld0n62,GME,neutral,0.5152
ld0mxd,GME,neutral,0.9016
ld0mik,GME,negative,0.6199
ld0m5y,GME,negative,0.6276
ld0m16,AMC,neutral,0.6689
ld0m16,GME,neutral,0.6689
ld0m16,TSLA,neutral,0.6689
ld0l87,GME,neutral,0.8358
ld0kwh,AMC,neutral,0.9361
ld0kwh,GME,neutral,0.9361
ld0kwh,TSLA,neutral,0.9361
ld0kuo,GME,neutral,0.9004
ld0kf6,GME,neutral,0.5217
ld0jdy,GME,negative,0.5943
ld0jcw,GME,neutral,0.7756
ld0j80,GME,negative,0.7754
ld0itx,AMC,neutral,0.5539
ld0ipl,GME,neutral,0.9090
ld0idi,GME,neutral,0.9249
ld0i02,AMC,neutral,0.8846
ld0hq1,GME,neutral,0.7731
ld0hns,AMC,negative,0.5410
ld0hly,GME,neutral,0.8337
ld0h5f,AMC,neutral,0.8524
ld0gzj,GME,neutral,0.8812
ld0gs6,GME,neutral,0.7316
ld0g95,GME,neutral,0.8022
ld0fxr,AMC,neutral,0.9323
ld0fxr,GME,neutral,0.9323
ld0fry,AMC,neutral,0.9359
ld0fnz,AMC,neutral,0.6162
ld0efj,AMC,neutral,0.8905
ld0efj,GME,neutral,0.8905
ld0e7h,GME,neutral,0.7543
ld0e0r,AMC,neutral,0.9183
ld0e0d,GME,neutral,0.7992
ld0du8,AMC,neutral,0.8905
ld0du8,GME,neutral,0.8905
ld0dq6,AMC,negative,0.5863
ld0dq6,GME,negative,0.5863
ld0djb,AMC,neutral,0.9271
ld0dfq,GME,neutral,0.5121
ld0crh,GME,neutral,0.8042
ld0ck8,AMC,negative,0.4869
ld0ceb,AMC,neutral,0.9493
ld0ceb,GME,neutral,0.9493
ld0bw5,AMC,neutral,0.9320
ld0bw5,GME,neutral,0.9320
ld0bvy,AMC,neutral,0.7769
ld0bvy,GME,neutral,0.7769
ld0bvl,GME,neutral,0.8483
ld0btf,AMC,neutral,0.8719
ld0btf,GME,neutral,0.8719
ld0bsr,GME,neutral,0.8540
ld0bo8,GME,neutral,0.9266
ld0auk,AMC,negative,0.8444
ld0aqu,MSFT,positive,0.7889
ld0afi,GME,neutral,0.8268
ld0abg,AMC,neutral,0.8302
ld0abg,GME,neutral,0.8302
ld0a1a,AMC,neutral,0.8383
ld0a1a,GME,neutral,0.8383
ld09us,GME,neutral,0.8804
ld09jq,GME,neutral,0.8276
ld98kg,AMC,neutral,0.9009
ld98kg,GME,neutral,0.9009
ld9867,AMC,neutral,0.8429
ldcerf,GME,neutral,0.6856
ldceip,GME,neutral,0.8911
ldcefk,AMC,neutral,0.8980
ldcdw3,GME,neutral,0.8497
ldcco8,AMC,negative,0.5364
ldcck8,AMC,neutral,0.8338
ldcck8,GME,neutral,0.8338
ldcc36,GME,neutral,0.9070
ldcc0y,AMC,neutral,0.8866
ldcc0y,GME,neutral,0.8866
ldcc0d,AMC,negative,0.7630
ldcc0d,GME,negative,0.7630
ldcbtu,GME,neutral,0.9328
ldcbab,GME,neutral,0.7703
ldcb6r,AMZN,neutral,0.9028
ldcaxs,GME,neutral,0.6400
ldcal3,AMC,neutral,0.8385
ldcal3,GME,neutral,0.8385
ldcagr,AMC,neutral,0.8491
ldca0w,GME,neutral,0.8090
ldc9yl,GME,neutral,0.8495
ldc9ti,GME,neutral,0.6881
ldc9ti,NVDA,neutral,0.6881
ldc9pe,AAPL,neutral,0.6822
ldc9pe,GME,neutral,0.6822
ldc9ik,GME,neutral,0.7445
ldc9f5,GME,neutral,0.8245
ldc9dr,AMC,neutral,0.6048
ldc9dr,GME,neutral,0.6048
ldc8wb,GME,neutral,0.5364
ldc8u3,AMC,neutral,0.9048
ldc8u3,GME,neutral,0.9048
ldc80n,GME,neutral,0.8033
ldc8gf,AMC,negative,0.4666
ldc82e,META,neutral,0.6168
ldc7t0,AMC,neutral,0.8277
ldc7nx,AMC,neutral,0.8888
ldc7nx,GME,neutral,0.8888
ldc7n7,GME,neutral,0.9205
ldc7n7,MSFT,neutral,0.9205
ldc7n7,NFLX,neutral,0.9205
ldc6ik,GME,neutral,0.6301
ldc6gm,GME,neutral,0.5843
ldc643,GME,neutral,0.6955
ldc5ul,GME,neutral,0.6664
ldc5nx,AMC,neutral,0.8298
ldc56d,AMC,neutral,0.8383
ldc4jy,AMC,neutral,0.9401
ldc4aa,AMC,neutral,0.8952
ldc49n,GME,neutral,0.9129
ldc3tj,AMC,neutral,0.4620
ldc3tj,GME,neutral,0.4620
ldc3n5,GME,neutral,0.6993
ldc3kc,GME,neutral,0.5587
ldc3co,AMC,neutral,0.6720
ldc3co,GME,neutral,0.6720
ldc3co,TSLA,neutral,0.6720
ldc2wx,AMC,neutral,0.8468
ldc2sg,GME,neutral,0.8016
ldc20k,GME,negative,0.9637
ldc1ug,AMC,neutral,0.9205
ldc1ug,GME,neutral,0.9205
ldc1s5,GME,neutral,0.8805
ldc1lm,GME,neutral,0.6875
ldc1l2,GME,neutral,0.9190
ldc1ik,GME,neutral,0.8822
ldc1hp,GME,neutral,0.7782
ldc1hb,GME,neutral,0.8040
ldc1d9,AMC,neutral,0.7183
ldc1ae,AMC,neutral,0.8461
ldc0r7,GME,neutral,0.8507
ldc0i3,GME,neutral,0.9015
ldbzqg,AMC,neutral,0.9144
ldbypk,AMC,neutral,0.8157
ldbypk,GME,neutral,0.8157
ldbyph,GME,neutral,0.8276
ldbybs,AMC,neutral,0.9144
ldbxr1,GME,neutral,0.7385
ldbxd2,AMC,neutral,0.8841
ldbx5b,AMC,neutral,0.9116
ldbx5b,GME,neutral,0.9116
ldbww5,GME,neutral,0.8821
ldbwlf,GME,neutral,0.6388
ldbvnu,GME,neutral,0.9243
ldbv68,AMC,neutral,0.8601
ldbv68,GME,neutral,0.8601
ldbuxy,AMC,neutral,0.8448
ldbuxy,GME,neutral,0.8448
ldbuw2,GME,neutral,0.8360
ldburn,GME,neutral,0.9388
ldbucx,GME,neutral,0.9184
ldbtuc,AMC,neutral,0.7259
ldbtuc,GME,neutral,0.7259
ldbtd1,GME,negative,0.6212
ldbtb6,GME,neutral,0.9384
ldbt9p,AMC,neutral,0.5490
ldbt52,AMC,neutral,0.8674
ldbt52,GME,neutral,0.8674
ldbt1g,AMC,neutral,0.9060
ldbsz0,GME,neutral,0.8727
ldbsvf,GME,neutral,0.7838
ldbsl8,GME,neutral,0.8967
ldbsao,GME,positive,0.4844
ldbru4,TSLA,negative,0.6394
ldbrir,AMC,neutral,0.5858
ldbri3,AMC,negative,0.5241
ldbrd0,GME,neutral,0.8856
ldbpxg,AMC,neutral,0.8378
ldbold,GME,neutral,0.6730
ldbofb,GME,neutral,0.8752
ldbofb,TSLA,neutral,0.8752
ldbo3c,GME,neutral,0.7260
ldbo27,AMC,neutral,0.9259
ldbo0r,GME,neutral,0.9133
ldbnnj,GME,neutral,0.8996
ldbnj7,GME,neutral,0.6335
ldbnes,AMC,neutral,0.6928
ldbmxv,AMC,neutral,0.8698
ldbmxv,GME,neutral,0.8698
ldbmu5,AMC,neutral,0.7422
ldbmif,GME,neutral,0.8998
ldbmif,MSFT,neutral,0.8998
ldbmif,NFLX,neutral,0.8998
ldbmdr,AMC,neutral,0.4870
ldbm08,AMC,neutral,0.9010
ldbm08,GME,neutral,0.9010
ldblxe,GME,positive,0.8839
ldbll4,GME,neutral,0.6985
ldbldr,GME,neutral,0.7124
ldblbt,AMC,neutral,0.6464
ldblbt,GME,neutral,0.6464
ldblaf,GME,negative,0.5614
ldbl1f,AMC,neutral,0.8725
ldbl1f,GME,neutral,0.8725
ldbkvo,AAPL,neutral,0.9145
ldbkvo,GOOGL,neutral,0.9145
ldbkvo,TSLA,neutral,0.9145
ldbjwq,AMC,neutral,0.6808
ldbjwq,GME,neutral,0.6808
ldbjqh,AMC,neutral,0.9385
ldbjp7,GME,neutral,0.8661
ldbjp3,GME,neutral,0.7363
ldbjk9,GME,neutral,0.7435
ldbjji,GME,neutral,0.9061
ldbjbn,GME,neutral,0.9339
ldbja9,AMC,neutral,0.9103
ldbja9,GME,neutral,0.9103
ldbj63,GME,neutral,0.7274
ldbizv,GME,neutral,0.8450
ldbizv,TSLA,neutral,0.8450
ldbil6,GME,neutral,0.8937
ldbf6v,GME,neutral,0.9203
ldbexo,GME,neutral,0.9095
ldbel7,AMC,neutral,0.8398
ldbdri,GME,neutral,0.8880
ldbdqt,GME,neutral,0.8973
ldbdos,GME,neutral,0.9081
ldbd83,GME,neutral,0.6772
ldbbsr,AMC,neutral,0.7617
ldbbsr,GME,neutral,0.7617
ldbb61,GME,neutral,0.5990
ldbakx,GME,neutral,0.9097
ldba9c,GME,neutral,0.8136
ldba14,TSLA,neutral,0.8837
ldb9xx,GME,negative,0.5971
ldb9qn,GME,neutral,0.8401
ldb9nn,GME,negative,0.7834
ldb954,GME,neutral,0.8918
ldb802,AMC,neutral,0.9374
ldb802,GME,neutral,0.9374
ldb7wx,AMC,neutral,0.8648
ldb7wx,GME,neutral,0.8648
ldb75x,AMC,neutral,0.8922
ldb75x,GME,neutral,0.8922
ldb74i,AMC,neutral,0.9352
ldb6vj,GME,negative,0.9291
ldb6ky,GME,neutral,0.9049
ldb5kp,AMC,positive,0.8333
ldb5co,GME,neutral,0.9118
ldb4vj,AMC,positive,0.6579
ldb4v1,GME,neutral,0.5146
ldb4gz,AMC,neutral,0.8919
ldb3t7,AMC,positive,0.6838
ldb3t7,GME,positive,0.6838
ldb3sp,GME,neutral,0.9312
ldb3sj,GME,neutral,0.9023
ldb3ra,GME,negative,0.8548
ldb3e0,GME,neutral,0.9382
ldb2hc,GME,neutral,0.8780
ldb2ap,GME,neutral,0.7504
ldb1i6,GME,negative,0.4943
ldb1i6,NVDA,negative,0.4943
ldb149,AMC,neutral,0.5235
ldb149,GME,neutral,0.5235
ldb127,GME,neutral,0.8699
ldb0vs,GME,neutral,0.9327
ldb09v,GME,neutral,0.9233
ldb05x,GME,neutral,0.9062
ldazwi,GME,neutral,0.8628
ldayzm,GME,neutral,0.6746
ldayxs,AMC,neutral,0.7655
ldayxs,GME,neutral,0.7655
ldayvn,GME,neutral,0.9013
ldayre,GME,neutral,0.8133
ldaxsc,GME,neutral,0.8477
ldaxjs,GME,neutral,0.8505
ldaxdx,GME,neutral,0.8889
ldax90,GME,neutral,0.8459
ldax8o,GME,neutral,0.9177
ldawja,GME,positive,0.4959
ldawg2,GME,neutral,0.8740
ldawf9,GME,neutral,0.5905
ldaw4o,AMC,neutral,0.8854
ldaw4o,GME,neutral,0.8854
ldavzj,GME,neutral,0.9294
ldavhu,AMC,neutral,0.9152
ldat3v,GME,neutral,0.6882
ldat3k,GME,neutral,0.9251
ldat0p,GME,positive,0.8148
ldasvc,GME,neutral,0.6677
ldaski,AMC,neutral,0.5616
ldarob,AMC,neutral,0.6110
ldarob,GME,neutral,0.6110
ldarhi,AMC,neutral,0.8175
ldarhi,GME,neutral,0.8175
ldarcf,GME,neutral,0.9297
ldaqyn,AMC,neutral,0.7895
ldaqyn,GME,neutral,0.7895
ldaqyn,TSLA,neutral,0.7895
ldaqxo,AMC,neutral,0.9175
ldaqxo,GME,neutral,0.9175
ldaqrn,AMC,neutral,0.9074
ldapoh,AMC,neutral,0.8611
ldapoh,GME,neutral,0.8611
ldapi9,GME,neutral,0.8570
ldapdh,GME,neutral,0.6278
ldaoye,GME,neutral,0.9438
ldanvq,GME,negative,0.6298
ldanv4,GME,neutral,0.7046
ldamik,AMC,neutral,0.7386
ldamik,GME,neutral,0.7386
ldamj5,GME,neutral,0.9103
ldalt3,GME,neutral,0.8892
ldalk8,AMC,neutral,0.8927
ldaliw,AMC,neutral,0.7233
ldalhp,GME,neutral,0.8916
ldak1t,GME,neutral,0.8155
ldajyl,TSLA,neutral,0.8932
ldajvz,AMC,neutral,0.8586
ldajvz,GME,neutral,0.8586
ldajra,GME,neutral,0.9088
ldaj75,GME,neutral,0.9130
ldaj4z,GME,neutral,0.9281
ldainf,GME,neutral,0.8934
ldaigg,GME,neutral,0.8636
ldai6u,GME,neutral,0.9135
ldahzt,GME,neutral,0.9218
ldahsd,GME,neutral,0.7904
ldahpq,GME,neutral,0.6557
ldahj1,TSLA,neutral,0.8759
ldah83,AMC,neutral,0.9254
ldah5y,GME,neutral,0.8632
ldagoa,GOOGL,neutral,0.9285
ldagkq,AMC,negative,0.5522
ldagep,GME,neutral,0.9380
ldagd6,GME,negative,0.5562
ldagd6,GOOGL,negative,0.5562
ldag9m,GME,neutral,0.9085
ldag82,GME,positive,0.7059
ldag7d,AMZN,neutral,0.7905
ldafxs,GME,neutral,0.6551
ldafui,AMC,neutral,0.8882
ldaf64,AMC,neutral,0.9338
ldaerv,AMC,neutral,0.8975
ldaerv,GME,neutral,0.8975
ldaeja,AMC,neutral,0.6686
ldaeis,AMC,negative,0.5637
ldaed8,GME,neutral,0.8243
ldadxx,GME,neutral,0.8490
ldacxx,AMC,neutral,0.7995
ldacxx,GME,neutral,0.7995
ldacw1,AMC,neutral,0.9127
ldacw1,AAPL,neutral,0.9127
ldacw1,GME,neutral,0.9127
ldacsm,GME,neutral,0.7634
ldacf9,AMC,neutral,0.9273
ldacf9,GME,neutral,0.9273
ldacd9,GME,neutral,0.9203
ldac7s,GME,neutral,0.5603
ldabz7,AMC,neutral,0.4136
ldabz7,GME,neutral,0.4136
ldabwe,GME,negative,0.4876
ldabt9,GME,neutral,0.8423
ldabt6,AMC,neutral,0.8700
ldaboe,AMC,neutral,0.5703
ldab93,AMC,neutral,0.6888
ldaavo,AMC,neutral,0.8724
ldaads,AMC,neutral,0.8800
ldaads,GME,neutral,0.8800
ldaa9z,AMC,neutral,0.6198
ldaa9z,GME,neutral,0.6198
ldaa6o,GME,neutral,0.7551
ldaa1k,GME,neutral,0.8855
lda9zh,GME,neutral,0.8055
lda9uq,GME,neutral,0.9037
lda9hw,GME,neutral,0.8725
lda9ha,AMC,neutral,0.8013
lda9ha,GME,neutral,0.8013
lda8xw,AMC,neutral,0.7104
lda8xn,GME,neutral,0.7236
lda8xh,AMC,neutral,0.8492
lda82a,GME,neutral,0.8382
lda7yq,AMC,neutral,0.6252
lda7vf,AMC,neutral,0.7915
lda7vf,GME,neutral,0.7915
lda7fj,GME,neutral,0.8350
lda6wa,GME,neutral,0.6120
lda6qq,GME,neutral,0.9409
lda6cd,AMC,neutral,0.6482
lda6cd,META,neutral,0.6482
lda67u,GME,neutral,0.8661
lda67i,GME,neutral,0.8312
lda5r3,AMC,neutral,0.9027
lda5r3,GME,neutral,0.9027
lda5dt,GME,neutral,0.8914
lda5dt,TSLA,neutral,0.8914
lda5ar,GME,neutral,0.9215
lda570,GME,neutral,0.9111
lda517,GME,neutral,0.9365
lda4yp,GME,neutral,0.8941
lda4so,GME,neutral,0.9081
lda4ou,GME,neutral,0.5923
lda4ng,GME,negative,0.9415
lda4h4,AMC,neutral,0.7305
lda46n,AMC,negative,0.6584
lda46n,GME,negative,0.6584
lda3zt,GME,neutral,0.8911
lda3jc,GME,neutral,0.9288
lda3bd,GME,neutral,0.7799
lda37j,GME,positive,0.5195
lda2zb,GME,neutral,0.7791
lda2ys,GME,neutral,0.8773
lda2xr,AMC,neutral,0.8933
lda2xr,GME,neutral,0.8933
lda2wn,GME,positive,0.4389
lda2lo,AMC,neutral,0.8910
lda2lo,GME,neutral,0.8910
lda2gy,GME,neutral,0.8316
lda25r,AMC,neutral,0.8170
lda25r,GME,neutral,0.8170
lda200,AMZN,neutral,0.8001
lda200,GME,neutral,0.8001
lda1w5,GME,negative,0.5041
lda1lk,AMC,neutral,0.9198
lda1ec,AMC,neutral,0.8233
lda1ec,GME,neutral,0.8233
lda1a7,AMC,neutral,0.8958
lda18p,GME,neutral,0.5585
lda159,GME,neutral,0.9112
lda13f,GME,neutral,0.5473
lda12j,AMC,neutral,0.6572
lda0xt,GME,neutral,0.9349
lda0sw,GME,neutral,0.8046
lda0es,GOOGL,neutral,0.9133
lda09m,AMC,neutral,0.9192
lda09m,GME,neutral,0.9192
ld9zyi,GME,neutral,0.8377
ld9zxf,GME,neutral,0.8785
ld9zo3,GME,neutral,0.7775
ld9zkv,GME,neutral,0.8436
ld9zef,AMC,negative,0.9628
ld9za4,AMC,neutral,0.8033
ld9za4,GME,neutral,0.8033
ld9z5q,GME,neutral,0.8723
ld9yz1,AMC,neutral,0.9279
ld9yte,GME,neutral,0.9104
ld9yfv,GME,neutral,0.7145
ld9y7q,GME,neutral,0.9067
ld9y1p,GME,neutral,0.7115
ld9xj5,AMC,neutral,0.8487
ld9xgm,AMC,neutral,0.8951
ld9xdp,AMC,neutral,0.7998
ld9xdp,GME,neutral,0.7998
ld9xat,AMC,neutral,0.8752
ld9xah,AMC,negative,0.9651
ld9xah,GME,negative,0.9651
ld9x0m,TSLA,neutral,0.8942
ld9wu0,GME,neutral,0.8717
ld9vyt,AMC,neutral,0.9237
ld9vyt,GME,neutral,0.9237
ld9vy6,AMC,neutral,0.4267
ld9vy6,GME,neutral,0.4267
ld9vp9,AMC,neutral,0.8102
ld9vp9,GME,neutral,0.8102
ld9vg1,AMC,negative,0.8118
ld9vg1,GME,negative,0.8118
ld9uul,GME,neutral,0.5582
ld9usr,AMC,neutral,0.9122
ld9uhu,GME,neutral,0.7273
ld9uej,AMC,neutral,0.8544
ld9uej,GME,neutral,0.8544
ld9ueg,AMC,positive,0.8126
ld9ueg,GME,positive,0.8126
ld9u99,GME,positive,0.5208
ld9u3u,GME,negative,0.9520
ld9u28,GME,negative,0.5424
ld9ty7,GME,neutral,0.8796
ld9toq,TSLA,neutral,0.6905
ld9tf3,GME,neutral,0.8983
ld9svp,GME,neutral,0.7899
ld9sta,GME,neutral,0.7686
ld9sss,AMC,neutral,0.8480
ld9sk6,GME,neutral,0.5608
ld9sjs,GME,neutral,0.9270
ld9s8m,GME,negative,0.6461
ld9s57,AMC,negative,0.8081
ld9s57,GME,negative,0.8081
ld9s1d,GME,neutral,0.9138
ld9s01,GME,neutral,0.8378
ld9rzt,GME,neutral,0.9347
ld9ru9,GOOGL,neutral,0.5792
ld9rst,GME,neutral,0.8980
ld9rlt,GME,neutral,0.9285
ld9rln,AMC,neutral,0.8162
ld9rln,GME,neutral,0.8162
ld9qzm,GME,neutral,0.6832
ld9qy1,GME,neutral,0.5890
ld9qeh,AMC,negative,0.5508
ld9qax,AMC,neutral,0.8416
ld9qax,GME,neutral,0.8416
ld9pxu,GME,neutral,0.8690
ld9pot,AMC,neutral,0.8509
ld9po2,AMC,neutral,0.9196
ld9pl2,GME,negative,0.7066
ld9pb8,GME,neutral,0.9078
ld9p7z,GME,neutral,0.5562
ld9p4t,GME,neutral,0.8735
ld9or3,GME,neutral,0.8836
ld9omg,GME,positive,0.7125
ld9om6,GME,negative,0.9543
ld9olw,AMC,neutral,0.7895
ld9olw,GME,neutral,0.7895
ld9ojz,GME,neutral,0.8678
ld9ofo,AMC,neutral,0.7273
ld9o55,AMC,neutral,0.8903
ld9o55,GME,neutral,0.8903
ld9nxf,GME,neutral,0.9303
ld9nx4,GME,neutral,0.8494
ld9nwj,AMC,neutral,0.9308
ld9nv2,GME,neutral,0.8876
ld9nv1,GME,negative,0.7409
ld9nti,AMC,neutral,0.8934
ld9nti,GME,neutral,0.8934
ld9nre,GME,negative,0.6260
ld9nme,GME,neutral,0.9254
ld9nlf,GME,neutral,0.7708
ld9ngr,AMC,neutral,0.9227
ld9ngr,GME,neutral,0.9227
ld9ngr,TSLA,neutral,0.9227
ld9myv,GME,neutral,0.9207
ld9mr3,AMC,neutral,0.6870
ld9mr3,GME,neutral,0.6870
ld9mqb,GME,neutral,0.8246
ld9lx8,AMC,neutral,0.6652
ld9lx8,GME,neutral,0.6652
ld9lve,GME,neutral,0.8545
ld9lsd,GME,neutral,0.7837
ld9ls3,AMC,neutral,0.7936
ld9ls3,GME,neutral,0.7936
ld9llt,GME,neutral,0.7914
ld9lht,AMC,neutral,0.8125
ld9lht,GME,neutral,0.8125
ld9le1,AMC,neutral,0.5034
ld9lc3,GME,neutral,0.8935
ld9l59,GME,neutral,0.8973
ld9l0e,GME,neutral,0.9100
ld9kt8,GME,neutral,0.9073
ld9klm,GME,neutral,0.9316
ld9jvj,AMC,neutral,0.6164
ld9jvj,GME,neutral,0.6164
ld9ja1,GME,neutral,0.6728
ld9iz2,GME,neutral,0.9224
ld9iod,GME,neutral,0.8968
ld9igg,AAPL,neutral,0.8716
ld9igg,GOOGL,neutral,0.8716
ld9igg,MSFT,neutral,0.8716
ld9igg,TSLA,neutral,0.8716
ld9igg,AMZN,neutral,0.8716
ld9igg,GME,neutral,0.8716
ld9i9q,GME,neutral,0.8727
ld9i0u,GME,neutral,0.9270
ld9hsa,AMC,neutral,0.8404
ld9hsa,GME,neutral,0.8404
ld9hqi,GME,neutral,0.8125
ld9h4e,GME,neutral,0.8072
ld9gwu,GME,positive,0.7394
ld9gvy,GME,neutral,0.9374
ld9gvi,GOOGL,neutral,0.8896
ld9gk6,GME,neutral,0.9337
ld9gd9,AMC,neutral,0.8843
ld9gai,GME,neutral,0.5940
ld9g8w,GME,neutral,0.9103
ld9g89,AMC,negative,0.9048
ld9g89,GME,negative,0.9048
ld9g7q,AMC,neutral,0.8611
ld9g5k,AMC,neutral,0.8661
ld9fuy,GME,neutral,0.9035
ld9fu4,AMC,neutral,0.8401
ld9fu4,GME,neutral,0.8401
ld9fmo,GME,neutral,0.6370
ld9fl4,GME,positive,0.8951
ld9fj0,AMZN,neutral,0.8996
ld9fj0,AAPL,neutral,0.8996
ld9fj0,TSLA,neutral,0.8996
ld9ff8,GME,neutral,0.7363
ld9f0d,GME,neutral,0.5746
ld9etz,AMC,neutral,0.9356
ld9etz,GME,neutral,0.9356
ld9eq3,GME,neutral,0.9220
ld9eoy,GME,negative,0.7165
ld9eoq,GME,neutral,0.8394
ld9eln,GME,neutral,0.9271
ld9eg3,AMC,neutral,0.6624
ld9eg3,GME,neutral,0.6624
ld9ees,GME,neutral,0.8820
ld9e5q,AMC,neutral,0.6938
ld9e4x,GME,neutral,0.8668
ld9e2f,GME,neutral,0.8740
ld9do3,AMC,neutral,0.8727
ld9do3,GME,neutral,0.8727
ld9dhh,GME,neutral,0.8960
ld9dfu,GME,neutral,0.7953
ld9dav,GME,negative,0.7103
ld9d3h,AMC,neutral,0.8508
ld9d3h,GME,neutral,0.8508
ld9cky,GME,neutral,0.7948
ld9ceg,AMC,neutral,0.8843
ld9ceg,GME,neutral,0.8843
ld9ccw,GME,neutral,0.9062
ld9c4e,AMC,neutral,0.8977
ld9c3s,AMC,neutral,0.9076
ld9c3s,GME,neutral,0.9076
ld9c3s,GOOGL,neutral,0.9076
ld9c0a,GME,neutral,0.6145
ld9bt2,GME,neutral,0.5026
ld9bpa,GME,negative,0.6478
ld9bnc,GME,neutral,0.7833
ld9b85,AMC,neutral,0.8907
ld9b85,GME,neutral,0.8907
ld9b7s,GME,negative,0.8022
ld9b1w,AMC,neutral,0.9037
ld9b1w,GME,neutral,0.9037
ld9avh,GME,neutral,0.9200
ld9aqo,AMC,neutral,0.9082
ld9aqo,GME,neutral,0.9082
ld9aqa,AMC,positive,0.5669
ld9apt,GME,neutral,0.7913
ld9ape,AMC,neutral,0.9117
ld9aoi,GME,neutral,0.7126
ld9alw,GME,neutral,0.9254
ld99r9,GME,neutral,0.8253
ld99mp,GME,neutral,0.6927
ld99b1,AMC,neutral,0.9142
ld99b1,GME,neutral,0.9142
ld98yd,GME,neutral,0.8877
ld98sm,GME,neutral,0.8945
ld98s4,GME,neutral,0.8761
ld98oz,GME,neutral,0.8769
ld98m9,GME,neutral,0.8295
ld98m9,GOOGL,neutral,0.8295
ldjdu7,GME,neutral,0.8365
ldj9za,AMC,neutral,0.7747
ldj9za,GME,neutral,0.7747
ldj8q1,AMC,neutral,0.8913
ldj8q1,GME,neutral,0.8913
ldj6lx,GME,neutral,0.7290
ldj0ke,GME,negative,0.7212
ldixv0,AMC,neutral,0.7963
ldipgv,GME,neutral,0.8126
ldifrd,AMC,neutral,0.7726
ldifrd,GME,neutral,0.7726
ldifbs,AMC,neutral,0.7732
ldifbs,GME,neutral,0.7732
ldif88,TSLA,neutral,0.8834
ldif88,NVDA,neutral,0.8834
ldidkf,GME,neutral,0.8153
ldiari,GME,neutral,0.9009
ldi6lj,GME,neutral,0.8988
ldi42o,AMC,neutral,0.9288
ldi42o,GME,neutral,0.9288
ldhvun,AMC,neutral,0.9440
ldhvun,GME,neutral,0.9440
ldhub9,AMC,neutral,0.9305
ldhqwc,GME,neutral,0.9009
ldhm71,AMC,neutral,0.8131
ldhm71,GME,neutral,0.8131
ldhl76,GME,negative,0.4950
ldhgov,GME,neutral,0.8268
ldhgj4,GME,negative,0.6951
ldhgbe,GME,neutral,0.8217
ldhg9t,GME,neutral,0.8242
ldhg9t,MSFT,neutral,0.8242
ldhg9t,NVDA,neutral,0.8242
ldhg0s,GME,neutral,0.5005
ldhfvj,AMC,neutral,0.9114
ldhfoi,GME,neutral,0.8495
ldhfit,GME,neutral,0.7014
ldheu4,GME,neutral,0.9130
ldheu0,GME,neutral,0.8009
ldhei6,AMC,neutral,0.7554
ldhdj7,AMC,neutral,0.7433
ldhd1s,GME,neutral,0.9388
ldhc5p,GME,neutral,0.8802
ldhc5s,GME,neutral,0.9084
ldhca0,AMC,neutral,0.7864
ldhca0,GME,neutral,0.7864
ldhc3t,AMC,neutral,0.9032
ldhc3t,GME,neutral,0.9032
ldhbpm,GME,neutral,0.8865
ldhawz,GME,neutral,0.8198
ldhavu,GME,neutral,0.8604
ldhao7,GME,positive,0.8131
ldhalt,GME,neutral,0.8142
ldha6j,GME,neutral,0.7411
ldha0p,GME,negative,0.5822
ldh9sl,AMC,negative,0.6158
ldh9sl,GME,negative,0.6158
ldh960,AMC,neutral,0.5516
ldh93h,AMC,neutral,0.6552
ldh93h,GME,neutral,0.6552
ldh927,AMC,neutral,0.7292
ldh927,GME,neutral,0.7292
ldh8zj,GME,negative,0.7233
ldh8ll,GME,negative,0.6907
ldh8jf,AMC,negative,0.7971
ldh8jf,GME,negative,0.7971
ldh8iw,AMZN,neutral,0.8964
ldh8iw,GME,neutral,0.8964
ldh8g0,AMC,neutral,0.9018
ldh8g0,GME,neutral,0.9018
ldh8cg,AMC,neutral,0.9416
ldh8cg,GME,neutral,0.9416
ldh774,GME,neutral,0.8037
ldh6sl,AMC,neutral,0.6555
ldh6sl,GME,neutral,0.6555
ldh5ld,GME,negative,0.6058
ldh57z,GME,neutral,0.9312
ldh57f,GME,neutral,0.7497
ldh4v7,AMC,neutral,0.5707
ldh4v7,GME,neutral,0.5707
ldh4hi,GME,negative,0.6401
ldh3dr,GME,neutral,0.9146
ldh2yf,AMC,neutral,0.8656
ldh2yf,GME,neutral,0.8656
ldh2yf,NFLX,neutral,0.8656
ldh2yf,TSLA,neutral,0.8656
ldh2vp,GME,neutral,0.7233
ldh1ye,GME,neutral,0.8809
ldh1jl,AMC,neutral,0.9404
ldh11c,GME,neutral,0.9004
ldh06k,GME,neutral,0.9169
ldgzt7,GME,neutral,0.8723
ldgysv,GME,neutral,0.9117
ldgyso,AMC,neutral,0.8588
ldgyso,GME,neutral,0.8588
ldgyam,AMC,neutral,0.8859
ldgyam,GME,neutral,0.8859
ldgwu4,AMC,neutral,0.7880
ldgvrj,GME,neutral,0.8992
ldgvmx,AMC,neutral,0.9273
ldgvec,GME,negative,0.7302
ldgv4c,GME,negative,0.5516
ldguxo,AMC,neutral,0.8414
ldgutn,GME,neutral,0.6765
ldgtrw,GME,neutral,0.8846
ldgtgk,AMC,neutral,0.8965
ldgtgk,GME,neutral,0.8965
ldgtfx,GME,neutral,0.8762
ldgsbb,GME,neutral,0.9235
ldgsbb,ORCL,neutral,0.9235
ldgrds,GME,neutral,0.7704
ldgqur,GME,neutral,0.8178
ldgqur,NFLX,neutral,0.8178
ldgq22,AMC,neutral,0.7093
ldgq22,GME,neutral,0.7093
ldgppu,NFLX,positive,0.6607
ldgppf,AMC,neutral,0.7637
ldgpjm,GME,neutral,0.9234
ldgpcy,GME,neutral,0.8434
ldgp7g,AMC,neutral,0.8632
ldgovv,AMC,neutral,0.7707
ldgn9a,GME,neutral,0.8467
ldgmzg,GME,neutral,0.7910
ldgmn0,GME,neutral,0.9174
ldgmj8,GME,neutral,0.8832
ldgm2e,AMC,neutral,0.8596
ldglha,AMC,neutral,0.8353
ldglha,GME,neutral,0.8353
ldgkem,GME,neutral,0.9010
ldgjw1,GME,neutral,0.8126
ldgjpm,GME,neutral,0.8349
ldgjlu,GME,neutral,0.9240
ldgjlq,GME,neutral,0.7197
ldgjgu,AMC,neutral,0.9139
ldgjf1,TSLA,neutral,0.9182
ldgjak,AMC,neutral,0.8941
ldgiim,AMC,neutral,0.9213
ldggqe,GME,neutral,0.9033
ldggf4,GME,negative,0.5014
ldggbn,GME,neutral,0.7481
ldge7f,AMC,neutral,0.7164
ldgcj6,TSLA,neutral,0.6795
ldgce5,AMC,neutral,0.8978
ldgce5,GME,neutral,0.8978
ldgc5t,GME,neutral,0.7999
ldgc5t,GOOGL,neutral,0.7999
ldgbwu,GME,neutral,0.8155
ldgbwu,MSFT,neutral,0.8155
ldgbgc,GME,neutral,0.9324
ldgbft,GME,neutral,0.9425
ldgayw,AMC,neutral,0.7941
ldgayw,META,neutral,0.7941
ldga6y,AMC,neutral,0.8081
ldga4r,AMC,negative,0.6706
ldga4r,GME,negative,0.6706
ldg9lx,GME,neutral,0.7142
ldg980,GME,negative,0.5076
ldg8xr,TSLA,neutral,0.9105
ldg8xc,GME,neutral,0.7219
ldg8qm,GME,neutral,0.7449
ldg8my,AMC,neutral,0.8975
ldg7vv,GME,neutral,0.7204
ldg66l,AAPL,neutral,0.5163
ldg66l,GME,neutral,0.5163
ldg66l,NFLX,neutral,0.5163
ldg66l,NVDA,neutral,0.5163
ldg63p,GME,neutral,0.7782
ldg5p3,GME,neutral,0.9317
ldg5io,AMC,neutral,0.8961
ldg58t,AMC,neutral,0.7297
ldg4t2,GME,neutral,0.8087
ldg3ch,GME,neutral,0.8890
ldg34j,GME,neutral,0.5981
ldg31x,GME,positive,0.9325
ldg2sc,AMC,neutral,0.8094
ldg25o,GME,neutral,0.9270
ldg1vo,AMC,neutral,0.9220
ldg0h5,AMC,neutral,0.9423
ldg0h5,GME,neutral,0.9423
ldg0e0,META,neutral,0.8506
ldg0e0,GME,neutral,0.8506
ldfzro,GOOGL,neutral,0.8064
ldfz3e,AMC,neutral,0.8950
ldfxgt,GME,neutral,0.7025
ldfwzi,AMC,neutral,0.8909
ldfwbi,GME,neutral,0.9167
ldfunv,ADBE,neutral,0.8924
ldfunv,GME,neutral,0.8924
ldfukw,GME,neutral,0.8921
ldfuk5,GME,neutral,0.6812
ldfu3h,GME,neutral,0.5861
ldfu16,GME,negative,0.7258
ldfsg8,AMC,positive,0.8527
ldfsg8,GME,positive,0.8527
ldfs1z,AMC,negative,0.6262
ldfrza,GME,neutral,0.8733
ldfrua,AMC,neutral,0.5951
ldfqxl,AMC,neutral,0.9057
ldfqxl,GME,neutral,0.9057
ldfpa9,AMC,neutral,0.8361
ldfpa9,GME,neutral,0.8361
ldfode,GME,neutral,0.6633
ldfo2n,GME,neutral,0.7311
ldfnv5,GME,neutral,0.9120
ldfngk,AMZN,positive,0.9275
ldfne3,AMC,neutral,0.8893
ldfndy,AMC,neutral,0.8733
ldfndy,GME,neutral,0.8733
ldfmsp,GME,negative,0.7201
ldfm6q,AMC,neutral,0.9045
ldfm6q,GME,neutral,0.9045
ldfm6k,GME,neutral,0.8849
ldfm1g,GME,neutral,0.8657
ldfl4c,GME,negative,0.4821
ldfl3k,AMC,neutral,0.9341
ldfl3k,GME,neutral,0.9341
ldfkrh,GME,neutral,0.8892
ldfkcd,AMC,neutral,0.7526
ldfkcd,GME,neutral,0.7526
ldfjxy,AMC,neutral,0.8409
ldfjxy,GME,neutral,0.8409
ldfjxy,NFLX,neutral,0.8409
ldfjxy,AMZN,neutral,0.8409
ldfjou,GME,neutral,0.9318
ldfjiv,AMC,neutral,0.5229
ldfjiv,GME,neutral,0.5229
ldfjgl,AMC,neutral,0.7754
ldfjgl,GME,neutral,0.7754
ldfjcf,GME,neutral,0.6827
ldfisp,AMC,neutral,0.8182
ldfisp,GME,neutral,0.8182
ldfgpu,GME,negative,0.6706
ldfgnh,NVDA,neutral,0.8951
ldfgix,GME,neutral,0.7855
ldff61,AMC,neutral,0.8567
ldfeoo,GME,negative,0.7866
ldfemz,GME,neutral,0.6562
ldfea8,GME,neutral,0.6928
ldfd1l,GME,positive,0.6299
ldfcp1,GME,neutral,0.9270
ldfcng,GME,neutral,0.9279
ldfcf7,GME,neutral,0.5993
ldfcev,AMC,negative,0.7723
ldfcev,GME,negative,0.7723
ldfc9a,GME,neutral,0.9099
ldfc7u,GME,neutral,0.5256
ldfbmx,AMC,negative,0.6909
ldfbku,AMC,neutral,0.8532
ldfbku,GME,neutral,0.8532
ldfayl,GME,positive,0.5683
ldfass,GME,neutral,0.9232
ldf9hh,AMC,positive,0.6951
ldf9hh,GME,positive,0.6951
ldf937,GME,negative,0.8784
ldf8ds,GME,neutral,0.7933
ldf8ae,GME,neutral,0.9474
ldf863,AMC,neutral,0.8265
ldf7ik,GME,neutral,0.9259
ldf7g9,GME,negative,0.7503
ldf7by,AMC,neutral,0.9258
ldf6fi,AMC,neutral,0.8557
ldf6fi,GME,neutral,0.8557
ldf6b3,AMC,neutral,0.8360
ldf5yd,GME,positive,0.7282
ldf5k7,GME,negative,0.5924
ldf5en,AMC,neutral,0.8663
ldf5en,GME,neutral,0.8663
ldf5e2,AMC,neutral,0.9523
ldf537,AMC,neutral,0.8796
ldf537,GME,neutral,0.8796
ldf4s8,AMC,neutral,0.8284
ldf4s8,GME,neutral,0.8284
ldf4my,GME,neutral,0.9123
ldf4e2,GME,neutral,0.8098
ldf4da,GME,neutral,0.8916
ldf49e,AMC,neutral,0.8904
ldf3su,GME,neutral,0.8342
ldf3su,TSLA,neutral,0.8342
ldf3of,AMC,neutral,0.8202
ldf2za,AMC,neutral,0.9388
ldf2za,GME,neutral,0.9388
ldf2ij,GME,negative,0.8800
ldf2hb,GME,neutral,0.8408
ldf2a9,AMC,neutral,0.5624
ldf25v,AMC,neutral,0.8661
ldf25v,GME,neutral,0.8661
ldf1ro,GME,neutral,0.9296
ldf1iy,GME,neutral,0.7457
ldf0xv,AMC,neutral,0.7591
ldezes,AMC,neutral,0.7815
ldezes,GME,neutral,0.7815
ldez4i,GME,neutral,0.8113
ldeyyo,GME,neutral,0.8005
ldeymd,GME,neutral,0.4913
ldexys,AMC,neutral,0.8893
ldexys,GME,neutral,0.8893
ldexkw,GME,neutral,0.6103
ldexc5,GME,neutral,0.9358
ldewx8,GME,neutral,0.8958
ldewvq,GME,positive,0.9335
ldewvq,TSLA,positive,0.9335
ldewgp,AMC,negative,0.5189
ldewgp,GME,negative,0.5189
ldevum,GME,neutral,0.7928
ldeu2v,GME,neutral,0.8703
ldeu1j,AMC,neutral,0.8985
ldetqa,AMC,neutral,0.7905
ldethd,GME,neutral,0.5716
ldesow,GME,neutral,0.9016
ldesiw,AMC,neutral,0.6716
ldesiw,GME,neutral,0.6716
ldes4q,GME,neutral,0.8893
lderv8,AMC,neutral,0.5946
lderv8,GME,neutral,0.5946
ldersw,GME,negative,0.8024
lderay,AMC,neutral,0.9443
lderay,GME,neutral,0.9443
lder6o,GME,neutral,0.4970
ldephi,AMC,negative,0.5381
ldephi,GME,negative,0.5381
ldep4p,AMC,neutral,0.8870
ldeor5,AMC,neutral,0.9124
ldeonm,AMC,neutral,0.7803
ldeoll,GME,neutral,0.9234
lden9l,AMC,neutral,0.8886
lden9l,GME,neutral,0.8886
ldem9n,GME,neutral,0.7754
ldeknj,AMC,neutral,0.8326
ldeknj,GME,neutral,0.8326
ldejka,GME,neutral,0.8833
ldeix1,GME,positive,0.6552
ldeiog,GME,neutral,0.4931
ldeibn,GME,neutral,0.9037
ldehzl,AMC,neutral,0.7068
ldehzl,GME,neutral,0.7068
ldehcg,AMC,neutral,0.8880
ldehcg,GME,neutral,0.8880
ldegvg,GME,neutral,0.7561
ldefva,AMC,neutral,0.9144
ldefva,GME,neutral,0.9144
ldef4x,GME,neutral,0.8232
ldeedi,GME,neutral,0.7765
ldee1t,GME,neutral,0.8917
ldee1f,GME,neutral,0.7603
ldee16,TSLA,neutral,0.8957
ldedro,TSLA,neutral,0.8751
lded7r,AMC,neutral,0.6762
lded7r,GME,neutral,0.6762
ldecco,GME,negative,0.5872
ldecbi,AMC,neutral,0.7810
ldecbi,AAPL,neutral,0.7810
ldecbi,GME,neutral,0.7810
ldecbi,META,neutral,0.7810
ldebz6,GME,neutral,0.8196
lde9tb,GME,neutral,0.8985
lde9q7,GME,neutral,0.9058
lde9om,AMZN,neutral,0.9164
lde9n7,GME,neutral,0.8252
lde97i,AMC,neutral,0.6894
lde97i,GME,neutral,0.6894
lde8ow,AMC,neutral,0.8798
lde8ow,GME,neutral,0.8798
lde80h,GME,neutral,0.8476
lde7qt,GME,negative,0.8305
lde6jr,AAPL,neutral,0.5543
lde61u,GME,neutral,0.9242
lde58a,GME,neutral,0.7974
lde563,AMC,neutral,0.8380
lde563,GME,neutral,0.8380
lde4uk,AMC,neutral,0.8165
lde3z5,GME,neutral,0.8873
lde3tu,AMC,neutral,0.8267
lde3tu,GME,neutral,0.8267
lde3t1,GME,negative,0.9479
lde3ri,AMC,neutral,0.8778
lde3q9,AMC,neutral,0.8633
lde3q9,GME,neutral,0.8633
lde3nf,AMC,neutral,0.9391
lde35r,GME,neutral,0.8506
lde2nn,AMC,neutral,0.5850
lde2nn,GME,neutral,0.5850
lde1c3,GME,neutral,0.6274
lde14w,GME,neutral,0.9322
lde0u6,GME,neutral,0.8353
lde0id,GME,neutral,0.5043
lde08y,GOOGL,neutral,0.8917
lde08y,TSLA,neutral,0.8917
lde012,GME,neutral,0.8544
ldcbem,AAPL,neutral,0.9065
ldcbem,GOOGL,neutral,0.9065
lddzrv,GME,negative,0.6846
lddzrv,TSLA,negative,0.6846
lddzh1,AMC,neutral,0.8951
lddz5t,GME,neutral,0.8050
lddy8j,GME,neutral,0.8952
lddxud,GME,neutral,0.6470
lddxqv,GME,neutral,0.7274
lddxhn,AMC,neutral,0.9322
lddxhn,GME,neutral,0.9322
lddxf0,GME,negative,0.5255
lddx4n,AMC,neutral,0.5249
lddx4n,GME,neutral,0.5249
lddx15,GME,neutral,0.9171
lddwp0,GME,neutral,0.5687
lddwlg,AMC,neutral,0.9147
lddwlg,GME,neutral,0.9147
lddvdn,GME,neutral,0.7428
lddu8p,GME,neutral,0.8728
lddtws,GME,positive,0.7672
lddtoo,GME,negative,0.5238
lddtji,GME,neutral,0.9130
lddsw1,AMC,neutral,0.8259
lddrqa,AMZN,neutral,0.7403
lddr8d,GME,neutral,0.8871
lddqlh,AMC,neutral,0.8878
lddqlh,GME,neutral,0.8878
ldtm9c,AMC,neutral,0.9163
ldtm9c,GME,neutral,0.9163
ldt2e8,GME,neutral,0.8661
ldi0ui,GME,neutral,0.8994
ldi0na,AMC,neutral,0.8026
ldhzuu,AMC,neutral,0.9361
ldhz50,AMC,neutral,0.8895
ldhz50,GME,neutral,0.8895
ldhz0l,AMC,neutral,0.9318
ldhytw,AMC,neutral,0.8042
ldhytw,GME,neutral,0.8042
ldhvbp,AMC,neutral,0.6998
ldhvbp,GME,neutral,0.6998
ldhv07,AMC,neutral,0.8516
ldhv07,GME,neutral,0.8516
ldhuid,GME,neutral,0.9260
ldhubu,AMC,neutral,0.8804
ldhub6,AMC,neutral,0.9300
ldhu75,GME,negative,0.8089
ldhto8,GME,neutral,0.8183
ldhqyo,GME,negative,0.8168
ldhqt2,GME,negative,0.8969
ldhq8a,GME,negative,0.7325
ldhq04,GME,negative,0.6345
ldhowf,GME,neutral,0.8645
ldho0v,GME,neutral,0.8980
ldhn7g,GME,neutral,0.8912
ldhlnm,GME,neutral,0.9134
ldhjl6,AMC,neutral,0.9341
ldhjl6,GME,neutral,0.9341
ldhigy,GME,neutral,0.8292
ldhiaq,AMC,neutral,0.8460
ldhi4m,GME,neutral,0.7102
ldhha1,GME,neutral,0.9302
ldhgt8,GME,neutral,0.9108
ldvh0p,AMC,negative,0.6681
ldvh0p,GME,negative,0.6681
ldvdn9,GME,negative,0.7474
ldthze,GME,neutral,0.8967
ldry99,GME,neutral,0.6691
ldry99,GOOGL,neutral,0.6691
ldrrpj,GME,negative,0.6303
ldr2kn,TSLA,neutral,0.9178
ldpj7t,AMC,neutral,0.7516
ldnrkh,GME,neutral,0.9415
ldni9v,GME,neutral,0.7060
ldle0k,GME,neutral,0.7096
ldl5ni,GME,neutral,0.8938
ldj7oi,GME,neutral,0.8695
ldicex,ORCL,neutral,0.8431
ldicex,MSFT,neutral,0.8431
ldicex,TSLA,neutral,0.8431
ldicex,AMZN,neutral,0.8431
ldicex,GME,neutral,0.8431
ldibzo,GME,neutral,0.8917
ldibxs,GME,negative,0.7857
ldibmh,GME,negative,0.9118
ldi82g,GME,neutral,0.9350
ldi7w7,GME,neutral,0.7443
ldi7aa,AMC,neutral,0.9040
ldi7aa,GME,neutral,0.9040
ldi7aa,TSLA,neutral,0.9040
ldi6k2,GME,neutral,0.9168
ldi5te,GME,neutral,0.7564
ldi5ar,TSLA,neutral,0.8769
ldi5a3,GME,negative,0.5412
ldi4q7,GME,neutral,0.9410
ldi49n,AMC,negative,0.9273
ldi49n,GME,negative,0.9273
ldi3xc,GME,neutral,0.5893
ldi2wx,GME,neutral,0.9092
ldi2p2,GME,neutral,0.9081
ldi2o6,GME,neutral,0.8953
ldi2fs,AMC,neutral,0.8352
ldi2fs,GME,neutral,0.8352
ldi1z6,GME,negative,0.4914
ldi1yx,GME,negative,0.4556
ldi1ql,GME,neutral,0.6539
ldi1pq,GME,neutral,0.9386
ldi1kz,GME,neutral,0.8224
ldi1kd,GME,positive,0.9103
ldi1i9,TSLA,neutral,0.8935
ldi1fi,GME,negative,0.8562
ldi1by,GME,neutral,0.8591
ldi0zl,GME,neutral,0.6316
ldi0ze,GME,neutral,0.7263
ldi0vw,AMC,neutral,0.8627
ldxl32,GME,negative,0.6185
ldxkey,AMZN,neutral,0.8754
ldxkey,GME,neutral,0.8754
ldxkey,MSFT,neutral,0.8754
ldxi9c,GME,neutral,0.8661
ldxeil,GME,negative,0.7127
ldx8s4,GME,neutral,0.8987
ldx2g5,GME,neutral,0.9415
ldx19t,GME,neutral,0.8424
ldwzw5,AMC,neutral,0.9340
ldwnpd,GME,neutral,0.9278
ldwno4,AMC,neutral,0.8462
ldwds8,AMC,neutral,0.9134
ldwcyb,AMC,negative,0.7360
ldwcyb,GME,negative,0.7360
ldwai0,GME,neutral,0.9034
ldw9yg,GME,neutral,0.8412
ldw5ce,GME,neutral,0.8522
ldw33t,AMC,neutral,0.6012
ldw33t,GME,neutral,0.6012
ldvvhh,GME,neutral,0.9072
ldvrax,GME,neutral,0.9245
ldvplm,GME,neutral,0.8162
ldvjo3,GME,neutral,0.8876
ldvfyl,GME,neutral,0.8568
ldveey,GME,neutral,0.8940
ldve7v,GME,neutral,0.9096
ldv90p,GME,neutral,0.6058
ldv0zc,AMC,neutral,0.9192
ldv0zc,GME,neutral,0.9192
ldu2d3,GME,neutral,0.5925
ldtnyu,AMC,negative,0.5789
ldtnyu,GME,negative,0.5789
ldtitp,GME,neutral,0.9164
ldtige,AMC,negative,0.7999
ldtige,GME,negative,0.7999
ldtg8o,GME,negative,0.9028
ldsw4i,GME,neutral,0.8440
ldsfsj,GME,neutral,0.9140
ldsc6p,AMC,neutral,0.5939
ldsc6p,GME,neutral,0.5939
ldrx5t,GME,negative,0.5690
ldrug4,AMC,neutral,0.7971
ldrug4,GME,neutral,0.7971
ldrs2m,AMZN,negative,0.5396
ldrs2m,GME,negative,0.5396
ldrjyi,AMC,neutral,0.4885
ldrjyi,GME,neutral,0.4885
ldqx9e,GME,neutral,0.8524
ldqbcd,GME,neutral,0.8556
ldpjck,GME,neutral,0.9041
ldoq4h,AAPL,neutral,0.7814
ldoq4h,GME,neutral,0.7814
ldntxp,AMC,neutral,0.8796
ldkygb,GME,neutral,0.8377
le0380,AMC,neutral,0.6165
ldz8ej,GME,neutral,0.8656
ldyrg5,GME,neutral,0.8473
lds9gj,GME,neutral,0.9143
ldoo3c,META,neutral,0.6367
ldiio6,AMC,neutral,0.5198
ldiiag,GME,neutral,0.7981
ldii6f,GME,negative,0.7372
ldihzz,GME,neutral,0.8420
ldifg5,GME,neutral,0.8741
ldiezs,AMC,neutral,0.8389
ldiezs,GME,neutral,0.8389
ldie38,GME,neutral,0.9031
ldidv9,TSLA,neutral,0.7968
ldidqb,GME,neutral,0.8738
ldicwm,GME,neutral,0.9076
ldicig,GME,neutral,0.7704
le1k1e,GME,positive,0.6209
le1iys,AMC,neutral,0.6994
le1gpy,META,neutral,0.8563
le1gpy,GME,neutral,0.8563
le1ftd,GME,negative,0.7596
le1f3u,GME,neutral,0.8843
le0nma,GME,neutral,0.8954
le0mym,GME,neutral,0.4754
le04ps,GME,negative,0.6147
ldzsof,GME,neutral,0.8878
ldzseq,META,neutral,0.8381
ldzseq,GME,neutral,0.8381
ldzseq,TSLA,neutral,0.8381
ldxntt,GME,neutral,0.9019
ldplrp,GME,neutral,0.6732
ldol27,AMC,neutral,0.6448
ldol27,GME,neutral,0.6448
ldnmdb,AMZN,neutral,0.7983
ldnmdb,GME,neutral,0.7983
ldnmdb,NFLX,neutral,0.7983
ldng5s,AMC,negative,0.6512
ldng5s,GME,negative,0.6512
ldm2y7,AMC,neutral,0.6845
ldm2y7,GME,neutral,0.6845
ldjhih,TSLA,neutral,0.9335
ldiwwb,GME,neutral,0.8751
ldiwpp,TSLA,neutral,0.5076
ldiwpp,NVDA,neutral,0.5076
ldiwi9,AMC,neutral,0.5297
ldiwc1,GME,positive,0.8604
ldiwbx,GME,neutral,0.8613
ldivpp,GME,neutral,0.9233
ldiv8y,AMC,neutral,0.9503
ldiv46,GME,negative,0.7584
ldiv2g,GME,neutral,0.8657
ldiu5k,AMC,neutral,0.8630
ldiu5k,GME,neutral,0.8630
ldit0i,GME,positive,0.7236
ldiso9,GME,neutral,0.8661
ldislt,GME,neutral,0.9100
ldirqk,GME,neutral,0.9067
ldirax,GME,neutral,0.8817
ldiqx9,GME,neutral,0.7453
ldiqtl,GME,neutral,0.8683
ldiqej,AMC,neutral,0.8975
ldipa4,GME,negative,0.8928
ldipa4,TSLA,negative,0.8928
ldip8v,AMC,neutral,0.7384
ldip8v,GME,neutral,0.7384
ldip1y,NFLX,neutral,0.9119
ldio85,AMC,neutral,0.7349
ldin9j,GME,negative,0.9372
ldimlk,GME,neutral,0.8706
ldimfb,GME,neutral,0.7852
ldilqg,AMC,neutral,0.8694
ldilqg,GME,neutral,0.8694
ldikkr,GME,positive,0.6774
ldijwt,GME,negative,0.9066
le4c62,GME,neutral,0.8467
le47hd,AMZN,neutral,0.6271
le40vh,GME,positive,0.8797
le3dz7,GME,neutral,0.5161
le3a7j,GOOGL,neutral,0.7189
le3a7j,INTC,neutral,0.7189
le39q4,GME,negative,0.9680
le3264,AMC,neutral,0.7417
le3264,GME,neutral,0.7417
le31f7,GME,neutral,0.8199
le31f7,TSLA,neutral,0.8199
le2w55,GME,negative,0.5240
le2spj,GME,neutral,0.7890
le2spj,NFLX,neutral,0.7890
le2hqs,GME,neutral,0.9011
le2brx,GME,neutral,0.8374
le24wb,GME,negative,0.4903
le242m,GME,neutral,0.8716
le0ute,AMZN,neutral,0.9075
le0ute,GME,neutral,0.9075
le04g6,GME,positive,0.9133
ldzpit,GME,neutral,0.7147
ldzb1m,AMC,neutral,0.8934
ldjx35,GME,neutral,0.9017
ldu16u,GME,negative,0.6234
ldt4u7,GME,neutral,0.6681
ldqwdv,GME,neutral,0.7950
ldqpjn,GME,neutral,0.5788
ldn2gl,GME,neutral,0.8714
ldlqma,GME,neutral,0.8750
ldl9fx,AMC,neutral,0.6628
ldl9fx,GME,neutral,0.6628
ldl1cw,AMC,neutral,0.9105
ldkout,AMC,neutral,0.9353
ldkorp,GME,neutral,0.8001
ldkona,AMC,neutral,0.7171
ldkona,GME,neutral,0.7171
ldko61,GME,neutral,0.8726
ldko61,MSFT,neutral,0.8726
ldko5i,AMC,neutral,0.9343
ldknr2,AMC,negative,0.4471
ldknqx,GME,neutral,0.8631
ldkno7,GME,negative,0.6841
ldkn59,GME,negative,0.7907
ldklsj,AMC,neutral,0.5753
ldklsj,GME,neutral,0.5753
ldkl7r,GME,neutral,0.8180
ldkk8p,GME,negative,0.8501
ldkjrp,GME,neutral,0.8136
ldkjrp,GOOGL,neutral,0.8136
ldkj26,GME,neutral,0.6268
ldkiit,GME,neutral,0.8153
ldkgu6,GME,negative,0.7097
ldkgrj,GME,neutral,0.5805
ldkes9,GME,neutral,0.7293
ldkejp,GME,neutral,0.7079
ldke2a,AMZN,neutral,0.9299
ldkdzf,AMC,neutral,0.6126
ldkdzf,GME,neutral,0.6126
ldkdld,AMC,negative,0.7140
ldkdld,GME,negative,0.7140
ldkbp8,GME,neutral,0.8473
ldkalj,GME,negative,0.4951
ldk9xg,GME,neutral,0.7591
ldk9l3,GME,neutral,0.4925
ldk9l3,NVDA,neutral,0.4925
ldk9bu,GME,neutral,0.8955
ldk5qg,AMC,neutral,0.8326
ldk5o3,GME,neutral,0.7602
ldk5o3,TSLA,neutral,0.7602
ldk598,GME,neutral,0.8832
ldk52h,GME,neutral,0.9291
ldk4db,GME,neutral,0.8402
ldk4cg,AMC,neutral,0.8674
ldk4cg,GME,neutral,0.8674
ldk4b2,AMC,neutral,0.9373
ldk4b2,GME,neutral,0.9373
ldk4b2,GOOGL,neutral,0.9373
ldk3xg,GME,neutral,0.9257
ldk2am,AMC,neutral,0.5384
ldk1g2,GME,neutral,0.9058
ldk1bz,AMC,negative,0.5295
ldk1bz,GME,negative,0.5295
ldk13t,AMC,neutral,0.9338
ldk09s,GME,neutral,0.7732
ldk05s,GME,neutral,0.4558
ldjz9u,GME,negative,0.5884
ldjyvn,GME,neutral,0.9255
ldjyi3,GME,neutral,0.4383
ldjxrn,GME,neutral,0.8358
ldjx46,GME,neutral,0.9058
ldjwuh,GME,neutral,0.8685
ldjwd7,GME,neutral,0.8949
ldjwbx,GME,neutral,0.7687
ldjwbv,GME,neutral,0.6957
ldjw9l,GME,neutral,0.8257
ldjvee,GOOGL,neutral,0.7021
ldjvb4,GME,neutral,0.9059
ldjuka,INTC,neutral,0.8110
ldjsqz,AMC,negative,0.5491
ldjsqz,GME,negative,0.5491
ldjs8u,GME,negative,0.6318
ldjs44,AMC,neutral,0.7237
ldjs44,GME,neutral,0.7237
ldjqt6,GME,neutral,0.7809
ldjq55,GME,neutral,0.8975
ldjp7q,GME,neutral,0.6229
ldjp7c,AMC,neutral,0.5660
ldjp7c,GME,neutral,0.5660
ldjoqh,GME,negative,0.7683
ldjno3,AMC,neutral,0.9137
ldjn6s,AMC,neutral,0.8209
ldjn6s,GME,neutral,0.8209
ldjmfk,AMC,neutral,0.9037
ldjm7n,GME,neutral,0.8936
ldjkqx,AMC,neutral,0.9080
ldjjug,GME,neutral,0.4904
ldjio5,AMC,negative,0.7410
ldjio5,GME,negative,0.7410
ldjimy,AMC,neutral,0.8295
ldjimy,GME,neutral,0.8295
ldji5k,GME,neutral,0.8658
ldjhtb,AMC,neutral,0.9264
ldjhp4,GME,neutral,0.9310
ldjhay,GME,neutral,0.6455
ldjgi9,GME,neutral,0.9235
ldjfxg,GME,neutral,0.9247
ldjfk6,AMC,neutral,0.7349
ldjfk6,GME,neutral,0.7349
ldjffq,GME,neutral,0.8951
ldjet6,AMC,neutral,0.9043
ldjet6,GME,neutral,0.9043
ldjet6,NFLX,neutral,0.9043
ldjdx7,AMC,negative,0.8100
ldjdv6,GME,neutral,0.9099
ldjdj4,GME,neutral,0.8974
ldjdj4,TSLA,neutral,0.8974
ldjd6d,GME,neutral,0.9375
ldjcon,GME,neutral,0.7904
ldjca2,AMC,neutral,0.7688
ldjbqr,GME,negative,0.8454
ldjbg1,AMC,neutral,0.8553
ldjbg1,GME,neutral,0.8553
ldj9jv,GME,neutral,0.8266
ldj8ph,AMC,neutral,0.7167
ldj8ph,GME,neutral,0.7167
ldj88w,AMC,negative,0.7232
ldj88w,GME,negative,0.7232
ldj7zq,AMC,neutral,0.6544
ldj7zq,GME,neutral,0.6544
ldj7fp,GME,neutral,0.7980
ldj61y,AMC,neutral,0.9486
ldj5sy,GME,negative,0.7866
ldj4q3,AAPL,neutral,0.7523
ldj4q3,GME,neutral,0.7523
ldj4q3,INTC,neutral,0.7523
ldj4q3,NVDA,neutral,0.7523
ldj4dp,GME,neutral,0.6163
ldj3ph,GME,neutral,0.8184
ldj2il,GOOGL,neutral,0.7013
ldj2il,TSLA,neutral,0.7013
ldj23v,AMC,neutral,0.6418
ldj1ya,GME,neutral,0.9240
ldj0zt,GME,neutral,0.5070
ldj0i2,AMC,neutral,0.8847
ldj0i2,GME,neutral,0.8847
ldizty,AMC,neutral,0.9458
ldizty,NFLX,neutral,0.9458
ldizqf,GME,neutral,0.8620
ldizih,AMC,neutral,0.6911
ldiysj,AMC,neutral,0.8487
ldiysj,GME,neutral,0.8487
ldiyrh,GME,neutral,0.9009
ldiyhb,GME,neutral,0.7836
ldiyh2,GME,neutral,0.9190
ldiy4t,GME,neutral,0.7624
ldiy4g,AMC,neutral,0.7883
ldiy4g,GME,neutral,0.7883
ldiy4g,NFLX,neutral,0.7883
ldixwg,GME,neutral,0.9120
ldixkl,GME,neutral,0.9005
leh72q,GME,neutral,0.9041
lec568,GME,neutral,0.8243
le97gd,GME,neutral,0.9000
le6uos,GME,neutral,0.8668
le0q47,GME,neutral,0.6847
ldl69c,AMC,neutral,0.8842
ldl69c,GME,neutral,0.8842
ldl5gl,GME,neutral,0.7874
ldl4xe,AMC,neutral,0.8823
ldl3r6,AMC,neutral,0.7013
ldl3kk,AMC,neutral,0.6095
ldl3kk,GME,neutral,0.6095
ldl38f,AMC,neutral,0.8866
ldl36m,GME,neutral,0.9052
ldl1uy,GME,negative,0.4039
ldkzh1,GME,neutral,0.6643
ldkzf3,TSLA,neutral,0.9279
ldkyie,GME,neutral,0.8952
ldkwhl,AMC,neutral,0.8914
ldkwhh,GME,neutral,0.8255
ldkv7k,AMC,neutral,0.8129
ldkv7k,GME,neutral,0.8129
ldkurf,AMC,neutral,0.7217
ldktd6,AMC,neutral,0.8069
ldktd6,GME,neutral,0.8069
ldksy1,AMC,neutral,0.8802
ldksy1,GME,neutral,0.8802
ldkrpa,GME,positive,0.7223
len1vi,ORCL,neutral,0.8913
lemzne,GME,neutral,0.6349
lemxw3,GME,neutral,0.6840
lemex5,GME,neutral,0.8924
ldlcqm,GME,neutral,0.8704
ldlbqn,GME,neutral,0.9291
ldlaka,AMC,neutral,0.5525
ldlaka,GME,neutral,0.5525
ldl8g3,GME,neutral,0.9175
ldl89e,GME,neutral,0.5522
ldl861,GME,neutral,0.5717
ldl7yo,GME,neutral,0.8032
ldl7rj,AMC,neutral,0.7057
ldl7rj,AAPL,neutral,0.7057
ldl7rj,GME,neutral,0.7057
ldl7rj,MSFT,neutral,0.7057
lep28p,MSFT,neutral,0.9154
lep28p,INTC,neutral,0.9154
leoy5k,GME,neutral,0.8875
leoxw0,AMC,neutral,0.9167
leowlw,GME,neutral,0.8767
leouad,GME,neutral,0.6582
lemw74,GME,neutral,0.8363
lemarr,AMC,neutral,0.5111
lemarr,GME,neutral,0.5111
lelhhk,AMC,neutral,0.9201
lelhhk,GME,neutral,0.9201
lel3zx,GME,neutral,0.8220
lej7oo,GME,neutral,0.8858
legw76,AMC,neutral,0.7721
legl23,AMC,neutral,0.7669
legl23,GME,neutral,0.7669
legl23,TSLA,neutral,0.7669
le9si5,GME,neutral,0.9014
le9si5,TSLA,neutral,0.9014
ldma36,GME,neutral,0.9111
ldm9sn,GME,neutral,0.8189
ldm9mk,GME,negative,0.4511
ldm6at,AMC,neutral,0.9173
ldm5m1,TSLA,neutral,0.7375
ldm52q,AMC,neutral,0.9526
ldm4kq,GME,neutral,0.9090
ldm2a6,GME,neutral,0.9070
ldm1f3,GME,neutral,0.7448
ldlxrp,AMC,negative,0.7481
ldlxrp,GME,negative,0.7481
ldlwvu,AMC,neutral,0.9110
ldlwvu,GME,neutral,0.9110
ldlwp4,AMC,neutral,0.9368
ldlwkv,AMZN,neutral,0.7413
ldlv71,GME,neutral,0.9142
ldlt67,GME,negative,0.5392
ldlrd5,GME,neutral,0.7781
ldlqud,GME,neutral,0.9123
ldlqm4,NVDA,neutral,0.8345
ldlq9t,AMC,neutral,0.9227
ldlq9t,GME,neutral,0.9227
ldlp4l,GME,neutral,0.6908
ldlown,GME,neutral,0.8753
ldlol4,GME,neutral,0.8811
ldlnj0,GME,neutral,0.6218
ldlne7,GME,neutral,0.8210
ldlmy1,GME,neutral,0.8623
ldlmvi,GME,neutral,0.8958
ldlmg9,GME,neutral,0.8943
ldlmg9,NVDA,neutral,0.8943
ldlk7l,GME,neutral,0.9382
ldli3n,AMC,neutral,0.8744
ldlhsa,AMC,neutral,0.9008
ldlhp1,AMC,neutral,0.9167
ldlhp1,GME,neutral,0.9167
ldlhp1,TSLA,neutral,0.9167
ldlh4y,GME,neutral,0.9214
ldlgtq,AMC,neutral,0.9356
ldlft6,GME,neutral,0.9125
ldlfop,GME,positive,0.5122
ldlfc5,GME,neutral,0.8773
ldlfa2,GME,negative,0.7403
ldlegt,AMC,neutral,0.5124
ldlegt,GME,neutral,0.5124
ldle3j,GME,neutral,0.8659
ldldzw,GME,neutral,0.9099
ldldzw,NFLX,neutral,0.9099
ldldzw,GOOGL,neutral,0.9099
ldldne,GME,neutral,0.8856
letp62,GME,neutral,0.7758
letfg8,GME,neutral,0.9312
leoi0d,GME,neutral,0.8987
ldmgrw,GME,neutral,0.9168
ldmgjh,GME,neutral,0.8832
ldmedf,GME,neutral,0.9203
ldmeb5,GME,neutral,0.8339
ldmag7,TSLA,positive,0.5042
ldmag7,NVDA,positive,0.5042
leuvwz,GME,neutral,0.8806
leuntk,GME,neutral,0.8974
leu4l2,AMC,negative,0.5844
leu4l2,GME,negative,0.5844
leu4l2,TSLA,negative,0.5844
letumy,GME,neutral,0.8661
letfc1,GME,neutral,0.8700
let0x6,AMC,negative,0.5512
let0x6,GME,negative,0.5512
lessc6,AMC,neutral,0.8926
lessc6,GME,neutral,0.8926
lescan,AMC,neutral,0.8282
lescan,GME,neutral,0.8282
leqknf,AMC,neutral,0.9254
len61b,GME,neutral,0.8591
lelhgs,GME,negative,0.9486
ldoall,AMZN,neutral,0.7502
ldnk76,GME,negative,0.5786
ldnk11,GME,neutral,0.5356
ldnj46,GME,neutral,0.8563
ldnic9,AMC,neutral,0.5624
ldnic9,GME,neutral,0.5624
ldnhsf,GME,neutral,0.7315
ldnfq2,AMC,neutral,0.7413
ldnfq2,GME,neutral,0.7413
ldn9px,GME,neutral,0.9002
ldn9ef,AMC,neutral,0.8980
ldn9ef,GME,neutral,0.8980
ldn7gk,GME,neutral,0.6985
ldn7ca,GME,positive,0.6788
ldn4bc,AMC,neutral,0.8961
ldn4bc,GME,neutral,0.8961
ldn2qq,GOOGL,neutral,0.8738
ldmzqh,GME,neutral,0.7988
ldmxl6,AMC,positive,0.9005
ldmxl6,GME,positive,0.9005
ldmwbv,GME,neutral,0.9059
ldmw60,GME,neutral,0.7470
ldmstj,AMC,negative,0.4430
ldmss0,AMC,neutral,0.7587
ldmss0,GME,neutral,0.7587
ldms5a,GME,negative,0.7065
ldmoqp,GME,neutral,0.9414
ldmmlu,AMC,neutral,0.8300
ldmmlu,GME,neutral,0.8300
ldmmlu,TSLA,neutral,0.8300
ldmlka,GME,negative,0.7942
ldmkxn,GME,neutral,0.6656
ldmixb,GME,neutral,0.7957
ldmisv,GME,neutral,0.7517
lez8a1,GME,negative,0.8710
lez7at,AMC,neutral,0.7789
lez7at,GME,neutral,0.7789
leyxbb,GME,neutral,0.7167
leyvlj,GME,neutral,0.9135
leyvlj,TSLA,neutral,0.9135
leys3g,AMC,neutral,0.6942
leys3g,GME,neutral,0.6942
leycyw,AMC,neutral,0.5887
leycyw,GME,neutral,0.5887
ley3rk,AMC,neutral,0.8047
ley3rk,GME,neutral,0.8047
ley35h,AMC,positive,0.8222
lex5vi,GME,neutral,0.6285
lew1td,AMC,neutral,0.8347
lew1td,GME,neutral,0.8347
lev78v,AMC,neutral,0.9255
les96z,GME,positive,0.8692
lepyo8,GME,neutral,0.9301
leneyw,AMC,neutral,0.9445
leneyw,NFLX,neutral,0.9445
leneyw,AMZN,neutral,0.9445
lehv2x,GME,neutral,0.8684
ldo2mp,AMC,neutral,0.7257
ldo1gj,AMC,neutral,0.8542
ldo1gj,GME,neutral,0.8542
ldo0as,AMC,neutral,0.8978
ldo0as,GME,neutral,0.8978
ldnzke,AMC,neutral,0.8737
ldnzke,GME,neutral,0.8737
ldnywl,AMC,neutral,0.8742
ldnywl,GME,neutral,0.8742
ldnywl,NFLX,neutral,0.8742
ldny3g,GME,negative,0.7891
ldnxbw,AMC,neutral,0.9331
ldnxbw,GME,neutral,0.9331
ldnxbw,TSLA,neutral,0.9331
ldnvx1,GME,neutral,0.8954
ldnurr,AMC,neutral,0.7125
ldnurr,GME,neutral,0.7125
ldnu7a,AMC,neutral,0.5249
ldnu7a,GME,neutral,0.5249
ldnssw,GME,neutral,0.8406
ldnsgr,AMC,negative,0.5851
ldnsgr,GME,negative,0.5851
ldnsf3,AMC,neutral,0.5240
ldnsf3,GME,neutral,0.5240
ldnrpy,GOOGL,neutral,0.7682
ldnrfg,GME,neutral,0.8242
ldnqkt,GME,neutral,0.8655
ldnqj8,AMC,negative,0.7361
ldnqj8,GME,negative,0.7361
ldnpdm,AAPL,negative,0.9564
ldnok7,GME,neutral,0.9191
ldnoiz,GME,neutral,0.7003
ldnmcr,GME,negative,0.6749
ldnm2k,GME,neutral,0.8050
lf6q84,AMC,neutral,0.6394
ldo7np,AMC,neutral,0.6213
ldo6op,GME,positive,0.8771
ldo5x3,GME,neutral,0.8632
ldo5e6,AMC,neutral,0.6987
ldo5e6,GME,neutral,0.6987
ldo57z,GME,neutral,0.7952
ldo55f,GME,neutral,0.6785
ldo4xi,GME,neutral,0.9258
ldo3ua,AMC,neutral,0.9280
ldo3ua,GME,neutral,0.9280
lf9hw1,GME,neutral,0.7163
lf8v7z,GME,neutral,0.7015
lf6q1h,AMC,neutral,0.5456
lf6q1h,AMZN,neutral,0.5456
lf5tkc,GME,neutral,0.8875
lf5cmu,GME,neutral,0.9006
lf4731,AMC,neutral,0.5901
lf4731,GME,neutral,0.5901
lf2k14,GME,neutral,0.9090
le9mrk,GME,neutral,0.7669
ldodq2,GOOGL,positive,0.6816
ldoc06,AMC,neutral,0.8226
ldobqa,GOOGL,neutral,0.8871
ldobnj,AMC,positive,0.8048
ldob8d,AMC,neutral,0.8563
ldob8d,GME,neutral,0.8563
ldo8t5,AAPL,neutral,0.7091
ldo88i,GME,positive,0.6448
ldo85z,GME,negative,0.8454
lfebxl,TSLA,neutral,0.7470
lfe1ac,GME,neutral,0.9208
lfdxv2,AMC,neutral,0.8376
lfdxv2,GME,neutral,0.8376
lfdlla,AAPL,neutral,0.9309
lfdlla,GOOGL,neutral,0.9309
lfdlla,TSLA,neutral,0.9309
lfdlla,AMC,neutral,0.9309
lfdlla,META,neutral,0.9309
lfdlla,GME,neutral,0.9309
ldpb2y,GME,neutral,0.8016
ldp7o5,AMC,neutral,0.9370
ldp73q,GME,neutral,0.9166
ldp52a,GME,neutral,0.7908
ldp25o,GME,neutral,0.5423
ldovjt,GME,neutral,0.7171
ldoveg,GME,neutral,0.9118
ldoqs1,GME,neutral,0.8789
ldoqe9,GME,neutral,0.9227
ldomax,AMC,negative,0.9450
ldoksd,AMC,negative,0.7874
ldokga,AMC,neutral,0.7845
ldokga,GME,neutral,0.7845
ldoke0,GME,neutral,0.8771
ldok8d,AMC,neutral,0.9361
ldoj0r,GME,neutral,0.9158
ldoit5,GOOGL,neutral,0.9124
ldogsm,GME,neutral,0.5974
ldogj8,AMC,neutral,0.8593
ldoewb,GME,neutral,0.6977
lfjrup,GME,neutral,0.7482
lfjmk7,AMC,neutral,0.6456
lfjmk7,GME,neutral,0.6456
lfjkp6,GME,negative,0.7176
lfiji9,GME,negative,0.7011
lfhcgd,AMC,neutral,0.9314
lfgxhz,AMC,neutral,0.6311
lfgxhz,GME,neutral,0.6311
lfgpid,GME,neutral,0.9064
lfg2ia,AMZN,neutral,0.9249
lfcgn2,GME,positive,0.7371
lf9hby,AMZN,neutral,0.8901
lf9hby,AAPL,neutral,0.8901
lf9hby,GME,neutral,0.8901
lf9hby,TSLA,neutral,0.8901
lf75c4,GME,neutral,0.4903
leyrrr,GME,neutral,0.9320
lex1k9,GME,neutral,0.6718
leskrp,GME,positive,0.5086
lengv9,AMC,neutral,0.6532
lengv9,GME,neutral,0.6532
leaam4,GME,neutral,0.8945
ldrk3s,GME,neutral,0.9388
ldrjco,AMC,neutral,0.9361
ldrjco,GME,neutral,0.9361
ldrj62,GME,neutral,0.9290
ldrij2,AMC,negative,0.7196
ldrhjz,AMC,neutral,0.9005
ldrhjz,GME,neutral,0.9005
ldrhc3,GME,neutral,0.8775
ldrh6y,GME,neutral,0.8864
ldrh2r,GME,negative,0.5247
ldr9h4,GME,neutral,0.7540
ldr8eb,GME,neutral,0.9298
ldr7tv,AMC,neutral,0.6995
ldr7tv,GME,neutral,0.6995
ldr7tv,GOOGL,neutral,0.6995
ldr7tv,AMZN,neutral,0.6995
ldr67u,GME,neutral,0.8608
ldr36i,GME,neutral,0.8679
ldqzgr,GME,neutral,0.5329
ldqwdd,GME,neutral,0.8910
ldqva1,GME,neutral,0.8188
ldqva1,TSLA,neutral,0.8188
ldqv4o,AMC,neutral,0.8987
ldqv4o,GME,neutral,0.8987
ldqv4o,TSLA,neutral,0.8987
ldqqg7,GME,neutral,0.5421
ldqq61,AMC,neutral,0.8109
ldqpym,AMC,neutral,0.7978
ldqp8o,GME,neutral,0.6237
ldqlao,TSLA,neutral,0.8176
ldq3dw,GME,negative,0.5707
ldpx3p,AMC,neutral,0.9104
ldpwfg,GME,negative,0.6209
ldpvoo,GME,neutral,0.8801
ldpu92,AMC,neutral,0.7260
ldpmcq,GME,neutral,0.9342
ldpm9p,GME,neutral,0.8569
ldpjo4,GME,neutral,0.8532
ldphhz,AMC,neutral,0.8709
ldphhz,GME,neutral,0.8709
ldpdgd,AMC,neutral,0.5776
ldpdgd,GME,neutral,0.5776
ldpbzk,AMC,neutral,0.8651
ldpbzk,GME,neutral,0.8651
ldpbzk,TSLA,neutral,0.8651
ldpbek,GME,neutral,0.5644
lfva0j,AMC,neutral,0.8776
lfva0j,GME,neutral,0.8776
ldrruk,GME,positive,0.6974
ldrruk,GOOGL,positive,0.6974
ldrqss,GME,neutral,0.8649
ldrpu8,GME,neutral,0.7821
ldrm7w,GME,neutral,0.8760
ldskf7,GME,neutral,0.9122
ldsiiv,GME,negative,0.5610
ldsfrh,GME,positive,0.7850
ldsfeg,GME,negative,0.8478
ldsfal,GME,neutral,0.6621
ldsfac,GME,neutral,0.6058
ldsew6,AMC,neutral,0.9365
ldsew6,GME,neutral,0.9365
ldsek9,GME,negative,0.7152
ldsda7,GME,negative,0.6353
ldscgl,GME,neutral,0.9175
ldsbrb,GME,neutral,0.9188
ldsaml,NVDA,neutral,0.8778
lds7g6,GME,neutral,0.8172
lds7ct,AMC,neutral,0.7746
lds7ct,GME,neutral,0.7746
lds5pm,GOOGL,neutral,0.9177
lds5aq,AMC,neutral,0.8900
lds57k,GME,positive,0.4999
ldrxcr,AMC,neutral,0.8941
ldrxcr,GME,neutral,0.8941
ldrwvl,AMC,neutral,0.6429
ldrwvl,GME,neutral,0.6429
ldrvnx,GME,negative,0.6248
ldruks,GME,neutral,0.8109
ldruke,GME,neutral,0.9261
lg5cba,AMC,neutral,0.9025
lg5cba,GME,neutral,0.9025
lg4mr4,AMC,neutral,0.9011
lg13lw,GOOGL,negative,0.6971
lfwkt0,AMC,neutral,0.9120
le0vm9,AMC,neutral,0.8821
le0vm9,GME,neutral,0.8821
ldtgj5,AMC,neutral,0.6346
ldtgj5,GME,neutral,0.6346
ldtdbn,GME,neutral,0.8601
ldtcpr,AAPL,neutral,0.8279
ldtcpr,GME,neutral,0.8279
ldt7ka,GME,neutral,0.8999
ldt555,AMC,neutral,0.8892
ldt555,GME,neutral,0.8892
ldt35f,AMC,neutral,0.8242
ldt35f,GME,neutral,0.8242
ldt0dq,AMC,neutral,0.9167
ldt0dq,GME,neutral,0.9167
ldt02o,GME,negative,0.6244
ldt01i,GME,neutral,0.9188
ldsx7t,GME,neutral,0.8720
ldswvm,GME,neutral,0.8797
ldsr7d,GME,neutral,0.8686
ldsr7d,GOOGL,neutral,0.8686
lg7wum,GME,neutral,0.7557
lg7qk8,AMC,neutral,0.8779
lg7o67,AMC,neutral,0.7323
lg7o67,GME,neutral,0.7323
lg6oli,GME,negative,0.6780
lfiug0,AMC,neutral,0.8676
lfiug0,GME,neutral,0.8676
ldu704,AMC,neutral,0.8692
ldu704,GME,neutral,0.8692
ldu6am,GME,neutral,0.8499
ldu54g,GME,neutral,0.9292
ldu4qw,GME,neutral,0.8768
ldu4oe,GME,neutral,0.8483
ldu4gs,AMC,neutral,0.7428
ldu4gs,GME,neutral,0.7428
ldu1yo,GME,neutral,0.9216
ldu11n,GME,neutral,0.8332
ldu0y1,GME,neutral,0.5656
ldu0os,GME,neutral,0.7769
ldtx2w,GME,neutral,0.6572
ldtuwu,GME,neutral,0.7613
ldtupe,GME,neutral,0.8602
ldtujj,GME,neutral,0.4874
ldtu30,GME,neutral,0.8642
ldts8t,AMC,negative,0.9633
ldu97c,GME,positive,0.8701
ldu72j,GME,positive,0.8086
lg9gxw,AMC,neutral,0.8595
lg8qxy,GME,neutral,0.9110
lg8pks,GME,neutral,0.8702
le17d5,GME,positive,0.8700
le14mg,GME,positive,0.5329
le0rxr,AMC,neutral,0.7449
le0p0t,GME,neutral,0.8912
le0o94,GME,neutral,0.6507
le09r7,GME,positive,0.7626
le03zv,GME,neutral,0.8210
le031q,GME,neutral,0.7311
ldzzph,AMC,neutral,0.8088
ldzzph,GME,neutral,0.8088
ldzy5p,GME,neutral,0.7732
ldzwbb,GME,neutral,0.5354
ldzqrz,GME,neutral,0.8995
ldzodk,AMC,neutral,0.8423
ldzodk,GME,neutral,0.8423
ldzl52,GME,neutral,0.7245
ldzkog,GME,neutral,0.9080
ldzk6p,GME,neutral,0.7545
ldza6z,GME,positive,0.4871
ldz06u,AMC,neutral,0.7935
ldyytx,GME,neutral,0.8943
ldyytx,TSLA,neutral,0.8943
ldyeiy,GME,neutral,0.9146
ldyeva,AMC,negative,0.5322
ldyeva,GME,negative,0.5322
ldyc79,AMC,neutral,0.8446
ldyc79,GME,neutral,0.8446
ldy1wv,GME,neutral,0.4669
ldxv5m,GME,neutral,0.7215
ldk11h,AMC,neutral,0.9199
ldk11h,GOOGL,neutral,0.9199
ldx805,AMC,negative,0.8712
ldx805,AAPL,negative,0.8712
ldx805,META,negative,0.8712
ldx1d3,AMC,neutral,0.9137
ldx1d3,GME,neutral,0.9137
ldwoju,META,neutral,0.9219
ldwmxc,GME,neutral,0.7909
ldwlri,GME,neutral,0.9325
ldwayg,GME,neutral,0.7595
ldw6aq,GME,neutral,0.7564
ldw4yr,AMC,neutral,0.8655
ldw4jh,GME,negative,0.8402
ldvzgw,GME,neutral,0.8401
ldvy5i,AMC,negative,0.7553
ldvxqz,TSLA,neutral,0.8676
ldvw8m,GME,neutral,0.8250
ldvuqx,AMC,neutral,0.7820
ldvuqx,GME,neutral,0.7820
ldvpnl,AMC,neutral,0.7428
ldvchr,GME,neutral,0.9053
ldvbjy,GME,neutral,0.8802
ldvbjw,GME,neutral,0.6662
ldv4kz,AMC,neutral,0.5595
ldv4kz,GME,neutral,0.5595
ldv30z,GME,neutral,0.9103
ldv2ca,GME,neutral,0.8012
ldv0us,AMC,neutral,0.8423
ldv0us,GME,neutral,0.8423
lduv2m,GME,neutral,0.8565
lgjaw7,GME,neutral,0.8877
lgh184,AMC,neutral,0.8518
lgh184,GME,neutral,0.8518
lgh184,TSLA,neutral,0.8518
le2tbw,GME,neutral,0.9214
le2rem,GME,negative,0.3589
le2ra5,GME,neutral,0.7746
le2pqe,AMC,neutral,0.9386
le2pqe,GME,neutral,0.9386
le2naw,GME,neutral,0.8175
le2knw,GME,neutral,0.7098
le2h6u,AMC,neutral,0.8822
le2h6u,GME,neutral,0.8822
le2fwy,GME,neutral,0.6194
le2f7x,AMC,neutral,0.9218
le2f7x,GME,neutral,0.9218
le2dcq,TSLA,neutral,0.8876
le2d9l,AMC,neutral,0.9013
le2d9l,GME,neutral,0.9013
le2che,GME,positive,0.9470
le2byc,GME,neutral,0.6546
le235t,GME,neutral,0.6635
le1zt5,GME,neutral,0.5276
le1zbz,GME,neutral,0.8281
le1zbz,TSLA,neutral,0.8281
le1yen,TSLA,positive,0.9278
le1wzg,AMC,negative,0.6029
le1wzg,GME,negative,0.6029
le1s8b,GME,neutral,0.9197
le1s8b,MSFT,neutral,0.9197
le1s8b,TSLA,neutral,0.9197
le1qyd,GME,neutral,0.8747
le1o1e,GME,negative,0.9214
le1mhp,AMC,neutral,0.7829
le1kpv,GME,neutral,0.7537
le1kor,GME,neutral,0.8570
le1kf6,CSCO,positive,0.7796
le1kf6,GME,positive,0.7796
le1jom,AMC,neutral,0.9069
le1id0,GME,neutral,0.8956
le1gwj,AMC,neutral,0.8822
le1gwj,GME,neutral,0.8822
le1cyk,AMC,neutral,0.8372
le1c90,AMC,neutral,0.5051
le1c90,GME,neutral,0.5051
le1b97,GME,neutral,0.8112
le1ate,GME,neutral,0.8989
le192j,AMC,neutral,0.9210
le192j,GME,neutral,0.9210
lgty43,GME,neutral,0.6749
lgswko,GME,neutral,0.4866
lgp35p,AMC,neutral,0.8833
lgp35p,GME,neutral,0.8833
lgor3l,GME,neutral,0.6528
lgntg0,GME,neutral,0.6279
lgkea2,GME,neutral,0.6628
lfxpvy,GME,neutral,0.8018
les764,AMC,neutral,0.8443
les764,GME,neutral,0.8443
les764,AMZN,neutral,0.8443
le5cud,GME,negative,0.6169
le5aab,GME,neutral,0.8345
le53ol,AMZN,positive,0.6541
le53ol,MSFT,positive,0.6541
le53ol,TSLA,positive,0.6541
le4zhe,GME,neutral,0.8399
le4v21,AMC,neutral,0.9061
le4v21,GME,neutral,0.9061
le4teg,GME,neutral,0.7019
le4hoh,GME,neutral,0.8642
le4hoh,INTC,neutral,0.8642
le4gap,AMC,neutral,0.8898
le4gap,GME,neutral,0.8898
le4gap,META,neutral,0.8898
le4fqj,GME,neutral,0.5814
le4few,GME,neutral,0.8632
le4bwv,AMC,neutral,0.8683
le486a,GME,neutral,0.9364
le42nm,GME,neutral,0.8060
le3zse,GME,neutral,0.9274
le3zht,GME,positive,0.6880
le3pqe,GME,neutral,0.5739
le3kpb,GME,neutral,0.5587
le3bc5,GME,neutral,0.9035
le3az6,AMC,neutral,0.8724
le3av0,GME,neutral,0.7013
le3989,GME,neutral,0.8685
le38b6,AMC,neutral,0.8758
le38b6,NFLX,neutral,0.8758
le38b6,AMZN,neutral,0.8758
le34ti,GME,neutral,0.6340
le32ki,GME,neutral,0.8852
le2vno,GME,neutral,0.9126
le2ts6,GME,neutral,0.8640
le2tk6,GME,neutral,0.5106
le2tk6,TSLA,neutral,0.5106
lh1mx9,AMC,neutral,0.7381
lgtu1p,GME,negative,0.6541
lgosux,GME,negative,0.5837
lgk7mc,AMC,neutral,0.8520
lgk7mc,TSLA,neutral,0.8520
le9b7x,GME,neutral,0.9103
le9a86,GME,neutral,0.9015
le99vk,AMC,neutral,0.5197
le99vk,GME,neutral,0.5197
le99nl,GME,positive,0.8923
le913o,GME,negative,0.5418
le8vhn,GME,neutral,0.7184
le8u1s,GME,neutral,0.7062
le8t9x,GME,neutral,0.8000
le8pfw,AMC,neutral,0.8861
le8pfw,GME,neutral,0.8861
le8pfw,TSLA,neutral,0.8861
le8pfw,AMZN,neutral,0.8861
le8on2,AMC,neutral,0.9242
le8lz8,AMC,neutral,0.8317
le8lz8,GME,neutral,0.8317
le8j0z,GME,positive,0.7200
le8h13,GME,positive,0.3787
le8deg,GME,neutral,0.7946
le8ahx,GME,neutral,0.8275
le86o6,GME,negative,0.5179
le860u,GME,neutral,0.9321
le859v,GME,neutral,0.6999
le828r,AMC,neutral,0.8461
le828r,GME,neutral,0.8461
le80cp,AMC,neutral,0.8655
le80cp,GME,neutral,0.8655
le80cp,GOOGL,neutral,0.8655
le7w3f,GME,neutral,0.9241
le7w3f,GOOGL,neutral,0.9241
le7van,AAPL,negative,0.9564
le7van,GME,negative,0.9564
le7stn,AMZN,neutral,0.9384
le7s8w,GME,neutral,0.7006
le7l2t,AMC,neutral,0.8090
le7l2t,GME,neutral,0.8090
le7l2t,TSLA,neutral,0.8090
le7hc8,AMC,neutral,0.8275
le7hc8,GME,neutral,0.8275
le798n,GME,neutral,0.8450
le75v9,GME,positive,0.6326
le74iq,NFLX,positive,0.9230
le74iq,MSFT,positive,0.9230
le74iq,INTC,positive,0.9230
le74iq,NVDA,positive,0.9230
le72lw,GME,neutral,0.9461
le72eu,GME,neutral,0.7567
le72el,GME,neutral,0.9081
le726v,AMZN,neutral,0.7120
le726v,GME,neutral,0.7120
le726v,TSLA,neutral,0.7120
le70sx,INTC,neutral,0.8940
le70sx,IBM,neutral,0.8940
le70sx,GOOGL,neutral,0.8940
le70sx,MSFT,neutral,0.8940
le70sx,AMZN,neutral,0.8940
le70sx,NVDA,neutral,0.8940
le6v6v,AMC,neutral,0.8223
le6v6v,GME,neutral,0.8223
le6v37,GME,neutral,0.6975
le6nkx,GME,neutral,0.8705
le6jrd,GME,negative,0.8220
le6iuw,GME,neutral,0.8191
le6b8s,GME,negative,0.7000
le6b2z,AMC,neutral,0.7300
le6b2z,GME,neutral,0.7300
le622q,GME,neutral,0.6847
le621l,GME,neutral,0.8430
le61so,GME,neutral,0.8568
le605a,GME,neutral,0.8832
le5x3n,GME,positive,0.6227
le5x3n,TSLA,positive,0.6227
le5wib,GME,neutral,0.6812
le5wcn,GME,neutral,0.7979
le5pwv,GME,positive,0.6626
le5oaw,GME,neutral,0.9016
le5oaw,GOOGL,neutral,0.9016
le5iir,AMC,neutral,0.6684
le5iir,GME,neutral,0.6684
le5hp8,AMC,neutral,0.6820
le5hmn,GME,neutral,0.8580
le5fuo,GME,neutral,0.9410
le5e59,AMZN,neutral,0.9007
le5e59,GME,neutral,0.9007
lh5uh3,GME,neutral,0.6831
lf0t2c,GME,neutral,0.4254
leapvg,GME,neutral,0.5748
leancs,GME,negative,0.9064
lealvz,GME,neutral,0.9321
leaf62,GME,neutral,0.8306
leae1h,GME,neutral,0.5463
leabqh,AMC,neutral,0.6767
leabqh,GME,neutral,0.6767
lea73k,GME,neutral,0.9138
le9m0f,GME,neutral,0.9199
lhj2s4,GME,neutral,0.8856
lhc9g0,META,neutral,0.8805
lhc9g0,GME,neutral,0.8805
lha3ob,AAPL,neutral,0.9232
lha3ob,TSLA,neutral,0.9232
lha3ob,AMZN,neutral,0.9232
lha3ob,GME,neutral,0.9232
lha3ob,NFLX,neutral,0.9232
lh6xup,GME,neutral,0.9376
lh55eu,AMC,neutral,0.7915
lh55eu,GME,neutral,0.7915
lh4yss,META,negative,0.6167
lh4yss,GME,negative,0.6167
lh40to,AMC,neutral,0.7685
lh40to,GME,neutral,0.7685
lej7nx,AMC,neutral,0.8998
lej7nx,GME,neutral,0.8998
lej4w2,GME,neutral,0.8705
lej3wc,GME,neutral,0.8860
leijie,GME,neutral,0.9293
leiipq,GME,neutral,0.9099
leift2,GME,neutral,0.8928
leids1,TSLA,neutral,0.6871
lei4xu,GME,neutral,0.9244
lei37i,GME,negative,0.5586
lehztt,GOOGL,neutral,0.6703
lehx02,GME,neutral,0.9065
lehn1x,GME,neutral,0.6401
lehbh9,AMC,neutral,0.7680
lehbh9,GME,neutral,0.7680
lehbh9,TSLA,neutral,0.7680
lehaem,GME,neutral,0.6860
legvc2,AMZN,neutral,0.8458
legvc2,GME,neutral,0.8458
legvc2,TSLA,neutral,0.8458
legvc2,GOOGL,neutral,0.8458
legiof,AMC,neutral,0.9375
legiof,GME,neutral,0.9375
legk30,GME,positive,0.8413
legcq3,GME,neutral,0.9076
leg8d6,GME,neutral,0.5232
leg7eu,GME,neutral,0.9222
leg7eu,TSLA,neutral,0.9222
leg4zw,AMC,neutral,0.5626
leg4zw,GME,neutral,0.5626
lefvt9,GME,neutral,0.9147
lefs44,GME,positive,0.8955
leflb5,GME,negative,0.5339
lefi7z,AMC,positive,0.7055
lefi7z,TSLA,positive,0.7055
lefg96,AMC,neutral,0.7887
lefg96,GME,neutral,0.7887
leffp6,GME,neutral,0.6965
leffp6,TSLA,neutral,0.6965
lef648,AMC,negative,0.9658
lef648,GME,negative,0.9658
lef2w3,CSCO,neutral,0.7412
lef2w3,NVDA,neutral,0.7412
lef1aq,GME,neutral,0.9123
leeu0s,GME,neutral,0.8408
leehy4,AMC,neutral,0.8697
leehy4,GME,neutral,0.8697
leeexw,GME,neutral,0.7580
leebiz,AMC,neutral,0.9261
lee7dz,GME,neutral,0.9163
ledkl8,GME,neutral,0.9276
ledjwa,GME,neutral,0.8972
led7wo,GME,neutral,0.6991
led7el,GME,negative,0.5211
led04d,GME,neutral,0.7775
lecyda,GME,neutral,0.9147
lecx98,AMC,neutral,0.7680
lecx98,GME,neutral,0.7680
lecx7j,GME,neutral,0.7636
lecqwd,GME,neutral,0.8721
lecqve,GME,neutral,0.7613
lecn2a,GME,neutral,0.8857
lecfa0,GME,neutral,0.9187
lecdnh,AMC,neutral,0.8965
lec8wl,GME,neutral,0.8872
lec5kg,AMC,negative,0.6698
lebzhj,GME,neutral,0.8025
leby2i,AMC,neutral,0.9368
leby2i,GME,neutral,0.9368
lebwjw,GME,negative,0.7474
lebq9c,AMC,neutral,0.7838
lebq9c,GME,neutral,0.7838
lebo5l,GME,neutral,0.7461
lebhlo,NFLX,neutral,0.7561
lebhds,GME,neutral,0.4674
leberf,GME,neutral,0.5390
lebbuf,GME,neutral,0.8980
leb7kk,AMC,neutral,0.8673
leb7kk,GME,neutral,0.8673
lhrp56,TSLA,neutral,0.8208
lhrp56,NVDA,neutral,0.8208
lhrhdd,GME,neutral,0.8432
lhqxpl,AAPL,neutral,0.8205
lhqxpl,GME,neutral,0.8205
lhq4ne,AMC,neutral,0.7975
lhq4ne,NFLX,neutral,0.7975
lhq4ne,TSLA,neutral,0.7975
lhp7iy,AMC,neutral,0.9304
lhp7iy,GME,neutral,0.9304
lhostl,GME,neutral,0.8550
leq3w2,AMC,neutral,0.8303
leq0gl,GME,neutral,0.8557
leq0gl,TSLA,neutral,0.8557
leppzo,AMC,neutral,0.8947
leppzo,GME,neutral,0.8947
lepptd,AAPL,neutral,0.9129
lepptd,GOOGL,neutral,0.9129
lepptd,MSFT,neutral,0.9129
lepptd,AMZN,neutral,0.9129
lepptd,META,neutral,0.9129
lepptd,NFLX,neutral,0.9129
lepp1o,GME,neutral,0.6688
lepp1o,NFLX,neutral,0.6688
lepnxf,GME,neutral,0.8519
lephvi,GME,neutral,0.9286
lepdxi,GME,neutral,0.6110
lepa9y,GME,neutral,0.8880
leoxtd,AMC,neutral,0.9491
leoxtd,GME,neutral,0.9491
lenxf5,CSCO,neutral,0.9298
leorks,GME,neutral,0.6965
leopno,GME,neutral,0.7023
leonn1,AMC,neutral,0.7922
leonn1,GME,neutral,0.7922
leokvd,TSLA,neutral,0.8398
leokp0,AMC,neutral,0.9336
leokp0,GME,neutral,0.9336
leok2v,GME,neutral,0.8497
leo7rm,GME,neutral,0.8209
leo7rm,TSLA,neutral,0.8209
lenjhv,INTC,positive,0.3816
lenhct,GME,neutral,0.9211
lemuyr,GME,neutral,0.9346
lempip,GME,neutral,0.8880
lemo97,AMC,neutral,0.8702
lemo97,GME,neutral,0.8702
lemo97,GOOGL,neutral,0.8702
lemgux,GME,neutral,0.7802
lemfzi,GME,neutral,0.7671
lemfzi,TSLA,neutral,0.7671
lemahw,GME,neutral,0.8812
lem2w0,AMC,neutral,0.9170
lem0o0,GME,neutral,0.8326
lelwdj,AMC,neutral,0.7409
lelwdj,GME,neutral,0.7409
lelqrc,GME,negative,0.8673
lelozj,GME,negative,0.8750
lelef5,GME,positive,0.3502
lelb1l,GME,neutral,0.8846
lelal9,GME,neutral,0.8976
lejlom,GME,neutral,0.8612
lej91f,GME,neutral,0.8460
lhu5hu,GME,neutral,0.9363
leqw1m,AMC,neutral,0.8636
leqw1m,GME,neutral,0.8636
leqin3,AAPL,neutral,0.7608
leqin3,GME,neutral,0.7608
leqin3,NVDA,neutral,0.7608
leqhhy,GME,negative,0.5342
leqglz,AMC,neutral,0.8845
leqglz,GME,neutral,0.8845
leqc1e,AMZN,positive,0.5222
leqc1e,GOOGL,positive,0.5222
leqc1e,TSLA,positive,0.5222
li8xa5,AMC,neutral,0.8763
li8wkn,AMC,negative,0.8073
li8wkn,GME,negative,0.8073
leuess,AAPL,neutral,0.8322
leuess,GME,neutral,0.8322
leuess,NFLX,neutral,0.8322
leu4y8,AMC,neutral,0.7690
leu4y8,GME,neutral,0.7690
leu4y8,NFLX,neutral,0.7690
lettza,AMC,neutral,0.8040
lettza,GME,neutral,0.8040
letq27,GME,neutral,0.8385
letq27,MSFT,neutral,0.8385
letekr,TSLA,neutral,0.8370
letdvo,GME,neutral,0.9141
let94a,GME,neutral,0.9034
let8op,AMC,neutral,0.6824
let8op,GME,neutral,0.6824
let46z,AMC,neutral,0.7123
let46z,GME,neutral,0.7123
lesfxv,TSLA,neutral,0.9072
lesfxv,AMC,neutral,0.9072
lesfxv,AMZN,neutral,0.9072
lesfxv,GME,neutral,0.9072
lesfxv,NFLX,neutral,0.9072
les550,GME,neutral,0.5427
les2wn,GME,neutral,0.9447
les23v,GOOGL,neutral,0.8793
lerpq1,GME,neutral,0.8805
lerlwg,GME,positive,0.8812
lerkjq,GME,neutral,0.8460
lerino,GME,neutral,0.9361
lerft7,GME,neutral,0.5117
leram1,AMC,neutral,0.6263
leram1,GME,neutral,0.6263
lhyumr,AMZN,neutral,0.8347
lhyumr,GME,neutral,0.8347
leunrq,GME,negative,0.7632
leulst,AMC,neutral,0.7817
leulst,NFLX,neutral,0.7817
leulst,AMZN,neutral,0.7817
liexiu,GME,neutral,0.9324
liexiu,TSLA,neutral,0.9324
liee9y,GME,neutral,0.8428
lieaf6,NVDA,neutral,0.6044
lezr8b,GME,negative,0.5423
leydor,AMC,positive,0.5239
leyd5d,GME,positive,0.5376
leyc9v,GME,neutral,0.7508
ley3v8,AMC,neutral,0.5580
ley3cg,AMC,negative,0.5191
ley3cg,GME,negative,0.5191
lexumy,GME,neutral,0.9234
lexq6t,AMC,neutral,0.8795
lexq6t,GME,neutral,0.8795
lexq6t,MSFT,neutral,0.8795
lexq6t,NFLX,neutral,0.8795
lexp35,AMC,neutral,0.8666
lexl3l,GME,neutral,0.8170
lexe7b,AMC,neutral,0.8656
lexe7b,GME,neutral,0.8656
lex1oq,GME,neutral,0.8903
lewxcx,AAPL,neutral,0.8512
lewxcx,GME,neutral,0.8512
lewxcx,TSLA,neutral,0.8512
lewlxg,GME,neutral,0.7868
lew4dt,GOOGL,neutral,0.9213
lew2j8,GME,neutral,0.6718
lij98f,GME,neutral,0.8832
lij98f,TSLA,neutral,0.8832
liiwrx,GME,neutral,0.8010
lihba6,GME,neutral,0.8445
lfdy2w,GME,neutral,0.8497
lfduai,CSCO,neutral,0.8383
lfduai,GME,neutral,0.8383
lfdmhk,GME,neutral,0.7852
lfdhmj,AMC,neutral,0.8992
lfdcqq,AMC,neutral,0.8711
lfdbop,AMC,negative,0.5349
lfdbop,GME,negative,0.5349
lfd1sd,GME,neutral,0.8033
lfctlv,GME,neutral,0.8623
lfcpce,AMC,neutral,0.7181
lfcpce,AAPL,neutral,0.7181
lfcpce,GME,neutral,0.7181
lfc0h2,IBM,negative,0.6297
lfc0h2,GOOGL,negative,0.6297
lfc0h2,AMC,negative,0.6297
lfc0h2,AMZN,negative,0.6297
lfc0h2,GME,negative,0.6297
lfbdut,GME,neutral,0.8803
lfb2w4,AMZN,negative,0.7135
lfb2w4,GOOGL,negative,0.7135
lfa1vf,GME,negative,0.6401
lf9rdy,GME,neutral,0.8571
lf8e91,GME,negative,0.5249
lf8e91,TSLA,negative,0.5249
lf7u22,CRM,neutral,0.8631
lf7u22,INTC,neutral,0.8631
lf7u22,MSFT,neutral,0.8631
lf7u22,GME,neutral,0.8631
lf7u22,NVDA,neutral,0.8631
lf73yi,AMC,neutral,0.7285
lf73yi,GME,neutral,0.7285
lf73yi,TSLA,neutral,0.7285
lf6i65,GME,neutral,0.6585
lf657e,AMC,neutral,0.4835
lf657e,GME,neutral,0.4835
lf5wgk,NVDA,neutral,0.5252
lf5nmu,AAPL,neutral,0.7710
lf5nmu,GME,neutral,0.7710
lf5nmu,TSLA,neutral,0.7710
lf4vn3,AMZN,neutral,0.8999
lf4vn3,GME,neutral,0.8999
lf4vn3,GOOGL,neutral,0.8999
lf4fy4,AMC,neutral,0.9207
lf4fy4,GME,neutral,0.9207
lf3ndh,AMC,neutral,0.8188
lf3ndh,GME,neutral,0.8188
lf3ndh,AMZN,neutral,0.8188
lf39m4,AMZN,neutral,0.9365
lf233b,GME,neutral,0.9079
lf1y46,GME,negative,0.5096
lf1xx2,GME,neutral,0.6489
lf1xqw,GME,negative,0.6210
lf1riz,GME,neutral,0.8340
lf1asb,TSLA,positive,0.7981
lf08ty,GME,positive,0.9356
lf082o,GME,negative,0.4882
lf02gv,AAPL,neutral,0.9375
lf023x,AMZN,neutral,0.7781
lf023x,GME,neutral,0.7781
lf023x,MSFT,neutral,0.7781
lezvgn,GME,positive,0.8612
livckr,GME,neutral,0.6353
lfhlp7,GME,neutral,0.8782
lfhjo6,GME,neutral,0.7950
lfhcmx,GME,neutral,0.8584
lfh551,GME,neutral,0.7515
lfh0r2,GME,neutral,0.7812
lfgvek,TSLA,neutral,0.9052
lfgvek,NVDA,neutral,0.9052
lfgidl,AMC,negative,0.7592
lffnz6,GOOGL,neutral,0.8873
lff3g1,GME,neutral,0.8552
lff0y0,GME,neutral,0.8677
lff0y0,TSLA,neutral,0.8677
lfehiq,AAPL,neutral,0.8664
lfehiq,TSLA,neutral,0.8664
lfedqc,GME,neutral,0.8877
lfea05,GME,neutral,0.9155
lfe7rn,GME,neutral,0.8037
lfe5ql,AMC,neutral,0.8650
lfe5ql,GME,neutral,0.8650
lix842,GME,neutral,0.9285
lix4mc,GOOGL,neutral,0.8254
lix12t,AMC,neutral,0.7997
lix12t,GME,neutral,0.7997
livsj0,AMC,negative,0.5852
livsj0,GME,negative,0.5852
liuhf5,GME,neutral,0.6308
litebt,AMC,neutral,0.8650
lig64m,GME,neutral,0.8064
lfll8l,GME,neutral,0.8519
lfla1i,GME,neutral,0.7161
lfkrdw,GME,neutral,0.8867
lfkprt,GME,neutral,0.9061
lfk73n,GME,neutral,0.8904
lfjy25,GME,neutral,0.8641
lfjogz,GME,neutral,0.9129
lfjf5w,TSLA,neutral,0.9555
lfj2k0,AMZN,neutral,0.8482
lfi2hf,GME,neutral,0.7651
lj4mvk,GME,neutral,0.9055
lj4k0z,AMC,neutral,0.7042
lj4k0z,GME,neutral,0.7042
lj3pm1,GME,neutral,0.9191
lj2bjc,GME,neutral,0.5779
liwxrz,GME,neutral,0.8961
litts0,AAPL,neutral,0.8067
litts0,GOOGL,neutral,0.8067
litts0,MSFT,neutral,0.8067
litts0,TSLA,neutral,0.8067
litts0,AMZN,neutral,0.8067
liqvpq,GME,neutral,0.5058
lfsacx,AMZN,neutral,0.9179
lfsacx,GOOGL,neutral,0.9179
lfs22f,AMC,neutral,0.8016
lfs22f,GME,neutral,0.8016
lfs22f,NVDA,neutral,0.8016
lfrqtw,NFLX,neutral,0.8242
lfqtep,GME,neutral,0.9237
lfqswq,GME,neutral,0.8265
lfqbrx,GME,negative,0.5153
lfq7ub,GME,neutral,0.8835
lfpzz9,GME,neutral,0.5986
lfpkl9,GME,neutral,0.7742
lfp1kn,GME,negative,0.5202
lfom8l,GME,neutral,0.9267
lfom6m,GME,neutral,0.7682
lfoh00,GME,neutral,0.9163
lfodyl,META,neutral,0.8368
lfnnfz,AMC,neutral,0.5791
lfnnfz,GME,neutral,0.5791
lfni5b,GME,neutral,0.9277
lfn3mn,GME,neutral,0.9101
lfm36e,GME,negative,0.9622
lfmm2o,GME,neutral,0.8302
lfmawv,GME,neutral,0.6034
lfm7yz,GME,neutral,0.7240
lfm1hu,GME,neutral,0.8959
lflzaq,GME,neutral,0.6401
lflwas,GME,neutral,0.8197
lflob4,AMC,neutral,0.8891
lflob4,GME,neutral,0.8891
ljbpxe,TSLA,neutral,0.7783
ljamdn,GME,neutral,0.8821
ljak7l,GME,neutral,0.7051
ljab1q,META,neutral,0.7180
ljab1q,AAPL,neutral,0.7180
ljab1q,TSLA,neutral,0.7180
lja24p,GME,neutral,0.8307
lj5fue,TSLA,neutral,0.8898
lj2iei,META,neutral,0.9032
lj2iei,GME,neutral,0.9032
lj2iei,GOOGL,neutral,0.9032
lh99ir,AMC,neutral,0.8878
lh99ir,GME,neutral,0.8878
lh99ir,TSLA,neutral,0.8878
lg2vu8,GME,neutral,0.8911
lg2u3q,GME,neutral,0.8390
lg2k1w,AMC,neutral,0.8992
lg2k1w,GME,neutral,0.8992
lg2k1w,MSFT,neutral,0.8992
lg25m9,NFLX,neutral,0.7267
lg1ydy,AMC,neutral,0.9305
lg0mn2,GME,neutral,0.7919
lfzswq,GME,neutral,0.9387
lfz6ar,AMC,positive,0.8984
lfz6ar,GME,positive,0.8984
lfxux0,GME,neutral,0.8911
lfxux0,TSLA,neutral,0.8911
lfvp5a,GME,neutral,0.9140
lfvg9b,AMC,neutral,0.7324
lfvg9b,AMZN,neutral,0.7324
lfv6li,AMC,negative,0.5847
lfv6li,GME,negative,0.5847
lfulsm,ORCL,neutral,0.8971
lfulsm,IBM,neutral,0.8971
lfulsm,TSLA,neutral,0.8971
lfulsm,AMZN,neutral,0.8971
lfulsm,GME,neutral,0.8971
lfulsm,NFLX,neutral,0.8971
lfu7mj,GME,neutral,0.8308
lftzb2,GME,neutral,0.8919
lftv2n,AMC,negative,0.8725
lfttp8,TSLA,neutral,0.8007
lftq2y,NVDA,negative,0.5063
ljm35u,AMC,neutral,0.9066
ljm35u,GME,neutral,0.9066
ljm35u,TSLA,neutral,0.9066
ljliiy,GME,neutral,0.8981
ljlfe8,NVDA,neutral,0.7750
ljkpgj,GME,neutral,0.8713
ljjxqz,META,neutral,0.6877
ljguc1,TSLA,neutral,0.8725
ljck0s,GME,neutral,0.8696
lj6ooq,AMC,neutral,0.9073
lj6ooq,GME,neutral,0.9073
lg6nf1,AMC,neutral,0.8333
lg6nf1,GME,neutral,0.8333
lg6l40,GME,neutral,0.8717
lg6a3g,CSCO,neutral,0.8102
lg5wpj,NFLX,positive,0.9454
lg5lq3,AMC,positive,0.5375
lg5lq3,GME,positive,0.5375
lg5lq3,TSLA,positive,0.5375
lg5pkv,GME,neutral,0.8666
lg5lrv,GME,neutral,0.6844
lg5l5t,AMC,neutral,0.9231
lg5l5t,GOOGL,neutral,0.9231
lg5kmw,INTC,negative,0.5970
lg5kmw,AAPL,negative,0.5970
lg5kmw,MSFT,negative,0.5970
lg5kmw,AMZN,negative,0.5970
lg5kmw,NVDA,negative,0.5970
lg5ew0,GME,neutral,0.5421
lg5b7l,AMC,neutral,0.7495
lg54cr,AAPL,neutral,0.9305
lg4y31,AAPL,neutral,0.8123
lg4y31,GME,neutral,0.8123
lg4xf9,AMC,neutral,0.7810
lg4xf9,GME,neutral,0.7810
lg4vpd,GME,neutral,0.7868
lg4oot,GME,neutral,0.7440
lg4nhd,GME,neutral,0.8553
lg4gx4,AMC,neutral,0.6563
lg4gx4,GME,neutral,0.6563
lg4gx4,TSLA,neutral,0.6563
lg4gx4,AMZN,neutral,0.6563
lg44jz,AMZN,neutral,0.9487
lg44jz,GME,neutral,0.9487
lg438t,GME,positive,0.5901
lg438t,NVDA,positive,0.5901
lg3qns,INTC,neutral,0.9221
lg3p3g,GME,neutral,0.7487
ljxwx3,GME,neutral,0.7780
ljx26z,AAPL,neutral,0.8421
ljx26z,TSLA,neutral,0.8421
lg94z6,GME,neutral,0.8893
lg94z6,TSLA,neutral,0.8893
lg8qhg,AMC,neutral,0.8367
lg8qhg,GME,neutral,0.8367
lg8d46,TSLA,neutral,0.6352
lg7hfd,GME,neutral,0.8560
lg7dlm,GOOGL,neutral,0.8678
lg79zp,GME,neutral,0.9114
lg6yr4,AMC,neutral,0.8597
lg6yr4,GME,neutral,0.8597
lg6umx,AMC,positive,0.4713
lg6umx,GME,positive,0.4713
lg6om2,GME,neutral,0.6619
lk74pb,AMC,neutral,0.8938
lk73ir,GOOGL,neutral,0.9231
lk73ir,MSFT,neutral,0.9231
lk4p2v,AMC,neutral,0.9291
lk4p2v,GME,neutral,0.9291
lk0mld,TSLA,neutral,0.8370
ljndq3,GME,neutral,0.8804
lgeqr0,GME,neutral,0.8926
lgec5r,AMC,neutral,0.6759
lge9xk,GME,positive,0.8052
lge1fl,AMC,neutral,0.8862
lge1fl,GME,neutral,0.8862
lgdntg,GME,neutral,0.8989
lgdlw1,AMZN,neutral,0.8798
lgdlw1,GME,neutral,0.8798
lgdlw1,NFLX,neutral,0.8798
lgdlw1,NVDA,neutral,0.8798
lgdcj5,GME,neutral,0.8360
lgcgat,GME,neutral,0.9427
lgbl0i,GME,neutral,0.7620
lgbl0i,GOOGL,neutral,0.7620
lgb0h7,GME,neutral,0.8786
lgb0h7,TSLA,neutral,0.8786
lgakjm,AMC,neutral,0.8261
lgakjm,GME,neutral,0.8261
lgab9j,AMZN,neutral,0.8912
lgab9j,GME,neutral,0.8912
lgab9j,META,neutral,0.8912
lga6ua,GME,neutral,0.3927
lg9y88,AMC,neutral,0.5100
lg9y88,GME,neutral,0.5100
lkks70,AMC,neutral,0.6541
lkks70,GME,neutral,0.6541
lkks70,TSLA,neutral,0.6541
lkgfjt,TSLA,neutral,0.9234
lkdlmq,GME,neutral,0.9147
lgmp4u,GME,neutral,0.9203
lgmp4u,TSLA,neutral,0.9203
lgmbfe,GME,neutral,0.8898
lgm76i,GME,neutral,0.8354
lgm1jy,AMC,neutral,0.8511
lgm1jy,GME,neutral,0.8511
lglvol,AMC,neutral,0.7695
lglvol,GME,neutral,0.7695
lglrg5,AMZN,neutral,0.8143
lglrg5,GME,neutral,0.8143
lgll5j,GME,neutral,0.8627
lglap3,GME,neutral,0.7346
lgkned,GME,neutral,0.8466
lgk89i,AMC,neutral,0.9152
lgk89i,GME,neutral,0.9152
lgjeod,GME,neutral,0.9283
lgjde2,NFLX,neutral,0.9263
lgj8fp,GME,neutral,0.9050
lgj8fp,TSLA,neutral,0.9050
lgj4di,GME,neutral,0.6148
lgj2hu,GME,neutral,0.9254
lgiu1x,GME,neutral,0.8424
lgibqb,GME,neutral,0.8279
lgi5lk,GME,neutral,0.8089
lghuem,AMC,neutral,0.4999
lghuem,GME,neutral,0.4999
lghaex,AMC,neutral,0.6084
lghaex,GME,neutral,0.6084
lggy8o,GME,neutral,0.6911
lggsmn,GME,negative,0.7054
lggsff,AMC,neutral,0.9078
lggsff,GME,neutral,0.9078
lggsff,MSFT,neutral,0.9078
lgef9v,GME,neutral,0.9307
lggnfi,GME,neutral,0.9048
lggnfi,TSLA,neutral,0.9048
lgg7g4,AMC,neutral,0.5653
lgg7g4,GME,neutral,0.5653
lgg34i,AMC,neutral,0.9184
lgg34i,GME,neutral,0.9184
lgfy5g,GME,negative,0.5419
lgfgvt,AMC,neutral,0.7786
lgfgvt,IBM,neutral,0.7786
lgfgvt,GME,neutral,0.7786
lgfgvt,META,neutral,0.7786
lgf6xk,GME,negative,0.4857
lgeuf8,GME,neutral,0.6163
lgeqpu,GME,neutral,0.9126
lkvpog,TSLA,positive,0.9379
lkoggd,GME,neutral,0.9113
ljuro2,AMC,neutral,0.8601
ljuro2,GME,neutral,0.8601
ljuro2,TSLA,neutral,0.8601
lihgbz,AMC,neutral,0.8127
lihgbz,GME,neutral,0.8127
lihgbz,TSLA,neutral,0.8127
lhcqjk,TSLA,neutral,0.9339
lhcbqo,GME,neutral,0.9137
lhbech,GME,neutral,0.8853
lhb2z5,AMC,neutral,0.8980
lhb2z5,GME,neutral,0.8980
lhb2z5,TSLA,neutral,0.8980
lhb2z5,GOOGL,neutral,0.8980
lhal3x,GME,neutral,0.8645
lhab8w,CSCO,neutral,0.7864
lhab8w,GME,neutral,0.7864
lhaaj5,AMC,neutral,0.7661
lh9jvh,GME,positive,0.9382
lh8ui6,GME,neutral,0.8189
lh866g,GME,neutral,0.7855
lh85fw,NVDA,neutral,0.9207
lh79nu,GME,neutral,0.9218
lh6ttf,AMC,neutral,0.8675
lh6ttf,GME,neutral,0.8675
lh6hfe,AMC,neutral,0.7773
lh6hfe,GME,neutral,0.7773
lh6gt7,GME,neutral,0.9010
lh603y,AMC,negative,0.5800
lh603y,GME,negative,0.5800
lh4b6t,AMC,neutral,0.8748
lh4b6t,GME,neutral,0.8748
lh567a,AMC,neutral,0.8191
lh3ta4,GME,neutral,0.7635
lh3qli,GME,neutral,0.9427
lh3qeg,GME,neutral,0.9083
lh35xq,AMC,neutral,0.9189
lh35xq,GME,neutral,0.9189
lh32xf,AMC,neutral,0.7604
lh32xf,GME,neutral,0.7604
lh2xgc,AAPL,neutral,0.7989
lh2xgc,MSFT,neutral,0.7989
lh2xgc,TSLA,neutral,0.7989
lh2xgc,AMZN,neutral,0.7989
lh2xgc,GME,neutral,0.7989
lh2j0v,GME,neutral,0.8804
lh1kju,GME,neutral,0.9093
lh1kju,TSLA,neutral,0.9093
lh1h9b,AMC,neutral,0.6397
lh1h9b,GME,neutral,0.6397
lh1h9b,TSLA,neutral,0.6397
lh1h9b,AMZN,neutral,0.6397
lh173n,GME,neutral,0.8099
lh0aju,GME,neutral,0.9357
lh03zc,GME,neutral,0.7445
lgzwn7,GME,neutral,0.8645
lgz3x2,AMZN,neutral,0.8869
lgz3x2,GME,neutral,0.8869
lgz3x2,TSLA,neutral,0.8869
lgz02b,GME,neutral,0.8553
lgynbx,AMZN,positive,0.5993
lgyifg,AMC,neutral,0.6742
lgyifg,GME,neutral,0.6742
lgxvh9,TSLA,neutral,0.9080
lgy6fl,TSLA,neutral,0.8762
lgy6fl,AMC,neutral,0.8762
lgy6fl,AMZN,neutral,0.8762
lgy6fl,GME,neutral,0.8762
lgy6fl,NFLX,neutral,0.8762
lgx0fn,INTC,neutral,0.9361
lgwgkp,TSLA,neutral,0.9184
lgvkn4,AMZN,neutral,0.8987
lgvkn4,GME,neutral,0.8987
lgvkn4,TSLA,neutral,0.8987
lgvbcc,GME,neutral,0.5676
lgupsw,GME,neutral,0.5329
lgtdtj,TSLA,neutral,0.9116
lgtxei,CSCO,negative,0.9665
lgtxei,NVDA,negative,0.9665
lgsidm,AMC,neutral,0.8200
lgsidm,GME,neutral,0.8200
lgsec7,AAPL,neutral,0.9090
lgsec7,GOOGL,neutral,0.9090
lgsec7,MSFT,neutral,0.9090
lgsec7,TSLA,neutral,0.9090
lgsec7,AMZN,neutral,0.9090
lgsec7,GME,neutral,0.9090
lgsec7,NVDA,neutral,0.9090
lgrxxk,GME,neutral,0.9260
lgrtno,GME,negative,0.5606
lgrqs9,AMC,neutral,0.8341
lgrqs9,GME,neutral,0.8341
lgrltr,TSLA,neutral,0.8598
lgrf2x,GME,neutral,0.6265
lgr4yj,GME,neutral,0.9157
lgospg,GME,neutral,0.7169
lgqyxs,GME,neutral,0.8460
lgqyww,AMC,neutral,0.8990
lgqrpo,GME,neutral,0.8879
lgpwez,GME,neutral,0.7141
lgpwez,MSFT,neutral,0.7141
lgpwez,TSLA,neutral,0.7141
lgpn8y,GME,neutral,0.8150
lgp9e0,AMC,neutral,0.4882
lgp9e0,GME,neutral,0.4882
lgnvo8,GME,neutral,0.8444
lgkscb,GOOGL,neutral,0.9366
lgngko,GOOGL,neutral,0.9295
lgl1ub,AMZN,neutral,0.8331
lgmx2u,TSLA,neutral,0.6571
lgmxdj,GME,neutral,0.6540
lgn8y2,GME,neutral,0.8292
llgxfn,AMC,neutral,0.6001
llftek,GME,neutral,0.8666
ll5p7b,GME,neutral,0.8327
lien2t,GME,neutral,0.8416
lidxl3,AMC,neutral,0.9104
lidxl3,GME,neutral,0.9104
lidxl3,GOOGL,neutral,0.9104
lidxl3,AMZN,neutral,0.9104
lidqkr,AMZN,neutral,0.8652
lidfua,GME,neutral,0.8640
lid5uz,GME,neutral,0.8263
licv27,NVDA,neutral,0.9019
licqt8,GME,neutral,0.7195
licqt8,TSLA,neutral,0.7195
liclij,GME,negative,0.5852
libr0t,GME,neutral,0.6230
libr0t,TSLA,neutral,0.6230
lic7xr,GME,neutral,0.9412
liazjl,NFLX,negative,0.8476
liaye1,GME,neutral,0.6526
liaye1,TSLA,neutral,0.6526
li9o8m,GOOGL,negative,0.5767
li9o8m,INTC,negative,0.5767
li9o8m,NVDA,negative,0.5767
li7utj,META,neutral,0.6245
li6gf1,AMZN,neutral,0.9082
li6scx,MSFT,neutral,0.8301
li6scx,NFLX,neutral,0.8301
li6p8c,GME,negative,0.7048
li5ywj,AMC,neutral,0.6130
li5vch,GOOGL,neutral,0.7267
li5vch,TSLA,neutral,0.7267
li57eg,GME,neutral,0.9275
li55gu,AMC,neutral,0.9321
li3oti,GME,neutral,0.7590
li3hn8,TSLA,neutral,0.9142
li30uj,AMC,neutral,0.7489
li30uj,GME,neutral,0.7489
li30uj,NFLX,neutral,0.7489
li30uj,AMZN,neutral,0.7489
li2pnz,GOOGL,neutral,0.8910
li2pnz,AMC,neutral,0.8910
li2pnz,AMZN,neutral,0.8910
li2pnz,GME,neutral,0.8910
li2pnz,NFLX,neutral,0.8910
li26ar,AMC,neutral,0.8251
li13n1,CRM,negative,0.6034
li0ww7,TSLA,neutral,0.8949
lhzxjm,GME,neutral,0.9417
lhzadg,GME,neutral,0.8786
lhz4zt,AAPL,neutral,0.9121
lhz4zt,GME,neutral,0.9121
lhz4zt,TSLA,neutral,0.9121
lhz5dw,GME,positive,0.5008
lhz1ej,TSLA,neutral,0.4670
lhyxj8,GME,neutral,0.9389
lhyxj8,NVDA,neutral,0.9389
lhywc2,NFLX,negative,0.5701
lhx77s,GME,neutral,0.7433
lhx77s,GOOGL,neutral,0.7433
lhx6q0,GME,neutral,0.8159
lhwv5f,GME,neutral,0.4892
lhvzuq,AMZN,negative,0.8508
lhvzuq,GME,negative,0.8508
lhtkgb,META,neutral,0.8891
lhtkgb,IBM,neutral,0.8891
lhvcol,GME,neutral,0.7623
lhvcqm,GME,neutral,0.7996
lhvcqm,INTC,neutral,0.7996
lhvcqm,NVDA,neutral,0.7996
lhvba4,GOOGL,neutral,0.8988
lhv717,AAPL,neutral,0.9058
lhv717,MSFT,neutral,0.9058
lhv717,TSLA,neutral,0.9058
lhv717,GME,neutral,0.9058
lhv717,NVDA,neutral,0.9058
lhuzpt,GME,neutral,0.8884
lhuzpt,TSLA,neutral,0.8884
lhuf7s,AMZN,neutral,0.6883
lhu6vv,GME,neutral,0.7805
lhu0v8,AAPL,negative,0.9419
lhu0v8,NVDA,negative,0.9419
lhtpz8,IBM,neutral,0.8385
lht3eg,NVDA,neutral,0.9031
lht2ai,AAPL,neutral,0.8560
lht2ai,GME,neutral,0.8560
lht2ai,MSFT,neutral,0.8560
lhsm8e,TSLA,neutral,0.7482
lhspdx,AAPL,positive,0.8368
lhspdx,NVDA,positive,0.8368
lhscae,AMC,neutral,0.8089
lhq0ow,AMC,neutral,0.9040
lhq0ow,GME,neutral,0.9040
lhrirw,GME,neutral,0.5221
lhrhve,TSLA,neutral,0.6979
lhrgl0,GME,neutral,0.5745
lhrgl0,MSFT,neutral,0.5745
lhrgl0,TSLA,neutral,0.5745
lhrf27,AMZN,positive,0.7368
lhrf27,MSFT,positive,0.7368
lhrf27,NVDA,positive,0.7368
lhra8m,GME,neutral,0.9329
lhr4ld,GME,neutral,0.7293
lhr4ld,TSLA,neutral,0.7293
lhoc5u,AMC,neutral,0.9055
lhqmdo,GME,negative,0.8234
lhqmdo,NVDA,negative,0.8234
lhqisa,AAPL,neutral,0.7358
lhqisa,INTC,neutral,0.7358
lhqisa,NVDA,neutral,0.7358
lhqh18,AAPL,neutral,0.7402
lhqh18,GOOGL,neutral,0.7402
lhqh18,MSFT,neutral,0.7402
lhq5q5,AMC,neutral,0.9047
lhp9sa,NFLX,neutral,0.9345
lhpqug,GOOGL,neutral,0.8758
lhpqug,NFLX,neutral,0.8758
lhpkw7,GME,neutral,0.5894
lhpi8y,GME,positive,0.7824
lhp50l,AAPL,neutral,0.7926
lhoz45,AMC,neutral,0.8551
lhoz45,GME,neutral,0.8551
lhoy93,AMC,negative,0.6765
lhoy93,GME,negative,0.6765
lhoy93,TSLA,negative,0.6765
lhor4r,GME,neutral,0.7614
lhooz1,AMZN,neutral,0.8889
lhooz1,TSLA,neutral,0.8889
lhokm3,NFLX,neutral,0.8765
lhogsk,GME,neutral,0.5979
lhog1u,GME,neutral,0.8995
lho97w,AMC,neutral,0.7743
lho97w,GME,neutral,0.7743
lho26b,META,neutral,0.6020
lhne10,GOOGL,neutral,0.8722
lhn9q8,AMZN,neutral,0.7607
lhn9q8,AAPL,neutral,0.7607
lhmw52,GME,neutral,0.8403
lhm7ic,AMC,neutral,0.8957
lhm7ic,GME,neutral,0.8957
lhk1hh,GME,neutral,0.9046
lhk1hh,TSLA,neutral,0.9046
lhksf7,GME,negative,0.9575
lhksf7,MSFT,negative,0.9575
lhk9iv,GME,neutral,0.8425
lhjxh6,MSFT,neutral,0.9187
lhj9dh,AMC,neutral,0.8268
lhhgyf,AMZN,neutral,0.4744
lhhgyf,GOOGL,neutral,0.4744
lhh7co,META,neutral,0.9105
lhgw7y,GME,neutral,0.8999
lhgpwj,AMC,positive,0.6727
lhgpwj,AAPL,positive,0.6727
lhgpwj,NFLX,positive,0.6727
lhgpwj,INTC,positive,0.6727
lhgngm,GME,neutral,0.8597
lhf756,GME,neutral,0.4645
lhf2qw,GME,neutral,0.5877
lhf2qw,TSLA,neutral,0.5877
lheq8x,GOOGL,neutral,0.8976
lheq8x,TSLA,neutral,0.8976
lhe1o1,AMC,neutral,0.8883
lhe1o1,GME,neutral,0.8883
lhdyc8,AMC,neutral,0.8620
lhdtsq,GME,neutral,0.8593
lhdijr,AMC,neutral,0.9151
lhdijr,GME,neutral,0.9151
lhdeep,AMC,neutral,0.6602
lhdeep,GME,neutral,0.6602
lhdeep,NFLX,neutral,0.6602
lhdeep,TSLA,neutral,0.6602
lhdclf,GME,neutral,0.7841
lhd4tg,GME,neutral,0.8333
lhd3ww,GME,neutral,0.8823
lmdjq5,GME,negative,0.5078
lmbgxk,GME,neutral,0.8786
lmal0z,GME,neutral,0.8773
lm7m8i,GME,neutral,0.6805
llx5mg,AMZN,positive,0.6029
llx5mg,AAPL,positive,0.6029
llx5mg,GME,positive,0.6029
ljv9rt,CSCO,negative,0.4919
ljv9rt,INTC,negative,0.4919
ljv9rt,MSFT,negative,0.4919
ljv9rt,TSLA,negative,0.4919
ljv9rt,AMZN,negative,0.4919
ljuj3w,TSLA,neutral,0.6837
ljsu1c,AAPL,negative,0.5015
ljsu1c,GME,negative,0.5015
ljsu1c,TSLA,negative,0.5015
ljsu1c,GOOGL,negative,0.5015
ljqz3v,AMC,negative,0.6286
ljpm1u,AMC,neutral,0.5400
ljpm1u,GME,neutral,0.5400
ljp713,INTC,neutral,0.6258
ljp713,AAPL,neutral,0.6258
ljp713,TSLA,neutral,0.6258
ljp713,AMZN,neutral,0.6258
ljp713,NVDA,neutral,0.6258
ljnr0v,AAPL,neutral,0.9250
ljnr0v,TSLA,neutral,0.9250
ljnr0v,AMC,neutral,0.9250
ljnr0v,AMZN,neutral,0.9250
ljnr0v,GME,neutral,0.9250
ljnr0v,NVDA,neutral,0.9250
ljn946,AMC,neutral,0.9088
ljn946,GME,neutral,0.9088
ljmqb7,META,neutral,0.9076
ljmqb7,GME,neutral,0.9076
ljmded,NVDA,neutral,0.8465
ljlnpr,AAPL,neutral,0.5564
ljlnpr,GME,neutral,0.5564
ljlnpr,TSLA,neutral,0.5564
ljlatb,GME,negative,0.8529
ljlatb,TSLA,negative,0.8529
ljkyjq,AMC,neutral,0.8932
ljkyjq,CSCO,neutral,0.8932
ljjcvj,GME,negative,0.7195
ljiul3,AMZN,neutral,0.8002
ljijpt,TSLA,neutral,0.8860
ljigkl,GME,neutral,0.8723
ljibh5,MSFT,neutral,0.5066
lji6lh,AMC,negative,0.5331
lji6lh,GME,negative,0.5331
ljhp8n,GME,neutral,0.9261
ljgtxj,AAPL,neutral,0.8593
ljgtxj,GOOGL,neutral,0.8593
ljgtxj,MSFT,neutral,0.8593
ljgtxj,TSLA,neutral,0.8593
ljgtxj,AMZN,neutral,0.8593
ljgtxj,NVDA,neutral,0.8593
ljgt2g,GME,neutral,0.8745
ljgcui,AAPL,neutral,0.7666
ljf0sc,GME,neutral,0.8690
ljf0sc,MSFT,neutral,0.8690
ljdv13,GME,neutral,0.8327
ljde6l,AMC,neutral,0.9069
ljde6l,GME,neutral,0.9069
ljde6l,TSLA,neutral,0.9069
ljdboy,CSCO,negative,0.8619
ljbmz7,TSLA,neutral,0.7688
ljbkjy,AMC,neutral,0.9165
ljbkjy,GME,neutral,0.9165
ljbkjy,GOOGL,neutral,0.9165
ljbho3,GME,neutral,0.8951
ljaj9z,GME,neutral,0.8930
lja8ts,GME,neutral,0.7710
lj9pzl,AMC,neutral,0.6012
lj9pzl,GME,neutral,0.6012
lj9b2j,GME,neutral,0.8480
lj98g6,TSLA,neutral,0.9150
lj97uu,AMC,neutral,0.8942
lj97uu,GME,neutral,0.8942
lj8djx,GME,neutral,0.9217
lj7bi5,TSLA,negative,0.9235
lj756l,GME,neutral,0.6197
lj72bo,AMC,neutral,0.7868
lj72bo,GME,neutral,0.7868
lj6x74,GME,neutral,0.8918
lj6x74,MSFT,neutral,0.8918
lj6qwm,INTC,neutral,0.7989
lj6qwm,NVDA,neutral,0.7989
lj6nqg,GME,neutral,0.8894
lj66x8,AAPL,neutral,0.5201
lj66x8,IBM,neutral,0.5201
lj66x8,MSFT,neutral,0.5201
lj66x8,AMC,neutral,0.5201
lj66x8,META,neutral,0.5201
lj66x8,AMZN,neutral,0.5201
lj5soc,INTC,neutral,0.6955
lj5soc,TSLA,neutral,0.6955
lj5oyo,AMC,neutral,0.7326
lj5oyo,GME,neutral,0.7326
lj5oyo,NFLX,neutral,0.7326
lj5oyo,AMZN,neutral,0.7326
lj5op8,AMC,neutral,0.8846
lj5op8,GME,neutral,0.8846
lj59h8,GME,neutral,0.7645
lj59h8,INTC,neutral,0.7645
lj59h8,NVDA,neutral,0.7645
lj576g,GME,neutral,0.5645
lj544a,AMZN,neutral,0.8900
lj544a,MSFT,neutral,0.8900
lj544a,TSLA,neutral,0.8900
lj4nar,TSLA,neutral,0.7469
liv1xv,GME,neutral,0.7991
lj4blr,META,positive,0.5315
lj4blr,AAPL,positive,0.5315
lj4blr,GME,positive,0.5315
lj4blr,TSLA,positive,0.5315
lj4bl2,GME,neutral,0.7985
lj3xy8,AMZN,negative,0.8418
lj2xrj,TSLA,neutral,0.7974
lj2irq,GME,positive,0.6142
lj1vhs,TSLA,neutral,0.8399
livude,GME,negative,0.6649
lj1asm,GOOGL,neutral,0.5008
liyay9,INTC,neutral,0.8361
liyay9,NVDA,neutral,0.8361
lixqdx,AMZN,neutral,0.6011
lixqdx,IBM,neutral,0.6011
lixqdx,META,neutral,0.6011
lix2ut,AMC,neutral,0.8603
lix2ut,GME,neutral,0.8603
liwhdb,AMC,neutral,0.9033
liwhdb,AMZN,neutral,0.9033
livgzy,AAPL,neutral,0.6552
livgzy,MSFT,neutral,0.6552
livgzy,TSLA,neutral,0.6552
livgzy,AMZN,neutral,0.6552
livgzy,META,neutral,0.6552
liv06w,GME,neutral,0.8690
liufbz,AMC,negative,0.9106
liufbz,GME,negative,0.9106
liufbz,GOOGL,negative,0.9106
litsqw,GME,neutral,0.8660
lit39w,AMC,neutral,0.8397
lit39w,GME,neutral,0.8397
lit1sf,AMZN,neutral,0.8620
lisyhp,AMC,neutral,0.8821
lisyhp,GME,neutral,0.8821
lisyhp,TSLA,neutral,0.8821
liskoh,AMC,neutral,0.8130
lis57b,GME,neutral,0.9009
lirvbq,AMC,neutral,0.8779
lirvbq,GME,neutral,0.8779
lir9ks,GME,neutral,0.6693
lir5qk,AMC,neutral,0.9035
lir5qk,GME,neutral,0.9035
liqplm,AMC,neutral,0.9121
liqplm,GME,neutral,0.9121
lipbgr,AMZN,neutral,0.8478
lipbgr,TSLA,neutral,0.8478
liowu7,AMZN,neutral,0.5074
liowu7,ORCL,neutral,0.5074
liowu7,META,neutral,0.5074
lionx3,GME,neutral,0.9097
liodt0,GME,neutral,0.7756
liodt0,TSLA,neutral,0.7756
lio7rm,GME,neutral,0.7157
linn1y,GME,neutral,0.8072
line54,GME,neutral,0.7667
linaqn,NVDA,neutral,0.9161
limy4c,GME,neutral,0.6080
limrst,AMZN,neutral,0.9128
limrst,GOOGL,neutral,0.9128
limrst,TSLA,neutral,0.9128
limba0,GME,neutral,0.5485
lim9dk,INTC,neutral,0.9183
lim9dk,AAPL,neutral,0.9183
lim9dk,GOOGL,neutral,0.9183
lim9dk,IBM,neutral,0.9183
lim9dk,TSLA,neutral,0.9183
lim9dk,AMZN,neutral,0.9183
lim9dk,META,neutral,0.9183
lim9dk,GME,neutral,0.9183
lim3hi,AMC,neutral,0.8987
lim3hi,TSLA,neutral,0.8987
lim3hi,NVDA,neutral,0.8987
lilnrw,TSLA,neutral,0.8891
lil9ku,GME,neutral,0.7412
lil7ba,GME,neutral,0.7668
lil20p,MSFT,neutral,0.8427
likajv,GME,neutral,0.9280
lik4zy,GME,neutral,0.7589
lik2qo,GME,neutral,0.8808
lijzp5,GME,neutral,0.8974
lijhb1,AMC,neutral,0.9274
lijhb1,GME,neutral,0.9274
liixp0,AMC,neutral,0.8916
liixp0,GME,neutral,0.8916
liixp0,TSLA,neutral,0.8916
liixji,IBM,neutral,0.8089
liixji,MSFT,neutral,0.8089
liixji,TSLA,neutral,0.8089
liixji,AMZN,neutral,0.8089
liixji,NVDA,neutral,0.8089
liiuko,GME,neutral,0.8050
liiobn,AMC,neutral,0.6760
liiobn,GME,neutral,0.6760
liiobn,TSLA,neutral,0.6760
liibyy,AMZN,neutral,0.6088
liibyy,TSLA,neutral,0.6088
li5yaf,AMZN,negative,0.6456
liheh9,INTC,positive,0.5605
liheh9,NVDA,positive,0.5605
lihdvq,AMZN,neutral,0.9024
lihdvq,TSLA,neutral,0.9024
lihawl,GME,neutral,0.8208
lih2mv,GME,neutral,0.8661
ligxkt,GME,neutral,0.8817
ligxkt,INTC,neutral,0.8817
lignje,NFLX,neutral,0.8532
liekjr,AMC,neutral,0.7834
liekjr,GME,neutral,0.7834
lig69q,GME,neutral,0.9160
lig3lx,META,neutral,0.8390
lig3lx,CSCO,neutral,0.8390
lig3lx,GME,neutral,0.8390
lig3lx,TSLA,neutral,0.8390
liekzg,AMC,neutral,0.9056
liekzg,GME,neutral,0.9056
liekzg,INTC,neutral,0.9056
liekzg,NVDA,neutral,0.9056
liez6h,AMC,neutral,0.5852
liez6h,GME,neutral,0.5852
liezfr,AAPL,neutral,0.9197
liezfr,GOOGL,neutral,0.9197
liezfr,IBM,neutral,0.9197
liezfr,MSFT,neutral,0.9197
liezfr,TSLA,neutral,0.9197
liezfr,AMC,neutral,0.9197
liezfr,AMZN,neutral,0.9197
liezfr,GME,neutral,0.9197
lna0mg,AMC,neutral,0.8514
ln9yj4,GME,neutral,0.6371
ln9slr,GME,neutral,0.7417
ln9h0m,GME,neutral,0.9253
ln8myi,GME,neutral,0.9016
ln84la,AMC,neutral,0.9259
ln84la,GME,neutral,0.9259
ln6op3,GME,neutral,0.8032
ln68w2,GME,neutral,0.7520
ln27ah,GME,neutral,0.8911
ln1nfr,AMC,neutral,0.9162
ln1ehv,GME,negative,0.5421
lmxqkr,AMC,neutral,0.8542
lmxqkr,GME,neutral,0.8542
lmvhxt,GME,negative,0.8550
lmfx44,GME,neutral,0.8975
llmiu1,CRM,neutral,0.8273
llmiu1,GME,neutral,0.8273
llmd2o,GME,negative,0.7038
llm4q8,TSLA,positive,0.6133
llm1mq,GME,neutral,0.7931
llm1mq,GOOGL,neutral,0.7931
llkzsl,AMZN,neutral,0.8858
llk2t5,TSLA,neutral,0.8891
lliwpe,GME,neutral,0.9453
lli8wc,AMC,neutral,0.7099
lli3z5,TSLA,neutral,0.8038
lli3x8,AMC,neutral,0.7749
llhg6r,GME,neutral,0.8761
llfxof,GME,neutral,0.8799
llfxof,TSLA,neutral,0.8799
llfxep,GME,neutral,0.9073
llba74,GME,neutral,0.7924
lldgg5,GME,neutral,0.8641
lld9fj,GME,neutral,0.7282
lld01t,GME,neutral,0.7769
llc65l,AMC,neutral,0.9042
llc65l,CSCO,neutral,0.9042
llc65l,GME,neutral,0.9042
llc1g3,GME,neutral,0.8241
llb9k7,AMC,neutral,0.8582
llb9k7,GME,neutral,0.8582
llb13n,GME,negative,0.7018
llay58,GME,neutral,0.7749
llay58,TSLA,neutral,0.7749
llaise,TSLA,negative,0.5048
lla3up,GME,neutral,0.7967
ll8uwk,CRM,neutral,0.7802
ll8uwk,TSLA,neutral,0.7802
ll8q81,GME,neutral,0.9180
ll8q17,AMC,neutral,0.8298
ll8q17,GME,neutral,0.8298
ll8543,META,neutral,0.8420
ll8543,GME,neutral,0.8420
ll7zte,TSLA,neutral,0.8922
ll7zo1,AMZN,neutral,0.5665
ll7zo1,CSCO,neutral,0.5665
ll7zo1,GOOGL,neutral,0.5665
ll7zo1,MSFT,neutral,0.5665
ll7xmx,AAPL,neutral,0.5223
ll7xmx,INTC,neutral,0.5223
ll7xmx,NVDA,neutral,0.5223
ll7ars,INTC,neutral,0.9219
ll74gy,GME,neutral,0.9163
ll6wq2,GME,neutral,0.5254
ll6wq2,TSLA,neutral,0.5254
ll6wq2,NVDA,neutral,0.5254
ll6u5g,AAPL,negative,0.7384
ll6u5g,TSLA,negative,0.7384
ll6u5g,NVDA,negative,0.7384
ll68pc,AMC,neutral,0.6797
ll68pc,GME,neutral,0.6797
ll68pc,MSFT,neutral,0.6797
ll62vv,AMZN,positive,0.4996
ll5mgc,AMC,neutral,0.8354
ll5mgc,GME,neutral,0.8354
ll5mgc,TSLA,neutral,0.8354
ll5m9b,GME,neutral,0.7885
ll5m9b,GOOGL,neutral,0.7885
ll1gr1,GME,neutral,0.5667
ll1eed,AMC,neutral,0.9275
ll1cct,AMC,neutral,0.6061
ll1cct,GME,neutral,0.6061
ll1574,AMC,neutral,0.4172
ll1574,TSLA,neutral,0.4172
lkzviy,TSLA,negative,0.6963
lkzmfu,GME,neutral,0.9160
lkzmfu,TSLA,neutral,0.9160
lky552,GME,neutral,0.9084
lkwop3,GME,neutral,0.7916
lkvwrx,GME,neutral,0.8054
lkvsml,GME,neutral,0.9435
lkv973,GME,neutral,0.7926
lkv973,GOOGL,neutral,0.7926
lktzoi,NVDA,neutral,0.6999
lktkjr,GME,neutral,0.6236
lkse1l,GME,neutral,0.8263
lkse1l,TSLA,neutral,0.8263
lkrlyx,GME,neutral,0.9170
lkq6wm,GME,neutral,0.6314
lkpg7d,AMZN,neutral,0.8943
lkpg7d,IBM,neutral,0.8943
lkpfti,GOOGL,neutral,0.8693
lkpfti,AMC,neutral,0.8693
lkpfti,AMZN,neutral,0.8693
lkpfti,GME,neutral,0.8693
lkpfti,NFLX,neutral,0.8693
lkp7ef,GME,neutral,0.7214
lkngg9,CRM,neutral,0.8124
lkngg9,IBM,neutral,0.8124
lkngg9,GOOGL,neutral,0.8124
lkngg9,MSFT,neutral,0.8124
lkngg9,TSLA,neutral,0.8124
lkngg9,AMZN,neutral,0.8124
lkngg9,META,neutral,0.8124
lkngg9,GME,neutral,0.8124
lkn9vj,TSLA,neutral,0.8547
lkn53f,CRM,neutral,0.8060
lkn53f,IBM,neutral,0.8060
lkn53f,GOOGL,neutral,0.8060
lkn53f,MSFT,neutral,0.8060
lkn53f,TSLA,neutral,0.8060
lkn53f,AMZN,neutral,0.8060
lkn53f,META,neutral,0.8060
lkn53f,GME,neutral,0.8060
lkmpxe,NVDA,neutral,0.7097
lkl6wl,GOOGL,positive,0.6887
lkkoth,INTC,neutral,0.4474
lkkoth,NVDA,neutral,0.4474
lkjrbt,GME,negative,0.5889
lkjppf,GME,negative,0.6731
lkjbkf,NVDA,neutral,0.8715
lkj8z9,AMC,neutral,0.8509
lkj8z9,GME,neutral,0.8509
lkigrq,GME,neutral,0.8148
lkicp4,AMC,neutral,0.6967
lkicp4,GME,neutral,0.6967
lkicp4,TSLA,neutral,0.6967
lkicp4,GOOGL,neutral,0.6967
lkft2u,TSLA,neutral,0.9169
lkfozt,GME,neutral,0.8986
lkdu3w,AMZN,positive,0.7675
lkaemj,GME,neutral,0.8940
lk9ac7,AMC,neutral,0.8383
lk7hpx,GOOGL,neutral,0.7166
lk7hpx,TSLA,neutral,0.7166
lk5iy5,AMC,neutral,0.7967
lk5iy5,GME,neutral,0.7967
lk5iy5,TSLA,neutral,0.7967
lk4y9z,GME,neutral,0.5559
lk4o91,CSCO,neutral,0.6037
lk4o91,MSFT,neutral,0.6037
lk44m2,GME,neutral,0.9309
lk2x8l,GME,neutral,0.9073
ljz99b,AMC,negative,0.5402
ljz99b,GME,negative,0.5402
ljz99b,NFLX,negative,0.5402
ljz99b,AMZN,negative,0.5402
ljz0r7,AMC,neutral,0.7617
ljz0r7,GME,neutral,0.7617
ljz0r7,TSLA,neutral,0.7617
ljy530,GME,neutral,0.7470
ljxt07,GME,neutral,0.6106
ljxra2,TSLA,neutral,0.8878
ljx97i,INTC,neutral,0.8813
ljx97i,TSLA,neutral,0.8813
ljx97i,NVDA,neutral,0.8813
ljwz0i,GME,neutral,0.8675
ljwqf5,AAPL,neutral,0.8925
ljwqf5,GOOGL,neutral,0.8925
ljwqf5,TSLA,neutral,0.8925
ljwqf5,AMC,neutral,0.8925
ljwqf5,GME,neutral,0.8925
ljwqf5,NFLX,neutral,0.8925
ljwit2,GME,neutral,0.8238
lo3hmn,GME,neutral,0.7115
lo0t6c,GME,neutral,0.9303
lnx02e,GME,positive,0.5810
lm6nch,TSLA,neutral,0.7437
lm61so,GME,neutral,0.5122
lm5vgg,META,neutral,0.8670
lm5vgg,GME,neutral,0.8670
lm5ubt,AMZN,neutral,0.7769
lm5ehz,GME,negative,0.7364
lm59uo,AMC,neutral,0.7524
lm59uo,GME,neutral,0.7524
lm55s5,GME,neutral,0.9429
lm53nc,TSLA,neutral,0.9058
lm4g19,AMC,negative,0.5340
lm4g19,GME,negative,0.5340
lm2wl3,TSLA,neutral,0.8960
lm2n4e,GME,neutral,0.5207
lm2m4q,GME,positive,0.6636
lm2ckk,TSLA,neutral,0.9202
lm2byw,GME,neutral,0.8905
lm28ia,AMZN,neutral,0.5877
lm28ia,IBM,neutral,0.5877
lm18sf,TSLA,neutral,0.7714
lm1690,GME,neutral,0.7011
lm0w0y,AMC,neutral,0.9175
lm0w0y,GME,neutral,0.9175
lm0uye,AMC,negative,0.7765
lm0uye,GME,negative,0.7765
lm0s6v,AMZN,neutral,0.8685
lm0s6v,GME,neutral,0.8685
lm0ijn,NFLX,neutral,0.8772
lm0b64,GME,negative,0.6229
lm0as2,GME,negative,0.4764
lm0ajw,GME,neutral,0.9219
lm0ajw,TSLA,neutral,0.9219
llzhqf,TSLA,neutral,0.5165
llyiln,CRM,neutral,0.9171
llyiln,AAPL,neutral,0.9171
llyiln,TSLA,neutral,0.9171
llyiln,AMZN,neutral,0.9171
llyiln,GME,neutral,0.9171
llye9e,GME,neutral,0.8790
llxzz5,GME,neutral,0.5875
llxjeh,AAPL,neutral,0.9076
llxh41,GME,neutral,0.6863
llxbg0,GME,negative,0.8802
llx2mb,GOOGL,neutral,0.7636
llx2mb,TSLA,neutral,0.7636
llwxue,AMZN,neutral,0.5723
llwxue,GME,neutral,0.5723
llwvea,AMC,neutral,0.8849
llwvea,GME,neutral,0.8849
llwvea,TSLA,neutral,0.8849
llwvea,AMZN,neutral,0.8849
llvup5,GME,neutral,0.8806
llvup5,NVDA,neutral,0.8806
llvofk,GME,neutral,0.9256
llv6j9,GME,negative,0.8915
llv4te,TSLA,positive,0.7542
llv44y,AMC,neutral,0.7246
lluszo,AAPL,neutral,0.9066
lluszo,GOOGL,neutral,0.9066
lluszo,TSLA,neutral,0.9066
lluszo,AMC,neutral,0.9066
lluszo,AMZN,neutral,0.9066
lluszo,NFLX,neutral,0.9066
llusl3,GOOGL,neutral,0.8942
lluozq,CRM,negative,0.8644
lluozq,AAPL,negative,0.8644
lluozq,TSLA,negative,0.8644
llueh9,GME,neutral,0.4946
llrf4c,GME,neutral,0.8993
llr0hy,GME,negative,0.6216
llogh4,TSLA,negative,0.8856
llo11c,GME,neutral,0.6979
llntbt,GME,neutral,0.9401
llnt4q,GME,negative,0.8931
llni06,GME,neutral,0.8596
llni06,NFLX,neutral,0.8596
llni06,GOOGL,neutral,0.8596
lln7hf,GME,neutral,0.7278
llmvpk,GME,neutral,0.4860
llmt8l,AMZN,neutral,0.7537
llmt8l,INTC,neutral,0.7537
llmt8l,NVDA,neutral,0.7537
lotd2h,GME,neutral,0.8870
lotd2h,NFLX,neutral,0.8870
lotcji,AMC,neutral,0.8653
lotcji,GME,neutral,0.8653
lotcji,META,neutral,0.8653
losmr2,GME,neutral,0.8288
losmr2,GOOGL,neutral,0.8288
lortwo,AMC,neutral,0.7116
lortwo,AAPL,neutral,0.7116
lortwo,GME,neutral,0.7116
lortwo,TSLA,neutral,0.7116
lorpmz,TSLA,neutral,0.8686
lool92,AMC,neutral,0.9140
lool92,GME,neutral,0.9140
lool92,GOOGL,neutral,0.9140
lon9h1,GME,neutral,0.9043
loms63,GME,neutral,0.9332
lomkxp,TSLA,neutral,0.7782
logwgo,GME,neutral,0.9355
lmonx7,GOOGL,negative,0.5734
lmoggb,GME,neutral,0.9031
lmofv2,TSLA,neutral,0.7343
lmod72,GME,neutral,0.9206
lmo9zy,GME,neutral,0.6943
lmnl8v,AMC,neutral,0.9131
lmndwr,AMC,negative,0.7730
lmndwr,GME,negative,0.7730
lmmnu7,GME,negative,0.8745
lmmnu7,TSLA,negative,0.8745
lmmh4j,NFLX,neutral,0.8458
lmmh4j,TSLA,neutral,0.8458
lmkzmd,GME,neutral,0.8934
lmkpoc,AMC,negative,0.9455
lmkpoc,GME,negative,0.9455
lmilzf,GME,neutral,0.8367
lmic3q,AMC,neutral,0.8801
lmic3q,GME,neutral,0.8801
lmic3q,NVDA,neutral,0.8801
lmi0je,GME,negative,0.8289
lmhbl3,GME,neutral,0.7649
lmh6yf,GME,neutral,0.7930
lmh6xt,AMC,positive,0.6307
lmh6xt,GME,positive,0.6307
lmgi2r,GME,neutral,0.8106
lmgg6e,GME,neutral,0.5879
lmfzcb,GOOGL,positive,0.7696
lmesgl,META,negative,0.8910
lmesgl,AAPL,negative,0.8910
lmesgl,GME,negative,0.8910
lmesgl,TSLA,negative,0.8910
lme6jn,AMC,neutral,0.8129
lme4i6,GOOGL,neutral,0.8368
lme2a0,NVDA,neutral,0.6697
lmdc6i,GME,neutral,0.8020
lmcu8u,GME,neutral,0.7750
lmcu8u,MSFT,neutral,0.7750
lmcjbw,AAPL,neutral,0.8205
lmbyic,AMC,neutral,0.8330
lmbyic,GME,neutral,0.8330
lmbt97,AMC,neutral,0.9297
lmbt97,GME,neutral,0.9297
lmb3bj,GME,neutral,0.5045
lmazyh,AMC,neutral,0.8684
lmat0s,GME,neutral,0.9248
lmagzp,GME,positive,0.7250
lmaav6,GME,neutral,0.9000
lma72l,GME,neutral,0.5312
lma5l6,GME,neutral,0.8462
lma1ev,AMC,neutral,0.7722
lma1ev,GME,neutral,0.7722
lma1ev,AMZN,neutral,0.7722
lm9pzy,GME,neutral,0.9460
lm9nis,AMC,neutral,0.8494
lm9nis,GME,neutral,0.8494
lm9kcn,GME,neutral,0.5677
lm8yeh,GME,negative,0.9477
lm8j3o,AMC,positive,0.6355
lm8j3o,GME,positive,0.6355
lm85oc,AMC,neutral,0.8857
lm7vue,GME,neutral,0.8853
lm7n51,GME,neutral,0.9457
lm75qt,AMC,neutral,0.6354
lm71dw,GME,neutral,0.6755
lm71dw,TSLA,neutral,0.6755
lpiw00,GME,neutral,0.9210
lpiw00,NVDA,neutral,0.9210
lnchze,AMC,neutral,0.8796
lnbno6,GME,neutral,0.7912
lnaefa,TSLA,neutral,0.8932
lna0n6,TSLA,neutral,0.8848
ln9w1v,GME,neutral,0.8751
ln9cc5,AMC,neutral,0.8040
ln9a6g,GME,neutral,0.8877
ln90vi,AMZN,positive,0.6506
ln90vi,AAPL,positive,0.6506
ln90vi,TSLA,positive,0.6506
ln7ycq,GME,neutral,0.8432
ln7pds,GME,neutral,0.8907
ln7fqy,GME,neutral,0.8820
ln5a1g,AMC,neutral,0.7897
ln5a1g,GME,neutral,0.7897
ln55lj,GME,neutral,0.9289
ln50hs,GME,neutral,0.9309
ln4s6o,GME,neutral,0.9284
ln4jwx,GME,positive,0.6652
ln4iw8,GME,neutral,0.9017
ln4g1t,GME,neutral,0.8648
ln42rc,GME,neutral,0.8020
ln42bu,GME,neutral,0.6538
ln41mh,GME,negative,0.6122
ln40h6,GME,negative,0.4879
ln3yik,GME,neutral,0.7727
ln3ma2,GME,neutral,0.8628
ln3ma2,NFLX,neutral,0.8628
ln3i1b,GME,neutral,0.6770
ln3i1b,TSLA,neutral,0.6770
ln3cch,GME,negative,0.4811
ln315e,AAPL,neutral,0.9308
ln2y8v,GME,neutral,0.5203
ln2l3g,GME,neutral,0.6771
ln2hbi,GME,neutral,0.7215
ln2dau,GME,neutral,0.9174
ln28k9,GME,positive,0.8805
ln26mg,GME,neutral,0.8369
ln2320,AMC,neutral,0.7683
ln2320,GME,neutral,0.7683
ln0nxg,GME,neutral,0.4373
ln0lfi,AMC,neutral,0.8861
lmzz0j,GME,neutral,0.5063
lmznt7,AMC,neutral,0.8869
lmznt7,GME,neutral,0.8869
lmznj4,GME,neutral,0.9024
lmz1t6,GME,neutral,0.6966
lmyan9,AMC,positive,0.6214
lmy7u6,GME,negative,0.9389
lmy5li,GME,neutral,0.8567
lmxto4,AMC,neutral,0.9347
lmxto4,AMZN,neutral,0.9347
lmxrxx,GME,neutral,0.8117
lmxq2d,GME,neutral,0.7324
lmxf09,GME,neutral,0.5550
lmx6jy,GME,neutral,0.8940
lmx1sg,AMC,neutral,0.7278
lmx1sg,GME,neutral,0.7278
lmwnq9,GME,neutral,0.8726
lmwfgi,GME,neutral,0.9273
lmwclb,GME,negative,0.7912
lmw7gn,GME,neutral,0.8653
lmw1xe,AMZN,neutral,0.6560
lmvqyw,GME,neutral,0.9448
lmvit7,GME,neutral,0.9368
lmv9z7,GME,neutral,0.7595
lmv9z7,TSLA,neutral,0.7595
lmv1q2,TSLA,neutral,0.7605
lmutpf,AMZN,neutral,0.5881
lmutpf,AAPL,neutral,0.5881
lmutpf,NFLX,neutral,0.5881
lmutpf,NVDA,neutral,0.5881
lmunl0,GME,neutral,0.7693
lmum6g,GME,neutral,0.7358
lmulfn,GME,neutral,0.7656
lmu4aq,GME,neutral,0.8192
lmtw6i,GME,neutral,0.8492
lmtuki,GME,neutral,0.8500
lmtfck,META,neutral,0.9162
lmtc83,GME,neutral,0.8082
lmtc0t,GME,neutral,0.9140
lmt5s0,AMC,neutral,0.5725
lmt5s0,GME,neutral,0.5725
lmsz56,MSFT,neutral,0.9268
lmsod3,GME,neutral,0.4842
lmsin0,GME,neutral,0.8871
lms5hw,GME,negative,0.9685
lms4a1,GME,neutral,0.9402
lmrhf4,CRM,neutral,0.6247
lmrf1h,GME,neutral,0.8798
lmqv76,AMC,positive,0.8583
lmqv76,GME,positive,0.8583
lmqnqb,GME,neutral,0.9291
lmqbsy,AMC,neutral,0.9275
lmqbsy,AMZN,neutral,0.9275
lmq9lk,TSLA,neutral,0.4972
lmpjh9,AMC,neutral,0.8275
lmpjh9,GME,neutral,0.8275
lmpjh9,TSLA,neutral,0.8275
lmpclp,GME,neutral,0.6935
lmpclp,INTC,neutral,0.6935
lmpclp,NVDA,neutral,0.6935
lmoyvf,GME,neutral,0.5310
lmoytr,GME,neutral,0.7993
lmoytr,NFLX,neutral,0.7993
lmoytr,GOOGL,neutral,0.7993
lqcna8,NFLX,neutral,0.9137
lqb2jx,GME,neutral,0.6147
lqaztf,AMC,neutral,0.9016
lqaztf,GME,neutral,0.9016
lq8mhl,AMC,neutral,0.9154
lq03ue,GME,neutral,0.8058
lp786a,AMC,neutral,0.7403
lp786a,GME,neutral,0.7403
lnu2rg,TSLA,positive,0.7880
lntyf0,GME,neutral,0.9133
lntkcb,AAPL,neutral,0.7236
lntkcb,MSFT,neutral,0.7236
lntkcb,TSLA,neutral,0.7236
lntkcb,AMC,neutral,0.7236
lntkcb,AMZN,neutral,0.7236
lntkcb,NFLX,neutral,0.7236
lntcfr,META,neutral,0.5308
lntank,GME,neutral,0.8100
lnt2np,GME,neutral,0.8397
lns70t,GME,neutral,0.8237
lns3yp,GME,positive,0.5254
lns38o,GME,positive,0.5234
lns1m5,AMZN,neutral,0.9362
lnrwlh,AMC,neutral,0.9304
lnrwlh,GME,neutral,0.9304
lnrt1a,AAPL,neutral,0.8077
lnrmn7,GME,neutral,0.7302
lnrl03,AMZN,positive,0.8255
lnrl03,GOOGL,positive,0.8255
lnrl03,TSLA,positive,0.8255
lnr8vu,GME,neutral,0.7416
lnqgz8,GME,neutral,0.9341
lnq6ek,GME,neutral,0.6514
lnpqrp,AAPL,neutral,0.5989
lnpqrp,GME,neutral,0.5989
lnof20,GME,neutral,0.9048
lnoc5g,GME,neutral,0.8164
lno23l,GME,neutral,0.8644
lno21v,NFLX,negative,0.6590
lnnwcy,NVDA,neutral,0.9477
lnnubj,AAPL,neutral,0.9358
lnnpne,GME,neutral,0.8206
lnnnqb,TSLA,neutral,0.7453
lnndoa,TSLA,neutral,0.7304
lnna91,GME,neutral,0.8474
lnmrtr,GME,neutral,0.8871
lnmoxr,GME,neutral,0.6337
lnmcsl,AMC,neutral,0.7960
lnlr89,GME,neutral,0.9280
lnla9w,AMZN,neutral,0.9150
lnla9w,AAPL,neutral,0.9150
lnla9w,TSLA,neutral,0.9150
lnkv68,GME,negative,0.9283
lnkmyv,AMC,neutral,0.8577
lnjypk,GME,neutral,0.7927
lnjo6l,AMC,neutral,0.8474
lnjo6l,GME,neutral,0.8474
lnipvu,GME,positive,0.5770
lnipvu,GOOGL,positive,0.5770
lnioed,GME,neutral,0.9206
lnic4d,TSLA,neutral,0.9308
lni5mm,GME,neutral,0.7057
lnhqlw,AAPL,neutral,0.7916
lnhqlw,INTC,neutral,0.7916
lnhqlw,NVDA,neutral,0.7916
lnh5n8,GME,neutral,0.8903
lngrh1,GME,neutral,0.7936
lngcz7,GME,neutral,0.8795
lnfktw,TSLA,neutral,0.7322
lneocp,GME,positive,0.5274
lnemtj,AMZN,neutral,0.8608
lnemtj,TSLA,neutral,0.8608
lr30hr,GME,neutral,0.6924
lqx9cj,AMC,neutral,0.8943
lqx9cj,GME,neutral,0.8943
lqx9cj,TSLA,neutral,0.8943
lq1gbo,GME,negative,0.6327
lq0qn7,GME,neutral,0.8036
lq0rer,AMC,neutral,0.9222
lq0m9n,AMC,neutral,0.8363
lpzyep,AMC,neutral,0.9049
lpzyep,GME,neutral,0.9049
lpzs9p,AMC,positive,0.6672
lpzmb6,AMC,neutral,0.7511
lpzm96,NVDA,negative,0.8508
lpzcm2,GME,neutral,0.9031
lpz6sy,GME,neutral,0.7987
lpysg9,AMC,positive,0.8882
lpyn08,GME,negative,0.5743
lpykem,GME,neutral,0.7205
lpykwh,GME,positive,0.6994
lpye7s,GME,neutral,0.9127
lpyepb,AMC,neutral,0.3922
lpyawz,AMC,neutral,0.7969
lpyawz,GME,neutral,0.7969
lpy7b1,AMC,neutral,0.6869
lpy7b1,GME,neutral,0.6869
lpxylc,AMC,positive,0.8729
lpxylc,GME,positive,0.8729
lpxw6k,AMC,neutral,0.8345
lpxw6k,NFLX,neutral,0.8345
lpxpfp,AMC,positive,0.8642
lpxk1a,AMC,positive,0.5519
lpxe8a,GME,neutral,0.8791
lpxb2s,GME,neutral,0.7998
lpx0sz,TSLA,neutral,0.8627
lpx0ph,GME,neutral,0.8775
lpwtdx,AMC,neutral,0.8490
lpwtdx,GME,neutral,0.8490
lpw27u,AMC,neutral,0.9161
lpvp78,GME,neutral,0.8059
lpuovx,AMC,positive,0.6543
lpuovx,GME,positive,0.6543
lpuovx,AMZN,positive,0.6543
lpua1i,AAPL,neutral,0.8245
lpua1i,GME,neutral,0.8245
lpua1i,TSLA,neutral,0.8245
lpu81h,GME,negative,0.8963
lpu54c,GME,neutral,0.9321
lptnao,AMC,neutral,0.9400
lptb6k,GME,neutral,0.7902
lpscfq,GME,neutral,0.8268
lps80r,AMZN,neutral,0.8160
lps80r,GME,neutral,0.8160
lprgx4,TSLA,neutral,0.9186
lpr7bi,TSLA,neutral,0.5758
lpqph1,TSLA,negative,0.6614
lpqph1,NVDA,negative,0.6614
lpq5v1,AAPL,neutral,0.7063
lpq5v1,IBM,neutral,0.7063
lpp29b,AMZN,neutral,0.9163
lpp05w,AMC,neutral,0.7954
lpp05w,GME,neutral,0.7954
lponoe,AMZN,neutral,0.8725
lponoe,AAPL,neutral,0.8725
lponoe,NFLX,neutral,0.8725
lpo2yv,TSLA,neutral,0.8378
lpnpn2,AMC,neutral,0.9336
lpmlco,AMZN,neutral,0.7391
lpmlco,GME,neutral,0.7391
lpm3le,TSLA,neutral,0.8159
lpl1je,GME,neutral,0.8010
lpjnni,AMZN,negative,0.8088
lpjnni,GOOGL,negative,0.8088
lpjnni,META,negative,0.8088
lphr55,GME,neutral,0.8816
lph2sj,AMZN,neutral,0.8161
lph2sj,TSLA,neutral,0.8161
lpg9z8,TSLA,neutral,0.5171
lpfjo3,GME,neutral,0.9439
lpfh2l,AMZN,neutral,0.8347
lpfh2l,GOOGL,neutral,0.8347
lpfh2l,META,neutral,0.8347
lpfcsc,AMC,neutral,0.9437
lpf0ns,GME,neutral,0.9382
lpf0ns,NVDA,neutral,0.9382
lpez3u,TSLA,positive,0.4832
lpe4us,GME,neutral,0.7734
lpe45d,GME,neutral,0.8987
lpe3kr,GME,negative,0.9098
lpdvdf,GME,neutral,0.9281
lpdq4p,GME,neutral,0.8912
lpdni5,TSLA,neutral,0.7315
lpcvvs,AMC,neutral,0.9272
lpc5t6,GME,neutral,0.7673
lpbv8f,AMC,negative,0.9485
lpahtc,TSLA,negative,0.8765
lp9ot8,GME,neutral,0.8800
lp7yco,GME,neutral,0.8255
lp7onc,AAPL,neutral,0.9181
lp7onc,GME,neutral,0.9181
lp7n6t,GME,neutral,0.8847
lp7h2r,TSLA,negative,0.5528
lp6rph,AMZN,neutral,0.8923
lp6rph,GME,neutral,0.8923
lp59o3,GME,neutral,0.9430
lp485g,GME,neutral,0.9174
lp3y0q,AMZN,positive,0.6590
lp3y0q,TSLA,positive,0.6590
lp3sim,IBM,neutral,0.6650
lp3sim,TSLA,neutral,0.6650
lp1kzk,AMC,neutral,0.8954
lp1kzk,GME,neutral,0.8954
lp1kzk,GOOGL,neutral,0.8954
lp1kq3,AMC,negative,0.9595
lp15y0,GME,neutral,0.8724
lp0zbs,AMC,neutral,0.5621
lp0zbs,NVDA,neutral,0.5621
lozxoe,AMZN,neutral,0.8955
lozxoe,TSLA,neutral,0.8955
loyrfq,GME,positive,0.5944
loyp9c,GME,negative,0.8520
loyhml,TSLA,neutral,0.8352
loxvdt,AMC,neutral,0.8387
loxvdt,GME,neutral,0.8387
loxiaz,GME,negative,0.8778
lowjjx,AMZN,neutral,0.8553
lowjjx,GME,neutral,0.8553
lowjjx,NVDA,neutral,0.8553
lovdvz,GME,neutral,0.8646
lot5ia,GME,neutral,0.8723
loptmf,AMC,positive,0.6627
loptmf,GME,positive,0.6627
lool0a,GME,neutral,0.8964
loo7yt,GME,negative,0.6480
lonztb,GME,neutral,0.9149
lonrbo,AAPL,neutral,0.8721
lonrbo,GME,neutral,0.8721
lonpp9,GME,neutral,0.9305
lonn59,AMC,neutral,0.8993
lonhnr,GME,neutral,0.9455
longs9,GME,neutral,0.9121
lon0oc,GME,negative,0.9340
lon0oc,TSLA,negative,0.9340
lomoax,AMC,neutral,0.6912
lomoax,GME,neutral,0.6912
lomoax,GOOGL,neutral,0.6912
lom4rq,GME,neutral,0.8992
lolzgt,GME,neutral,0.9235
loleca,GME,neutral,0.7325
lol283,AMC,neutral,0.8698
lol283,GME,neutral,0.8698
lol283,GOOGL,neutral,0.8698
lol283,AMZN,neutral,0.8698
lojy2s,AMZN,neutral,0.8803
lojy2s,GME,neutral,0.8803
lojy2s,TSLA,neutral,0.8803
lojn4x,GME,negative,0.4927
lojaf0,AMC,neutral,0.8882
loipt0,AMC,neutral,0.8439
loipt0,GME,neutral,0.8439
loio0b,META,neutral,0.9087
loio0b,GME,neutral,0.9087
loio0b,NFLX,neutral,0.9087
loio0b,GOOGL,neutral,0.9087
loils7,GME,neutral,0.8394
loils7,TSLA,neutral,0.8394
lohyug,AMZN,neutral,0.8110
lohyug,GME,neutral,0.8110
lohxdv,AMC,neutral,0.7683
lohxdv,GME,neutral,0.7683
lohbdg,GME,neutral,0.7188
lohbdg,TSLA,neutral,0.7188
logsbm,TSLA,neutral,0.7544
logoto,AAPL,neutral,0.8391
logbql,GME,neutral,0.7730
lofytu,GME,neutral,0.5177
lofytu,TSLA,neutral,0.5177
lofleb,GME,neutral,0.8554
lof18w,GME,negative,0.7935
lodn0s,GME,neutral,0.8802
lodgzv,AMC,neutral,0.7807
lodgzv,GME,neutral,0.7807
lod2x8,GME,neutral,0.9239
locn54,GME,neutral,0.8071
locm1q,GME,neutral,0.5363
locfj2,AMC,neutral,0.8755
locfj2,GME,neutral,0.8755
locd9f,AMZN,neutral,0.9151
locd9f,GOOGL,neutral,0.9151
locd9f,TSLA,neutral,0.9151
lobx9f,AAPL,neutral,0.9283
lobx9f,TSLA,neutral,0.9283
lobrgb,AMC,neutral,0.8684
lobrgb,GME,neutral,0.8684
lobrgb,GOOGL,neutral,0.8684
lob8qr,AMC,neutral,0.9167
lob8ax,GME,neutral,0.9106
lob84w,TSLA,neutral,0.8607
lob61p,GME,positive,0.9186
loaku7,AMZN,positive,0.8914
lo9ro0,TSLA,neutral,0.8314
lo9gv4,GME,negative,0.9062
lo9de5,GOOGL,neutral,0.9395
lo9de5,NFLX,neutral,0.9395
lo9de5,MSFT,neutral,0.9395
lo9de5,NVDA,neutral,0.9395
lo8vms,GME,neutral,0.9308
lo7yho,AMC,neutral,0.9384
lo6x98,GME,neutral,0.8762
lo69me,AMC,neutral,0.7995
lo69me,GME,neutral,0.7995
lo5t3w,GME,neutral,0.9141
lo4vhf,GME,neutral,0.8907
lo3b15,GME,neutral,0.8065
lo2mr4,TSLA,negative,0.6395
lo26dv,GME,neutral,0.5768
lo1zr6,GME,neutral,0.8408
lo1tm8,AMC,negative,0.7865
lo1imb,AMC,neutral,0.8835
lo1imb,IBM,neutral,0.8835
lo1fvz,INTC,neutral,0.8486
lo1fvz,NVDA,neutral,0.8486
lo11td,MSFT,neutral,0.8859
lo0ihf,GME,neutral,0.7069
lnznvz,GOOGL,neutral,0.8716
lnznvz,NVDA,neutral,0.8716
lnznr1,AMC,neutral,0.8614
lnzhdc,AAPL,neutral,0.9222
lnzeho,AMC,neutral,0.7960
lnzeho,GME,neutral,0.7960
lnzeho,GOOGL,neutral,0.7960
lnz7bv,GME,neutral,0.8433
lnyszx,AMC,negative,0.7634
lnybwl,GME,neutral,0.9349
lny5j5,GME,negative,0.7615
lnxuzy,GME,negative,0.8839
lnxc2v,GME,neutral,0.9298
lnwjmr,AMC,neutral,0.8993
lnwjmr,GME,neutral,0.8993
lnwhcg,GME,neutral,0.9035
lnw91p,GME,neutral,0.8795
lnw21n,AMC,neutral,0.7920
lnw21n,GME,neutral,0.7920
lnvvu3,AMC,neutral,0.7564
lnvvu3,GME,neutral,0.7564
lnvvu3,AMZN,neutral,0.7564
lnvfl8,AMC,neutral,0.9191
lnvfl8,GME,neutral,0.9191
ls20md,AMC,neutral,0.9261
ls20md,GME,neutral,0.9261
ls1xwi,AMC,neutral,0.7508
ls1xwi,GME,neutral,0.7508
lrsylv,TSLA,neutral,0.8751
lrsmx0,AMC,neutral,0.7813
lrs6wg,GME,neutral,0.8964
lrrzec,AMC,neutral,0.9167
lrqx0z,GME,neutral,0.8780
lrqplz,AMC,neutral,0.8574
lrqbim,AMC,neutral,0.8666
lrqbim,GME,neutral,0.8666
lrq3rs,GME,neutral,0.9233
lrq3az,GME,neutral,0.8985
lrq0q3,GME,neutral,0.7318
lrpghp,AMC,neutral,0.8804
lrpa1u,AMC,neutral,0.8520
lrp9qv,GOOGL,neutral,0.9056
lrp9qv,MSFT,neutral,0.9056
lrp9qv,TSLA,neutral,0.9056
lrp79k,GME,neutral,0.6530
lrp5cy,AMC,neutral,0.7270
lrp5cy,GME,neutral,0.7270
lrp4cu,TSLA,neutral,0.9446
lrp10t,AMC,positive,0.4970
lrosiw,AMC,neutral,0.8570
lroshq,GME,neutral,0.9087
lroj5l,AMC,neutral,0.9365
lroig0,AMC,positive,0.5116
lroi24,AMC,neutral,0.8387
lroh52,AMC,positive,0.8180
lroest,AMC,neutral,0.9094
lrofbi,TSLA,positive,0.5386
lroeto,TSLA,neutral,0.6067
lrod8l,GME,neutral,0.8208
lroco9,AMC,neutral,0.8447
lroaw8,GME,neutral,0.8945
lro8he,GME,neutral,0.8935
lro9cz,GOOGL,neutral,0.4908
lro8rq,AMC,neutral,0.8125
lro726,GME,neutral,0.8445
lro5s8,AMC,neutral,0.8955
lro5s8,GME,neutral,0.8955
lro472,GME,neutral,0.5915
lro170,AMC,neutral,0.9082
lrnx0e,GME,neutral,0.9354
lrnpci,GME,neutral,0.8889
lrne4v,AMC,neutral,0.8834
lrne4v,TSLA,neutral,0.8834
lrne4v,AMZN,neutral,0.8834
lrn6n8,AMC,neutral,0.8697
lrmufs,AAPL,neutral,0.8738
lrmufs,GME,neutral,0.8738
lrmrsc,GME,negative,0.3526
lrmapv,TSLA,neutral,0.9206
lrmdc1,GME,neutral,0.8408
lrm5ps,GME,neutral,0.9135
lrlthl,GME,neutral,0.7864
lrlju8,TSLA,neutral,0.5385
lrlbi8,AAPL,neutral,0.9159
lrlbi8,GOOGL,neutral,0.9159
lrlbi8,TSLA,neutral,0.9159
lrl4aa,GME,neutral,0.8444
lrkwgt,GME,neutral,0.9118
lrkojx,AMC,neutral,0.8702
lrkojx,TSLA,neutral,0.8702
lrkdac,AMC,neutral,0.7824
lrk5el,TSLA,neutral,0.7128
lrjxm0,AMC,neutral,0.7825
lrj4ke,AMC,neutral,0.6232
lrivnu,NVDA,neutral,0.8670
lrivnu,GME,neutral,0.8670
lrivnu,TSLA,neutral,0.8670
lrivnu,GOOGL,neutral,0.8670
lrin6r,AAPL,neutral,0.8900
lriabl,GME,neutral,0.8564
lriabl,TSLA,neutral,0.8564
lrgnh6,TSLA,neutral,0.8492
lrgd53,AMC,neutral,0.8295
lrgd53,GME,neutral,0.8295
lrgau9,GME,negative,0.8035
lrfwo9,GME,neutral,0.9340
lrfvv6,AMZN,neutral,0.8838
lrfvv6,MSFT,neutral,0.8838
lrfvv6,TSLA,neutral,0.8838
lrfnd6,GME,neutral,0.6697
lrenj4,MSFT,neutral,0.7114
lre2k6,GME,neutral,0.9389
lrdrsz,TSLA,neutral,0.8173
lrddg8,TSLA,neutral,0.9194
lrcnm1,AAPL,negative,0.5952
lrck40,TSLA,neutral,0.9253
lrcjqy,GME,negative,0.8604
lrc9yf,GME,neutral,0.6924
lrc95i,TSLA,positive,0.5546
lrbi0r,GME,neutral,0.7283
lrb0u0,GME,neutral,0.8380
lrafx4,GME,neutral,0.5007
lr8gpd,AAPL,neutral,0.6906
lr8gpd,TSLA,neutral,0.6906
lr6ckb,GME,neutral,0.8840
lr5xnl,AAPL,neutral,0.8673
lr5xnl,NFLX,neutral,0.8673
lr5xnl,TSLA,neutral,0.8673
lr5tpi,AAPL,neutral,0.9146
lr5tpi,GME,neutral,0.9146
lr5qvd,GME,negative,0.7036
lr39mr,GME,neutral,0.8913
lr35wt,AMZN,neutral,0.9308
lr35wt,GME,neutral,0.9308
lr31o0,GME,neutral,0.8047
lr2wvg,AMC,neutral,0.5834
lr2wvg,GME,neutral,0.5834
lr2qkb,AMC,neutral,0.8478
lr2qkb,GME,neutral,0.8478
lr2qkb,GOOGL,neutral,0.8478
lr2bbj,GME,neutral,0.8560
lr22ts,TSLA,positive,0.7602
lr20ph,AMC,neutral,0.9202
lr205a,TSLA,neutral,0.9250
lr1zt1,CSCO,neutral,0.8744
lr1vki,AMC,negative,0.6586
lr1l80,CRM,neutral,0.9117
lr1l80,AAPL,neutral,0.9117
lr1l80,GOOGL,neutral,0.9117
lr1l80,MSFT,neutral,0.9117
lr1l80,TSLA,neutral,0.9117
lr1l80,AMZN,neutral,0.9117
lr1l80,META,neutral,0.9117
lr1l80,NVDA,neutral,0.9117
lqzz52,AMC,neutral,0.9266
lqzszf,GME,negative,0.7491
lqzf5t,GME,neutral,0.8354
lqxq2y,AMC,neutral,0.8049
lqwo08,GME,negative,0.9287
lqwnuw,TSLA,neutral,0.5337
lqwawq,AMC,neutral,0.8778
lqwawq,TSLA,neutral,0.8778
lqvw5r,AAPL,positive,0.9306
lqvw5r,MSFT,positive,0.9306
lqvlme,GME,neutral,0.9431
lqvg5q,GME,neutral,0.8549
lqv1z2,GME,neutral,0.9226
lqutlp,AMC,neutral,0.8908
lqutlp,GME,neutral,0.8908
lqunys,AMC,neutral,0.8461
lquh4t,GME,neutral,0.8998
lqucfk,AMC,neutral,0.9326
lqtwx4,TSLA,neutral,0.7089
lqtvul,GME,neutral,0.9249
lqtsep,GME,neutral,0.8820
lqte72,AMC,neutral,0.8007
lqte72,GME,neutral,0.8007
lqt64r,GME,neutral,0.9018
lqsxy5,GME,neutral,0.9223
lqsvgh,GME,negative,0.5277
lqssbf,AMC,neutral,0.9143
lqspiy,TSLA,neutral,0.9450
lqso56,AMC,negative,0.9591
lqshme,GME,positive,0.9017
lqsgnn,TSLA,neutral,0.8869
lqs61l,GME,neutral,0.9319
lqrv2d,AMC,neutral,0.8976
lqrs3a,AAPL,neutral,0.7946
lqrs3a,GOOGL,neutral,0.7946
lqrs3a,TSLA,neutral,0.7946
lqrs3a,AMZN,neutral,0.7946
lqrs3a,GME,neutral,0.7946
lqr516,AMC,neutral,0.7429
lqr516,GME,neutral,0.7429
lqr516,NFLX,neutral,0.7429
lqqvbm,GME,negative,0.9419
lqqshs,AMC,neutral,0.5537
lqqp0u,AMZN,neutral,0.7102
lqqp0u,INTC,neutral,0.7102
lqpn27,AMZN,neutral,0.8834
lqpn27,CSCO,neutral,0.8834
lqow7h,TSLA,negative,0.5924
lqow0n,GME,neutral,0.7750
lqocvr,GME,neutral,0.6822
lqo8t8,AMC,neutral,0.7967
lqnaww,AMC,negative,0.9508
lqmsdm,AAPL,negative,0.8328
lqmk2u,TSLA,neutral,0.8941
lqlua3,AAPL,neutral,0.8427
lqlua3,TSLA,neutral,0.8427
lqlnsw,GME,neutral,0.8564
lqlae3,AAPL,neutral,0.9377
lqlae3,GME,neutral,0.9377
lql86k,GME,neutral,0.7172
lql86k,TSLA,neutral,0.7172
lqkr1i,GME,neutral,0.9533
lqkp8o,TSLA,neutral,0.6531
lqko3v,AMC,neutral,0.9223
lqkm8k,AMC,neutral,0.8994
lqjwmc,AMC,positive,0.6836
lqjiw3,GME,positive,0.4584
lqj8p8,GME,neutral,0.9253
lqj1wm,AMC,negative,0.9668
lqj1wm,AAPL,negative,0.9668
lqj1wm,TSLA,negative,0.9668
lqj165,GME,neutral,0.9493
lqis83,AAPL,negative,0.6540
lqis83,NFLX,negative,0.6540
lqis83,TSLA,negative,0.6540
lqijoc,GME,neutral,0.8791
lqhrqq,GME,neutral,0.7463
lqfzuj,TSLA,neutral,0.8493
lqfzuj,ORCL,neutral,0.8493
lqd6y7,AMC,neutral,0.8694
lqbt54,AMZN,neutral,0.8849
lqbt54,AAPL,neutral,0.8849
lqbt54,TSLA,neutral,0.8849
lqaxe9,GME,neutral,0.9495
lqawsf,AMC,neutral,0.8607
lqapv6,GME,neutral,0.7268
lqanxv,GME,neutral,0.5753
lq9w4i,GME,neutral,0.7100
lq9ldw,AAPL,neutral,0.7459
lq9ldw,GME,neutral,0.7459
lq9ldw,TSLA,neutral,0.7459
lq8rw4,CRM,neutral,0.6002
lq8rw4,AAPL,neutral,0.6002
lq8rw4,MSFT,neutral,0.6002
lq8rw4,TSLA,neutral,0.6002
lq8rw4,META,neutral,0.6002
lq8o7p,AMC,neutral,0.8840
lq8o7p,GME,neutral,0.8840
lq8o7p,TSLA,neutral,0.8840
lq8mig,AMC,negative,0.7900
lq8l6f,GME,positive,0.5370
lq83uq,AMC,neutral,0.8770
lq7lpd,GME,neutral,0.8266
lq7lpd,TSLA,neutral,0.8266
lq6rkp,GME,neutral,0.9209
lq6rb9,AMC,neutral,0.9279
lq6kbq,GME,neutral,0.7781
lq63av,GME,neutral,0.8677
lq62k8,AAPL,neutral,0.9444
lq5xn8,GME,neutral,0.8312
lq4xo5,AMC,neutral,0.7774
lq4udf,GME,neutral,0.8308
lq4ss0,AMC,negative,0.7073
lq4ss0,TSLA,negative,0.7073
lq4rts,AMC,neutral,0.6209
lq4rts,GME,neutral,0.6209
lq4o4b,INTC,positive,0.7345
lq4o4b,MSFT,positive,0.7345
lq4o4b,AMC,positive,0.7345
lq4o4b,AMZN,positive,0.7345
lq4o4b,GME,positive,0.7345
lq4o4b,NVDA,positive,0.7345
lq4mwv,TSLA,neutral,0.8519
lq4j08,GME,neutral,0.9007
lq4izi,GME,neutral,0.8914
lq4izi,GOOGL,neutral,0.8914
lq4gtz,GME,neutral,0.8114
lq3vzq,TSLA,neutral,0.8319
lq3tx9,GME,neutral,0.8066
lq3rx2,GME,neutral,0.6401
lq3qc6,AMC,positive,0.9301
lq3qc6,GME,positive,0.9301
lq3qc6,TSLA,positive,0.9301
lq3qc6,NVDA,positive,0.9301
lq396r,GME,neutral,0.7941
lq2kr2,AMC,neutral,0.5679
lq2kr2,GME,neutral,0.5679
lq2kr2,GOOGL,neutral,0.5679
lq2jj9,GME,positive,0.8669
lq2g5s,AAPL,neutral,0.8782
lq1rav,AMC,neutral,0.9095
lq1qqd,TSLA,neutral,0.9007
lq1mu2,GME,neutral,0.8981
lq1gks,GME,negative,0.4247
lq1e46,GME,neutral,0.8942
lq1d0y,AMC,neutral,0.8958
lq1d0y,GME,neutral,0.8958
lsu9l0,GME,neutral,0.6526
lsu68t,META,neutral,0.8015
lsu68t,GME,neutral,0.8015
lsp9xj,AMC,neutral,0.8609
lsp9xj,GME,neutral,0.8609
lsp9xj,TSLA,neutral,0.8609
lsnuw3,AMC,neutral,0.8949
lsnuw3,GME,neutral,0.8949
lsnaum,GME,neutral,0.8343
lsnaum,NVDA,neutral,0.8343
lsayes,GME,neutral,0.7391
ls8tqj,GME,neutral,0.9142
ls7sq0,GME,neutral,0.7742
ls7miq,GME,neutral,0.9170
ls7mcw,AMC,neutral,0.7369
ls7fu5,CSCO,neutral,0.8731
ls7fu5,GME,neutral,0.8731
ls7fu5,TSLA,neutral,0.8731
ls7fu5,GOOGL,neutral,0.8731
ls7cza,GME,negative,0.5960
ls7818,GME,neutral,0.7760
ls7122,AMC,neutral,0.7781
ls708d,GME,neutral,0.8701
ls6k76,GME,neutral,0.8734
ls6e6f,GME,neutral,0.7958
ls6alg,NFLX,neutral,0.8106
ls63oa,GME,neutral,0.9165
ls61ey,GME,neutral,0.9025
ls5mug,AMC,neutral,0.8875
ls5mug,GME,neutral,0.8875
ls5lsl,GME,negative,0.7665
ls5g0y,GME,neutral,0.8573
ls4v6i,GME,negative,0.8315
ls4u3w,GME,neutral,0.9021
ls4o0x,AMC,neutral,0.8881
ls498l,AMC,neutral,0.8089
ls498l,GME,neutral,0.8089
ls45bo,AMC,neutral,0.7209
ls45bo,GME,neutral,0.7209
ls45bo,META,neutral,0.7209
ls3y9u,GOOGL,neutral,0.6130
ls3x9m,GME,neutral,0.7643
ls3rqt,GME,negative,0.7969
ls3mmj,GME,neutral,0.9297
ls3n78,AMC,neutral,0.9215
ls3n78,GME,neutral,0.9215
ls3n78,CRM,neutral,0.9215
ls3n78,TSLA,neutral,0.9215
ls3ktz,AMC,neutral,0.9050
ls3ktz,GOOGL,neutral,0.9050
ls3ktz,MSFT,neutral,0.9050
ls3ktz,META,neutral,0.9050
ls3be8,AAPL,neutral,0.8174
ls3be8,GME,neutral,0.8174
ls2wqo,GME,neutral,0.9058
ls2s25,AMC,positive,0.6838
ls2shv,GME,neutral,0.8755
ls2qq7,GME,neutral,0.9278
ls2ql5,GME,neutral,0.9065
ls2qhd,GME,neutral,0.8858
ls2qgf,AMC,neutral,0.8569
ls2ogm,GME,neutral,0.9275
ls2h5a,GME,neutral,0.8553
ls2buy,AMC,negative,0.8022
ls2buy,GME,negative,0.8022
ls2bnq,GME,neutral,0.9036
ls27z2,GME,neutral,0.8405
ls270v,GME,neutral,0.8987
ls26h8,GME,neutral,0.8935
ls25y8,TSLA,neutral,0.5085
ls20bj,CRM,positive,0.4596
ls20bj,INTC,positive,0.4596
ls20bj,GOOGL,positive,0.4596
ls20bj,TSLA,positive,0.4596
ls20bj,AMZN,positive,0.4596
ls20bj,META,positive,0.4596
ls20bj,NVDA,positive,0.4596
ls1tk5,AMC,neutral,0.8953
ls1tk5,GME,neutral,0.8953
ls1tbo,AMC,neutral,0.8040
ls1qt5,AMZN,neutral,0.6336
ls1qt5,GME,neutral,0.6336
ls1qt5,GOOGL,neutral,0.6336
ls1l5r,GME,neutral,0.9371
ls1hwa,GME,neutral,0.7042
ls19cz,GME,neutral,0.9302
ls12my,AMC,neutral,0.9238
ls12my,GME,neutral,0.9238
ls0wmd,GME,neutral,0.7261
ls0qco,GME,neutral,0.9030
ls0dca,GME,neutral,0.9409
ls08ku,GME,neutral,0.5714
ls07eq,AMC,neutral,0.9385
ls07eq,GME,neutral,0.9385
ls00pp,AMC,neutral,0.8998
ls00pp,GME,neutral,0.8998
lrzu5j,GME,neutral,0.7664
lrzoey,AMC,neutral,0.6647
lrzoey,GME,neutral,0.6647
lrznso,AMZN,neutral,0.9119
lrznso,AAPL,neutral,0.9119
lrznso,GOOGL,neutral,0.9119
lrznso,TSLA,neutral,0.9119
lrzm73,GME,neutral,0.8167
lrzl3w,AMC,negative,0.4940
lrzgsi,AMC,positive,0.5787
lrzjq3,GME,neutral,0.9243
lrzjmy,GME,negative,0.6522
lrzfof,GME,neutral,0.8596
lrz5vh,GME,neutral,0.8832
lryxmt,GME,neutral,0.8987
lrywbt,GME,neutral,0.7998
lryqnv,GME,negative,0.7723
lrymyj,AMC,neutral,0.6556
lrymyj,GME,neutral,0.6556
lrylwk,GME,neutral,0.9175
lrydwd,CRM,neutral,0.9146
lrydbf,AMC,neutral,0.8477
lrydbf,GME,neutral,0.8477
lry848,AMC,neutral,0.7871
lry848,GME,neutral,0.7871
lry667,GME,neutral,0.8662
lry32x,GME,neutral,0.8950
lrxxc5,AMC,neutral,0.8383
lrxrtn,GME,neutral,0.8727
lrxp6b,GME,neutral,0.9324
lrxid8,TSLA,neutral,0.8262
lrxhmu,AMC,neutral,0.7050
lrvu3b,AMC,positive,0.5640
lrvn1i,AMC,neutral,0.8890
lrusia,META,neutral,0.9014
lrusia,AAPL,neutral,0.9014
lrty25,GME,neutral,0.9375
lrsubj,GME,neutral,0.5949
ltkiwz,GME,neutral,0.5965
ltdmm5,AMC,neutral,0.8024
ltdmm5,GME,neutral,0.8024
lt9utn,AMZN,neutral,0.8610
lt9utn,GME,neutral,0.8610
lt5ycv,GME,neutral,0.7566
lsda99,GME,positive,0.9315
lsd8ji,AMC,neutral,0.8215
lsd8ji,GME,neutral,0.8215
lsd56j,GME,negative,0.6586
lsd56j,GOOGL,negative,0.6586
lsd0ar,GME,neutral,0.8990
lsd088,AMC,neutral,0.8946
lsd088,GME,neutral,0.8946
lscwgu,TSLA,neutral,0.5702
lscvzk,GME,neutral,0.9285
lscure,GME,neutral,0.9180
lscux4,GME,neutral,0.8996
lscvdl,GME,neutral,0.7854
lscvb5,GME,neutral,0.9179
lsctwx,GME,neutral,0.5298
lscpfq,GME,neutral,0.7878
lsch1c,AMC,neutral,0.9060
lsch1c,GME,neutral,0.9060
lscd5h,TSLA,positive,0.7575
lsc9zg,GME,neutral,0.6608
lsc5a9,GME,neutral,0.8927
lsc5ji,GME,neutral,0.9412
lsbz50,AMC,neutral,0.7319
lsbz50,TSLA,neutral,0.7319
lsbz04,AMC,negative,0.8704
lsbz04,GME,negative,0.8704
lsbxk7,AMC,neutral,0.9279
lsbxk7,GME,neutral,0.9279
lsbtwe,GME,neutral,0.8938
lsbpyn,GME,neutral,0.9278
lsbotm,GME,neutral,0.7189
lsbifk,AMC,neutral,0.9021
lsbifk,GME,neutral,0.9021
lsbfmq,GME,neutral,0.7751
lsbb9y,GME,neutral,0.6336
lsb7ui,AMC,neutral,0.9045
lsb7ui,GME,neutral,0.9045
lsb783,AMC,negative,0.6667
lsb36m,GME,neutral,0.6792
lsapld,GME,neutral,0.9077
lsaoy1,GME,positive,0.6466
lsaiv5,GME,neutral,0.4612
lsa1ds,GME,neutral,0.7875
ls9tca,GME,positive,0.5434
ls9o7n,GME,neutral,0.9230
ls9jhq,GME,positive,0.5972
ls9iaw,AMC,neutral,0.6637
ls9giq,GME,neutral,0.8585
ls9g3i,GME,neutral,0.8832
ls9c3o,GME,neutral,0.7224
ls9ase,GME,neutral,0.8226
ls97iw,GME,negative,0.5891
ls94cu,AMC,neutral,0.9311
ls93m8,META,neutral,0.8188
ls93m8,TSLA,neutral,0.8188
ls93cz,GME,neutral,0.9193
ls91pt,AMC,neutral,0.9070
ls91pt,GME,neutral,0.9070
ls913k,GME,neutral,0.9462
ls90ow,GME,neutral,0.8723
ls8xjy,GME,neutral,0.7191
ls8u0y,GME,negative,0.9548
ls8psb,AMC,neutral,0.8383
ls8o9u,GME,neutral,0.8515
ls8m0k,GME,negative,0.4976
ls8dka,GME,neutral,0.8702
ls8cky,GME,neutral,0.8527
ls8cjp,AAPL,neutral,0.7083
ls8cjp,GME,neutral,0.7083
ls88bk,GME,neutral,0.9038
ls84me,GME,neutral,0.8661
lu9hb1,GME,neutral,0.8719
lu8ccv,GME,neutral,0.8542
lu7tuu,GME,positive,0.7816
lu3w3k,GME,neutral,0.9380
lu0mma,AMC,neutral,0.7999
lu0mma,GME,neutral,0.7999
lu0mma,TSLA,neutral,0.7999
lsisv7,GME,neutral,0.8639
lsiq11,GME,neutral,0.6788
lsijw6,AMC,neutral,0.9221
lsijw6,GME,neutral,0.9221
lsifnv,TSLA,neutral,0.8829
lsi8q8,GME,neutral,0.8997
lshq22,AMZN,neutral,0.8356
lshq22,GME,neutral,0.8356
lshp8y,GME,neutral,0.7305
lshoj3,GME,neutral,0.8370
lsh9vf,GME,neutral,0.7148
lsh9fh,AAPL,neutral,0.9124
lsh9fh,GOOGL,neutral,0.9124
lsh9fh,TSLA,neutral,0.9124
lsh9fh,META,neutral,0.9124
lsh9fh,GME,neutral,0.9124
lsgxbp,GOOGL,neutral,0.7827
lsgv43,GME,neutral,0.8625
lsgqwp,GME,positive,0.6627
lsgoer,AMC,neutral,0.7408
lsgi8g,GME,neutral,0.5018
lsggit,GME,neutral,0.8633
lsgesu,GME,neutral,0.9329
lsger0,GME,neutral,0.8621
lsgdqn,AMC,negative,0.7376
lsgdqn,GME,negative,0.7376
lsgd4m,AMC,neutral,0.6470
lsgd4m,GME,neutral,0.6470
lsg2v6,GME,neutral,0.8901
lsg27p,TSLA,neutral,0.9199
lsfyx9,GME,neutral,0.8373
lsftw8,AAPL,neutral,0.5360
lsftsf,AMC,neutral,0.8274
lsfph1,GME,neutral,0.8137
lsfmw9,GME,neutral,0.9420
lsfgls,GME,negative,0.5347
lsfbjx,AMC,neutral,0.9323
lsf9dl,GME,neutral,0.8649
lsf93v,GME,neutral,0.8668
lsf2dh,AMC,neutral,0.7731
lsf2dh,TSLA,neutral,0.7731
lsf1na,GOOGL,neutral,0.8666
lsezx3,GME,neutral,0.9268
lsexdn,AMC,neutral,0.8625
lser2s,GME,neutral,0.8231
lsenwq,GME,positive,0.5097
lsem40,AMC,neutral,0.7886
lsei7r,GME,neutral,0.8723
lseglg,GME,negative,0.4372
lsectc,AMC,neutral,0.8165
lsectc,GME,neutral,0.8165
lse649,AMC,neutral,0.9007
lse649,GME,neutral,0.9007
lse32o,AMC,neutral,0.7106
lse32o,GME,neutral,0.7106
lse2dv,GME,neutral,0.8669
lsdzij,AMC,positive,0.7182
lsdzij,GME,positive,0.7182
lsdz2i,GME,neutral,0.7966
lsdwz1,AMC,neutral,0.8893
lsdwz1,GME,neutral,0.8893
lsdsl8,GME,neutral,0.9288
lsdr05,GME,neutral,0.6118
lsdpuz,GME,neutral,0.8379
lsdoyf,GME,neutral,0.9061
lsdoiv,GME,neutral,0.9282
lsdnyc,GME,neutral,0.9042
lsdnk6,GME,neutral,0.9186
lsdloy,GME,neutral,0.6705
lsdloy,GOOGL,neutral,0.6705
lsdjwx,GME,positive,0.8562
lsdf2l,AMC,neutral,0.8370
lsdehv,GME,neutral,0.6321
lv127d,GME,neutral,0.8898
lut614,NVDA,neutral,0.6057
luprzx,AMC,neutral,0.8402
luprzx,GME,neutral,0.8402
lul2ti,GME,positive,0.7227
lu921a,GME,neutral,0.8656
lty2xy,NVDA,positive,0.6015
lt43j9,GME,neutral,0.8750
lt43j9,TSLA,neutral,0.8750
lt434r,GME,neutral,0.9117
lt42xi,AMC,neutral,0.7752
lt421e,AMC,neutral,0.8886
lt421e,GME,neutral,0.8886
lt3w3z,GME,neutral,0.7975
lt3plm,GME,neutral,0.8055
lt3o7q,AMC,neutral,0.8794
lt3nsf,GME,neutral,0.8989
lt3na7,GME,neutral,0.8613
lt3mnr,AMC,positive,0.5328
lt3kj7,GME,neutral,0.8542
lt3611,TSLA,neutral,0.8251
lt2zfl,GME,neutral,0.7627
lt2kv4,AMZN,neutral,0.5369
lt2kv4,MSFT,neutral,0.5369
lt2g1g,GME,neutral,0.8290
lt2ay0,GME,neutral,0.9459
lt1oy4,GME,neutral,0.9336
lt1em0,GME,neutral,0.8070
lt1dc6,AMZN,positive,0.6653
lt1dc6,GOOGL,positive,0.6653
lt1cx0,AMC,neutral,0.7792
lt1cx0,GME,neutral,0.7792
lt1cx0,TSLA,neutral,0.7792
lt0zpg,GME,neutral,0.7498
lt0uvi,GOOGL,neutral,0.8113
lt0qct,GME,neutral,0.8979
lt0meu,GME,neutral,0.8871
lt068q,GME,neutral,0.8165
lt01nf,AMC,neutral,0.9082
lt01nf,GME,neutral,0.9082
lszzk1,GME,neutral,0.9142
lszyv3,GME,neutral,0.7560
lszrog,AMC,neutral,0.8762
lszrog,GME,neutral,0.8762
lszotj,AMC,neutral,0.7407
lszlx7,GME,neutral,0.7352
lszhhw,GME,neutral,0.9417
lszghw,AMC,neutral,0.7304
lszghw,GME,neutral,0.7304
lszdz6,AMC,positive,0.9065
lszc87,AMC,positive,0.7459
lszc87,GME,positive,0.7459
lsycb2,GME,neutral,0.8980
lsy6uc,GME,neutral,0.9305
lsy6uc,TSLA,neutral,0.9305
lsy6uc,GOOGL,neutral,0.9305
lsxv9o,AMZN,neutral,0.7760
lsxrrn,AMC,negative,0.9640
lsxrrn,CRM,negative,0.9640
lsxrrn,TSLA,negative,0.9640
lsxnza,GME,neutral,0.9140
lsxag9,GME,neutral,0.8590
lsx62x,AMC,neutral,0.8940
lswzxq,AMC,neutral,0.6587
lswzxq,GME,neutral,0.6587
lswzxq,AMZN,neutral,0.6587
lswyv6,GME,neutral,0.9327
lswwyl,AMC,neutral,0.7942
lswt5c,AMC,neutral,0.8734
lswt5c,GME,neutral,0.8734
lswn4r,GME,neutral,0.8989
lsvqpa,AMC,neutral,0.9202
lsvpyb,GME,neutral,0.6864
lsvmfs,GME,neutral,0.7167
lsvl8k,AMC,negative,0.5249
lsvl8k,GME,negative,0.5249
lsvh6z,AMC,neutral,0.8420
lsvh6z,GME,neutral,0.8420
lsvcxo,AMC,neutral,0.8566
lsvcxo,GME,neutral,0.8566
lsva5j,AMC,neutral,0.9336
lsv5uu,GME,neutral,0.8997
lsv5uu,TSLA,neutral,0.8997
lsv2uq,GME,positive,0.7357
lsuxmw,AMC,neutral,0.8996
lsuxmw,GME,neutral,0.8996
lsuuvr,GME,neutral,0.9213
lsu313,GME,neutral,0.8766
lsu117,GME,neutral,0.8740
lsu05g,GME,neutral,0.8969
lstfrh,AMC,neutral,0.9032
lst7g8,GME,neutral,0.9329
lst66i,AMC,neutral,0.8700
lst66i,GME,neutral,0.8700
lst3ka,GME,positive,0.7958
lsss8q,TSLA,negative,0.8415
lssrtn,AMC,neutral,0.8629
lssrtn,GME,neutral,0.8629
lssm3m,ORCL,neutral,0.8417
lssjh7,TSLA,neutral,0.8699
lssh5s,AMC,negative,0.6896
lssh5s,GME,negative,0.6896
lssay5,AMC,neutral,0.9056
lsrub3,GME,neutral,0.8469
lsrojx,GME,neutral,0.8661
lsrmjb,AMC,neutral,0.9513
lsrmjb,GME,neutral,0.9513
lsr46g,AMC,neutral,0.8882
lsr46g,GME,neutral,0.8882
lsqykg,AAPL,positive,0.7878
lsquxo,AAPL,neutral,0.8306
lsqshm,AMC,neutral,0.4875
lsqshm,GME,neutral,0.4875
lsqn90,GME,neutral,0.9337
lsqlri,AMC,neutral,0.9356
lsqjne,AAPL,negative,0.8917
lsqjne,GOOGL,negative,0.8917
lsqjne,TSLA,negative,0.8917
lsqjne,AMC,negative,0.8917
lsqjne,AMZN,negative,0.8917
lsqjne,GME,negative,0.8917
lsqjne,META,negative,0.8917
lsqjne,NFLX,negative,0.8917
lsqen0,GME,neutral,0.9284
lsqdlz,AMC,negative,0.5030
lsqdlz,GME,negative,0.5030
lspc8a,GME,neutral,0.7101
lspbb5,GME,neutral,0.8113
lsp8e0,GME,neutral,0.9015
lsop90,GME,neutral,0.8259
lsol76,GME,neutral,0.8517
lso9ix,GME,neutral,0.8173
lso8al,TSLA,neutral,0.9276
lso66r,GME,positive,0.7784
lsnxkm,GME,neutral,0.7403
lsn7lu,AMC,neutral,0.9009
lsn7lu,GME,neutral,0.9009
lsn7ke,AMC,neutral,0.8896
lsn7ke,GME,neutral,0.8896
lsn7gc,GME,neutral,0.9048
lsn2ty,AMC,negative,0.6903
lsn2ty,GME,negative,0.6903
lsmq9e,AMZN,neutral,0.9212
lsmq9e,GME,neutral,0.9212
lsmo0g,GME,neutral,0.6515
lsml3c,GME,neutral,0.9076
lsmgzg,AMC,neutral,0.8411
lsmgzg,GME,neutral,0.8411
lsmg6d,GME,neutral,0.8915
lsmeyz,GME,positive,0.6491
lsm3cp,AMC,neutral,0.8672
lsm0iz,GME,neutral,0.7313
lslwzm,GME,positive,0.5152
lslw6t,GME,neutral,0.8474
lslvrg,AMC,neutral,0.9404
lslmfh,AMC,neutral,0.7275
lsllgk,GME,neutral,0.9065
lslkjb,AMC,neutral,0.8502
lslkjb,GME,neutral,0.8502
lsljv5,GME,neutral,0.7536
lslk0u,AMC,neutral,0.8689
lslk0u,GME,neutral,0.8689
lslcd4,GME,neutral,0.9263
lsldn0,GME,neutral,0.6702
lslb8s,GME,neutral,0.8571
lslau3,INTC,neutral,0.8616
lslau3,NVDA,neutral,0.8616
lsl9my,AMC,neutral,0.8645
lsl9my,GME,neutral,0.8645
lsl6d0,GME,neutral,0.4744
lsl3tq,AMC,neutral,0.8660
lsl3tq,GME,neutral,0.8660
lsl23u,AMC,neutral,0.7365
lsl23u,GME,neutral,0.7365
lsl00i,GME,neutral,0.9210
lsky00,GME,neutral,0.7192
lskxyq,AAPL,negative,0.8987
lskvun,GME,neutral,0.9347
lskwls,AMC,neutral,0.8895
lskwls,GME,neutral,0.8895
lskstx,AMC,neutral,0.9133
lskqbi,GME,neutral,0.8912
lskl0w,GME,neutral,0.8543
lski6d,AMC,neutral,0.7278
lskgzv,GME,neutral,0.8422
lskekv,GME,neutral,0.8459
lske13,AMC,neutral,0.6877
lskaxp,GME,neutral,0.8631
lsk9ak,GME,neutral,0.8953
lsk5kj,AMC,neutral,0.8648
lsk5kj,GME,neutral,0.8648
lsk22c,GME,neutral,0.9094
lsk17x,GME,neutral,0.9342
lsjvie,AMC,neutral,0.6018
lsjvie,GME,neutral,0.6018
lsjt8r,GME,neutral,0.8824
lsjrs5,AMC,neutral,0.8468
lsjrs5,GME,neutral,0.8468
lsjpof,GME,negative,0.7914
lsjlk7,AAPL,positive,0.6338
lsjl5m,AMC,neutral,0.9292
lsjl5m,GME,neutral,0.9292
lsjiax,GME,neutral,0.8161
lsja3r,GME,neutral,0.8058
lsja1w,GME,neutral,0.7382
lsizzx,AMC,neutral,0.7848
lsiwsi,GME,neutral,0.8498
lvw227,GME,neutral,0.7536
lvvkjq,AMC,neutral,0.9167
lvvdf6,AAPL,neutral,0.7523
lvvdf6,TSLA,neutral,0.7523
lvtxcm,GME,neutral,0.9058
lvthaa,GME,neutral,0.8761
lvrhq6,GME,neutral,0.8093
lvqn5p,GOOGL,neutral,0.8839
lvkqmu,GME,neutral,0.9285
lvjiet,AMC,neutral,0.9471
lvjiet,GME,neutral,0.9471
lviyyz,GME,neutral,0.8988
lvg2a2,GME,neutral,0.9055
lvbk8e,AMC,neutral,0.7713
lvbk8e,GME,neutral,0.7713
lvbhv2,GME,neutral,0.7766
lvbhkg,AMC,positive,0.8840
lvbhkg,GME,positive,0.8840
lvbgiq,GME,neutral,0.8481
lvbg1i,GME,neutral,0.9277
lvb868,GME,negative,0.6161
lvb868,GOOGL,negative,0.6161
lvb5vs,GME,neutral,0.8717
lvb3s7,AMC,neutral,0.7261
lvb3s7,GME,neutral,0.7261
lvayx7,TSLA,neutral,0.7701
lvawdr,AMC,neutral,0.8747
lvawdr,GME,neutral,0.8747
lvatk3,GME,neutral,0.9213
lvasn6,GME,neutral,0.7981
lvasn6,INTC,neutral,0.7981
lvan16,GME,neutral,0.9015
lvajki,AMC,neutral,0.8870
lvajki,GME,neutral,0.8870
lvaah3,GME,neutral,0.8437
lv9ybg,TSLA,neutral,0.8461
lva0s1,GME,neutral,0.9306
lva028,AMC,neutral,0.8883
lva028,GME,neutral,0.8883
lv9s3i,AMC,neutral,0.6067
lv9s3i,GME,neutral,0.6067
lv9kfs,AMC,neutral,0.9153
lv9iu1,GME,neutral,0.9098
lv9iu1,TSLA,neutral,0.9098
lv9967,GME,negative,0.5115
lv90li,GME,neutral,0.6903
lv8t94,GME,neutral,0.8293
lv8c6r,GME,neutral,0.9241
lv82gp,AMC,neutral,0.8941
lv82gp,GME,neutral,0.8941
lv7cwd,AMC,neutral,0.8270
lv7ahq,GME,neutral,0.9228
lv726g,GME,neutral,0.6613
lv6y45,GME,positive,0.7781
lv6r0q,AMC,neutral,0.9301
lv6r0q,GME,neutral,0.9301
lv67tb,GME,neutral,0.9297
lv62eu,GME,neutral,0.5920
lv5exe,GME,neutral,0.8686
lv4wuw,AAPL,negative,0.5068
lv4wuw,TSLA,negative,0.5068
lv4wuw,AMC,negative,0.5068
lv4wuw,AMZN,negative,0.5068
lv4wuw,GME,negative,0.5068
lv4wuw,NFLX,negative,0.5068
lv3b34,AMC,neutral,0.8100
lv2kfz,AMC,neutral,0.8613
lv2kfz,GME,neutral,0.8613
lv1s7x,GME,neutral,0.7449
lv1aa4,AMC,negative,0.8116
luzywt,GME,neutral,0.8659
luzywt,TSLA,neutral,0.8659
luz2g4,AMC,negative,0.6234
luz2g4,AAPL,negative,0.6234
luz2g4,GME,negative,0.6234
luz2g4,META,negative,0.6234
luxlbx,GME,neutral,0.8917
luxlbx,NVDA,neutral,0.8917
luw86a,GME,neutral,0.8864
luvtfi,AMC,neutral,0.8483
luvtfi,NFLX,neutral,0.8483
luvtfi,AMZN,neutral,0.8483
luvdkd,AAPL,neutral,0.9103
luvdkd,AMC,neutral,0.9103
luvdkd,META,neutral,0.9103
luvdkd,GME,neutral,0.9103
luvdkd,NVDA,neutral,0.9103
luv2to,GME,neutral,0.9406
luv21w,GME,neutral,0.8629
luunvc,AMC,neutral,0.8299
luunvc,GME,neutral,0.8299
luum69,GME,neutral,0.8256
lutxfn,AMC,neutral,0.9394
lutnhr,AMC,neutral,0.8604
lutnhr,GME,neutral,0.8604
lut8z8,GME,neutral,0.8913
lusqh7,GME,neutral,0.8724
lusra4,GME,neutral,0.7810
lurtpe,AMC,neutral,0.8110
lurojo,GME,neutral,0.8518
lurdix,GME,neutral,0.8661
lur27s,GME,neutral,0.9374
lur1gf,AMC,neutral,0.9232
luqzzu,GME,neutral,0.7741
luqc98,GME,neutral,0.9004
luqbc4,AMZN,neutral,0.8891
luqbc4,AAPL,neutral,0.8891
luqaev,GME,neutral,0.9216
luppfz,GME,neutral,0.8180
luol45,AMC,neutral,0.6762
lunqf0,TSLA,neutral,0.8586
lunoqf,TSLA,neutral,0.4700
lunjq6,AMZN,neutral,0.8614
lunjq6,MSFT,neutral,0.8614
lunjq6,TSLA,neutral,0.8614
lunjq6,META,neutral,0.8614
lundoh,TSLA,neutral,0.7729
lun4yj,GME,neutral,0.4800
lun2co,AMC,neutral,0.8348
lun2co,GME,neutral,0.8348
lumhek,AMC,neutral,0.8158
lumcrw,GME,neutral,0.8533
lumcrw,NFLX,neutral,0.8533
lumcrw,GOOGL,neutral,0.8533
lulsgz,META,neutral,0.5209
lulsgz,TSLA,neutral,0.5209
lulcdm,TSLA,positive,0.9341
lul6lh,GME,positive,0.6731
luk9jx,AMC,neutral,0.9235
luk9jx,AMZN,neutral,0.9235
lujakx,GME,neutral,0.7064
lui4ui,AMC,negative,0.5514
lui4ui,GME,negative,0.5514
luhy0g,GME,neutral,0.9086
luhvqd,AMC,neutral,0.6525
luhvqd,GME,neutral,0.6525
luh0u7,GME,neutral,0.8396
lugp10,GME,neutral,0.8573
lugp10,TSLA,neutral,0.8573
lugobr,AMC,neutral,0.7093
lugobr,GME,neutral,0.7093
luetbb,AMC,neutral,0.8445
luetbb,GME,neutral,0.8445
lues7c,GME,positive,0.4707
lues7c,TSLA,positive,0.4707
ludcm6,AMC,neutral,0.8504
luctsb,AMC,neutral,0.8895
luc6hf,AMC,neutral,0.8520
luc6hf,GME,neutral,0.8520
lubucg,GME,negative,0.5977
luahyq,GME,neutral,0.7605
luaa16,GME,neutral,0.5007
lu9rys,GME,neutral,0.9277
lu98q2,GME,neutral,0.8179
lu88d9,AMC,neutral,0.6058
lu7m9j,AMC,neutral,0.9193
lu7m9j,GME,neutral,0.9193
lu7g5l,AMC,neutral,0.8008
lu79u8,AMC,neutral,0.8382
lu79u8,GME,neutral,0.8382
lu5g54,ORCL,neutral,0.8475
lu5dvw,GME,neutral,0.9359
lu48o5,GME,neutral,0.7920
lu46g7,IBM,neutral,0.8484
lu46g7,GOOGL,neutral,0.8484
lu46g7,MSFT,neutral,0.8484
lu46g7,AMZN,neutral,0.8484
lu46g7,META,neutral,0.8484
lu42w1,GME,negative,0.6729
lu3p20,AMC,neutral,0.6889
lu3lh7,GME,neutral,0.8945
lu35io,AMC,neutral,0.8798
lu2ycr,AAPL,neutral,0.8038
lu2tkc,CRM,negative,0.6273
lu2tkc,AAPL,negative,0.6273
lu2tkc,GOOGL,negative,0.6273
lu2tkc,TSLA,negative,0.6273
lu2tkc,AMC,negative,0.6273
lu2tkc,AMZN,negative,0.6273
lu2tkc,GME,negative,0.6273
lu2tkc,META,negative,0.6273
lu2rdj,AMC,neutral,0.7942
lu1yze,GME,neutral,0.5996
lu1xim,GME,neutral,0.4981
lu1r4b,CRM,neutral,0.8727
lu1r4b,AAPL,neutral,0.8727
lu1r4b,TSLA,neutral,0.8727
lu1r4b,GME,neutral,0.8727
lu1r4b,NVDA,neutral,0.8727
lu1kcl,GME,negative,0.5851
lu1dwi,GME,neutral,0.9225
lu0d59,GME,negative,0.9196
lu0dfv,AAPL,neutral,0.8854
lu06pi,GME,neutral,0.8887
lu05w7,AMC,neutral,0.9180
ltzrbg,AMC,neutral,0.9010
ltzrbg,GME,neutral,0.9010
ltzrbg,TSLA,neutral,0.9010
ltzrbg,GOOGL,neutral,0.9010
ltzaoi,GME,neutral,0.8769
ltzb4d,GME,neutral,0.8839
ltz2lb,AMC,neutral,0.9068
ltys5m,GME,neutral,0.9293
lty21p,AMZN,neutral,0.9108
lty21p,GME,neutral,0.9108
lty21p,TSLA,neutral,0.9108
ltxv73,AMZN,neutral,0.9401
ltxv73,GME,neutral,0.9401
ltxnav,AMC,neutral,0.9233
ltvzax,AMC,neutral,0.8278
ltvzax,GME,neutral,0.8278
ltvs2v,GME,neutral,0.7505
ltv4nn,GME,neutral,0.9400
ltugnx,GME,neutral,0.6623
ltuex7,GME,neutral,0.9047
ltudu7,GME,neutral,0.8894
ltudj3,GME,neutral,0.5974
ltuddt,AMC,neutral,0.7548
ltuddt,GME,neutral,0.7548
lttzpt,AMC,neutral,0.8535
lttzpt,GME,neutral,0.8535
ltt17r,AMZN,neutral,0.5370
ltt17r,GME,neutral,0.5370
ltszy8,TSLA,neutral,0.8973
ltqom2,GME,neutral,0.7856
ltpnrj,AMC,neutral,0.7885
ltpnrj,GME,neutral,0.7885
ltpf7f,AMZN,neutral,0.8302
ltpf7f,GME,neutral,0.8302
ltpa27,AMC,neutral,0.9049
ltpa27,GME,neutral,0.9049
ltpa27,NFLX,neutral,0.9049
ltp94c,NFLX,neutral,0.4510
ltoqdf,AMC,neutral,0.8343
lto4sf,GME,neutral,0.9128
ltnc32,GME,negative,0.6422
ltn36s,GME,positive,0.7275
ltmzo6,AMC,negative,0.6156
ltmzo6,GME,negative,0.6156
ltmxom,AMZN,neutral,0.8439
ltmd2h,GME,neutral,0.8352
ltm9gp,AMC,neutral,0.8798
ltm9gp,GME,neutral,0.8798
ltm716,GME,neutral,0.8096
ltm5cn,GME,neutral,0.7817
ltky6h,TSLA,neutral,0.7464
ltjrqf,GME,neutral,0.9324
ltikef,GME,neutral,0.9311
lthwbb,AMC,neutral,0.9094
lthwbb,GME,neutral,0.9094
lthc7j,GME,neutral,0.8012
lth0io,GME,neutral,0.9404
ltgrmx,GME,neutral,0.5845
ltgox5,AMC,neutral,0.9150
ltgox5,GME,neutral,0.9150
ltg3fi,GME,neutral,0.7065
ltfuve,GME,neutral,0.9238
ltfmxm,AMC,neutral,0.7131
ltfmxm,GME,neutral,0.7131
ltfinj,GME,neutral,0.8896
ltf8uo,GME,neutral,0.8620
ltep3k,GME,neutral,0.8464
ltef66,AMC,neutral,0.8680
lteecj,GME,neutral,0.6175
lte6kj,GME,neutral,0.9255
lte6kj,GOOGL,neutral,0.9255
lte4ry,GME,neutral,0.8613
ltdv1b,GME,neutral,0.8981
ltdtt2,AMC,neutral,0.9208
ltdn7b,AMC,neutral,0.9000
ltdn7b,GME,neutral,0.9000
ltdn7b,AMZN,neutral,0.9000
ltdkf6,GME,neutral,0.8281
ltcrfl,AAPL,negative,0.8931
ltcdf5,AMC,neutral,0.7535
ltcdf5,GME,neutral,0.7535
ltbz4f,TSLA,neutral,0.6218
ltblcz,GME,neutral,0.8085
ltb6hu,GME,neutral,0.8894
ltb1bl,GME,neutral,0.8793
ltazef,GME,neutral,0.9338
ltagot,AMC,neutral,0.4526
ltagot,GME,neutral,0.4526
ltaezz,AMZN,neutral,0.8576
ltaezz,GME,neutral,0.8576
ltaduc,GME,neutral,0.8127
ltabyi,GME,neutral,0.6283
lta6g8,GME,neutral,0.9213
lt9vfo,GME,neutral,0.9434
lt9qim,GME,neutral,0.6554
lt9kda,AMC,neutral,0.7378
lt9kda,GME,neutral,0.7378
lt9iir,AMC,neutral,0.7190
lt9clz,GME,neutral,0.8052
lt97mh,AMC,neutral,0.8868
lt97mh,GME,neutral,0.8868
lt8xeb,GME,neutral,0.8984
lt8wq1,AMC,positive,0.6287
lt8wq1,TSLA,positive,0.6287
lt8uyu,GME,negative,0.8431
lt8rj7,GME,neutral,0.8216
lt8rj7,TSLA,neutral,0.8216
lt8rg4,GME,neutral,0.7406
lt8r61,AMC,neutral,0.7971
lt8r61,GME,neutral,0.7971
lt8r61,AMZN,neutral,0.7971
lt8obu,AMC,neutral,0.5282
lt8n05,AMZN,neutral,0.8816
lt8n05,GME,neutral,0.8816
lt8kna,GME,positive,0.7750
lt8hw6,GME,neutral,0.8475
lt8gqg,GME,negative,0.6037
lt89s3,INTC,neutral,0.9211
lt89s3,GOOGL,neutral,0.9211
lt89s3,TSLA,neutral,0.9211
lt89s3,AMZN,neutral,0.9211
lt89s3,GME,neutral,0.9211
lt89s3,NVDA,neutral,0.9211
lt84um,GME,neutral,0.7786
lt7v4w,GME,neutral,0.9377
lt7tia,AMC,neutral,0.9137
lt7tia,GME,neutral,0.9137
lt7sfo,AMC,negative,0.5592
lt7sfo,GME,negative,0.5592
lt7oa8,GME,neutral,0.9414
lt7miq,AMC,neutral,0.8774
lt7miq,GME,neutral,0.8774
lt7kmq,GME,neutral,0.9017
lt7ijl,AMC,neutral,0.8830
lt7ijl,GME,neutral,0.8830
lt7hql,GME,neutral,0.9274
lt7cuw,AAPL,positive,0.5039
lt7358,AMC,neutral,0.8377
lt6r6w,GME,neutral,0.9306
lt6iu2,GME,neutral,0.8956
lt6iu2,NFLX,neutral,0.8956
lt67sr,AMC,neutral,0.8536
lt67sr,GME,neutral,0.8536
lt63fk,GME,negative,0.7370
lt63cz,GME,neutral,0.9274
lt61px,GME,neutral,0.8927
lt5zzz,AMC,neutral,0.7586
lt5zzz,GME,neutral,0.7586
lt5t0h,GME,negative,0.9686
lt5n18,GME,neutral,0.8804
lt5lu0,AMC,neutral,0.8950
lt5bih,GME,neutral,0.8980
lt56au,AMC,neutral,0.9396
lt56au,GME,neutral,0.9396
lt568v,ORCL,neutral,0.8815
lt5390,GME,negative,0.8933
lt4ys4,GME,neutral,0.8561
lt4wo1,GME,neutral,0.5605
lt4ci5,AMC,neutral,0.5951
lt4ci5,GME,neutral,0.5951
lt4ci5,NFLX,neutral,0.5951
lt47yg,AMC,neutral,0.7784
lt47yg,GME,neutral,0.7784
lwo1jn,GME,neutral,0.8996
lwnyd1,AMC,neutral,0.9246
lwnyd1,NVDA,neutral,0.9246
lwnl1i,GME,neutral,0.7161
lwitpv,GME,neutral,0.9397
lwi43r,GME,neutral,0.8816
lwep8m,GME,neutral,0.9216
lwei5o,GME,neutral,0.6546
lwc5vt,GME,neutral,0.7555
lw9yc2,GME,neutral,0.6995
lw86op,GME,neutral,0.8933
lw83f1,AMZN,neutral,0.6977
lw7z8v,GME,neutral,0.9028
lw7xao,GME,neutral,0.8127
lw7w0p,GME,neutral,0.9025
lw7mic,AMC,neutral,0.6430
lw7mic,GME,neutral,0.6430
lw7hx7,GME,neutral,0.8583
lw7g4t,AMC,neutral,0.9363
lw7g4t,GME,neutral,0.9363
lw7bsi,TSLA,neutral,0.8709
lw7bsi,NVDA,neutral,0.8709
lw6vah,AMC,neutral,0.8818
lw6vah,GME,neutral,0.8818
lw6268,AMC,neutral,0.8634
lw6268,GME,neutral,0.8634
lw6268,NFLX,neutral,0.8634
lw5uqp,AMC,neutral,0.8246
lw5uqp,GME,neutral,0.8246
lw5tz0,GME,neutral,0.8524
lw5rgz,AMC,neutral,0.6464
lw5rgz,GME,neutral,0.6464
lw5oxw,GME,neutral,0.9347
lw5odk,GME,neutral,0.8300
lw5odk,INTC,neutral,0.8300
lw5odk,NVDA,neutral,0.8300
lw5nox,GME,neutral,0.9030
lw5kiq,GME,neutral,0.8474
lw56xc,TSLA,negative,0.4306
lw4qgi,GME,neutral,0.9132
lw4lsi,GME,neutral,0.9084
lw4k8v,AMC,neutral,0.6026
lw4k8v,GME,neutral,0.6026
lw4i3o,AMC,neutral,0.8411
lw4gis,GME,neutral,0.8657
lw4ejf,GME,neutral,0.9131
lw4dkr,GME,neutral,0.8581
lw4bj7,GOOGL,neutral,0.6774
lw3tjt,GME,neutral,0.5121
lw3qay,GME,neutral,0.9050
lw3plv,GME,neutral,0.8416
lw3no0,GME,neutral,0.9185
lw3jk6,GME,neutral,0.8199
lw383o,AMC,neutral,0.9040
lw383o,AAPL,neutral,0.9040
lw383o,GME,neutral,0.9040
lw383o,TSLA,neutral,0.9040
lw37yp,GME,neutral,0.8187
lw37r9,AMC,neutral,0.7584
lw2qln,GME,neutral,0.9083
lw22ji,AMC,neutral,0.7243
lw1g35,GME,neutral,0.8449
lw15gf,GME,neutral,0.8142
lw0k8o,GME,neutral,0.7968
lw0g1g,GME,neutral,0.8850
lvz261,GME,neutral,0.8814
lvxptd,GME,neutral,0.8884
lvx9b2,GME,negative,0.4823
lvwfba,GME,neutral,0.8067
lvvrty,GME,neutral,0.8768
lvvmt3,GME,neutral,0.5561
lvvfkc,NFLX,neutral,0.4974
lvvalp,AAPL,neutral,0.7843
lvvalp,GME,neutral,0.7843
lvvalp,TSLA,neutral,0.7843
lvuklq,AMC,neutral,0.9396
lvuf6b,GME,neutral,0.9435
lvufis,GME,neutral,0.7598
lvuf7m,GME,neutral,0.7979
lvu8lv,GME,negative,0.7341
lvu84r,AMC,neutral,0.8408
lvu84r,GME,neutral,0.8408
lvu4k7,AMC,positive,0.4291
lvtzqg,GME,neutral,0.9359
lvtze6,AMC,neutral,0.9106
lvtrde,GME,negative,0.6444
lvtpkx,CRM,neutral,0.8719
lvtpcd,AMC,neutral,0.9423
lvth4p,AMC,neutral,0.8738
lvth4p,GME,neutral,0.8738
lvssbg,GME,neutral,0.9356
lvsjfr,AMC,neutral,0.8760
lvsgc6,GME,neutral,0.9386
lvsf03,GME,neutral,0.9119
lvs3n7,GME,negative,0.8001
lvrym0,GME,neutral,0.5989
lvqu6b,GME,positive,0.4894
lvqm96,AMC,positive,0.6357
lvqk8e,GME,neutral,0.9408
lvqif2,AMC,neutral,0.8565
lvqif2,GME,neutral,0.8565
lvpm8d,GME,neutral,0.8832
lvpijg,GME,neutral,0.8713
lvpgzj,AMC,neutral,0.5240
lvpgzj,GME,neutral,0.5240
lvpgzj,AMZN,neutral,0.5240
lvpcrq,GME,neutral,0.7999
lvp67v,AMC,neutral,0.8578
lvp67v,GME,neutral,0.8578
lvp047,AMC,neutral,0.6996
lvopn6,GME,neutral,0.8964
lvokn8,GME,neutral,0.8844
lvoek1,ORCL,neutral,0.9274
lvodo1,GME,neutral,0.8617
lvodhm,GME,neutral,0.9099
lvo78p,AMC,neutral,0.8749
lvo1rr,AMC,neutral,0.7650
lvo1rr,GME,neutral,0.7650
lvnoww,META,neutral,0.8971
lvmno1,AMZN,neutral,0.8042
lvmno1,GME,neutral,0.8042
lvmgm6,GME,neutral,0.6076
lvm8lt,GME,neutral,0.5049
lvm7av,TSLA,neutral,0.6662
lvm2a7,GME,neutral,0.8795
lvlxw4,GME,neutral,0.7318
lvlvju,AMC,neutral,0.8938
lvlt0y,GME,neutral,0.8879
lvlpie,GME,neutral,0.9058
lvlnif,AMC,neutral,0.7626
lvln74,AAPL,neutral,0.8958
lvlm1e,GME,neutral,0.8362
lvleax,GME,neutral,0.9181
lvl0mw,AMC,neutral,0.8550
lvl0mw,GME,neutral,0.8550
lvkzyh,GME,neutral,0.7707
lvkpmm,AMC,neutral,0.9002
lvkoy6,AMC,neutral,0.9062
lvkoy6,GME,neutral,0.9062
lvknvz,AMC,neutral,0.8839
lvknvz,GME,neutral,0.8839
lvknbm,GME,neutral,0.8797
lvkcxf,AMC,neutral,0.9167
lvk9ka,AAPL,neutral,0.8803
lvk9ie,GME,neutral,0.8771
lvk6n3,AMC,neutral,0.6906
lvk6n3,GME,neutral,0.6906
lvjxqv,GME,neutral,0.7784
lvjwjz,GME,neutral,0.8609
lvjw9o,GME,neutral,0.7787
lvjosn,GME,neutral,0.9489
lvjlsn,AMC,neutral,0.9387
lvjlsn,GME,neutral,0.9387
lvjii7,GME,neutral,0.8970
lvixbx,GME,neutral,0.8690
lviice,AMC,neutral,0.9336
lvhtav,AMC,negative,0.5675
lvhom5,AMC,neutral,0.7498
lvho3k,CRM,neutral,0.6349
lvhe1z,GME,neutral,0.8974
lvhc51,AMC,neutral,0.6139
lvh82a,AMC,neutral,0.8818
lvh0al,GME,neutral,0.8919
lvgso1,TSLA,neutral,0.8336
lvg4q3,GME,neutral,0.9166
lvg326,AMC,neutral,0.8765
lvg326,GME,neutral,0.8765
lvfrrp,GME,negative,0.9598
lvfnl2,GME,neutral,0.7933
lvffwp,GME,neutral,0.8862
lvf4p5,AMC,negative,0.6672
lvetg2,GME,neutral,0.9213
lvesg3,GME,neutral,0.7726
lvesah,GME,neutral,0.9346
lvep7s,AMC,neutral,0.7601
lveg31,AMZN,neutral,0.9314
lveg31,GME,neutral,0.9314
lvdzbf,AMC,positive,0.7812
lvdzbf,GME,positive,0.7812
lvdp0x,AMC,negative,0.5166
lvdp0x,GME,negative,0.5166
lvdgy4,GME,neutral,0.9093
lvd80c,GME,neutral,0.9202
lvd1dy,GME,neutral,0.8479
lvcx58,GME,positive,0.4160
lvc6xx,AMC,neutral,0.8842
lvc6xx,GME,neutral,0.8842
lvbsaf,AMC,neutral,0.9136
lvbsaf,GME,neutral,0.9136
lvbsaf,GOOGL,neutral,0.9136
lxexei,AMC,neutral,0.8994
lxexei,AAPL,neutral,0.8994
lxexei,GME,neutral,0.8994
lxd5ev,AMZN,neutral,0.8638
lxd5ev,TSLA,neutral,0.8638
lxchgn,AMZN,neutral,0.8627
lxchgn,GME,neutral,0.8627
lxcchv,AMC,neutral,0.5702
lxcchv,GME,neutral,0.5702
lxbgcw,AMC,neutral,0.8958
lxbgcw,GME,neutral,0.8958
lxatg6,AMC,neutral,0.7806
lx8956,GME,neutral,0.7727
lx7zjp,GME,neutral,0.8953
lx2dgu,GME,neutral,0.9010
lx2btd,AMC,neutral,0.8825
lx2btd,GME,neutral,0.8825
lww4z2,AAPL,neutral,0.9048
lww4z2,GME,neutral,0.9048
lwvzzn,AAPL,neutral,0.8734
lwvvfn,AMC,neutral,0.8085
lwvvfn,GME,neutral,0.8085
lwvppx,INTC,neutral,0.8143
lwvppx,AAPL,neutral,0.8143
lwvppx,TSLA,neutral,0.8143
lwvppx,AMC,neutral,0.8143
lwvppx,GME,neutral,0.8143
lwvp2e,AMC,neutral,0.8697
lwvopx,GME,neutral,0.8832
lwvezn,AMZN,neutral,0.8786
lwvezn,TSLA,neutral,0.8786
lwv4fv,TSLA,neutral,0.5054
lwush5,GME,neutral,0.9369
lwursn,AMC,neutral,0.8231
lwursn,GME,neutral,0.8231
lwupak,GME,neutral,0.5284
lwufjs,GME,neutral,0.4065
lwtzgh,GME,neutral,0.6757
lwtejk,GME,neutral,0.9544
lwta3q,AMC,neutral,0.7806
lwta3q,GME,neutral,0.7806
lwsqg7,AMC,neutral,0.8529
lwsqg7,GME,neutral,0.8529
lwsqg7,NFLX,neutral,0.8529
lwsqg7,AMZN,neutral,0.8529
lwsel6,GME,neutral,0.7122
lwsa2w,GME,neutral,0.9191
lws75j,AMC,neutral,0.8385
lws58h,GME,neutral,0.7758
lwrxw9,AMC,neutral,0.7897
lwrxw9,NFLX,neutral,0.7897
lwrbfm,GOOGL,positive,0.4018
lwqj99,GME,neutral,0.8917
lwqfsb,GOOGL,neutral,0.8756
lwqbmb,GME,neutral,0.5890
lwq47t,AMC,negative,0.5298
lwq47t,GME,negative,0.5298
lwq3ba,GME,neutral,0.8701
lwq38e,GME,neutral,0.8309
lwq0lf,GME,neutral,0.9336
lwpcje,AMC,negative,0.6296
lwpcje,GME,negative,0.6296
lwoys5,GME,neutral,0.6168
lwokjr,GME,neutral,0.9385
lwnlnt,GME,neutral,0.8667
lwnfwh,AAPL,neutral,0.6490
lwnfwh,GME,neutral,0.6490
lwnfwh,GOOGL,neutral,0.6490
lwn6cr,AAPL,neutral,0.8633
lwn6cr,GOOGL,neutral,0.8633
lwn6cr,MSFT,neutral,0.8633
lwn6cr,TSLA,neutral,0.8633
lwn6cr,AMZN,neutral,0.8633
lwn383,GME,neutral,0.9093
lwlpqv,GME,neutral,0.4818
lwlnsz,CRM,neutral,0.6288
lwlixj,GME,neutral,0.6992
lwlior,GME,neutral,0.9372
lwlhtj,GME,negative,0.5259
lwlhbi,GME,negative,0.8431
lwlfdr,GME,neutral,0.6571
lwlakf,GME,neutral,0.8428
lwl7d9,TSLA,neutral,0.9358
lwl78y,GME,neutral,0.9213
lwl4zm,GME,negative,0.6683
lwky2g,GME,neutral,0.9421
lwkvn7,GME,neutral,0.9199
lwku21,GME,neutral,0.8287
lwkitg,AAPL,neutral,0.8471
lwkitg,MSFT,neutral,0.8471
lwkitg,TSLA,neutral,0.8471
lwkhrb,GME,neutral,0.8074
lwkec7,AMC,neutral,0.8479
lwkazi,AMC,neutral,0.9118
lwkazi,GME,neutral,0.9118
lwk3ab,AMC,neutral,0.9129
lwk3ab,GME,neutral,0.9129
lwk1ap,GME,neutral,0.8173
lwk1ap,MSFT,neutral,0.8173
lwk1ap,TSLA,neutral,0.8173
lwk046,GME,neutral,0.9411
lwjyj5,GME,neutral,0.7546
lwju7y,AMC,neutral,0.4999
lwjjt7,AMC,neutral,0.8789
lwjhw7,GME,neutral,0.8273
lwjetx,AMC,neutral,0.9082
lwjetx,GME,neutral,0.9082
lwjcgf,AMC,neutral,0.8940
lwjcgf,GME,neutral,0.8940
lwjb6r,GME,neutral,0.8835
lwj2xr,GME,neutral,0.8270
lwj0gp,AMC,neutral,0.9311
lwj0gp,GME,neutral,0.9311
lwj0gp,NFLX,neutral,0.9311
lwixb0,GME,neutral,0.8761
lwiwsj,GME,neutral,0.8651
lwiwsj,NVDA,neutral,0.8651
lwiud8,GME,negative,0.6849
lwiqip,GME,negative,0.9407
lwiozs,GME,neutral,0.7566
lwik1s,GME,neutral,0.8033
lwig5b,GME,neutral,0.8956
lwig5b,TSLA,neutral,0.8956
lwibd4,GME,negative,0.9243
lwi77o,TSLA,neutral,0.5629
lwi6fc,GME,neutral,0.8709
lwi6fc,TSLA,neutral,0.8709
lwi585,GME,neutral,0.8350
lwi4xx,GME,neutral,0.8421
lwhzx3,AMC,neutral,0.7835
lwhzx3,GME,neutral,0.7835
lwhrcj,AMC,neutral,0.9242
lwhkwa,AMC,neutral,0.8050
lwhkwa,GME,neutral,0.8050
lwhfga,GME,neutral,0.8826
lwhdyn,AMC,neutral,0.9031
lwhdyn,GME,neutral,0.9031
lwhcp2,AAPL,positive,0.5228
lwh7b6,AMC,neutral,0.9062
lwh7b6,GME,neutral,0.9062
lwh7b6,TSLA,neutral,0.9062
lwh696,AAPL,neutral,0.5857
lwh4b3,TSLA,negative,0.9265
lwh4b3,AMC,negative,0.9265
lwh4b3,AMZN,negative,0.9265
lwh4b3,GME,negative,0.9265
lwh4b3,NFLX,negative,0.9265
lwgzjs,GME,neutral,0.8875
lwgyws,AMC,neutral,0.8487
lwgyws,GME,neutral,0.8487
lwgq5k,GME,neutral,0.9234
lwggp3,AMC,negative,0.8976
lwgfbk,GME,neutral,0.6258
lwgdpx,AMC,neutral,0.9428
lwgd17,GME,neutral,0.8774
lwgcpc,GME,neutral,0.8970
lwgcmw,GME,neutral,0.8426
lwgbtr,AMC,neutral,0.5634
lwgbtr,GME,neutral,0.5634
lwgbtr,NFLX,neutral,0.5634
lwg7ys,AMC,neutral,0.9038
lwg6yo,GME,neutral,0.8053
lwg54r,GME,neutral,0.8343
lwg4a0,TSLA,neutral,0.8874
lwg1ah,GME,neutral,0.9152
lwg0u0,GME,positive,0.8970
lwfyks,GME,neutral,0.6773
lwfthg,AMC,neutral,0.9223
lwfthg,GME,neutral,0.9223
lwfppm,GME,positive,0.6920
lwfp28,AMC,neutral,0.8890
lwffta,AMZN,neutral,0.9247
lwffta,GME,neutral,0.9247
lwffta,TSLA,neutral,0.9247
lwfep1,GME,negative,0.9172
lwfbke,AMC,neutral,0.8079
lwfbke,GME,neutral,0.8079
lwfasi,AMC,neutral,0.7535
lwfahe,AMC,neutral,0.8957
lwf3z2,GME,neutral,0.7934
lwf2ln,AMC,positive,0.4598
lwf1yi,META,neutral,0.7280
lwf1yi,AAPL,neutral,0.7280
lwf1yi,GME,neutral,0.7280
lwf1tq,GME,neutral,0.5389
lwf0u7,GME,neutral,0.9208
lwf0md,AMC,neutral,0.8409
lwf0md,GME,neutral,0.8409
lwf0md,NVDA,neutral,0.8409
lweys1,AMC,neutral,0.9089
lweys1,GME,neutral,0.9089
lwes9j,AMC,neutral,0.9357
lwerrx,AMZN,positive,0.6823
lwerrx,AAPL,positive,0.6823
lwerrx,TSLA,positive,0.6823
lwelhv,GME,neutral,0.8164
lweje6,AMC,neutral,0.8902
lweje6,GME,neutral,0.8902
lweg85,GME,neutral,0.9199
lwef55,AMZN,negative,0.7448
lweetq,GME,neutral,0.8877
lwea4x,GME,positive,0.4433
lwe93q,GME,neutral,0.9194
lwe0wq,AMC,neutral,0.6058
lwdt4i,GME,neutral,0.9337
lwdsk8,GME,neutral,0.8085
lwdrtf,GME,neutral,0.8336
lwdrr9,AMC,neutral,0.7382
lwdrr9,GME,neutral,0.7382
lwdrl9,AMC,neutral,0.4966
lwdrl9,GME,neutral,0.4966
lwdq65,TSLA,neutral,0.8047
lwdesd,GME,neutral,0.9131
lwdbv5,AMZN,neutral,0.8832
lwdbv5,AAPL,neutral,0.8832
lwdbv5,TSLA,neutral,0.8832
lwd9cx,AMC,positive,0.8626
lwd55n,GME,neutral,0.9089
lwcuyl,GME,neutral,0.7403
lwcuqo,GME,neutral,0.8726
lwcu33,GME,neutral,0.8472
lwcpzg,AAPL,neutral,0.8517
lwcier,GME,neutral,0.9409
lwbz9q,GOOGL,neutral,0.7037
lwbymw,AMC,neutral,0.9119
lwbtea,GME,neutral,0.7590
lwbeg3,GME,neutral,0.9331
lwbdyy,GME,positive,0.9250
lwavmv,GME,neutral,0.8643
lwaude,GME,neutral,0.9040
lwa76t,GME,neutral,0.8725
lw9tkl,GME,neutral,0.7556
lw9qfv,GME,neutral,0.8394
lw9org,GME,neutral,0.7893
lw9mt3,GOOGL,neutral,0.7851
lw9mt3,MSFT,neutral,0.7851
lw9mt3,TSLA,neutral,0.7851
lw9m1n,GME,neutral,0.8749
lw9kwa,AMC,neutral,0.9303
lw9kwa,TSLA,neutral,0.9303
lw91r8,GME,neutral,0.5837
lw8uvy,AMC,neutral,0.9284
lw8u9q,GME,neutral,0.9037
lw8n8v,GME,neutral,0.9197
ly6nkw,GME,neutral,0.9080
ly6mis,GME,neutral,0.9105
ly6gn8,GME,neutral,0.9245
ly6ghu,GME,neutral,0.8111
ly6amu,AAPL,neutral,0.7482
ly6amu,GME,neutral,0.7482
ly6amu,TSLA,neutral,0.7482
ly6amu,NVDA,neutral,0.7482
ly65xn,AAPL,neutral,0.9188
ly65xn,GME,neutral,0.9188
ly65xn,TSLA,neutral,0.9188
ly64e0,AMC,neutral,0.8138
ly6241,AMC,neutral,0.8879
ly5mcg,TSLA,neutral,0.7706
ly53y8,GME,neutral,0.8121
ly4zir,GME,negative,0.9197
ly4s2r,MSFT,neutral,0.5978
ly4l7p,TSLA,neutral,0.5919
lxu8et,GME,neutral,0.8087
lxe9jc,TSLA,negative,0.5663
lxe9jc,NVDA,negative,0.5663
lxe955,GME,neutral,0.9389
lxdtfq,AMC,neutral,0.8336
lxdtfq,GME,neutral,0.8336
lxdtbf,GME,neutral,0.8906
lxdk5h,GME,positive,0.8434
lxdhir,AMC,neutral,0.8095
lxdhir,GME,neutral,0.8095
lxdh6w,GME,neutral,0.5899
lxdh0o,AMC,neutral,0.7738
lxdh0o,GOOGL,neutral,0.7738
lxdh0o,META,neutral,0.7738
lxdgfw,GME,positive,0.5151
lxczpb,AMC,neutral,0.6883
lxczpb,GME,neutral,0.6883
lxczpb,INTC,neutral,0.6883
lxcwuj,AMC,neutral,0.9018
lxcq6h,AMC,neutral,0.8285
lxcq6h,GME,neutral,0.8285
lxcnle,GME,neutral,0.7786
lxcm3t,AAPL,neutral,0.8625
lxckr6,TSLA,neutral,0.9323
lxcfpi,GME,neutral,0.7526
lxcclw,AMC,neutral,0.9062
lxc3fb,AMC,positive,0.5805
lxc3fb,GME,positive,0.5805
lxc3fb,AMZN,positive,0.5805
lxbw9p,GME,neutral,0.8645
lxbw2i,AMC,neutral,0.9421
lxbttu,TSLA,neutral,0.5202
lxbttu,NVDA,neutral,0.5202
lxbssi,NVDA,neutral,0.5319
lxbr3k,GME,neutral,0.8990
lxboeu,GME,neutral,0.9278
lxbmid,GME,neutral,0.6425
lxbley,TSLA,neutral,0.9154
lxbj9i,GME,neutral,0.8576
lxat6o,CSCO,negative,0.9359
lxat6o,TSLA,negative,0.9359
lxallv,GME,neutral,0.8453
lxal1c,AMC,neutral,0.7673
lxal1c,GME,neutral,0.7673
lxahqm,GME,neutral,0.8314
lxaeud,AMC,neutral,0.9168
lxacrk,AMZN,neutral,0.8686
lxacrk,GME,neutral,0.8686
lxacrk,MSFT,neutral,0.8686
lxacrk,GOOGL,neutral,0.8686
lxa331,GME,neutral,0.5015
lx9qr7,GME,neutral,0.7406
lx9ils,CRM,negative,0.4934
lx9d65,TSLA,neutral,0.6912
lx99vk,NFLX,neutral,0.8407
lx911i,TSLA,neutral,0.9422
lx8rt7,GME,neutral,0.8451
lx8dt5,AMC,neutral,0.8913
lx8dt5,GME,neutral,0.8913
lx8alj,GOOGL,neutral,0.8471
lx87mw,GME,neutral,0.5699
lx872o,AMC,neutral,0.8820
lx86md,GME,neutral,0.9111
lx86md,TSLA,neutral,0.9111
lx7yfm,GME,neutral,0.5195
lx7pfn,NFLX,neutral,0.5548
lx7i43,IBM,neutral,0.8576
lx7i43,GOOGL,neutral,0.8576
lx7i43,MSFT,neutral,0.8576
lx7i43,AMZN,neutral,0.8576
lx7i43,NFLX,neutral,0.8576
lx7br8,AMC,negative,0.7572
lx7835,GME,neutral,0.8174
lx72vf,GOOGL,neutral,0.7691
lx6wl6,AMZN,neutral,0.8240
lx6n1d,GME,neutral,0.8996
lx6m8b,GME,neutral,0.4951
lx6ho3,GME,positive,0.9460
lx6cbg,GOOGL,neutral,0.8526
lx6bz0,AMC,neutral,0.6828
lx6bz0,GME,neutral,0.6828
lx69ku,AMC,neutral,0.8978
lx69ku,GME,neutral,0.8978
lx66zq,MSFT,neutral,0.8928
lx66zq,NFLX,neutral,0.8928
lx64l5,GME,positive,0.9359
lx640e,GME,neutral,0.9105
lx63gr,GME,neutral,0.8381
lx5zzd,GME,neutral,0.7685
lx5yjb,GME,neutral,0.8921
lx5p2j,GME,neutral,0.7840
lx5o3z,AMC,negative,0.6507
lx5o3z,GME,negative,0.6507
lx5m6o,GME,positive,0.7408
lx5fuo,GME,neutral,0.8997
lx5epa,GME,neutral,0.5731
lx5823,GME,neutral,0.9281
lx54ra,AMC,neutral,0.9070
lx54ra,GME,neutral,0.9070
lx54cp,AMC,neutral,0.8248
lx54cp,GME,neutral,0.8248
lx501t,GME,neutral,0.9298
lx4zri,GME,neutral,0.9342
lx4y2q,AMC,neutral,0.9176
lx4y2q,GME,neutral,0.9176
lx4xp1,AMC,neutral,0.7981
lx4xp1,GME,neutral,0.7981
lx4xp1,TSLA,neutral,0.7981
lx4w7t,GME,neutral,0.8865
lx4v6o,GME,neutral,0.8228
lx4qad,GME,neutral,0.9082
lx4oy6,GME,neutral,0.9213
lx4orf,TSLA,negative,0.5740
lx4nl0,AMC,neutral,0.7501
lx4mu4,MSFT,neutral,0.9051
lx4mu4,INTC,neutral,0.9051
lx4mu4,NVDA,neutral,0.9051
lx4kk2,AMZN,neutral,0.8603
lx4kj0,AAPL,neutral,0.6648
lx3ygl,TSLA,positive,0.9425
lx3wpa,AMC,neutral,0.8923
lx3wk6,AMC,neutral,0.7635
lx3wk6,GME,neutral,0.7635
lx3sbz,META,positive,0.8461
lx3sbz,CRM,positive,0.8461
lx3sbz,MSFT,positive,0.8461
lx3s5d,GME,neutral,0.6815
lx3jwu,GME,neutral,0.8532
lx3jl7,GME,neutral,0.7635
lx37hi,GME,neutral,0.9200
lx31g4,GME,neutral,0.8796
lx2ur2,GME,negative,0.9157
lx2n82,AMZN,neutral,0.8368
lx2n82,GME,neutral,0.8368
lx2aek,GME,neutral,0.5602
lx26cj,GME,positive,0.8548
lx1xrm,GME,neutral,0.9112
lx1x5s,GME,neutral,0.8627
lx1w2o,AMC,neutral,0.6523
lx1w2o,GME,neutral,0.6523
lx1ruc,GME,neutral,0.7929
lx1nzw,GME,neutral,0.8225
lx13n5,GOOGL,neutral,0.6026
lx13n5,TSLA,neutral,0.6026
lx13n5,AMC,neutral,0.6026
lx13n5,GME,neutral,0.6026
lx13n5,NVDA,neutral,0.6026
lx13kf,GME,neutral,0.4717
lx13kf,MSFT,neutral,0.4717
lx13kf,INTC,neutral,0.4717
lx0rlv,GME,positive,0.8595
lx0p1s,NVDA,neutral,0.8026
lx0ls8,GME,neutral,0.8456
lx0h5s,AMC,neutral,0.9146
lx0h5s,AAPL,neutral,0.9146
lx0h5s,GME,neutral,0.9146
lx0h5s,TSLA,neutral,0.9146
lx0e6a,AMC,neutral,0.5187
lx09qm,AMC,neutral,0.7723
lx08g0,TSLA,neutral,0.5123
lx00sf,GOOGL,neutral,0.8456
lwzydi,NFLX,neutral,0.8135
lwzwxd,GME,neutral,0.8627
lwzu55,GME,negative,0.7120
lwztlk,AMC,positive,0.5393
lwztlk,GME,positive,0.5393
lwzqjb,AMC,negative,0.5711
lwzko1,AMZN,neutral,0.9352
lwzko1,TSLA,neutral,0.9352
lwzihv,GME,neutral,0.7364
lwzh7u,GME,neutral,0.9007
lwzh7u,GOOGL,neutral,0.9007
lwzcjo,AMC,negative,0.6589
lwzcjo,GME,negative,0.6589
lwz3kx,GME,neutral,0.9122
lwz1n0,GME,neutral,0.9032
lwys8p,TSLA,neutral,0.9041
lwyjf4,AMC,neutral,0.5889
lwyjf4,GME,neutral,0.5889
lwyjf4,AMZN,neutral,0.5889
lwyfpe,AMC,neutral,0.9128
lwyfpe,GME,neutral,0.9128
lwyes5,GME,negative,0.5256
lwye5c,AAPL,neutral,0.7969
lwye5c,TSLA,neutral,0.7969
lwybmb,AMZN,positive,0.8250
lwybmb,GME,positive,0.8250
lwybmb,GOOGL,positive,0.8250
lwyb27,AMC,positive,0.5050
lwyb27,GME,positive,0.5050
lwy53s,AMC,neutral,0.7852
lwy53s,GME,neutral,0.7852
lwxx88,AMC,neutral,0.8693
lwxx88,GME,neutral,0.8693
lwxtdu,GME,neutral,0.8237
lwxrj8,GME,negative,0.8833
lwxqfb,AMC,neutral,0.8356
lwxlp0,AMC,neutral,0.8179
lwxlp0,AAPL,neutral,0.8179
lwxlp0,GME,neutral,0.8179
lwxatu,GME,neutral,0.8990
lwx3sr,GME,neutral,0.8463
lwx1e9,AMZN,neutral,0.7624
lwwxo3,GME,neutral,0.9153
lwwrq7,AMC,neutral,0.9159
lwwq4o,GME,neutral,0.8979
lwwoc4,GME,neutral,0.8640
lwwoc4,MSFT,neutral,0.8640
lwwm97,GME,neutral,0.8551
lwwkiz,AMC,neutral,0.8573
lwwkiz,GME,neutral,0.8573
lwwkiz,TSLA,neutral,0.8573
lww8s2,AMC,positive,0.8624
lww8s2,GME,positive,0.8624
lww50h,GME,positive,0.6833
lyxju4,GME,neutral,0.5754
lyw6xz,GME,neutral,0.8866
lyuuz2,GME,neutral,0.9001
lysc2s,GME,neutral,0.5830
lyrmb7,GME,neutral,0.8962
lyrffw,GME,neutral,0.5287
lxuicg,GME,neutral,0.5222
lxqj5k,GME,neutral,0.6557
lxqhmb,GME,positive,0.7908
lxq8u4,AMC,neutral,0.8972
lxq8u4,GME,neutral,0.8972
lxq4do,GME,neutral,0.7762
lxq4do,INTC,neutral,0.7762
lxq33l,AMC,neutral,0.8051
lxq24n,GME,neutral,0.8878
lxq1xz,TSLA,neutral,0.8390
lxq1tt,GME,neutral,0.9019
lxq1fg,GME,neutral,0.4494
lxpv9o,GME,neutral,0.6347
lxpo6g,GME,neutral,0.8987
lxp58o,GME,neutral,0.8559
lxoxsq,GME,neutral,0.9519
lxol2l,AMC,neutral,0.7230
lxol2l,GME,neutral,0.7230
lxoi0g,AMC,neutral,0.9240
lxoi0g,GME,neutral,0.9240
lxocb6,AMC,neutral,0.6067
lxocb6,GOOGL,neutral,0.6067
lxocb6,META,neutral,0.6067
lxnkuo,TSLA,positive,0.5426
lxnh3p,AMC,neutral,0.7598
lxnh3p,GME,neutral,0.7598
lxnclk,TSLA,neutral,0.7154
lxnchc,GME,neutral,0.8367
lxmf50,AMZN,neutral,0.8102
lxmf50,GME,neutral,0.8102
lxmb5y,AMC,positive,0.6855
lxmb5y,AMZN,positive,0.6855
lxm6ec,GME,neutral,0.7709
lxm38t,GME,neutral,0.8259
lxm252,GME,neutral,0.8531
lxlt8m,GME,neutral,0.9176
lxlr6l,GME,neutral,0.6813
lxlk14,AMC,positive,0.5760
lxlj79,AMC,neutral,0.8025
lxlj79,GME,neutral,0.8025
lxle9y,AMZN,negative,0.8975
lxl5ef,GOOGL,neutral,0.5610
lxl5ef,MSFT,neutral,0.5610
lxl5ef,NVDA,neutral,0.5610
lxl4a6,GME,neutral,0.8870
lxl260,GOOGL,negative,0.9138
lxl1dk,AMZN,neutral,0.9130
lxl15v,GME,neutral,0.7994
lxkwaq,AMC,neutral,0.8389
lxkint,GME,neutral,0.9395
lxkeg0,GME,neutral,0.9022
lxkd5o,GME,neutral,0.9383
lxjqqt,GME,neutral,0.7981
lxjh0d,GME,neutral,0.5878
lxjgal,TSLA,neutral,0.9183
lxj4ft,GME,neutral,0.8822
lxj21c,AMZN,neutral,0.6656
lxj21c,TSLA,neutral,0.6656
lxiwev,GME,neutral,0.8437
lxivq3,GME,neutral,0.9339
lximhs,TSLA,negative,0.8261
lxi6c0,GOOGL,neutral,0.6847
lxi6c0,MSFT,neutral,0.6847
lxi6c0,AMC,neutral,0.6847
lxi6c0,AMZN,neutral,0.6847
lxi6c0,NFLX,neutral,0.6847
lxhdv7,GME,neutral,0.9196
lxh6us,GME,neutral,0.8102
lxfnp1,AMC,negative,0.7973
lxfk2h,GME,neutral,0.7714
lxf7y0,AMC,neutral,0.9202
lxf7y0,GME,neutral,0.9202
lxew5p,GME,neutral,0.8183
lxevov,GME,neutral,0.9005
lxepeu,GME,negative,0.5589
lxengu,GME,neutral,0.7948
lxefe0,AMC,neutral,0.6786
lxefe0,GME,neutral,0.6786
lznlza,GME,neutral,0.8862
lzn3ty,GME,neutral,0.6374
lzi41c,GME,neutral,0.6872
lzi2zw,AMC,neutral,0.8170
lzi2zw,GME,neutral,0.8170
lzhoyd,GME,neutral,0.7843
lz1acc,AMZN,neutral,0.6213
lz1acc,GME,neutral,0.6213
lxw3wp,GME,neutral,0.5470
lxw3nk,AMC,neutral,0.7163
lxw3nk,GME,neutral,0.7163
lxw3nk,AMZN,neutral,0.7163
lxw3dl,GME,neutral,0.7056
lxw37i,TSLA,neutral,0.9088
lxvm2b,GME,neutral,0.7219
lxvjxv,AMZN,neutral,0.8186
lxvjxv,GOOGL,neutral,0.8186
lxvipq,GME,neutral,0.7187
lxvgcv,AAPL,positive,0.5248
lxvfjo,AMC,neutral,0.8972
lxvfjo,GME,neutral,0.8972
lxvfj5,GME,neutral,0.8713
lxvbu9,AMC,neutral,0.8361
lxvbu9,GME,neutral,0.8361
lxuuho,GME,neutral,0.5067
lxuj4o,TSLA,neutral,0.7763
lxu1gf,AMC,neutral,0.9279
lxu1gf,GME,neutral,0.9279
lxtwgz,GME,neutral,0.9452
lxtqis,TSLA,neutral,0.8917
lxtjky,AMC,negative,0.6154
lxtjky,GME,negative,0.6154
lxtikg,TSLA,neutral,0.7420
lxtbad,GME,neutral,0.7386
lxt7q4,TSLA,neutral,0.6392
lxt5mx,AMC,neutral,0.9311
lxt5mx,GME,neutral,0.9311
lxt3k3,AMC,neutral,0.8924
lxsqeu,TSLA,positive,0.5257
lxso6y,GME,neutral,0.9266
lxsju3,AMZN,positive,0.8986
lxs802,NFLX,neutral,0.8859
lxs1ra,GME,neutral,0.9339
lxs1ra,TSLA,neutral,0.9339
lxrrtp,GME,negative,0.8654
lxrro1,AMZN,neutral,0.7688
lxrngo,GME,neutral,0.5420
lxrmiq,GME,negative,0.5138
lxrmiq,TSLA,negative,0.5138
lxrk04,GME,neutral,0.9217
lxr86s,TSLA,neutral,0.6306
lxr7cc,GME,negative,0.8228
lxr40r,GME,neutral,0.9264
lxr2aj,TSLA,positive,0.6774
lxqx5s,GME,neutral,0.9065
lxquys,AMC,neutral,0.8940
lxquys,GME,neutral,0.8940
lxqs48,AMC,neutral,0.9165
lxqrv7,AAPL,negative,0.5401
m096at,GME,neutral,0.8530
m03xgf,TSLA,neutral,0.5532
lzo1cv,AMC,neutral,0.5836
lzo1cv,GME,neutral,0.5836
lzo1cv,TSLA,neutral,0.5836
lz924k,TSLA,neutral,0.8359
lyn1k0,TSLA,neutral,0.7766
lylwag,GME,neutral,0.9042
lyihwq,AMC,neutral,0.8172
lyihwq,GME,neutral,0.8172
lyih3u,GME,neutral,0.9219
lyi9l5,TSLA,neutral,0.8682
lyi6k0,AMC,negative,0.5216
lyi6k0,GME,negative,0.5216
lyhkk4,AMZN,neutral,0.7801
lyhkk4,GME,neutral,0.7801
lyhkk4,META,neutral,0.7801
lyh8sq,TSLA,neutral,0.6528
lyh3pb,GME,neutral,0.9281
lygoi9,GME,negative,0.5832
lygcqk,AMC,neutral,0.8930
lygcqk,TSLA,neutral,0.8930
lygb7e,GME,neutral,0.7661
lyg4ze,TSLA,negative,0.9392
lyfxz2,GME,positive,0.4993
lyfns1,GME,neutral,0.7012
lyfnm2,AMC,neutral,0.8414
lyfmlf,AMC,neutral,0.8145
lyfls9,GME,neutral,0.8861
lyffna,AMZN,neutral,0.7411
lyffna,GME,neutral,0.7411
lyfcjj,AMC,neutral,0.9172
lyf9e9,AMC,neutral,0.5660
lyf9e9,GME,neutral,0.5660
lyf9e9,TSLA,neutral,0.5660
lyf2td,AMC,negative,0.5428
lyf2td,GME,negative,0.5428
lyez51,GME,neutral,0.8510
lyet71,AMC,neutral,0.8796
lyeroa,AMZN,positive,0.5141
lyeqdb,GME,neutral,0.9163
lyelhx,TSLA,neutral,0.8963
lyel44,AMC,neutral,0.7633
lyel44,GME,neutral,0.7633
lyel44,AMZN,neutral,0.7633
lyeill,AMC,neutral,0.9239
lyehd7,GME,neutral,0.8669
lyefud,AMC,negative,0.5026
lye7xk,AMC,neutral,0.9077
lye7xk,GME,neutral,0.9077
lye7st,AMC,neutral,0.8729
lye7st,GME,neutral,0.8729
lye7st,TSLA,neutral,0.8729
lye7st,AMZN,neutral,0.8729
lye7lz,GME,neutral,0.8392
lye46g,GME,neutral,0.6566
lye3ns,GME,neutral,0.8953
lydzdl,AMC,neutral,0.6239
lydpqb,GME,neutral,0.9130
lydmqg,TSLA,neutral,0.8879
lydi5s,AMC,neutral,0.8430
lyd1h8,GME,neutral,0.8179
lyd0md,GME,positive,0.8990
lycpd7,GME,neutral,0.8944
lycj6f,GME,neutral,0.8697
lycagz,AMZN,neutral,0.8798
lyc1sh,GME,neutral,0.7307
lybuq0,GME,neutral,0.9394
lybrdf,GME,neutral,0.5796
lybpkz,AMC,neutral,0.8627
lybpkz,GME,neutral,0.8627
lybo9p,GME,neutral,0.9406
lybha3,AMZN,positive,0.9448
lybha3,GME,positive,0.9448
lyazhy,GME,neutral,0.8863
lyazhy,TSLA,neutral,0.8863
lyap3v,GME,neutral,0.9360
lyajde,GME,negative,0.6143
ly9xnk,GME,neutral,0.8468
ly9tmc,AMC,neutral,0.8952
ly9m2m,AMC,neutral,0.8942
ly9m2m,GME,neutral,0.8942
ly9d0a,AMC,neutral,0.8150
ly88c7,AMC,neutral,0.7757
ly88c7,META,neutral,0.7757
ly6umf,GME,neutral,0.8482
ly6qw4,GME,neutral,0.9375
ly6b5k,GME,negative,0.7191
ly5mvu,AMC,neutral,0.5584
ly4lze,AMC,neutral,0.7756
ly4lze,GOOGL,neutral,0.7756
ly3g1k,GME,neutral,0.7033
ly3fdt,AMC,neutral,0.8523
ly385x,AMC,neutral,0.8090
ly37pq,AMZN,neutral,0.8712
ly2rhc,AMC,neutral,0.7938
ly2o5t,AMC,neutral,0.8736
ly2o5t,GME,neutral,0.8736
ly284l,GME,positive,0.7151
ly25fh,AAPL,neutral,0.8782
ly21yh,TSLA,neutral,0.8887
ly1u6n,GME,positive,0.8005
ly1rou,TSLA,neutral,0.7575
ly1qzt,TSLA,neutral,0.5673
ly1kuk,AMC,neutral,0.9291
ly0tm3,GME,neutral,0.7591
ly0tdp,GME,neutral,0.8651
ly0r1e,AMC,neutral,0.8728
ly0qx3,AMC,neutral,0.6679
ly0og2,AMC,neutral,0.8110
ly0og2,GME,neutral,0.8110
ly0og2,NFLX,neutral,0.8110
ly0mcb,GME,neutral,0.6791
ly0j2h,AMC,neutral,0.8843
ly0j2h,TSLA,neutral,0.8843
ly0j2h,AMZN,neutral,0.8843
ly0dzl,AAPL,neutral,0.6882
ly0d7i,GME,positive,0.8063
ly0d4m,GME,neutral,0.8897
ly0d4m,GOOGL,neutral,0.8897
ly0abw,GME,neutral,0.8561
ly09iy,GME,neutral,0.8938
ly09iy,MSFT,neutral,0.8938
ly00u9,TSLA,neutral,0.9134
lxzyzn,AAPL,neutral,0.7408
lxzyzn,GME,neutral,0.7408
lxzyzn,TSLA,neutral,0.7408
lxzvy7,GME,positive,0.6632
lxzvtw,GME,neutral,0.6027
lxztq5,GME,neutral,0.9213
lxznhq,NFLX,neutral,0.8830
lxzdil,GME,neutral,0.5450
lxz8ro,GME,neutral,0.8936
lxymdx,GME,neutral,0.9492
lxymdx,TSLA,neutral,0.9492
lxyh8u,AMC,neutral,0.8238
lxyh8u,GME,neutral,0.8238
lxyf6b,AMC,neutral,0.7968
lxyf6b,GME,neutral,0.7968
lxyc98,CRM,neutral,0.8795
lxyc98,MSFT,neutral,0.8795
lxyc98,ORCL,neutral,0.8795
lxyae0,AMC,negative,0.6473
lxyae0,GME,negative,0.6473
lxy8rd,MSFT,neutral,0.9128
lxy8rd,TSLA,neutral,0.9128
lxy8rd,NFLX,neutral,0.9128
lxxsux,AMC,neutral,0.9387
lxxsux,GME,neutral,0.9387
lxxrdk,GME,neutral,0.7551
lxxpaw,GME,negative,0.4952
lxxnws,AAPL,neutral,0.9124
lxxj9d,GME,neutral,0.9054
lxxg27,GME,negative,0.5335
lxxe6q,GME,neutral,0.8643
lxxd4r,GME,neutral,0.6509
lxx3kj,GME,neutral,0.7772
lxx2dy,AMC,neutral,0.8676
lxwu51,GME,neutral,0.8835
lxwrto,GME,neutral,0.9392
lxwje8,AMC,neutral,0.7631
lxwhpy,GME,neutral,0.8940
lxwem7,GME,neutral,0.7850
lxwe4n,GME,neutral,0.8278
lxwd2w,AMC,positive,0.4825
lxwd2w,GME,positive,0.4825
lxw8mt,GME,neutral,0.7806
lxw7qa,GOOGL,neutral,0.8964
lxw71s,GME,neutral,0.8525
lxw5me,GME,positive,0.8599
lxw4a1,AMC,neutral,0.9286
lxw4a1,GME,neutral,0.9286
lxw49g,GME,neutral,0.8270
lxw48w,NVDA,neutral,0.5855
m11lfw,AMC,neutral,0.8665
m11hve,GME,negative,0.4687
m100n5,GME,neutral,0.8713
m0w2af,GME,negative,0.5026
m0vv39,GME,neutral,0.8702
m0r3ur,AMC,neutral,0.8767
m0r3ur,GME,neutral,0.8767
m0qwqd,GME,neutral,0.8574
m0p7zs,GME,neutral,0.7835
m0hi60,GME,neutral,0.6094
m0hi60,NFLX,neutral,0.6094
m0imvo,AMC,neutral,0.7075
m0imvo,GME,neutral,0.7075
m0igtx,GME,positive,0.9144
m0ie88,GME,neutral,0.9404
m0ibqe,GME,negative,0.8086
m0i97b,GME,neutral,0.9213
m0i7pa,AMC,neutral,0.8686
m0i7pa,GME,neutral,0.8686
m0hxew,AAPL,neutral,0.9010
m0hxew,GOOGL,neutral,0.9010
m0hxew,MSFT,neutral,0.9010
m0hxew,TSLA,neutral,0.9010
m0hxew,AMZN,neutral,0.9010
m0hxew,GME,neutral,0.9010
m0hxew,NVDA,neutral,0.9010
m0huuv,GME,neutral,0.8044
m0hf6p,GME,neutral,0.8573
m0hc0i,GME,neutral,0.9435
m0fpgd,GME,neutral,0.9394
m0eqv8,AMC,neutral,0.8870
m0ek5v,GME,neutral,0.9274
m0ej0t,GME,neutral,0.9193
m0eeav,AMC,neutral,0.9123
m0eeav,GME,neutral,0.9123
m0edmh,GME,neutral,0.7041
m0e5kt,GME,neutral,0.8199
m0dnod,GME,neutral,0.8947
m0dhe1,GME,positive,0.7156
m0cvxu,GME,neutral,0.6892
m0cgt2,AMC,neutral,0.8513
m0cgt2,GME,neutral,0.8513
m0apac,AMC,neutral,0.4796
m0apac,GME,neutral,0.4796
m09mpw,AAPL,neutral,0.8234
m09mpw,GME,neutral,0.8234
m08xbn,GME,neutral,0.9285
m082zn,AAPL,neutral,0.6426
m082zn,GME,neutral,0.6426
m07u4o,IBM,positive,0.7259
m07u4o,MSFT,positive,0.7259
m06k4v,AMC,neutral,0.7759
m06k4v,GME,neutral,0.7759
m06ij9,AMC,neutral,0.9418
m06cxf,AMC,neutral,0.9254
m06cxf,GME,neutral,0.9254
m058ed,AAPL,neutral,0.7719
m058ed,TSLA,neutral,0.7719
m0586s,GME,neutral,0.8796
m057ab,GME,negative,0.5311
m04ng8,AMC,neutral,0.5307
m04ng8,GME,neutral,0.5307
m04ewp,AMZN,neutral,0.7933
m04ddc,GME,neutral,0.9129
m049jo,AMC,neutral,0.8727
m049jo,GME,neutral,0.8727
m040bu,AMC,neutral,0.8921
m040bu,GME,neutral,0.8921
m02yxa,GME,positive,0.4139
m02yxa,TSLA,positive,0.4139
m028y4,AAPL,neutral,0.8250
m028y4,GME,neutral,0.8250
m025l2,GME,neutral,0.5752
m00j4k,AAPL,neutral,0.9312
m00j4k,GOOGL,neutral,0.9312
m00gqa,AMC,neutral,0.8497
m00gqa,GME,neutral,0.8497
m009uv,GME,neutral,0.7829
lzzgte,GME,neutral,0.5566
lzz64w,GME,negative,0.5626
lzyso0,AMZN,neutral,0.6669
lzyso0,GME,neutral,0.6669
lzy2b6,GME,neutral,0.8634
lzxkgn,GOOGL,neutral,0.8678
lzxkgn,NVDA,neutral,0.8678
lzxhxa,TSLA,neutral,0.8825
lzxc8w,AMC,neutral,0.9105
lzxc8w,GME,neutral,0.9105
lzx0rw,GME,positive,0.7734
lzwksm,TSLA,neutral,0.8772
lzwgnn,GME,positive,0.5066
lzwbzk,TSLA,neutral,0.8908
lzw75u,AMC,neutral,0.7113
lzw75u,GME,neutral,0.7113
lzw75u,TSLA,neutral,0.7113
lzw5j5,TSLA,neutral,0.8031
lzvp5l,GME,neutral,0.9345
lzvkhd,AMC,neutral,0.9064
lzvkhd,GME,neutral,0.9064
lzv0fu,AMC,negative,0.5313
lzv0fu,GME,negative,0.5313
lzuwwm,AMC,neutral,0.7823
lzuwwm,GME,neutral,0.7823
lzuwwm,NFLX,neutral,0.7823
lzuorp,MSFT,negative,0.8363
lztz9n,GME,neutral,0.8842
lztbtc,AMC,neutral,0.8352
lztbtc,GME,neutral,0.8352
lztbtc,META,neutral,0.8352
lzsnlk,AMZN,neutral,0.8762
lzsnlk,GME,neutral,0.8762
lzsave,GME,neutral,0.7889
lzrnc5,AMC,neutral,0.7516
lzrnc5,GME,neutral,0.7516
lzqt16,AMC,neutral,0.8665
lzplf6,AAPL,neutral,0.9032
lznt68,TSLA,neutral,0.5869
lznnxn,GME,neutral,0.6627
lzn0f0,AMC,neutral,0.7034
lzn0f0,GME,neutral,0.7034
lzmtgb,META,neutral,0.8733
lzllyx,GME,neutral,0.9180
lzk80j,GME,positive,0.9267
lzjpv6,AMC,neutral,0.8749
lzjpv6,GME,neutral,0.8749
lzjpv6,META,neutral,0.8749
lzj9iy,GME,neutral,0.7444
lzj9iy,TSLA,neutral,0.7444
lzj7mi,GME,neutral,0.8645
lzj2u8,TSLA,neutral,0.7312
lziycq,AMZN,neutral,0.8633
lziycq,GME,neutral,0.8633
lziheq,AMZN,neutral,0.8487
lziheq,GME,neutral,0.8487
lzif09,GME,neutral,0.6020
lzha1d,AMC,neutral,0.9224
lzha1d,GME,neutral,0.9224
lzh4t7,GME,positive,0.6907
lzgz1j,AMC,neutral,0.8868
lzgz1j,GME,neutral,0.8868
lzguuv,TSLA,neutral,0.9213
lzgk6e,GOOGL,neutral,0.6596
lzgjam,GME,neutral,0.8954
lzgcqm,GME,neutral,0.8535
lzfze9,AMC,neutral,0.9189
lzfqij,AMC,neutral,0.8932
lzeypb,AMC,neutral,0.8966
lzeypb,GME,neutral,0.8966
lzeypb,AMZN,neutral,0.8966
lze7it,GME,neutral,0.9245
lze0zh,AMC,neutral,0.9110
lze0zh,GME,neutral,0.9110
lzd9js,AAPL,neutral,0.6997
lzd9js,GOOGL,neutral,0.6997
lzd9js,TSLA,neutral,0.6997
lzd9js,AMZN,neutral,0.6997
lzd9js,GME,neutral,0.6997
lzcvz7,AMC,neutral,0.9151
lzcvz7,GOOGL,neutral,0.9151
lzct99,GOOGL,neutral,0.8449
lzct99,MSFT,neutral,0.8449
lzct99,AMC,neutral,0.8449
lzct99,AMZN,neutral,0.8449
lzct99,NVDA,neutral,0.8449
lzciwt,GME,neutral,0.9394
lzcfwu,AMC,neutral,0.5720
lzcfwu,GME,neutral,0.5720
lzbtj6,AMC,neutral,0.7363
lzbtj6,GME,neutral,0.7363
lzbh46,GME,neutral,0.9178
lzazm9,GME,neutral,0.9187
lzanhi,AAPL,neutral,0.9222
lzalj6,GME,neutral,0.9394
lz9tso,GME,neutral,0.5800
lz9iwc,AMZN,neutral,0.8529
lz9iwc,IBM,neutral,0.8529
lz9iwc,GME,neutral,0.8529
lz9iwc,TSLA,neutral,0.8529
lz9azp,CRM,neutral,0.8976
lz9a7k,GME,negative,0.6805
lz8mgr,GME,neutral,0.8892
lz813k,AMC,neutral,0.9048
lz7r44,GME,neutral,0.8444
lz7f5t,TSLA,negative,0.4754
lz7e2d,AAPL,neutral,0.8858
lz7e2d,GOOGL,neutral,0.8858
lz7e2d,MSFT,neutral,0.8858
lz7e2d,TSLA,neutral,0.8858
lz7e2d,AMC,neutral,0.8858
lz7e2d,AMZN,neutral,0.8858
lz7e2d,GME,neutral,0.8858
lz77ix,GME,neutral,0.9130
lz6zhx,TSLA,neutral,0.7497
lz66j5,GME,neutral,0.8916
lz61vn,AMZN,neutral,0.8741
lz61vn,GOOGL,neutral,0.8741
lz61vn,META,neutral,0.8741
lz5xsr,AMC,negative,0.7667
lz5tdr,AMC,neutral,0.6893
lz5tdr,GME,neutral,0.6893
lz5tdr,AMZN,neutral,0.6893
lz577g,GME,neutral,0.8682
lz4onk,GME,neutral,0.9296
lz4olw,GME,neutral,0.9405
lz4kzb,GME,neutral,0.9363
lz4eng,GME,neutral,0.8959
lz41z0,TSLA,neutral,0.7528
lz3wty,GME,neutral,0.8844
lz3uy0,AMC,neutral,0.6744
lz3h5m,TSLA,neutral,0.6685
lz3eoo,GME,neutral,0.7145
lz2eet,GME,negative,0.8930
lz27di,GME,neutral,0.7682
lz1nos,TSLA,neutral,0.8758
lz1k6a,TSLA,neutral,0.7662
lz0uow,AMC,neutral,0.9280
lz0uow,GME,neutral,0.9280
lz0oai,AMC,negative,0.4669
lz0oai,CRM,negative,0.4669
lz0llx,GME,neutral,0.8679
lz0llx,TSLA,neutral,0.8679
lyzjwr,GME,neutral,0.6742
lyzcxu,GME,neutral,0.8542
lyzcxu,TSLA,neutral,0.8542
lyzal2,AMC,neutral,0.9030
lyzal2,GME,neutral,0.9030
lyz99m,GME,neutral,0.9025
lyytmm,META,neutral,0.8549
lyytmm,TSLA,neutral,0.8549
lyysbc,AMC,neutral,0.8039
lyysbc,GME,neutral,0.8039
lyyfxe,NVDA,neutral,0.9162
lyxwa5,AMC,positive,0.9437
lyxkze,AMC,negative,0.4727
lyxkze,GME,negative,0.4727
lywwki,GME,neutral,0.6150
lywljx,AMC,neutral,0.9453
lywhnh,GME,neutral,0.8379
lyvqka,AMZN,negative,0.6898
lyv6y1,AMC,positive,0.7340
lyv2ts,AMC,neutral,0.7751
lyv2ts,GME,neutral,0.7751
lyv2ts,INTC,neutral,0.7751
lyu9n0,GME,neutral,0.8404
lyu8q4,GME,neutral,0.7941
lytred,TSLA,negative,0.8505
lytows,AMC,neutral,0.8967
lyshle,TSLA,neutral,0.6558
lysd0r,GME,neutral,0.8786
lys664,GME,neutral,0.8586
lys0w9,GME,neutral,0.8782
lyre70,AMC,neutral,0.9267
lyre70,GME,neutral,0.9267
lyr8vn,AMC,neutral,0.8684
lyqwg8,GME,neutral,0.9439
lyqwg8,ORCL,neutral,0.9439
lyqvtm,GME,neutral,0.5397
lyqs65,AMC,neutral,0.8743
lyqs65,GME,neutral,0.8743
lyqnf8,GME,neutral,0.8687
lyqjjj,GME,neutral,0.6639
lyqji8,GOOGL,negative,0.9582
lyqji8,TSLA,negative,0.9582
lyqiur,GME,neutral,0.8656
lyqdcp,AMC,neutral,0.8846
lyqdcp,GME,neutral,0.8846
lyq6nw,GME,neutral,0.6360
lyq3ei,AMC,neutral,0.9111
lyq3ei,GME,neutral,0.9111
lyq1oi,AMC,positive,0.8540
lypzye,TSLA,positive,0.7120
lypsqz,GME,neutral,0.8640
lypsah,AMC,neutral,0.8833
lypsah,GME,neutral,0.8833
lypnti,GME,neutral,0.6121
lyphws,GME,neutral,0.8292
lypfoq,GME,neutral,0.8100
lypf0n,AMC,neutral,0.8757
lypdp3,GME,positive,0.9412
lypc7v,AMC,neutral,0.5083
lyp6ie,META,negative,0.9077
lyp4du,AMC,neutral,0.8638
lyp4du,GME,neutral,0.8638
lyp3lw,GME,neutral,0.9122
lyoweb,GME,neutral,0.9246
lyoqvq,GME,neutral,0.8205
lyogdf,GME,neutral,0.8155
lyo65c,AMC,neutral,0.8972
lyo39g,AMC,neutral,0.9213
lyo39g,GME,neutral,0.9213
lyo2tx,GME,neutral,0.6661
lyo05p,GME,neutral,0.9361
lyntlz,META,neutral,0.8697
lyntlz,GME,neutral,0.8697
lynkmc,GME,neutral,0.8588
lyndem,AMC,neutral,0.9003
lync2b,GME,positive,0.5415
lynbuw,GME,neutral,0.9082
lyn8tg,TSLA,neutral,0.6367
lyn7ef,TSLA,negative,0.8727
lyn7a0,GME,neutral,0.9129
lymxc1,GME,neutral,0.9046
lymqgg,GOOGL,neutral,0.8647
lymqgg,TSLA,neutral,0.8647
lymlp4,TSLA,neutral,0.9109
lymlmf,GME,neutral,0.7206
lymfbl,AAPL,neutral,0.6771
lyma46,AMC,neutral,0.9265
lym9nz,GME,neutral,0.9536
lym9kc,AMZN,neutral,0.9427
lym9kc,GME,neutral,0.9427
lyly0w,GME,positive,0.9281
lylr9l,AMC,neutral,0.6538
lylp71,AAPL,negative,0.7555
lylp71,GME,negative,0.7555
lylp71,TSLA,negative,0.7555
lylnwr,AMC,neutral,0.8850
lylnwr,GME,neutral,0.8850
lylhsr,AMC,neutral,0.9273
lylhec,GME,neutral,0.8191
lylfs0,GME,neutral,0.9097
lyl5jw,AMZN,positive,0.9086
lyl4vm,GME,neutral,0.9224
lykym1,GME,neutral,0.8739
lykwhc,GME,neutral,0.7473
lykw8n,AMC,negative,0.4690
lykw8n,GME,negative,0.4690
lykopx,AMC,neutral,0.9038
lykofs,GME,neutral,0.8836
lykm8k,GME,neutral,0.9376
lykkzr,GME,neutral,0.8881
lykhnf,TSLA,negative,0.6700
lykh4o,GME,neutral,0.9280
lykfxc,AMZN,neutral,0.6480
lykezt,AMC,negative,0.7685
lykdr4,AMC,neutral,0.9006
lykbze,TSLA,neutral,0.8753
lyk5l1,GME,positive,0.6936
lyk38v,GME,neutral,0.8968
lyk18g,NFLX,neutral,0.5628
lyjs8j,GME,neutral,0.5944
lyjjxk,GME,neutral,0.9076
lyjikd,GME,neutral,0.7194
lyjhmg,GME,neutral,0.7812
lyiq2b,GME,neutral,0.9343
m1v20f,AMC,neutral,0.8299
m1v0pl,GME,neutral,0.9035
m1uuxn,GME,neutral,0.8869
m1uu5z,GME,neutral,0.9331
m1urcd,AMC,neutral,0.8126
m1urcd,GME,neutral,0.8126
m1ukkl,GME,neutral,0.6068
m1txta,GME,neutral,0.8438
m1trxu,AAPL,neutral,0.9043
m1trxu,GME,neutral,0.9043
m1t11t,AMC,neutral,0.9117
m1sz6x,GME,neutral,0.9034
m1sih9,TSLA,positive,0.5620
m1s74f,GME,neutral,0.9120
m1fxoe,AMC,neutral,0.7703
m1fxoe,GME,neutral,0.7703
m1fxoe,AMZN,neutral,0.7703
m1frb8,TSLA,neutral,0.9174
m1fqms,GME,neutral,0.8480
m1fouj,GME,neutral,0.8272
m1fnog,GME,positive,0.9490
m1fmkg,AMC,neutral,0.8634
m1fgd5,AMC,neutral,0.8452
m1fg3h,GME,neutral,0.9137
m1fccp,TSLA,neutral,0.8297
m1fbdr,AMC,neutral,0.9153
m1fabc,GME,neutral,0.9190
m1f7bq,GME,neutral,0.7020
m1f5um,GME,neutral,0.9247
m1f4m5,GME,neutral,0.7376
m1f3y6,GME,neutral,0.7783
m1f30t,GME,neutral,0.8671
m1f26d,AMC,neutral,0.8513
m1f26d,GME,neutral,0.8513
m1euqi,GME,neutral,0.9046
m1eu8b,AMC,neutral,0.4866
m1etoe,AMC,neutral,0.8106
m1esm0,GME,neutral,0.6356
m1ercf,GME,neutral,0.9359
m1en5b,AAPL,negative,0.6829
m1en5b,MSFT,negative,0.6829
m1en5b,AMZN,negative,0.6829
m1en5b,GME,negative,0.6829
m1en5b,NVDA,negative,0.6829
m1en5b,ADBE,negative,0.6829
m1eg5i,AMC,neutral,0.7227
m1ef5q,MSFT,positive,0.8102
m1ef5q,INTC,positive,0.8102
m1ef5q,NVDA,positive,0.8102
m1ebx5,GME,neutral,0.8285
m1ebfp,GME,neutral,0.5007
m1e9yg,GME,negative,0.9048
m1dv36,AMC,neutral,0.8051
m1dv36,GME,neutral,0.8051
m1dpdq,TSLA,neutral,0.9330
m1dbnv,GME,neutral,0.9284
m1d204,AMC,neutral,0.8943
m1czl7,AMC,neutral,0.7875
m1czl7,GME,neutral,0.7875
m1cx20,AAPL,neutral,0.8582
m1cwpm,GME,neutral,0.7346
m1cvi1,GME,neutral,0.9064
m1cv8b,GME,neutral,0.9172
m1crxm,AMC,positive,0.5590
m1crul,AMC,neutral,0.8040
m1cqod,GME,negative,0.6235
m1cqod,TSLA,negative,0.6235
m1cpg2,GME,neutral,0.8880
m1cowt,AMC,neutral,0.9158
m1cotw,GME,neutral,0.9365
m1co4q,AAPL,neutral,0.9245
m1cl9t,GME,neutral,0.9195
m1ckwg,AMC,neutral,0.8780
m1ckwg,GME,neutral,0.8780
m1cilw,AMC,neutral,0.8508
m1cfcy,AMC,neutral,0.8923
m1ce76,TSLA,neutral,0.8567
m1cduf,AMC,neutral,0.8001
m1c92u,GME,neutral,0.9197
m1c4ot,GME,neutral,0.7433
m1c3s4,GME,neutral,0.9156
m1bzx9,ORCL,neutral,0.9372
m1bwz2,AMC,neutral,0.8665
m1bvec,GME,neutral,0.8832
m1brep,AMC,neutral,0.8469
m1bmgn,GME,negative,0.5801
m1bm9t,AMC,neutral,0.8696
m1bm9t,GME,neutral,0.8696
m1blt3,GME,neutral,0.8033
m1bfv0,AMC,neutral,0.9288
m1bfv0,GME,neutral,0.9288
m1begk,GME,negative,0.9380
m1bduo,AMC,neutral,0.8671
m1bbu8,GME,neutral,0.7616
m1bbkk,GME,neutral,0.9251
m1b70j,AMC,negative,0.9540
m1b61v,GME,neutral,0.9370
m1awq5,AMC,neutral,0.9039
m1awq5,GME,neutral,0.9039
m1auow,TSLA,neutral,0.9130
m1arfm,GME,neutral,0.8980
m1aqig,AMC,neutral,0.8256
m1aney,GME,neutral,0.7707
m1ahd5,AMC,neutral,0.8924
m1ahd5,GME,neutral,0.8924
m1adnc,AMC,neutral,0.7221
m1adnc,GME,neutral,0.7221
m1acdk,TSLA,neutral,0.8627
m1a4fz,GME,positive,0.5725
m1a1xc,AMC,neutral,0.8761
m1a1ea,GME,neutral,0.8611
m19wci,GME,negative,0.6728
m19v2q,GME,neutral,0.9395
m19v40,AAPL,neutral,0.4703
m19skq,TSLA,positive,0.8989
m19sa7,GME,neutral,0.8775
m19sa7,TSLA,neutral,0.8775
m19oyk,GME,neutral,0.9390
m19nvm,GME,neutral,0.7753
m19m9v,AMC,neutral,0.7892
m19m9v,GME,neutral,0.7892
m19ekb,AMC,neutral,0.8884
m19ekb,GME,neutral,0.8884
m19dgv,GME,neutral,0.8426
m199ol,GME,neutral,0.9160
m1953l,AMC,neutral,0.7606
m1953l,GME,neutral,0.7606
m193vx,GME,neutral,0.7784
m18yyp,AMC,neutral,0.8224
m18yyp,GME,neutral,0.8224
m189zy,INTC,positive,0.5067
m189zy,TSLA,positive,0.5067
m189zy,NVDA,positive,0.5067
m17zsb,AMC,neutral,0.9202
m17zsb,GME,neutral,0.9202
m17ydy,GME,neutral,0.9326
m17wss,AMC,neutral,0.9035
m17wss,GME,neutral,0.9035
m17vkp,AMC,neutral,0.5790
m17sgf,GME,neutral,0.9201
m17s3v,MSFT,neutral,0.7200
m17pxj,GME,neutral,0.8905
m17gll,META,neutral,0.9182
m17gll,NFLX,neutral,0.9182
m17a0w,GME,neutral,0.5317
m16mp5,GME,neutral,0.6775
m16neq,AMC,neutral,0.6998
m16emz,GME,neutral,0.9394
m16d9n,GME,neutral,0.9037
m164lf,GME,neutral,0.6999
m16303,GME,neutral,0.9416
m162n7,TSLA,neutral,0.9158
m160s4,GME,neutral,0.6160
m1609u,GME,neutral,0.9032
m15ycu,GME,neutral,0.8103
m15r7n,GME,neutral,0.8639
m15pk2,GME,neutral,0.8933
m15orm,GME,neutral,0.8512
m15m4d,AMC,neutral,0.8915
m15adj,GME,neutral,0.9090
m155mn,AMC,neutral,0.8619
m154rn,AMC,neutral,0.8466
m14z2z,GME,neutral,0.8716
m14vq1,GME,neutral,0.5635
m141nm,GME,neutral,0.9387
m13ma2,GME,neutral,0.9282
m13byb,GME,neutral,0.9079
m13at7,MSFT,neutral,0.9271
m13at7,INTC,neutral,0.9271
m1219s,AMC,neutral,0.8469
m1219s,GME,neutral,0.8469
m11qez,GME,neutral,0.7675
m11qez,TSLA,neutral,0.7675
m11ant,AMC,neutral,0.8504
m118c5,GME,neutral,0.7659
m0z1ys,GME,negative,0.9119
m0yjh6,GME,neutral,0.6870
m0ycue,GME,neutral,0.9525
m0xzvr,GME,negative,0.9444
m0xteq,GME,neutral,0.9405
m0xsof,TSLA,positive,0.5309
m0xfvs,AMZN,neutral,0.7296
m0xfvs,GME,neutral,0.7296
m0x7f2,GME,positive,0.8593
m0x5fl,GME,neutral,0.9065
m0x5fl,GOOGL,neutral,0.9065
m0x3ro,AMC,neutral,0.8721
m0wvvb,GME,neutral,0.8948
m0wvvb,NVDA,neutral,0.8948
m0wtzt,GME,neutral,0.8982
m0wrek,TSLA,neutral,0.9303
m0wm4e,AMC,neutral,0.8493
m0wfke,GOOGL,neutral,0.8502
m0w7j1,GME,neutral,0.7868
m0vsuy,AAPL,neutral,0.8648
m0vsuy,GME,neutral,0.8648
m0vo56,TSLA,positive,0.9319
m0v2e1,AMZN,neutral,0.7679
m0v2do,GME,positive,0.8951
m0tuk7,AMC,neutral,0.7288
m0tuk7,GME,neutral,0.7288
m0ttvo,GME,neutral,0.8434
m0thu9,GME,neutral,0.9330
m0tceb,AMC,negative,0.5534
m0tbz8,GME,neutral,0.8900
m0t3z8,GME,neutral,0.9117
m0t3vy,TSLA,positive,0.9241
m0sqqn,GME,negative,0.6761
m0sl4f,GME,neutral,0.9178
m0sl1v,TSLA,neutral,0.9281
m0shq0,GME,neutral,0.8498
m0s741,AAPL,neutral,0.8726
m0s5gi,GME,positive,0.7301
m0s4ay,AMC,neutral,0.9030
m0s4ay,GME,neutral,0.9030
m0s0qf,GME,neutral,0.7191
m0rxib,GME,neutral,0.6944
m0rsel,GME,neutral,0.8897
m0rk9u,AMZN,neutral,0.8012
m0rk9u,TSLA,neutral,0.8012
m0rk9u,NVDA,neutral,0.8012
m0rjo5,GME,neutral,0.8509
m0rjc8,GME,neutral,0.9150
m0rh7h,GME,neutral,0.6126
m0rfq2,AMC,neutral,0.8772
m0rfq2,GME,neutral,0.8772
m0rako,AMZN,neutral,0.9165
m0rako,GOOGL,neutral,0.9165
m0rako,NFLX,neutral,0.9165
m0r9oa,GME,neutral,0.6631
m0r6n2,AMC,neutral,0.9004
m0r4gd,GME,neutral,0.4721
m0r3be,GME,neutral,0.8336
m0qyxp,GME,neutral,0.6827
m0qxq2,GME,neutral,0.6495
m0qs3h,AMC,positive,0.7469
m0qrr0,AMC,positive,0.7194
m0qrmy,AAPL,negative,0.7001
m0qrmy,GME,negative,0.7001
m0qoee,GME,neutral,0.9312
m0qjfm,AMC,neutral,0.8086
m0qg9x,GME,neutral,0.4972
m0qbd8,AMC,positive,0.8987
m0qaz5,AMC,negative,0.5545
m0qa37,GME,neutral,0.8894
m0qa0a,AMC,negative,0.4681
m0qa0a,GME,negative,0.4681
m0qa0a,TSLA,negative,0.4681
m0q98e,AMC,neutral,0.5359
m0q98e,GME,neutral,0.5359
m0q5bm,GME,neutral,0.9392
m0q55h,GME,neutral,0.9037
m0q4cw,GME,neutral,0.5656
m0q3o6,AAPL,positive,0.9445
m0q14d,AMC,neutral,0.8782
m0q0oa,GME,neutral,0.9224
m0pz1l,AMC,neutral,0.8943
m0pxvl,AMC,neutral,0.9107
m0ppnx,AMC,neutral,0.9160
m0pnrl,AMC,neutral,0.8924
m0pnrl,GOOGL,neutral,0.8924
m0pnrl,MSFT,neutral,0.8924
m0p475,GME,neutral,0.8424
m0oz5l,AMC,neutral,0.7137
m0oxdf,GME,neutral,0.9115
m0okay,AMC,neutral,0.8370
m0oi5h,GME,neutral,0.8599
m0oi5h,TSLA,neutral,0.8599
m0ofo5,GME,neutral,0.8834
m0o79v,GME,neutral,0.8842
m0nvpt,GME,negative,0.6477
m0npli,GME,neutral,0.9321
m0nm3u,AMC,neutral,0.8642
m0nl18,AMC,neutral,0.8770
m0nkgk,TSLA,neutral,0.8662
m0mlq1,GME,neutral,0.7135
m0mbjm,GME,neutral,0.8039
m0kwao,GME,neutral,0.7334
m0kgia,AMC,neutral,0.8950
m0kgia,GME,neutral,0.8950
m0kf6k,GME,neutral,0.9360
m0jury,GME,negative,0.8638
m0jsw5,GME,neutral,0.9169
m0jhrd,GME,neutral,0.8556
m0j7d6,GME,positive,0.8201
m0j402,AMC,neutral,0.7621
m0j402,GME,neutral,0.7621
m0j1x0,GME,neutral,0.8877
m0j1yl,AMC,neutral,0.8478
m0j1yl,GME,neutral,0.8478
m0izhn,GME,neutral,0.7211
m0iwhx,TSLA,negative,0.9304
m2kgfj,GME,neutral,0.9008
m2kbat,AMC,neutral,0.8813
m2jian,AMC,neutral,0.6869
m2jian,GME,neutral,0.6869
m2jfq0,AMC,neutral,0.9161
m2jfq0,GME,neutral,0.9161
m2j4ur,AMC,neutral,0.6486
m2j4ur,GME,neutral,0.6486
m2j3go,AMZN,neutral,0.7109
m2h633,AMC,neutral,0.9383
m2h633,GME,neutral,0.9383
m2gxi5,GME,neutral,0.8985
m2dpe7,GME,neutral,0.7788
m2c13y,AMC,neutral,0.7856
m2c13y,GME,neutral,0.7856
m2bxob,AMC,neutral,0.9166
m2bxob,GME,neutral,0.9166
m2bxob,GOOGL,neutral,0.9166
m29fvi,AMC,neutral,0.8065
m1y1zd,GME,negative,0.9543
m1xjxm,GME,neutral,0.7923
m1xizq,GME,neutral,0.9290
m1xj6s,AMC,neutral,0.7877
m1xj6s,GME,neutral,0.7877
m1xhlc,GME,neutral,0.9540
m1x71m,GME,neutral,0.5236
m1x24z,GME,neutral,0.9024
m1x1yo,GME,neutral,0.9405
m1wiem,AMC,neutral,0.6795
m1wiem,GME,neutral,0.6795
m1wf0u,AMC,positive,0.6887
m1waof,AMC,neutral,0.8307
m1waof,GME,neutral,0.8307
m1vun6,GME,neutral,0.9313
m1vs81,AMC,neutral,0.6693
m1voct,GME,neutral,0.8160
m1uh6i,GME,neutral,0.8171
m1u16s,GME,neutral,0.5491
m1tkwb,GME,negative,0.9057
m1tiey,AMC,neutral,0.8195
m1tiey,GME,neutral,0.8195
m1tgsi,AMC,neutral,0.9167
m1sixx,GME,neutral,0.6824
m1sixx,TSLA,neutral,0.6824
m1s6zu,AMZN,neutral,0.7266
m1s6zu,META,neutral,0.7266
m1s4gv,AMC,neutral,0.8999
m1s4gv,GME,neutral,0.8999
m1rwij,AMC,neutral,0.7065
m1ruib,GME,neutral,0.9052
m1rnoq,TSLA,positive,0.6892
m1rffd,GME,neutral,0.8099
m1rfef,GME,neutral,0.9231
m1r84y,TSLA,positive,0.5556
m1qvc7,GME,neutral,0.9226
m1qqav,GME,neutral,0.9172
m1qhjn,AMZN,neutral,0.8936
m1qhjn,GME,neutral,0.8936
m1qhjn,NFLX,neutral,0.8936
m1qba4,GME,positive,0.9402
m1q31b,GME,neutral,0.9328
m1q12f,GME,neutral,0.7820
m1pz6c,GME,neutral,0.6568
m1ptdo,AMC,neutral,0.9158
m1ptdo,GME,neutral,0.9158
m1pr4j,AMC,neutral,0.8709
m1p9vl,AMZN,neutral,0.7148
m1p9vl,TSLA,neutral,0.7148
m1p4up,GME,neutral,0.8406
m1p4up,MSFT,neutral,0.8406
m1ow80,AMZN,neutral,0.5972
m1ow80,GME,neutral,0.5972
m1ow80,MSFT,neutral,0.5972
m1ow80,META,neutral,0.5972
m1osly,TSLA,neutral,0.9355
m1oqg5,GME,neutral,0.8980
m1oho6,AMC,neutral,0.8142
m1oho6,GME,neutral,0.8142
m1of2l,GME,neutral,0.7935
m1o7z7,GME,neutral,0.9281
m1nna3,AMC,neutral,0.7966
m1njy8,AMC,neutral,0.8462
m1njq6,GME,neutral,0.8236
m1n5uf,GME,neutral,0.8744
m1n503,GME,neutral,0.5056
m1mqq0,GME,neutral,0.9212
m1mnps,GME,neutral,0.7233
m1mo2l,GME,neutral,0.8722
m1mmjz,GME,neutral,0.7803
m1mh01,AMC,neutral,0.8507
m1mh01,GME,neutral,0.8507
m1mgge,AMC,neutral,0.8712
m1mfpi,GME,neutral,0.6371
m1ma5x,TSLA,negative,0.8571
m1m759,AMC,neutral,0.8449
m1m759,GME,neutral,0.8449
m1ltae,TSLA,neutral,0.8505
m1lrd1,TSLA,positive,0.8965
m1lr1a,GME,neutral,0.8493
m1lr1a,TSLA,neutral,0.8493
m1loh8,AMC,neutral,0.8271
m1llld,AMC,neutral,0.9284
m1lkjv,GME,neutral,0.5529
m1lj70,GME,neutral,0.9329
m1liz8,AMC,neutral,0.9502
m1liz8,GME,neutral,0.9502
m1lhvi,AMC,negative,0.9451
m1ld0s,GME,negative,0.6539
m1l8u7,GME,neutral,0.9217
m1l87b,AMC,neutral,0.8723
m1l87b,GME,neutral,0.8723
m1l87b,TSLA,neutral,0.8723
m1l3uz,AMC,negative,0.8532
m1l2wa,AMC,neutral,0.9321
m1l2wa,GME,neutral,0.9321
m1l2u4,GME,neutral,0.8300
m1l2ac,AMC,neutral,0.8785
m1l2ac,GME,neutral,0.8785
m1kvmx,GME,neutral,0.7406
m1ks7x,GME,neutral,0.8733
m1krwe,GOOGL,neutral,0.8190
m1knli,GME,neutral,0.9138
m1kmcw,GME,neutral,0.9126
m1kmcw,TSLA,neutral,0.9126
m1kks2,GME,neutral,0.5692
m1k67y,AMC,neutral,0.7555
m1k67y,GME,neutral,0.7555
m1k2xk,AMC,neutral,0.8324
m1k09q,AMC,neutral,0.8231
m1k09q,GME,neutral,0.8231
m1jwyk,GME,neutral,0.8878
m1jwmd,GME,neutral,0.5437
m1jwmd,TSLA,neutral,0.5437
m1jt9r,META,neutral,0.5798
m1jt9r,GME,neutral,0.5798
m1jsyg,AMC,neutral,0.8518
m1jksq,GME,negative,0.5296
m1jk97,GME,neutral,0.8271
m1jk3j,GME,neutral,0.7135
m1jci8,AMC,neutral,0.8330
m1jby9,GME,neutral,0.9291
m1jbcc,GME,neutral,0.5752
m1j3q5,GME,neutral,0.8900
m1j32k,AMC,neutral,0.8730
m1j32k,GME,neutral,0.8730
m1iw1v,AMC,negative,0.5878
m1iuu9,GME,neutral,0.8968
m1ir3n,GME,neutral,0.8669
m1iqc3,GME,neutral,0.9120
m1iqc3,GOOGL,neutral,0.9120
m1ip16,GME,neutral,0.8745
m1iook,GME,neutral,0.9188
m1ill5,TSLA,neutral,0.9161
m1igxk,GME,neutral,0.5269
m1iesz,GME,neutral,0.9193
m1i9wx,GME,neutral,0.8966
m1i7w6,TSLA,neutral,0.7676
m1i7p2,NVDA,neutral,0.7227
m1i2m9,META,neutral,0.9525
m1i2m9,GME,neutral,0.9525
m1i187,AAPL,neutral,0.8547
m1i187,GME,neutral,0.8547
m1i187,TSLA,neutral,0.8547
m1hy03,GME,neutral,0.8384
m1hwdz,GME,neutral,0.5606
m1hvz2,AMC,neutral,0.6138
m1hvz2,GME,neutral,0.6138
m1hrfu,GME,neutral,0.8673
m1hpzz,GME,neutral,0.8891
m1hpzz,NVDA,neutral,0.8891
m1houa,GME,neutral,0.9155
m1hnq6,GME,neutral,0.7127
m1hk6h,AMZN,neutral,0.8598
m1hk6h,GME,neutral,0.8598
m1hjxy,AMC,neutral,0.7625
m1hjxy,GME,neutral,0.7625
m1hhdi,AMC,neutral,0.9250
m1hdvr,AMC,neutral,0.9353
m1ha3r,AMC,neutral,0.8575
m1ha3r,GME,neutral,0.8575
m1h7qt,AMC,neutral,0.8110
m1h6mx,AMC,neutral,0.9075
m1h66w,GME,neutral,0.9192
m1h3dc,GME,neutral,0.8075
m1h3et,GME,neutral,0.8503
m1gzzd,GME,neutral,0.9006
m1gzh7,GME,positive,0.5705
m1gyh3,GME,neutral,0.8410
m1gxzt,GME,neutral,0.8654
m1gxa0,AMC,neutral,0.8612
m1gubh,GME,neutral,0.8769
m1gtpi,AMC,neutral,0.7879
m1gs1n,AMC,neutral,0.9353
m1gs1n,GME,neutral,0.9353
m1gs1n,TSLA,neutral,0.9353
m1gqe4,GME,positive,0.8280
m1gn5e,GME,neutral,0.8082
m1gp7s,AAPL,neutral,0.6617
m1goq9,GME,neutral,0.8938
m1gohw,GME,neutral,0.7253
m1gnbg,AMZN,neutral,0.8754
m1gn79,GME,neutral,0.9324
m1gl3h,AMC,neutral,0.9354
m1gkcx,AMC,neutral,0.8582
m1gjr9,GME,neutral,0.8579
m1gjla,AMC,positive,0.8296
m1ggje,GME,neutral,0.8336
m1ggd5,GME,neutral,0.9192
m1gd2m,GME,neutral,0.9412
m1gbsc,TSLA,neutral,0.9427
m1g7lw,AAPL,neutral,0.8587
m1g7lw,TSLA,neutral,0.8587
m1g653,AMC,neutral,0.5798
m1g5tj,GME,neutral,0.9027
m1g2p1,GME,neutral,0.8505
m1g0m5,AMC,neutral,0.9183
m1fze3,GME,neutral,0.8886
m1fz63,GME,neutral,0.9213
m3csxi,GME,neutral,0.7789
m3crcz,AMC,neutral,0.6022
m3crcz,GME,neutral,0.6022
m3cm9q,AMC,neutral,0.8982
m3c3vp,AMC,neutral,0.8555
m3bwnm,GME,positive,0.7751
m3b2fr,GME,neutral,0.8556
m3am79,AMZN,neutral,0.8947
m3am79,GME,neutral,0.8947
m39ps3,AMC,neutral,0.8517
m39ps3,GME,neutral,0.8517
m30jlh,TSLA,neutral,0.8633
m2w3xz,AMC,neutral,0.7934
m2w3xz,AMZN,neutral,0.7934
m27mt0,AMC,neutral,0.6493
m27lkm,GME,neutral,0.6243
m27inp,GME,neutral,0.5458
m27e01,GME,negative,0.7734
m279fr,AMC,negative,0.7940
m279fr,GME,negative,0.7940
m278qc,AMC,neutral,0.8263
m278qc,GME,neutral,0.8263
m278es,GME,neutral,0.6493
m275bb,AMC,neutral,0.7263
m26z4a,GME,neutral,0.8893
m26wey,AMC,neutral,0.8763
m26wey,GME,neutral,0.8763
m26v2a,AMC,neutral,0.9103
m26sve,GME,neutral,0.9230
m26rmu,AMC,negative,0.8647
m26rmu,GME,negative,0.8647
m26q2d,GME,neutral,0.6645
m26hd4,GME,neutral,0.8246
m26fzp,GME,positive,0.6591
m25vlm,AMC,neutral,0.8894
m25szi,AMC,neutral,0.8374
m25szi,GME,neutral,0.8374
m25r3j,GME,neutral,0.9168
m25ors,AMC,neutral,0.7431
m25h16,AMC,neutral,0.6193
m25h16,GME,neutral,0.6193
m259cn,GME,neutral,0.9152
m253hc,GME,neutral,0.9235
m24ib6,GME,negative,0.5996
m24gn6,GME,negative,0.8411
m248be,AMC,neutral,0.8703
m248be,GME,neutral,0.8703
m23u4x,GME,negative,0.8179
m23loy,AMC,neutral,0.8420
m23loy,GME,neutral,0.8420
m23kff,AMC,neutral,0.7133
m23kff,GME,neutral,0.7133
m23gkf,GME,positive,0.7970
m23dye,AMC,neutral,0.8584
m237es,GME,neutral,0.7661
m22zr1,AMC,neutral,0.7460
m22w54,AMC,neutral,0.9371
m22rhm,GME,neutral,0.8804
m22qlw,GME,neutral,0.9042
m22hrn,AMC,positive,0.7207
m22hrn,GME,positive,0.7207
m22f58,GME,neutral,0.7716
m22a1r,GME,neutral,0.7585
m229a1,AMC,neutral,0.8137
m229a1,GME,neutral,0.8137
m229a1,TSLA,neutral,0.8137
m228ly,AMC,neutral,0.7176
m225xb,GME,neutral,0.9316
m225xd,GME,neutral,0.6935
m225nu,GME,positive,0.9110
m2255x,GME,neutral,0.8808
m223od,AMC,neutral,0.9016
m222gc,GME,neutral,0.8497
m220ue,GME,neutral,0.7786
m21wd8,GME,neutral,0.7966
m21szq,GME,neutral,0.6750
m21ne6,GME,positive,0.7405
m21d1m,GME,neutral,0.8322
m2165b,AMC,negative,0.7131
m2165b,GME,negative,0.7131
m215kp,GME,positive,0.8006
m2118s,GOOGL,neutral,0.9321
m20zhf,TSLA,neutral,0.7032
m20s7m,GME,neutral,0.5026
m20lil,GME,neutral,0.8447
m20ito,AMC,neutral,0.9367
m20ito,GME,neutral,0.9367
m20h85,AMC,neutral,0.7161
m20h85,GME,neutral,0.7161
m20h85,NFLX,neutral,0.7161
m20g4t,GME,neutral,0.8939
m20dgb,AMC,neutral,0.8542
m209ux,AMC,neutral,0.5932
m207r5,GME,neutral,0.7591
m206mg,GME,negative,0.7482
m202r8,GME,neutral,0.8430
m1zzwu,AMC,neutral,0.9066
m1zzwu,GME,neutral,0.9066
m1zweu,AMZN,neutral,0.9333
m1zweu,TSLA,neutral,0.9333
m1zweu,META,neutral,0.9333
m1zubu,GME,neutral,0.8855
m1zs8l,AMC,neutral,0.8406
m1zru6,GME,neutral,0.5124
m1zqua,AMC,neutral,0.8582
m1zmmm,AMC,neutral,0.8143
m1zmmm,GME,neutral,0.8143
m1zm0b,GME,neutral,0.8846
m1zlpn,AMC,neutral,0.7860
m1zkul,GME,neutral,0.9192
m1zjwy,GME,neutral,0.9209
m1zgzf,AMC,negative,0.5445
m1zgzf,GME,negative,0.5445
m1zg9c,GME,neutral,0.9412
m1zem7,AMC,negative,0.7958
m1zem7,GME,negative,0.7958
m1zeis,GME,neutral,0.4705
m1ze38,GME,neutral,0.9254
m1zdzh,AMC,neutral,0.9074
m1zdzh,GME,neutral,0.9074
m1zcsv,GME,neutral,0.5510
m1zbjr,AMC,neutral,0.7818
m1zbjr,GME,neutral,0.7818
m1zbjr,NFLX,neutral,0.7818
m1zbjr,GOOGL,neutral,0.7818
m1zaxe,AMC,positive,0.8247
m1zaxe,GME,positive,0.8247
m1zaxe,AMZN,positive,0.8247
m1z81e,AMC,neutral,0.9156
m1z81e,GME,neutral,0.9156
m1z81e,GOOGL,neutral,0.9156
m1z6kx,AMC,neutral,0.8288
m1z44t,GME,neutral,0.9068
m1z3js,GME,neutral,0.8670
m1z2hs,AMC,neutral,0.9088
m1z1u4,GME,neutral,0.7750
m1yv9k,GME,neutral,0.9151
m1yhsp,GME,neutral,0.9137
m1yfba,AMC,neutral,0.9219
m1yfbb,AMC,neutral,0.8280
m1yfbb,GME,neutral,0.8280
m4302j,AMC,neutral,0.8693
m42wbm,AMC,neutral,0.9149
m3lpl5,AMC,neutral,0.9209
m3jpcy,TSLA,positive,0.5882
m3gkd4,TSLA,neutral,0.8500
m31g3m,GME,neutral,0.8835
m2z4sy,AMC,neutral,0.9482
m2snfi,GME,positive,0.8287
m2h4zy,AAPL,neutral,0.8472
m2h4zy,GOOGL,neutral,0.8472
m2h4zy,MSFT,neutral,0.8472
m2h4zy,AMZN,neutral,0.8472
m2h4zy,META,neutral,0.8472
m2h4zy,GME,neutral,0.8472
m2h45v,AMC,neutral,0.6046
m2gzrr,AMC,neutral,0.7899
m2gzrr,GME,neutral,0.7899
m2gzdl,GME,neutral,0.5588
m2gy1u,GME,neutral,0.9248
m2gort,AMC,neutral,0.6731
m2gjvs,GME,neutral,0.8294
m2ggzq,GME,neutral,0.8801
m2ge5a,GME,neutral,0.7232
m2gbqy,AMC,neutral,0.7396
m2gbqy,GME,neutral,0.7396
m2gbqy,GOOGL,neutral,0.7396
m2g9e9,AMC,neutral,0.8425
m2g9e9,GME,neutral,0.8425
m2g769,AMC,neutral,0.9230
m2g5dm,AMC,neutral,0.8331
m2g5dm,GME,neutral,0.8331
m2g57n,AMC,neutral,0.8943
m2g451,GME,neutral,0.9139
m2g3es,GME,neutral,0.8170
m2g2ue,AMC,neutral,0.8725
m2g2ue,GME,neutral,0.8725
m2fxpy,AMC,neutral,0.7928
m2fs14,AMC,neutral,0.8929
m2frtj,GME,neutral,0.8655
m2fo2b,GME,neutral,0.8755
m2fitk,GME,negative,0.5662
m2fi3b,GME,neutral,0.9021
m2f77g,GME,neutral,0.6705
m2f48d,AMC,neutral,0.8640
m2f48d,GME,neutral,0.8640
m2efv8,AMC,neutral,0.7005
m2efv8,GME,neutral,0.7005
m2e64k,AMC,neutral,0.8881
m2e593,GME,positive,0.7408
m2dtqk,GME,neutral,0.7858
m2dopt,AMC,neutral,0.9007
m2dopt,MSFT,neutral,0.9007
m2dgos,GME,neutral,0.7290
m2d528,AMC,neutral,0.9100
m2d4sh,GME,negative,0.6327
m2d2qi,GME,negative,0.6637
m2cvub,AMC,neutral,0.9267
m2cryz,AMC,negative,0.9720
m2ci9o,GME,neutral,0.7054
m2cegj,GME,neutral,0.6485
m2cb1l,AMC,neutral,0.9186
m2cala,AMC,neutral,0.8559
m2cala,GME,neutral,0.8559
m2c9zg,GME,neutral,0.9438
m2c9sj,AMC,neutral,0.8757
m2c9sj,GME,neutral,0.8757
m2c75n,AMC,neutral,0.4966
m2c75n,GME,neutral,0.4966
m2c13o,AMC,neutral,0.6739
m2bzc8,GME,neutral,0.8290
m2bnz3,AMC,neutral,0.8250
m2blix,AMC,neutral,0.9075
m2blix,GME,neutral,0.9075
m2bjre,AMC,neutral,0.8782
m2bjre,GME,neutral,0.8782
m2bhcf,AMC,neutral,0.9007
m2bfij,AMC,neutral,0.8699
m2bfig,AAPL,positive,0.6317
m2bear,AMC,neutral,0.7071
m2bear,GME,neutral,0.7071
m2bdwc,AMC,neutral,0.7385
m2bcaa,AMC,neutral,0.8154
m2bcaa,GME,neutral,0.8154
m2bcaa,TSLA,neutral,0.8154
m2bcaa,ORCL,neutral,0.8154
m2b90p,AMC,neutral,0.9308
m2b8cc,GME,positive,0.6297
m2b59r,GME,neutral,0.7552
m2b4ur,GME,neutral,0.7057
m2b43d,AMC,neutral,0.8383
m2b43d,GME,neutral,0.8383
m2b2pb,AMC,neutral,0.8203
m2b2pb,GME,neutral,0.8203
m2b0cz,GME,neutral,0.9047
m2ay0q,GME,neutral,0.7751
m2auez,GME,neutral,0.8182
m2auez,GOOGL,neutral,0.8182
m2atqy,GOOGL,neutral,0.8283
m2amzm,GME,neutral,0.8772
m2an7x,AMC,neutral,0.5265
m2an7x,GME,neutral,0.5265
m2an3e,GOOGL,negative,0.7406
m2albm,AMC,neutral,0.8629
m2ajea,GME,neutral,0.8851
m2aj5e,GME,neutral,0.9082
m2agu7,GME,neutral,0.7175
m2agu7,NFLX,neutral,0.7175
m2agu7,TSLA,neutral,0.7175
m2acs6,GME,neutral,0.9256
m2a6ow,GME,neutral,0.7168
m29tux,GME,neutral,0.6072
m29m5y,GME,neutral,0.8963
m298t1,AMC,neutral,0.8531
m29259,AMC,neutral,0.8033
m29259,GME,neutral,0.8033
m28xl2,AMC,neutral,0.6274
m28qi3,GME,neutral,0.8177
m28ptu,AMC,neutral,0.9142
m28ptu,GME,neutral,0.9142
m28lqw,AMC,neutral,0.9310
m28lqw,GME,neutral,0.9310
m28jrm,AMC,neutral,0.6630
m28jrm,GME,neutral,0.6630
m28ibs,AMC,neutral,0.7332
m28ibs,GME,neutral,0.7332
m28gsp,AMC,negative,0.7529
m28cyn,GME,neutral,0.4831
m28bee,GME,neutral,0.7238
m27zg5,GME,neutral,0.9106
m27xop,GME,neutral,0.9270
m27s55,GME,neutral,0.7560
m27rpu,GME,neutral,0.8627
m27qw4,AMC,neutral,0.9222
m4rrgw,AMC,neutral,0.9015
m4qnhj,AMC,neutral,0.9061
m4o3lb,GOOGL,neutral,0.8887
m4o3lb,TSLA,neutral,0.8887
m4o3lb,AMC,neutral,0.8887
m4o3lb,AMZN,neutral,0.8887
m4o3lb,GME,neutral,0.8887
m4mdkj,AMC,neutral,0.7585
m2t76j,AMC,neutral,0.6802
m2t76j,GME,neutral,0.6802
m2t4qy,GME,negative,0.8771
m2t0gc,AMC,positive,0.5117
m2t0gc,GME,positive,0.5117
m2svbk,GME,neutral,0.7187
m2sso6,GME,neutral,0.8945
m2snkv,AMC,neutral,0.7040
m2s3na,AMC,neutral,0.6631
m2s3na,GME,neutral,0.6631
m2ry0a,GME,neutral,0.9214
m2rxyz,AMC,neutral,0.8639
m2rxyz,GME,neutral,0.8639
m2rvim,AMC,neutral,0.7891
m2rvim,GME,neutral,0.7891
m2rvb3,GME,neutral,0.9305
m2rqq0,GME,neutral,0.8917
m2rgaj,GME,neutral,0.8842
m2rf8h,GME,neutral,0.5870
m2qgug,GME,neutral,0.7767
m2q4bu,NFLX,neutral,0.9186
m2q39b,GME,neutral,0.9275
m2oxn9,GME,negative,0.8107
m2ot9q,GME,neutral,0.7485
m2opjj,AMC,neutral,0.9103
m2opjj,TSLA,neutral,0.9103
m2opdr,GME,neutral,0.9301
m2ofmv,AMC,neutral,0.8316
m2ofmv,GME,neutral,0.8316
m2obpb,GME,neutral,0.9448
m2ng48,GME,neutral,0.9387
m2nebm,GME,negative,0.8058
m2n9zh,TSLA,neutral,0.9315
m2n739,GME,neutral,0.9478
m2n1ul,AMC,neutral,0.7832
m2n1ul,GME,neutral,0.7832
m2mysz,AMC,neutral,0.5740
m2mysz,GME,neutral,0.5740
m2mmov,AMC,neutral,0.7167
m2mmov,GME,neutral,0.7167
m2mhzl,AMC,neutral,0.8719
m2mhzl,GME,neutral,0.8719
m2mcxv,NFLX,neutral,0.7035
m2m6xy,AMC,neutral,0.7021
m2ltnf,GME,neutral,0.6305
m2kywx,AMC,neutral,0.9085
m2kwfw,AMC,neutral,0.9270
m2ks03,AMC,negative,0.5098
m2kepp,GME,negative,0.6545
m2k2jo,AMC,neutral,0.9067
m2k2jo,GME,neutral,0.9067
m2k28e,GME,neutral,0.9009
m2josc,AMC,neutral,0.6282
m2josc,GME,neutral,0.6282
m2jyhl,AMC,neutral,0.8548
m2jw3y,AMC,neutral,0.8735
m2jw3y,GME,neutral,0.8735
m2jsnq,GME,neutral,0.8165
m2jr5z,CSCO,neutral,0.9290
m2j5vz,AMC,neutral,0.8568
m2j5vz,GME,neutral,0.8568
m2j4zt,AMZN,neutral,0.8701
m2j49t,AMC,neutral,0.8811
m2j49t,GME,neutral,0.8811
m2j3z8,GME,neutral,0.7803
m2j3z8,TSLA,neutral,0.7803
m2j20c,GME,neutral,0.7015
m2iy9n,MSFT,negative,0.9442
m2iwjj,AMC,neutral,0.8961
m2it5s,GME,neutral,0.7000
m2ijoe,GME,neutral,0.7977
m2idow,AMC,neutral,0.8420
m2idow,GME,neutral,0.8420
m2i6hs,AMC,neutral,0.8736
m2i6hs,GME,neutral,0.8736
m2i6hs,AMZN,neutral,0.8736
m2i5fi,GME,neutral,0.8881
m2i32q,GME,neutral,0.8017
m2hyb1,AMC,neutral,0.5536
m2hyb1,GME,neutral,0.5536
m2huy9,GME,neutral,0.8960
m2htlk,TSLA,neutral,0.8624
m2hlk0,TSLA,neutral,0.7525
m2hj48,GME,neutral,0.8900
m5fz90,AMC,neutral,0.5479
m59935,CRM,negative,0.7367
m59935,TSLA,negative,0.7367
m3s17v,GME,neutral,0.7795
m33ifk,AAPL,neutral,0.5857
m33idv,GME,neutral,0.7931
m33alu,AMZN,neutral,0.5443
m336pp,GME,neutral,0.7710
m336nm,GME,neutral,0.7956
m33493,GME,neutral,0.8868
m333x8,GME,neutral,0.9135
m32zpr,AMC,positive,0.8512
m32xw0,AMC,neutral,0.9060
m32xw0,GME,neutral,0.9060
m32xw0,AMZN,neutral,0.9060
m32sdq,AMC,neutral,0.8678
m32qvy,AMC,neutral,0.8136
m32o5p,GME,neutral,0.9198
m32kht,GME,neutral,0.8900
m32kht,MSFT,neutral,0.8900
m32iqk,AMZN,neutral,0.8911
m32iqk,TSLA,neutral,0.8911
m32iqk,NVDA,neutral,0.8911
m32dy2,AMC,neutral,0.9162
m32dy2,GME,neutral,0.9162
m32dza,TSLA,positive,0.4654
m32ct8,GME,neutral,0.8395
m323go,TSLA,neutral,0.9161
m31ug4,GME,neutral,0.8890
m31ug4,TSLA,neutral,0.8890
m31sm8,GME,neutral,0.9275
m31pjv,GME,neutral,0.9158
m31opa,GME,neutral,0.9177
m31oxw,GME,neutral,0.9249
m31ebg,AMC,positive,0.8384
m31e2h,GME,neutral,0.8800
m31b6k,AMC,positive,0.8964
m30k1i,GME,neutral,0.9306
m30jan,AMC,neutral,0.6126
m30dz1,AMC,neutral,0.8283
m30d7a,GME,positive,0.6987
m308zo,AMC,neutral,0.6653
m307et,AMC,neutral,0.8623
m307et,TSLA,neutral,0.8623
m303zm,GME,neutral,0.8895
m2zxdn,GME,neutral,0.8721
m2zsxj,META,neutral,0.8793
m2zmd8,GME,neutral,0.8432
m2z5gc,GME,neutral,0.9295
m2yxq9,GME,neutral,0.8674
m2ykjo,AMC,neutral,0.9101
m2ykjo,GME,neutral,0.9101
m2y6ak,GME,neutral,0.8967
m2y5nw,GME,neutral,0.8313
m2xzui,MSFT,negative,0.5244
m2xkdi,GME,neutral,0.8947
m2xj1i,TSLA,positive,0.9075
m2xb1w,AMC,neutral,0.9014
m2x00k,AMC,neutral,0.9112
m2wz4l,GME,negative,0.9562
m2wx25,AMC,neutral,0.9137
m2wx25,GME,neutral,0.9137
m2wt8j,GME,neutral,0.9242
m2whit,GOOGL,neutral,0.9310
m2w2v9,GME,neutral,0.8840
m2vxn0,GME,neutral,0.8781
m2vz6q,GME,neutral,0.5189
m2vhs8,AMC,neutral,0.9071
m2vhs8,GME,neutral,0.9071
m2uy4f,GME,neutral,0.9266
m2uxdh,GME,neutral,0.7239
m2urvb,AMC,neutral,0.9041
m2urvb,GME,neutral,0.9041
m2ur1h,AMC,neutral,0.7898
m2uq2m,AMC,neutral,0.6458
m2ue3t,AMC,neutral,0.6147
m2udyw,GME,neutral,0.9280
m2udfb,GME,neutral,0.8565
m2uais,GME,neutral,0.8484
m2ua1m,GME,neutral,0.9051
m2u8en,GME,neutral,0.8716
m2u78q,AMC,neutral,0.5895
m2ttbz,GME,neutral,0.8959
m2tsfq,AAPL,neutral,0.8835
m2tsfq,TSLA,neutral,0.8835
m2ts4q,AMC,neutral,0.8425
m2ts4q,GME,neutral,0.8425
m2trcw,GME,positive,0.6171
m2tld7,GME,neutral,0.8738
m647u5,AMC,neutral,0.5998
m63wl1,AMC,neutral,0.7662
m63f9u,GME,neutral,0.8641
m6389h,GME,neutral,0.5980
m5d7xp,CRM,positive,0.9039
m5d7xp,ADBE,positive,0.9039
m3t0k9,GME,neutral,0.8786
m3t0k9,GOOGL,neutral,0.8786
m3sz4a,GME,neutral,0.9240
m3sib5,GME,neutral,0.9351
m3s430,TSLA,neutral,0.9177
m3s1an,GME,neutral,0.9075
m3s0ll,AMC,positive,0.7494
m3rzfl,GME,negative,0.7141
m3rug1,GME,neutral,0.9052
m3rqqf,AMC,neutral,0.7754
m3rqqf,GME,neutral,0.7754
m3rqaq,AMC,neutral,0.8740
m3rqaq,GME,neutral,0.8740
m3rnn8,GME,neutral,0.6128
m3rmqd,GME,neutral,0.8978
m3rmfv,AMC,neutral,0.7037
m3rmfv,GME,neutral,0.7037
m3rhm7,GME,neutral,0.5496
m3rb8m,AMC,neutral,0.8504
m3rb8m,GME,neutral,0.8504
m3r8eb,AMC,neutral,0.9225
m3r8eb,GME,neutral,0.9225
m3r616,AMC,neutral,0.8358
m3r3f8,AMC,neutral,0.9192
m3r3f8,GME,neutral,0.9192
m3qyu5,AMC,negative,0.5035
m3qyu5,GME,negative,0.5035
m3qwy4,AMC,neutral,0.8113
m3qwy4,GME,neutral,0.8113
m3qsa4,AMC,negative,0.9164
m3qsa4,GME,negative,0.9164
m3q4id,AMC,neutral,0.9172
m3q4id,GME,neutral,0.9172
m3oecb,GME,neutral,0.9371
m3odgk,GME,neutral,0.9235
m3o8ej,GME,neutral,0.9272
m3o6bu,META,neutral,0.7704
m3o6bu,GME,neutral,0.7704
m3o152,GME,neutral,0.6587
m3nwp8,AMC,neutral,0.8218
m3nwp8,AAPL,neutral,0.8218
m3nwp8,GME,neutral,0.8218
m3nwp8,TSLA,neutral,0.8218
m3mhkm,INTC,neutral,0.7730
m3mhkm,ORCL,neutral,0.7730
m3mhkm,AAPL,neutral,0.7730
m3mhkm,GOOGL,neutral,0.7730
m3mhkm,TSLA,neutral,0.7730
m3mhkm,GME,neutral,0.7730
m3n3sw,GME,neutral,0.8814
m3n2y5,TSLA,neutral,0.8464
m3muqw,GME,neutral,0.8805
m3msld,GME,neutral,0.9114
m3mnh1,AMC,negative,0.7724
m3mhft,AMC,neutral,0.9115
m3lifm,GME,neutral,0.6069
m3lifm,TSLA,neutral,0.6069
m3l6zk,GME,neutral,0.9216
m3l3z9,GME,neutral,0.8729
m3ksfg,AMC,neutral,0.8368
m3ksfg,GME,neutral,0.8368
m3kl1n,GME,neutral,0.8720
m3kggv,GME,neutral,0.9193
m3kdud,GME,neutral,0.7495
m3kbds,AMC,neutral,0.8697
m3k8jt,AMZN,neutral,0.7859
m3k0xk,GME,neutral,0.9070
m3jw5r,GME,neutral,0.8672
m3jpof,GME,neutral,0.8644
m3j7l3,GME,neutral,0.7819
m3j6h2,GME,neutral,0.8619
m3ibfr,AMC,neutral,0.8365
m3ibfr,GME,neutral,0.8365
m3iaqh,AMC,neutral,0.6933
m3hkjf,GME,neutral,0.6887
m3h1c4,AMC,negative,0.5110
m3gdbt,GME,neutral,0.6580
m3gbxz,AMC,neutral,0.8739
m3gbxz,GME,neutral,0.8739
m3g8io,GME,neutral,0.9048
m3g2j3,GME,neutral,0.4928
m3fldc,GME,neutral,0.8250
m3eyh8,AMC,neutral,0.9295
m3epu3,AMC,neutral,0.8571
m3eld8,AAPL,neutral,0.9363
m3dw1i,AMC,neutral,0.7948
m3dvuh,AMC,neutral,0.8910
m3dvuh,GME,neutral,0.8910
m3d59w,GME,neutral,0.9186
m3c81j,GME,neutral,0.9207
m3bpf9,GME,neutral,0.8888
m3bl5k,GME,neutral,0.8251
m3bb6g,GME,neutral,0.8411
m3ba9b,AMC,neutral,0.8617
m3a9hw,AAPL,neutral,0.8441
m39rts,GME,neutral,0.8475
m39ib2,GME,neutral,0.7820
m39ee9,AAPL,neutral,0.8479
m39ee9,GOOGL,neutral,0.8479
m39ee9,TSLA,neutral,0.8479
m39ee9,AMC,neutral,0.8479
m39ee9,AMZN,neutral,0.8479
m39ee9,GME,neutral,0.8479
m37wrd,AMC,neutral,0.9077
m37qnn,GME,neutral,0.9281
m37n6m,AMC,neutral,0.8838
m37n6m,GME,neutral,0.8838
m37h6l,GOOGL,negative,0.5312
m37h6l,MSFT,negative,0.5312
m3776w,GME,neutral,0.9295
m36xah,AMC,neutral,0.7326
m36xah,GME,neutral,0.7326
m36ovo,GME,positive,0.5084
m36ey2,GME,neutral,0.7056
m36ce0,GME,neutral,0.8382
m3640n,AMC,neutral,0.8564
m3640n,GME,neutral,0.8564
m362bc,GME,neutral,0.5543
m35usn,GME,neutral,0.8400
m35u61,AMC,neutral,0.5322
m35u61,GME,neutral,0.5322
m35u61,TSLA,neutral,0.5322
m35u61,GOOGL,neutral,0.5322
m35pbh,TSLA,neutral,0.4764
m35pbh,NVDA,neutral,0.4764
m35klm,AMC,neutral,0.8017
m35klm,GME,neutral,0.8017
m35j73,AMC,neutral,0.9134
m35i3r,AAPL,neutral,0.9001
m35gnd,GME,neutral,0.7055
m356il,GME,neutral,0.8766
m34tcc,GME,neutral,0.7470
m34net,GME,neutral,0.9266
m34f5z,GME,neutral,0.5435
m34ed8,GME,neutral,0.9241
m34dvv,GME,neutral,0.5080
m348ld,GME,neutral,0.8390
m33pbz,NFLX,neutral,0.7139
m33lzu,AMC,neutral,0.8863
m33lzu,GME,neutral,0.8863
m6utlo,GME,neutral,0.9209
m6syid,GME,neutral,0.7531
m6pxds,AMC,neutral,0.8575
m6pxds,GME,neutral,0.8575
m6pso5,GME,neutral,0.8498
m6oihz,AMC,neutral,0.8407
m6oanf,AMC,neutral,0.8405
m6oanf,GME,neutral,0.8405
m6lzqt,GME,negative,0.5147
m6dnxw,GME,neutral,0.9061
m5wml3,GME,neutral,0.9079
m5tt50,AMC,neutral,0.7579
m5tt50,GME,neutral,0.7579
m5tt50,GOOGL,neutral,0.7579
m5tt50,AMZN,neutral,0.7579
m4otlf,AMC,neutral,0.8584
m4oq00,AMC,neutral,0.9006
m4oq00,GME,neutral,0.9006
m4oga6,AMC,neutral,0.6058
m4off4,AMC,neutral,0.7109
m4odqq,TSLA,neutral,0.8816
m4od9m,AMC,neutral,0.7633
m4o54p,AMC,neutral,0.8368
m4nblw,AMC,neutral,0.9129
m4nblw,GME,neutral,0.9129
m4mzve,AMC,neutral,0.7303
m4mp80,AMC,neutral,0.9437
m4mfm1,GME,neutral,0.8953
m4lsdg,AMC,neutral,0.7435
m4lsdg,GME,neutral,0.7435
m4ll5i,GME,neutral,0.6548
m4lj4s,GME,neutral,0.7800
m4lj4s,TSLA,neutral,0.7800
m4lj4s,GOOGL,neutral,0.7800
m4lgri,AMC,neutral,0.9051
m4lgri,GME,neutral,0.9051
m4kyfy,AMC,neutral,0.6415
m4krqm,GME,neutral,0.8736
m4koks,AMC,neutral,0.9149
m4kam9,META,neutral,0.6518
m4kam9,GME,neutral,0.6518
m4i4h8,GME,neutral,0.8467
m4h928,GME,neutral,0.8798
m4h5jd,AMC,neutral,0.7894
m4gcej,GME,neutral,0.9092
m4g6p2,GME,neutral,0.7841
m4g0as,GME,positive,0.5591
m4fnyd,AMC,neutral,0.8168
m4fnyd,GME,neutral,0.8168
m4epbm,AAPL,neutral,0.8525
m4epbm,INTC,neutral,0.8525
m4el34,AAPL,negative,0.5055
m4e784,AMC,neutral,0.7857
m4e784,GME,neutral,0.7857
m4e2q6,AMC,neutral,0.8533
m4e2q6,GME,neutral,0.8533
m4dx0o,GME,neutral,0.7585
m4cka9,AMC,neutral,0.8267
m4cka9,GME,neutral,0.8267
m4cjf3,AMC,neutral,0.8934
m4c783,GME,positive,0.6935
m4bwz5,AMC,positive,0.6461
m4bwz5,META,positive,0.6461
m4bwz5,NFLX,positive,0.6461
m4bwz5,AMZN,positive,0.6461
m4btuq,AMC,neutral,0.7952
m4btuq,GME,neutral,0.7952
m4bldp,GME,neutral,0.8164
m4avew,AMC,neutral,0.7242
m4avew,GME,neutral,0.7242
m4a87a,GME,neutral,0.8644
m49opq,AMC,neutral,0.8151
m49opq,GME,neutral,0.8151
m49lq5,AMC,neutral,0.7967
m49lq5,GME,neutral,0.7967
m496ec,AMC,negative,0.5897
m496ec,GME,negative,0.5897
m48oiu,AMC,neutral,0.8112
m48oiu,CSCO,neutral,0.8112
m48oiu,GME,neutral,0.8112
m48oiu,META,neutral,0.8112
m48ogh,AMC,neutral,0.8909
m48ogh,GME,neutral,0.8909
m48loa,GME,neutral,0.9505
m48i1c,TSLA,neutral,0.8526
m47vi8,AMC,neutral,0.9006
m47vi8,GME,neutral,0.9006
m47vi8,TSLA,neutral,0.9006
m47sm1,GME,neutral,0.8889
m47kbr,AMC,positive,0.8777
m47kbr,GME,positive,0.8777
m47jys,AMC,neutral,0.6345
m46zmf,GME,neutral,0.9200
m46jh9,GME,neutral,0.8939
m46apq,AMC,neutral,0.8953
m46apq,GME,neutral,0.8953
m460hw,GME,neutral,0.6610
m45yb7,GME,neutral,0.8955
m45rkh,TSLA,neutral,0.8485
m45aw6,GME,neutral,0.9348
m43z1z,AMZN,neutral,0.8951
m42rpj,GME,neutral,0.7478
m42rpj,TSLA,neutral,0.7478
m41ghq,AMC,neutral,0.9042
m41ghq,GME,neutral,0.9042
m40kxz,GME,neutral,0.9077
m3zhw1,META,neutral,0.9158
m3zhw1,GME,neutral,0.9158
m3zh49,AMC,neutral,0.8855
m3zh49,GME,neutral,0.8855
m3zent,GME,neutral,0.7352
m3z6xg,GME,neutral,0.9045
m3y8yi,GME,neutral,0.9086
m3xkwz,GME,neutral,0.8609
m3xgui,GME,neutral,0.5733
m3xgah,GME,neutral,0.8290
m3xb21,GME,neutral,0.9278
m3wrbi,GME,positive,0.5056
m3wdhu,AMC,neutral,0.7829
m3wdhu,GME,neutral,0.7829
m3wcq1,AMC,neutral,0.9067
m3w9yp,GME,neutral,0.8830
m3w6ui,GME,neutral,0.7928
m3w2sd,AMC,neutral,0.6381
m3vyog,AMC,neutral,0.3763
m3vyog,GOOGL,neutral,0.3763
m3vyh7,GME,neutral,0.9281
m3vhmg,AMC,neutral,0.7674
m3vhmg,GME,neutral,0.7674
m3v56t,AMC,neutral,0.7427
m3v56t,GME,neutral,0.7427
m3v56t,GOOGL,neutral,0.7427
m3v3pt,AAPL,neutral,0.5857
m3uus5,AMC,neutral,0.9015
m3ug0l,GME,neutral,0.7829
m3ue4m,AMC,neutral,0.9120
m3u836,GME,neutral,0.9275
m3u7fz,GME,neutral,0.9046
m3tqay,GME,neutral,0.9126
m3tpkt,META,neutral,0.6714
m3tmmy,GME,neutral,0.7844
m3tma7,AMC,neutral,0.9291
m3qtir,AMZN,neutral,0.4267
m3qtir,CSCO,neutral,0.4267
m3qtir,GOOGL,neutral,0.4267
m3qtir,MSFT,neutral,0.4267
m3te37,AMC,neutral,0.6783
m3te37,GME,neutral,0.6783
m7mf4l,AMC,neutral,0.8825
m7j99g,TSLA,neutral,0.9245
m5rsbf,NFLX,neutral,0.4132
m5roov,AMC,neutral,0.8518
m5rip1,AMC,neutral,0.8996
m5rip1,GME,neutral,0.8996
m5rgci,GME,neutral,0.7384
m5rd9i,AMC,neutral,0.9268
m5rc8y,AMC,negative,0.7975
m5r9xl,AMC,neutral,0.8391
m5r8ua,AMC,negative,0.7114
m5r8n4,AMC,neutral,0.8752
m5r7id,AMC,neutral,0.8093
m5r7id,GME,neutral,0.8093
m5r7id,TSLA,neutral,0.8093
m5r6zp,GME,neutral,0.9120
m5r57m,META,neutral,0.9324
m5r57m,GME,neutral,0.9324
m5r2zr,AMC,neutral,0.7677
m5r2zr,GME,neutral,0.7677
m5r2zr,NVDA,neutral,0.7677
m5qr2z,AMC,neutral,0.8494
m5ql83,AMC,neutral,0.9082
m5ql83,GME,neutral,0.9082
m5qdgv,AMC,neutral,0.6138
m5qdgv,GME,neutral,0.6138
m5p2r2,AMC,neutral,0.7986
m5p0sp,GME,neutral,0.8893
m5oy5q,GME,neutral,0.8840
m5oe2p,AMZN,neutral,0.8998
m5oe2p,GME,neutral,0.8998
m5oe2p,MSFT,neutral,0.8998
m5oe2p,GOOGL,neutral,0.8998
m5nztd,GME,neutral,0.9077
m5nu5l,AMC,neutral,0.9343
m5nod7,GME,neutral,0.9440
m5nofh,GME,neutral,0.7820
m5nkzb,AMC,neutral,0.8647
m5nkzb,GME,neutral,0.8647
m5n7z7,MSFT,neutral,0.8311
m5n0wx,GME,neutral,0.9315
m5mw4s,AMC,neutral,0.7924
m5mw4s,GME,neutral,0.7924
m5m84l,GOOGL,neutral,0.7767
m5m84l,TSLA,neutral,0.7767
m5m84l,NVDA,neutral,0.7767
m5md79,GME,neutral,0.9123
m5md79,TSLA,neutral,0.9123
m5mcfa,AMC,positive,0.8686
m5mc7c,TSLA,neutral,0.8455
m5m8kg,GME,neutral,0.8413
m5m5vx,TSLA,neutral,0.8971
m5lywo,AMC,neutral,0.9119
m5lwz8,AMC,neutral,0.9135
m5lk3l,AMC,neutral,0.8460
m5lk3l,GME,neutral,0.8460
m5l6mt,GME,positive,0.8131
m5ky7t,AMC,neutral,0.9198
m5ky7t,GME,neutral,0.9198
m5ksy9,GME,neutral,0.8874
m5kpnb,AMC,neutral,0.7682
m5kpnb,GME,neutral,0.7682
m5knku,AMZN,neutral,0.7499
m5knku,GOOGL,neutral,0.7499
m5knku,MSFT,neutral,0.7499
m5kgcq,AMC,neutral,0.8120
m5kgcq,GME,neutral,0.8120
m5kgcq,META,neutral,0.8120
m5kgcq,GOOGL,neutral,0.8120
m5k7z9,GME,neutral,0.9195
m5jnmi,TSLA,neutral,0.8114
m5jn1y,GME,neutral,0.9540
m5jlem,AMC,neutral,0.8245
m5jlem,GME,neutral,0.8245
m5jl46,CRM,negative,0.9640
m5jl46,GOOGL,negative,0.9640
m5jl46,MSFT,negative,0.9640
m5jl46,TSLA,negative,0.9640
m5jir3,AMZN,neutral,0.7269
m5jdhh,GME,neutral,0.6852
m5imji,AMC,neutral,0.8644
m5imji,GME,neutral,0.8644
m5ilq3,AMC,neutral,0.9100
m5ilq3,GME,neutral,0.9100
m5ik1p,AMC,neutral,0.9214
m5ik1p,GME,neutral,0.9214
m5ik1p,TSLA,neutral,0.9214
m5hjdu,GME,neutral,0.9080
m5etn4,TSLA,neutral,0.6804
m5dxkz,GME,neutral,0.9246
m5ds8l,GME,neutral,0.6076
m59irr,AMZN,neutral,0.9226
m59irr,TSLA,neutral,0.9226
m590bc,AMC,neutral,0.8338
m57vcf,AMC,neutral,0.8327
m57vcf,GME,neutral,0.8327
m57vcf,TSLA,neutral,0.8327
m57hcq,GME,neutral,0.8925
m57gne,GME,neutral,0.8332
m575iw,AMC,neutral,0.9011
m575iw,GME,neutral,0.9011
m568xl,AMC,neutral,0.7726
m568xl,AAPL,neutral,0.7726
m568xl,GME,neutral,0.7726
m568xl,NVDA,neutral,0.7726
m55mvf,GME,neutral,0.9091
m554fa,GME,negative,0.6196
m54fzc,AMC,neutral,0.9110
m54fzc,GME,neutral,0.9110
m5300l,AMC,negative,0.5772
m52bzm,AMC,neutral,0.9248
m52bzm,GME,neutral,0.9248
m520iq,AAPL,neutral,0.8617
m520iq,GME,neutral,0.8617
m520iq,GOOGL,neutral,0.8617
m51y2d,META,neutral,0.8306
m51y2d,NVDA,neutral,0.8306
m51wle,AMC,neutral,0.8024
m51wle,NFLX,neutral,0.8024
m50k8j,GOOGL,neutral,0.9318
m50cxa,GOOGL,negative,0.5206
m4z2s1,AMC,neutral,0.8858
m4z2s1,GME,neutral,0.8858
m4yrl3,AMZN,neutral,0.9027
m4yrl3,NVDA,neutral,0.9027
m4ynnb,GME,neutral,0.6974
m4yd04,GME,neutral,0.7646
m4yauv,GME,neutral,0.8791
m4wqqp,GME,neutral,0.7350
m4wli4,GME,neutral,0.8921
m4vzcr,AMC,neutral,0.9262
m4vv5g,GME,negative,0.7235
m4vmzg,GME,negative,0.6837
m4vmzg,TSLA,negative,0.6837
m4vmzg,GOOGL,negative,0.6837
m4vhoh,GME,neutral,0.7388
m4v9bs,AMC,neutral,0.6745
m4v9bs,GME,neutral,0.6745
m4rhbl,AMC,neutral,0.8825
m4rhbl,GME,neutral,0.8825
m4rhbl,TSLA,neutral,0.8825
m4rhbl,GOOGL,neutral,0.8825
m4rbtc,GME,neutral,0.8059
m4rbdw,GME,neutral,0.4962
m4rae1,GME,neutral,0.8616
m4r7hu,AMC,neutral,0.9057
m4r11d,AMC,neutral,0.9081
m4qvtf,GME,neutral,0.9164
m4qre3,AMC,neutral,0.8818
m4qre3,GME,neutral,0.8818
m4qre3,MSFT,neutral,0.8818
m4qfpu,AMC,positive,0.7880
m4q0wj,AMC,neutral,0.8961
m4px3v,GME,neutral,0.8865
m4pudt,GME,neutral,0.7947
m4pong,GME,neutral,0.9082
m4pif9,GME,neutral,0.9460
m4p812,AMC,neutral,0.8814
m4p5p0,TSLA,neutral,0.8005
m8cizy,AMC,neutral,0.8912
m877eo,NFLX,neutral,0.9086
m6kkdz,TSLA,neutral,0.7883
m684c2,AMC,neutral,0.9296
m67ywm,GME,neutral,0.9351
m67rj2,GME,positive,0.6054
m67ohp,GME,neutral,0.6230
m67n2b,GME,negative,0.5619
m67n2b,TSLA,negative,0.5619
m67n2b,GOOGL,negative,0.5619
m67eb7,GME,neutral,0.8661
m67dt7,GME,neutral,0.9162
m67cjf,AMC,neutral,0.8961
m67akl,GME,neutral,0.9045
m671lg,TSLA,positive,0.7145
m66ool,GME,neutral,0.9178
m66jr4,AMC,neutral,0.9273
m66b5e,AMC,neutral,0.8977
m6603w,AMC,negative,0.5819
m6603w,GME,negative,0.5819
m65s9m,AMC,neutral,0.6916
m65s9m,GME,neutral,0.6916
m65s9m,TSLA,neutral,0.6916
m63m6l,GME,neutral,0.7793
m63hpo,AMC,neutral,0.8732
m636bu,GME,negative,0.9206
m632dq,AMC,neutral,0.6754
m62uwl,GME,neutral,0.9263
m62t74,AMC,neutral,0.9013
m629s4,GME,neutral,0.7627
m623yc,AMC,neutral,0.8976
m623yc,GME,neutral,0.8976
m60enr,GME,neutral,0.5142
m5zuqa,GME,neutral,0.9088
m5zrsx,AAPL,positive,0.4950
m5zoos,AMC,neutral,0.9094
m5zoos,GME,neutral,0.9094
m5zooc,AMZN,neutral,0.9135
m5zooc,GME,neutral,0.9135
m5zooc,NFLX,neutral,0.9135
m5z8j4,AAPL,neutral,0.8681
m5z8j4,TSLA,neutral,0.8681
m5z8j4,AMC,neutral,0.8681
m5z8j4,AMZN,neutral,0.8681
m5z8j4,NFLX,neutral,0.8681
m5z4oe,NFLX,positive,0.7948
m5yvwc,GME,neutral,0.9053
m5ymdv,AMC,neutral,0.8445
m5ymdv,GME,neutral,0.8445
m5ym4a,AMC,neutral,0.6095
m5ym4a,GME,neutral,0.6095
m5ym4a,AMZN,neutral,0.6095
m5yhzi,GME,positive,0.5483
m5yfxi,AMC,neutral,0.7739
m5yfal,AMC,neutral,0.9259
m5y8de,GME,neutral,0.9064
m5y65f,GME,neutral,0.5901
m5y47b,AMC,neutral,0.8532
m5y47b,GME,neutral,0.8532
m5y3l2,GME,neutral,0.8466
m5xyoy,GME,neutral,0.6341
m5xso8,GME,neutral,0.8336
m5xso8,TSLA,neutral,0.8336
m5xod2,GME,neutral,0.9211
m5xod2,NVDA,neutral,0.9211
m5xgxp,AMC,neutral,0.8507
m5xgxp,GME,neutral,0.8507
m5xg6q,GME,negative,0.5773
m5x80o,AMC,positive,0.8604
m5x6zp,GME,neutral,0.9378
m5x5xv,GME,negative,0.8864
m5x5o5,AMZN,neutral,0.9103
m5x5o5,GOOGL,neutral,0.9103
m5x5o5,MSFT,neutral,0.9103
m5x5o5,TSLA,neutral,0.9103
m5x18z,AAPL,neutral,0.5857
m5witn,AMC,neutral,0.8924
m5witn,GME,neutral,0.8924
m5wglc,GME,neutral,0.8191
m5wfz2,AMC,neutral,0.6924
m5wct6,GME,neutral,0.8327
m5w89m,GOOGL,neutral,0.8998
m5vps9,AMC,neutral,0.9065
m5vnas,AMC,neutral,0.8623
m5vnas,GME,neutral,0.8623
m5vnas,AMZN,neutral,0.8623
m5v6tx,AMC,neutral,0.6692
m5v5r4,AMC,neutral,0.8741
m5v5r4,GME,neutral,0.8741
m5ulld,GME,neutral,0.6755
m5ugd0,GME,neutral,0.7140
m5u35w,GME,neutral,0.7846
m5u26m,GME,neutral,0.6075
m5u1xb,GME,negative,0.9080
m5ttvh,AMC,neutral,0.9167
m5tsju,AMC,neutral,0.9244
m5tr87,GME,neutral,0.8030
m5tqm2,AMC,neutral,0.8501
m5tqm2,GME,neutral,0.8501
m5tpgp,GME,negative,0.9569
m5tf8r,GME,neutral,0.9352
m5tf8r,TSLA,neutral,0.9352
m5tcjq,GME,neutral,0.8157
m5t7pq,AMC,neutral,0.8536
m5t7pq,GME,neutral,0.8536
m5t4sc,AMC,neutral,0.8799
m5t4sc,GME,neutral,0.8799
m5t2x2,AMC,neutral,0.5298
m5t2x2,GME,neutral,0.5298
m5t0wk,GME,neutral,0.8095
m5s921,CSCO,neutral,0.6399
m5s921,GME,neutral,0.6399
m5s416,GME,neutral,0.9222
m5rwyt,AMC,negative,0.8404
m5rwoa,AMC,neutral,0.8980
m5rwoa,GME,neutral,0.8980
m92kbh,AMC,neutral,0.9365
m90sdh,AMC,neutral,0.7247
m8racu,GME,neutral,0.9153
m8r2eb,GME,neutral,0.9314
m86psy,AMC,negative,0.5681
m86psy,GME,negative,0.5681
m6iq2l,GME,neutral,0.8307
m6d01f,AMC,neutral,0.8046
m6d01f,GME,neutral,0.8046
m6cxao,GME,negative,0.7066
m6cibd,AMC,neutral,0.8585
m6cibd,GME,neutral,0.8585
m6c9uj,AMC,neutral,0.8692
m6c9uj,GME,neutral,0.8692
m6c0o8,AMC,neutral,0.7569
m6c0o8,GME,neutral,0.7569
m6bocb,AMC,neutral,0.9258
m6bocb,GME,neutral,0.9258
m6bn6a,TSLA,neutral,0.9024
m6bmld,AMC,neutral,0.6482
m6bmld,GME,neutral,0.6482
m6bl3x,AMC,neutral,0.8871
m6bl3x,GME,neutral,0.8871
m6bcwy,GME,neutral,0.9352
m6bam1,GME,neutral,0.9224
m6awhs,GME,neutral,0.8504
m6a94n,AMC,neutral,0.5718
m6a6kw,GME,negative,0.8309
m6a1cq,NFLX,neutral,0.8019
m69ve4,GME,positive,0.8169
m68ocb,GME,neutral,0.7909
m68ngq,GME,negative,0.7032
m68ngq,TSLA,negative,0.7032
m688lf,META,positive,0.7393
m688lf,TSLA,positive,0.7393
m9ulnz,GME,neutral,0.9078
m9rqt9,GME,neutral,0.9098
m9nj4l,GME,neutral,0.8679
m9jm1r,GME,neutral,0.8958
m72ia1,AMC,neutral,0.7078
m6if56,AMC,neutral,0.8234
m6if56,GME,neutral,0.8234
m6ido2,GME,neutral,0.9228
m6id0b,AMC,neutral,0.8924
m6id0b,GME,neutral,0.8924
m6i933,AMC,neutral,0.8199
m6i933,GME,neutral,0.8199
m6i8af,AMC,negative,0.7338
m6i8af,GME,negative,0.7338
m6i3xg,GME,neutral,0.9352
m6i3xg,TSLA,neutral,0.9352
m6hpof,GME,neutral,0.8079
m6hkez,AAPL,neutral,0.9241
m6hkez,MSFT,neutral,0.9241
m6hkez,TSLA,neutral,0.9241
m6hkez,AMC,neutral,0.9241
m6hkez,GME,neutral,0.9241
m6hj9a,GME,neutral,0.8114
m6h440,AMC,neutral,0.8926
m6gy5e,GME,negative,0.7501
m6g42l,AMC,neutral,0.5058
m6g42l,GME,neutral,0.5058
m6fz7a,AMC,neutral,0.8064
m6fkiz,GME,negative,0.4150
m6ff4t,GME,positive,0.6057
m6fa6r,AMC,neutral,0.8046
m6erqv,AMC,neutral,0.9027
m6erqv,GME,neutral,0.9027
m6equo,AMC,neutral,0.8987
m6ekbc,GME,neutral,0.9239
m6ejmm,GME,neutral,0.9017
m6eixc,GME,neutral,0.8292
m6e8zo,AMC,neutral,0.8398
m6e8zo,GME,neutral,0.8398
m6e8dk,AMC,neutral,0.8464
m6e8dk,GME,neutral,0.8464
m6e4s0,GME,negative,0.9496
m6dsmg,GME,neutral,0.9083
m6ddz3,GME,neutral,0.8840
m9l2p2,GME,neutral,0.7661
m9l2p2,TSLA,neutral,0.7661
m6sv8z,AMZN,neutral,0.8089
m6sv8z,GME,neutral,0.8089
m6sv8z,NFLX,neutral,0.8089
m6sgzd,AMC,neutral,0.6795
m6sgzd,GME,neutral,0.6795
m6se82,GME,neutral,0.7973
m6s5oa,GME,neutral,0.6686
m6ru4x,AMC,neutral,0.8262
m6rpy5,GME,neutral,0.9329
m6rowt,AMC,negative,0.8135
m6rowt,GME,negative,0.8135
m6raab,GME,positive,0.7827
m6r7wy,AMC,neutral,0.8505
m6r7wy,GME,neutral,0.8505
m6qsum,AMZN,neutral,0.8202
m6qsum,GME,neutral,0.8202
m6qsum,NFLX,neutral,0.8202
m6qq75,AMC,neutral,0.8497
m6qizs,GME,neutral,0.7786
m6pqll,AMC,neutral,0.6660
m6pqll,GME,neutral,0.6660
m6pirf,GME,neutral,0.9002
m6p7vl,GME,neutral,0.8028
m6oqpv,TSLA,neutral,0.7445
m6okds,GME,neutral,0.9075
m6nvqj,AMC,negative,0.6229
m6nvqj,GME,negative,0.6229
m6nmto,AMC,neutral,0.7626
m6nmto,GME,neutral,0.7626
m6njm8,GME,neutral,0.8517
m6mkl8,AMC,neutral,0.9282
m6mkl8,GME,neutral,0.9282
m6mkl8,TSLA,neutral,0.9282
m6m8m2,GME,neutral,0.9066
m6m77i,GME,positive,0.8010
m6m4xp,AMC,neutral,0.9181
m6m431,GME,neutral,0.7545
m6lwvt,GME,neutral,0.7913
m6ls7m,AAPL,neutral,0.5857
m6ls2r,AMC,neutral,0.6678
m6ls2r,GME,neutral,0.6678
m6lgf8,AMC,neutral,0.7835
m6lgf8,GME,neutral,0.7835
m6ju53,GME,neutral,0.8769
m6jav9,GME,positive,0.8571
m6j8xv,GME,neutral,0.8719
m6j7aa,AMC,neutral,0.9129
m6j7aa,GME,neutral,0.9129
m6it7f,AMC,neutral,0.8955
m6ipxf,AMZN,negative,0.8848
m6ipxf,MSFT,negative,0.8848
m6iptw,AMC,neutral,0.7953
m6iptw,GME,neutral,0.7953
mb8xza,GME,neutral,0.5516
mb71mj,GME,neutral,0.4861
maozpz,GOOGL,neutral,0.8252
m8pra0,AMC,neutral,0.8406
m8pra0,GME,neutral,0.8406
m7asag,AMC,neutral,0.7465
m7a8xn,AMC,neutral,0.9206
m7a8xn,GME,neutral,0.9206
m7a8xn,GOOGL,neutral,0.9206
m79wdx,AAPL,neutral,0.8777
m79wdx,GOOGL,neutral,0.8777
m79wdx,AMC,neutral,0.8777
m79wdx,AMZN,neutral,0.8777
m79wdx,GME,neutral,0.8777
m79rk7,GME,neutral,0.6709
m79rk7,TSLA,neutral,0.6709
m79jpd,GME,neutral,0.9113
m79fbq,AMC,neutral,0.7314
m79fbq,GME,neutral,0.7314
m79df1,GME,neutral,0.7958
m7978a,IBM,neutral,0.8874
m7978a,GME,neutral,0.8874
m79506,GOOGL,neutral,0.6069
m79506,MSFT,neutral,0.6069
m79506,INTC,neutral,0.6069
m79506,NVDA,neutral,0.6069
m78rfg,GME,neutral,0.7933
m789ba,TSLA,neutral,0.8729
m789ba,NVDA,neutral,0.8729
m7881b,GME,neutral,0.8814
m785zg,GME,neutral,0.8663
m77vxh,GME,neutral,0.9236
m77lze,GME,neutral,0.9308
m77ifn,AMC,neutral,0.9202
m77ifn,IBM,neutral,0.9202
m77ifn,GME,neutral,0.9202
m77ifn,ORCL,neutral,0.9202
m7768q,GME,neutral,0.9351
m77539,AMC,neutral,0.8984
m76vks,AMC,neutral,0.7038
m76vks,GME,neutral,0.7038
m76ecb,GME,neutral,0.9126
m75itq,AMC,neutral,0.9200
m75g01,GME,neutral,0.8978
m74wxe,AMC,neutral,0.6829
m74wxe,GME,neutral,0.6829
m74p9p,AMC,negative,0.4623
m74p9p,GME,negative,0.4623
m74o97,GME,neutral,0.8840
m74eps,AMC,neutral,0.8435
m74eps,GME,neutral,0.8435
m73w2c,AMC,neutral,0.5026
m73w2c,GME,neutral,0.5026
m7337p,AMZN,neutral,0.8988
m732kt,AMC,neutral,0.9310
m732kt,GOOGL,neutral,0.9310
m732kt,MSFT,neutral,0.9310
m732kt,AMZN,neutral,0.9310
m72tul,GME,neutral,0.8641
m718f8,AMC,neutral,0.8897
m70zv2,GME,neutral,0.5604
m70m7c,GME,negative,0.7651
m70mqw,GME,negative,0.8849
m708m3,GME,neutral,0.9034
m6zjcp,INTC,negative,0.9672
m6zdqu,AMC,neutral,0.7798
m6zdqu,GME,neutral,0.7798
m6zbhp,GME,neutral,0.9532
m6ya2t,AMC,neutral,0.9298
m6ya2t,GME,neutral,0.9298
m6x1dg,AMC,neutral,0.5734
m6x1dg,GME,neutral,0.5734
m6w0b8,GOOGL,positive,0.8793
m6t2ky,AMC,neutral,0.7218
m6t2ky,GME,neutral,0.7218
mc0p25,GME,neutral,0.9216
mbzut0,GME,neutral,0.8699
mbrfuk,AMC,negative,0.6742
mbgdeq,GME,neutral,0.5765
mb714b,AMC,neutral,0.9374
m84b0g,GME,neutral,0.9281
m842e5,GME,neutral,0.7988
m82v5d,AMC,neutral,0.8043
m82v5d,GME,neutral,0.8043
m82v5d,GOOGL,neutral,0.8043
m82o5w,AMC,positive,0.9025
m82o5w,GME,positive,0.9025
m823wz,GME,neutral,0.6577
m81qns,AMC,neutral,0.6885
m81pog,AMZN,neutral,0.5515
m81pog,GME,neutral,0.5515
m81b2a,GME,negative,0.9388
m810gb,AMC,neutral,0.7220
m810gb,GME,neutral,0.7220
m80ncy,GME,neutral,0.9091
m808qf,META,neutral,0.8296
m808qf,GME,neutral,0.8296
m7yw5z,AMC,neutral,0.6930
m7yw5z,GME,neutral,0.6930
m7yi3p,GME,negative,0.7470
m7ygbo,GME,neutral,0.8539
m7ybxp,AMC,neutral,0.8727
m7ya85,AMC,neutral,0.6981
m7ya85,GME,neutral,0.6981
m7y7jh,AMC,neutral,0.9372
m7y7jh,GME,neutral,0.9372
m7y1mc,AMZN,neutral,0.7831
m7xr5v,AMC,neutral,0.7938
m7xr5v,GME,neutral,0.7938
m7xe3x,AMC,neutral,0.9317
m7xe3x,GME,neutral,0.9317
m7x5tx,AMC,neutral,0.5432
m7x0ry,AMC,neutral,0.8754
m7x0ry,TSLA,neutral,0.8754
m7wmr0,AMC,positive,0.6031
m7wmr0,META,positive,0.6031
m7wmr0,AMZN,positive,0.6031
m7wh16,GME,neutral,0.9358
m7wc89,AMC,neutral,0.8436
m7w4af,GME,negative,0.7717
m7w344,AMC,neutral,0.8781
m7w344,AAPL,neutral,0.8781
m7w344,TSLA,neutral,0.8781
m7vnki,AMC,neutral,0.7622
m7vnki,GME,neutral,0.7622
m7vmjm,AMC,neutral,0.7730
m7vmjm,GME,neutral,0.7730
m7vc7z,GME,neutral,0.9007
m7vato,GME,neutral,0.6605
m7v1ey,GME,neutral,0.8805
m7v0qy,GME,neutral,0.6781
m7utzz,GME,neutral,0.8799
m7ut8w,GME,neutral,0.8651
m7u6d9,AMC,neutral,0.8369
m7tpkt,GME,neutral,0.9232
m7tp5e,GME,neutral,0.8877
m7tmin,GME,neutral,0.6389
m7tfpq,GME,neutral,0.9083
m7tfn8,GME,negative,0.4918
m7ta2k,AAPL,neutral,0.7867
m7ta2k,NVDA,neutral,0.7867
m7t762,GME,neutral,0.7299
m7t39p,GME,neutral,0.6311
m7ssw7,GME,neutral,0.9256
m7shx0,GME,neutral,0.8540
m7sgd8,AMC,neutral,0.8716
m7sgd8,GME,neutral,0.8716
m7sd9k,GME,neutral,0.6006
m7s8pl,GME,positive,0.6540
m7s8jv,TSLA,neutral,0.8143
m7s28i,AMC,neutral,0.9258
m7s2jf,AMC,neutral,0.9018
m7rygv,GME,neutral,0.8799
m7rb2i,AMC,negative,0.9187
m7rb2i,GME,negative,0.9187
m7r8f7,AMC,neutral,0.9126
m7r8f7,GME,neutral,0.9126
m7r8f7,NFLX,neutral,0.9126
m7r7cv,AMC,neutral,0.8754
m7q8u9,GME,negative,0.5482
m7q85a,GME,neutral,0.8885
m7py5v,AAPL,neutral,0.7766
m7pv4e,CRM,neutral,0.9082
m7pv4e,GME,neutral,0.9082
m7pr7b,GME,neutral,0.9540
m7plal,GME,neutral,0.9030
m7p0wr,AMZN,neutral,0.8805
m7p0wr,MSFT,neutral,0.8805
m7ordb,GME,neutral,0.9052
m7okje,GME,negative,0.6732
m7ok4w,AMC,neutral,0.8623
m7oggj,CRM,neutral,0.8842
m7oggj,GME,neutral,0.8842
m7mtqz,GME,neutral,0.8769
m7mbgt,GME,negative,0.4573
m7lcfj,AMC,neutral,0.5888
m7l0p0,CRM,neutral,0.6679
m7l0p0,GME,neutral,0.6679
m7l0p0,GOOGL,neutral,0.6679
m7l0f8,GME,neutral,0.6534
m7l0f8,NFLX,neutral,0.6534
m7kcl3,AMC,neutral,0.8574
m7kcl3,GME,neutral,0.8574
m7k40n,AMC,neutral,0.8788
m7k40n,GME,neutral,0.8788
m7j2ic,GME,neutral,0.9000
m7hhqm,AMC,neutral,0.8542
m7hhqm,GME,neutral,0.8542
m7hhqm,TSLA,neutral,0.8542
m7hhqm,GOOGL,neutral,0.8542
m7ideh,GME,neutral,0.8218
m7i8ed,AMC,neutral,0.7938
m7i1yk,GME,neutral,0.7705
m7i09p,AMC,neutral,0.9444
m7hswq,AAPL,neutral,0.8944
m7hswq,TSLA,neutral,0.8944
m7hrc6,GME,neutral,0.7127
m7hmn1,GME,neutral,0.7899
m7hmn1,TSLA,neutral,0.7899
m7hi8y,IBM,neutral,0.8643
m7hi8y,GME,neutral,0.8643
m7he68,META,neutral,0.9274
m7h6uv,GME,neutral,0.9182
m7ghcq,GME,neutral,0.7134
m7fc7l,GME,neutral,0.7746
m7f59g,GOOGL,neutral,0.9113
m7f59g,MSFT,neutral,0.9113
m7f59g,TSLA,neutral,0.9113
m7f0d2,GME,neutral,0.8661
m7ezli,AMC,neutral,0.8486
m7ezli,GME,neutral,0.8486
m7dtaz,AMC,neutral,0.8486
m7djp5,GME,positive,0.9525
m7c5mz,GME,positive,0.5647
m7bo0n,GME,neutral,0.6707
m7bevm,GME,neutral,0.7806
m7b8rh,GME,neutral,0.9487
mcubyo,AMC,neutral,0.6105
mcubyo,GME,neutral,0.6105
mctb5w,AMC,neutral,0.6187
mctb5w,GME,neutral,0.6187
mcslsx,TSLA,neutral,0.5946
mcrwrr,AMC,neutral,0.8928
mcrwrr,GME,neutral,0.8928
mcrwrr,META,neutral,0.8928
mcflx5,META,neutral,0.9053
mcflx5,TSLA,neutral,0.9053
mbt14b,AMC,positive,0.5261
m8vuzn,AAPL,neutral,0.5174
m8usxf,GME,neutral,0.9018
m8umr9,GME,neutral,0.9396
m8th2d,GME,neutral,0.5310
m8tc0h,AMC,neutral,0.8935
m8tc0h,GME,neutral,0.8935
m8t9nq,GME,neutral,0.5585
m8t1cu,GME,neutral,0.8931
m8s292,AMC,neutral,0.8760
m8s292,GME,neutral,0.8760
m8rzst,AMC,neutral,0.8151
m8rzst,GME,neutral,0.8151
m8rx62,AMC,neutral,0.8733
m8rx62,GME,neutral,0.8733
m8rpb5,AAPL,neutral,0.5857
m8re3s,TSLA,neutral,0.8178
m8re3s,NVDA,neutral,0.8178
m8rc3v,GME,neutral,0.9042
m8r4yt,AMZN,neutral,0.8218
m8r4yt,GME,neutral,0.8218
m8r157,GME,neutral,0.8050
m8qw9a,AMC,neutral,0.8985
m8qw9a,GME,neutral,0.8985
m8q4lz,AMC,neutral,0.8972
m8q40q,GME,neutral,0.6185
m8pylo,GME,neutral,0.8503
m8pidt,GME,neutral,0.7209
m8p8gq,GME,neutral,0.9044
m8oh85,GME,neutral,0.9046
m8ndj2,GME,neutral,0.9248
m8nakt,GME,neutral,0.8716
m8n16n,GME,neutral,0.8161
m8lejz,GME,neutral,0.8805
m8kveb,AMC,neutral,0.8634
m8kveb,GME,neutral,0.8634
m8kj8e,AAPL,neutral,0.8859
m8jypf,GME,neutral,0.8905
m8ji4w,GME,neutral,0.8585
m8ji2z,INTC,neutral,0.6983
m8ji2z,AAPL,neutral,0.6983
m8ji2z,TSLA,neutral,0.6983
m8ji2z,META,neutral,0.6983
m8ji2z,GME,neutral,0.6983
m8ji2z,NVDA,neutral,0.6983
m8ji2z,NFLX,neutral,0.6983
m8jd87,AMZN,neutral,0.9285
m8jd87,CSCO,neutral,0.9285
m8jd87,GOOGL,neutral,0.9285
m8jd87,META,neutral,0.9285
m8j33l,AMC,neutral,0.9427
m8j2r3,TSLA,neutral,0.8902
m8iw95,ORCL,neutral,0.9055
m8iw95,GOOGL,neutral,0.9055
m8iw95,MSFT,neutral,0.9055
m8iw95,AMC,neutral,0.9055
m8iw95,AMZN,neutral,0.9055
m8iw95,GME,neutral,0.9055
m8inij,AMC,neutral,0.8953
m8inij,GME,neutral,0.8953
m8iiov,GME,neutral,0.8859
m8h8pt,GME,neutral,0.9256
m8gk6f,GME,neutral,0.8836
m8g6c2,GME,neutral,0.8965
m8g4cb,GME,neutral,0.6399
m8fypr,GME,neutral,0.5462
m8fqeu,GME,neutral,0.5616
m8ei9r,AMC,neutral,0.4976
m8ei9r,GME,neutral,0.4976
m8ei9r,NFLX,neutral,0.4976
m8ei9r,AMZN,neutral,0.4976
m8ef72,GME,neutral,0.9092
m898j9,TSLA,neutral,0.8351
m87xko,GME,neutral,0.6604
m87vak,GME,neutral,0.6518
m87h58,GME,positive,0.6991
m873zd,TSLA,negative,0.5414
m865lt,GME,neutral,0.6561
m862k3,GME,neutral,0.7136
m85ll8,GME,neutral,0.9039
m858rh,GME,neutral,0.9377
m84q6g,AAPL,negative,0.9437
mdj14r,GME,neutral,0.8840
mdirx7,TSLA,neutral,0.8393
md9psv,AMC,neutral,0.9219
md9psv,AAPL,neutral,0.9219
md9psv,GME,neutral,0.9219
md9psv,TSLA,neutral,0.9219
mavc3b,AMC,neutral,0.8663
mavc3b,GME,neutral,0.8663
maoxrc,TSLA,neutral,0.8600
maopt8,AAPL,neutral,0.7416
maol17,TSLA,neutral,0.8252
mao3ro,AMZN,neutral,0.8985
mao3ro,GOOGL,neutral,0.8985
mao3ro,CRM,neutral,0.8985
mao3ro,META,neutral,0.8985
manehv,GME,neutral,0.8810
mamsor,GME,neutral,0.9078
mame8e,GME,neutral,0.9536
maluw5,GME,neutral,0.7593
maiolz,TSLA,neutral,0.9150
mahjsq,AMC,neutral,0.8625
madr82,AMC,positive,0.5797
madr82,GME,positive,0.5797
mabmyk,AAPL,neutral,0.8732
mabmyk,TSLA,neutral,0.8732
mabcno,AMC,neutral,0.5859
mabcno,GME,neutral,0.5859
mab0k8,GME,neutral,0.8737
maa6g3,TSLA,neutral,0.8843
ma9w3g,GME,neutral,0.8962
ma9myx,TSLA,neutral,0.8578
ma9aqn,GME,neutral,0.8694
ma8vk7,TSLA,neutral,0.9025
ma5xpr,AMC,negative,0.6409
ma4uwb,MSFT,neutral,0.8565
ma4uwb,TSLA,neutral,0.8565
ma4uwb,AMZN,neutral,0.8565
ma4uwb,META,neutral,0.8565
ma4uwb,NFLX,neutral,0.8565
ma4oeo,AMC,neutral,0.8612
ma4oeo,GME,neutral,0.8612
ma4b3b,IBM,neutral,0.7167
ma4b3b,TSLA,neutral,0.7167
ma2w9o,AMC,neutral,0.7650
ma2w9o,GME,neutral,0.7650
ma1gq0,CRM,positive,0.7777
ma1ao9,AMC,neutral,0.9170
ma0k53,META,neutral,0.7505
ma0k53,GME,neutral,0.7505
ma0k53,TSLA,neutral,0.7505
m9zf3x,TSLA,neutral,0.8210
m9z2dr,AMC,neutral,0.8250
m9z2dr,GME,neutral,0.8250
m9z2dr,AMZN,neutral,0.8250
m9wwqk,GME,neutral,0.9131
m9muai,GOOGL,neutral,0.9006
m9mkzg,AMZN,neutral,0.5621
m9mkzg,IBM,neutral,0.5621
m9mkzg,CRM,neutral,0.5621
m9mkzg,MSFT,neutral,0.5621
m9lkim,GME,negative,0.7803
m9kxaf,GME,neutral,0.9023
m9kh46,AMC,neutral,0.8045
m9kh46,GME,neutral,0.8045
m9jwid,AMC,neutral,0.5806
m9jwid,GME,neutral,0.5806
m9i1at,AMC,neutral,0.8163
m9i1at,GME,neutral,0.8163
m9i1at,TSLA,neutral,0.8163
m9he02,GME,neutral,0.8670
m9fx0y,GME,neutral,0.9278
m9fw78,GME,neutral,0.8533
m9frpz,AMC,neutral,0.8091
m9fq7w,GME,neutral,0.8877
m9fpoq,GME,neutral,0.8693
m9fp6a,GME,neutral,0.8940
m9f8zz,META,neutral,0.8285
m9f8zz,TSLA,neutral,0.8285
m9esir,GME,neutral,0.8920
m9esir,TSLA,neutral,0.8920
m9drpf,AMC,neutral,0.8344
m9drpf,GME,neutral,0.8344
m9d6ls,TSLA,neutral,0.9232
m9clng,AMZN,positive,0.5185
m9c17l,TSLA,neutral,0.9283
m9bcao,GME,neutral,0.9326
m97v39,AMC,neutral,0.9403
m978bh,GME,neutral,0.7514
m978bh,TSLA,neutral,0.7514
m93mec,GME,neutral,0.7621
m93kmb,GME,neutral,0.8212
m9229p,GME,neutral,0.8800
m90u10,GME,neutral,0.9165
m904gy,AMC,neutral,0.8152
m904gy,GME,neutral,0.8152
m8z3am,GME,neutral,0.8992
m8yb6z,AMC,neutral,0.8824
m8xqak,GME,neutral,0.9041
m8xhu8,AMC,neutral,0.8736
m8xhu8,GME,neutral,0.8736
m8wu4v,GME,neutral,0.9245
mdv97c,GME,neutral,0.8714
mdv6zz,GME,neutral,0.8405
mayfta,GME,neutral,0.9099
maxt80,AMC,neutral,0.9000
maxt80,GME,neutral,0.9000
maxqra,AMC,neutral,0.9070
maxqra,GME,neutral,0.9070
maxpw0,AMC,neutral,0.8682
maxpw0,GME,neutral,0.8682
mawyn3,AMC,neutral,0.8754
mawta6,META,neutral,0.6751
maw2vl,GME,neutral,0.8842
mavzrr,META,negative,0.6559
mavv1m,AMC,neutral,0.9373
mavkie,GME,neutral,0.8378
maubsk,AMZN,neutral,0.6806
mau8aw,GME,neutral,0.8933
mau3i0,META,neutral,0.9420
matvqf,GME,neutral,0.8792
matvmi,GME,neutral,0.7558
matroe,GOOGL,neutral,0.6001
matq8z,GME,neutral,0.8883
masvqe,AMC,neutral,0.6276
masv43,AMC,neutral,0.7238
masv43,GME,neutral,0.7238
masjus,GME,negative,0.8603
mas77m,GME,positive,0.5219
mas21z,GME,neutral,0.8828
marror,GME,neutral,0.8551
maqpum,GME,neutral,0.8915
maq6w5,GME,neutral,0.8815
mapuv6,GME,neutral,0.6739
map6be,NVDA,positive,0.8998
mey7zu,AMC,neutral,0.7300
mey7zu,GME,neutral,0.7300
mey7ka,GME,neutral,0.7791
mey7ka,GOOGL,neutral,0.7791
mexw5w,AMC,neutral,0.8669
mexw5w,GME,neutral,0.8669
mewlf5,GME,neutral,0.8369
metz4t,AMC,neutral,0.8079
metz4t,GME,neutral,0.8079
mesq4n,GME,neutral,0.8506
memhmt,GME,neutral,0.9107
me55qk,GME,neutral,0.8933
md66ev,AMC,neutral,0.8431
md66ev,AAPL,neutral,0.8431
md66ev,GME,neutral,0.8431
mbgpwu,MSFT,positive,0.6530
mbg2t5,AMC,neutral,0.9099
mbfm99,GME,neutral,0.9171
mbdncf,GME,neutral,0.9357
mbdbo6,GME,negative,0.8573
mb72z0,NVDA,neutral,0.5522
mb72z0,GME,neutral,0.5522
mb72z0,TSLA,neutral,0.5522
mb72z0,GOOGL,neutral,0.5522
mb585a,GOOGL,neutral,0.9137
mb585a,AMZN,neutral,0.9137
mb585a,META,neutral,0.9137
mb585a,GME,neutral,0.9137
mb585a,NVDA,neutral,0.9137
mb48ir,MSFT,neutral,0.9089
mb3e84,AMC,neutral,0.9264
mb2qpv,GME,neutral,0.9195
mb2mjb,TSLA,neutral,0.8712
mb1sin,AAPL,neutral,0.8363
mb1sin,GOOGL,neutral,0.8363
mb1sin,IBM,neutral,0.8363
mb1sin,MSFT,neutral,0.8363
mb1sin,TSLA,neutral,0.8363
mb1sin,AMC,neutral,0.8363
mb1sin,AMZN,neutral,0.8363
mb1sin,META,neutral,0.8363
mb1sin,ADBE,neutral,0.8363
mb1dx3,GME,neutral,0.9346
mb0co0,AMZN,neutral,0.8710
mb08an,TSLA,neutral,0.8973
mazpkk,GME,neutral,0.9216
mfkcix,AMC,neutral,0.9489
mfk711,GME,neutral,0.8273
metsxq,AMZN,neutral,0.8822
metsxq,GOOGL,neutral,0.8822
metsxq,TSLA,neutral,0.8822
mc4hjd,GME,neutral,0.9544
mc3o14,GME,neutral,0.8911
mc12k5,AAPL,neutral,0.8280
mc12k5,GOOGL,neutral,0.8280
mc12k5,TSLA,neutral,0.8280
mc12k5,AMZN,neutral,0.8280
mc12k5,NFLX,neutral,0.8280
mc0vgg,GME,neutral,0.8912
mc0q2m,AMC,neutral,0.8331
mc0q2m,GME,neutral,0.8331
mc02ac,AMZN,positive,0.5347
mc02ac,MSFT,positive,0.5347
mc02ac,META,positive,0.5347
mbywu5,AMC,neutral,0.8575
mbywu5,GME,neutral,0.8575
mbx510,GME,neutral,0.6810
mbwx7x,GME,neutral,0.8631
mbwx7x,NFLX,neutral,0.8631
mbwx7x,GOOGL,neutral,0.8631
mbwwlb,AMC,neutral,0.8270
mbwwlb,AAPL,neutral,0.8270
mbwwlb,TSLA,neutral,0.8270
mbwwlb,AMZN,neutral,0.8270
mbwq06,TSLA,positive,0.9238
mbvirm,GME,neutral,0.7257
mbvcm4,GME,neutral,0.8580
mbtpwa,GME,negative,0.5629
mbsrw7,AMC,neutral,0.8675
mbsicz,AMC,neutral,0.9338
mbsicz,GME,neutral,0.9338
mbrcze,GME,neutral,0.8163
mbr9o3,GME,neutral,0.8253
mbr5er,AMC,neutral,0.8672
mbr5er,GME,neutral,0.8672
mbr5er,GOOGL,neutral,0.8672
mbr5er,AMZN,neutral,0.8672
mbqxm9,GME,neutral,0.8637
mbqsav,AMC,neutral,0.9284
mbqroi,GME,negative,0.9157
mbq4pe,GME,neutral,0.7560
mbq2yu,AMZN,positive,0.6224
mbq2yu,GME,positive,0.6224
mbq28m,AMZN,neutral,0.8005
mbq28m,GME,neutral,0.8005
mbpyw1,AMZN,positive,0.7236
mbpyw1,MSFT,positive,0.7236
mbpqx7,AMC,neutral,0.8407
mbpqx7,GME,neutral,0.8407
mbpclz,GME,neutral,0.9411
mbpb8t,AMC,neutral,0.8688
mbpb8t,GME,neutral,0.8688
mbon4u,AMC,neutral,0.4961
mbon4u,GME,neutral,0.4961
mbo9n0,GME,negative,0.9729
mbo6xt,GME,neutral,0.7054
mbo0ez,GME,neutral,0.8482
mbnzox,AMC,negative,0.6572
mbnsrs,AAPL,neutral,0.9166
mbnsrs,GOOGL,neutral,0.9166
mbnsrs,IBM,neutral,0.9166
mbnsrs,MSFT,neutral,0.9166
mbnsrs,TSLA,neutral,0.9166
mbnsrs,AMZN,neutral,0.9166
mbnsrs,META,neutral,0.9166
mbnigv,AMC,neutral,0.9437
mbn7oy,AMC,neutral,0.9213
mbm2kv,GME,neutral,0.5139
mblspx,ADBE,neutral,0.9144
mblkwx,GME,neutral,0.9045
mblb7f,GME,neutral,0.9427
mbl89f,GME,neutral,0.8018
mbl89f,MSFT,neutral,0.8018
mbkvdc,GME,neutral,0.8987
mbkdiw,GME,neutral,0.8920
mbkb9h,AMC,negative,0.5348
mbkb9h,GME,negative,0.5348
mbkacu,AMC,neutral,0.9332
mbjtpw,GME,neutral,0.8568
mbjeue,GME,neutral,0.8676
mbj4zc,GME,negative,0.9414
mbi482,GME,neutral,0.9009
mbhvca,GME,positive,0.6916
mbhg31,AAPL,neutral,0.8834
mbhg31,TSLA,neutral,0.8834
mbhb2a,AAPL,neutral,0.9196
mbhb2a,INTC,neutral,0.9196
mbhb2a,TSLA,neutral,0.9196
mbhb2a,NVDA,neutral,0.9196
mbh0vn,AMC,neutral,0.7283
mdamgf,GME,neutral,0.9291
mcg039,AMC,positive,0.6696
mcftg6,GME,positive,0.6737
mcfplu,GME,negative,0.4886
mcfn5m,GME,neutral,0.8727
mcfgck,GME,neutral,0.7839
mcfdzf,AMC,neutral,0.8226
mcfbeb,AMC,neutral,0.4712
mcfb9d,GME,neutral,0.8798
mcfap4,GME,neutral,0.7766
mcf8kp,AMC,neutral,0.5083
mcf7u1,AMC,neutral,0.8038
mcf7u1,GME,neutral,0.8038
mcf7j8,GME,neutral,0.7693
mcezan,AMC,neutral,0.9133
mcezan,NFLX,neutral,0.9133
mcesg4,GME,negative,0.7097
mceqv4,AMC,neutral,0.8327
mceljg,AMC,neutral,0.7722
mceiqs,AMC,neutral,0.9055
mceiqs,GME,neutral,0.9055
mceiqs,TSLA,neutral,0.9055
mcecme,GME,neutral,0.6264
mce9mx,AMC,neutral,0.8498
mce9h7,GME,neutral,0.8767
mce1w9,AMC,neutral,0.5408
mce1w9,GME,neutral,0.5408
mcdv67,AMC,neutral,0.7166
mcdadf,AMC,neutral,0.9140
mcd1v2,GME,neutral,0.7813
mcd1v2,TSLA,neutral,0.7813
mccf8e,AMC,neutral,0.9238
mccf8e,AAPL,neutral,0.9238
mccf8e,GME,neutral,0.9238
mccf8e,TSLA,neutral,0.9238
mcbtrt,GME,positive,0.7404
mcbawf,GME,negative,0.9340
mcba9j,META,neutral,0.7547
mcba9j,GME,neutral,0.7547
mc9klr,GME,neutral,0.9046
mc9jgs,GME,negative,0.6263
mc986l,GME,neutral,0.8823
mc7yut,GME,neutral,0.9054
mc7t74,GME,neutral,0.4105
mc71y4,GME,neutral,0.6289
mc6ph7,AMC,neutral,0.9054
mc5yn8,AMC,neutral,0.5975
mclct3,GME,neutral,0.8401
mclct3,TSLA,neutral,0.8401
mckprn,GME,neutral,0.7754
mciwoa,GME,neutral,0.8757
mcik9i,GME,neutral,0.5125
mci386,AMC,neutral,0.6040
mci386,GME,neutral,0.6040
mci2q1,GME,positive,0.5076
mchyj4,GME,negative,0.5228
mchxsm,GME,negative,0.7901
mchwcu,GME,neutral,0.8154
mch84i,GME,neutral,0.9423
mcgzwa,GME,negative,0.9602
mcgtwb,AMC,neutral,0.8257
mcgskj,AAPL,neutral,0.8673
mcgskj,GME,neutral,0.8673
mcgn1n,AMC,neutral,0.8124
mcgn1n,GME,neutral,0.8124
mcgj8r,AMC,neutral,0.5107
mcgj8r,GME,neutral,0.5107
mcgj8e,GME,neutral,0.7708
mcghx5,GME,neutral,0.8496
mcgelc,MSFT,neutral,0.7548
mcgelc,INTC,neutral,0.7548
mcgdde,GME,neutral,0.5899
mcgcs4,GME,neutral,0.9417
mcgcpr,GME,neutral,0.7043
mcg2ha,GME,neutral,0.9180
mhr2to,GME,negative,0.6523
mhr2us,AAPL,neutral,0.5806
mhr2us,GME,neutral,0.5806
mhr2us,TSLA,neutral,0.5806
mhqrf1,AMC,neutral,0.9090
mg7ual,TSLA,neutral,0.9333
meqd8y,GME,neutral,0.9220
md2nhi,GME,neutral,0.9258
md2gv8,GME,neutral,0.8713
md2ejd,AMC,neutral,0.8844
md1y8a,TSLA,neutral,0.8384
md1xm3,GME,neutral,0.8661
md1sfd,AAPL,neutral,0.8312
md1sfd,TSLA,neutral,0.8312
md1h17,GME,neutral,0.9083
md169q,GME,negative,0.8660
md0byu,GME,neutral,0.9153
mczcaf,AMZN,neutral,0.8351
mczcaf,IBM,neutral,0.8351
mczcaf,TSLA,neutral,0.8351
mcz1i7,AMC,neutral,0.9083
mcy7oc,GME,neutral,0.8065
mcxiyn,GME,neutral,0.8337
mcx43r,GME,neutral,0.9177
mcx1fj,AAPL,positive,0.6597
mcx1fj,INTC,positive,0.6597
mcx1fj,NVDA,positive,0.6597
mcwdvf,AMC,neutral,0.6380
mctvpi,GME,neutral,0.6496
mct0xb,AMC,neutral,0.8649
mcsq6x,GME,neutral,0.8897
mcs5v4,GME,negative,0.6926
mcras0,GME,neutral,0.7848
mcras0,NFLX,neutral,0.7848
mcqj6b,AMC,neutral,0.4904
mcpiq8,GME,neutral,0.9137
mcph8x,AMC,neutral,0.8390
mcofow,GME,neutral,0.7498
mco7x5,GME,neutral,0.8952
mcnze8,GME,neutral,0.6818
mcn0xt,AMC,neutral,0.8347
mcmymy,GME,neutral,0.8511
mcm52d,AMC,neutral,0.8704
mcm0lb,AMC,neutral,0.9192
mcm0jk,AMC,neutral,0.8675
midsc0,AMC,neutral,0.9395
midao4,AMC,neutral,0.8957
md85vu,AMC,neutral,0.9284
md81ud,AMC,neutral,0.8152
md81ud,GME,neutral,0.8152
md7yrx,GME,negative,0.7097
md7rco,GME,neutral,0.9085
md7qdu,GME,neutral,0.9159
md7o0r,AMC,neutral,0.9054
md7m5o,AMC,neutral,0.9111
md7i6s,GME,neutral,0.9311
md7ao8,GME,neutral,0.9242
md76bm,GME,negative,0.9432
md73mn,GME,neutral,0.9072
md6x7o,GME,neutral,0.8160
md6n8s,AMC,neutral,0.8820
md6n8s,GME,neutral,0.8820
md6lxh,AMC,neutral,0.7567
md6en6,GME,positive,0.7620
md62nm,GME,neutral,0.8728
md50vm,GME,neutral,0.9201
md3rf9,AMC,negative,0.8183
md3nbq,GME,neutral,0.9386
md3k1w,GME,neutral,0.8408
md3jhe,GME,neutral,0.8256
md3ak2,GME,positive,0.5105
md378p,GME,neutral,0.6411
mj2duc,GME,neutral,0.8967
mj0kx2,GME,neutral,0.8369
mdoevy,GOOGL,neutral,0.9325
mdnjql,GME,neutral,0.9545
mdnfyc,AMC,neutral,0.8463
mdnfyc,GOOGL,neutral,0.8463
mdjm2m,GME,neutral,0.9374
mdjckm,GME,neutral,0.9334
mdhjr0,AMC,neutral,0.6553
mdhjr0,GME,neutral,0.6553
mdh73n,AMC,neutral,0.8426
mdh73n,GME,neutral,0.8426
mdgwft,AAPL,neutral,0.8010
mdfycw,AMC,neutral,0.6186
mdfpkg,AMC,neutral,0.8095
mdfkvv,GME,neutral,0.9248
mdfkvv,GOOGL,neutral,0.9248
mdfe36,GME,neutral,0.9424
mdfcuw,GME,negative,0.4850
mdf8vn,GME,positive,0.5440
mdf2ql,GME,neutral,0.9404
mdex64,GME,neutral,0.8634
mdebgr,AMC,negative,0.9243
mddzqh,GME,neutral,0.9281
mddquj,GME,neutral,0.8730
mdcttk,AMZN,neutral,0.8278
mdc9ik,AMC,neutral,0.8413
mdc9ik,GME,neutral,0.8413
mdc2kb,GME,positive,0.6108
mdbbqi,GME,neutral,0.8632
mdahdr,GME,neutral,0.8762
mdaceo,GME,neutral,0.9130
mdaceo,TSLA,neutral,0.9130
mda32y,GME,neutral,0.8578
md9fhf,TSLA,neutral,0.6715
md8zg0,AMC,neutral,0.9007
md8zg0,GME,neutral,0.9007
md8q1y,GOOGL,neutral,0.9243
md8q1y,TSLA,neutral,0.9243
md8pih,AMC,neutral,0.9167
md8cob,AMC,neutral,0.9356
mk2651,META,neutral,0.8576
miyldv,TSLA,neutral,0.4818
mi4t06,GME,neutral,0.9485
me13xm,AMC,neutral,0.6888
me13xm,GME,neutral,0.6888
me09qm,GME,neutral,0.8289
mdz6oc,GME,neutral,0.9297
mdyvh8,GME,negative,0.5266
mdyt5s,GME,neutral,0.8672
mdxf1j,AMC,positive,0.8957
mdxf1j,GME,positive,0.8957
mdx2d0,AMZN,positive,0.5281
mdwvby,INTC,neutral,0.7244
mdwvby,NVDA,neutral,0.7244
mdwkkl,AMC,positive,0.7665
mdwkkl,GME,positive,0.7665
mdvq57,AAPL,neutral,0.7138
mdvq43,GME,neutral,0.8273
mdvq43,TSLA,neutral,0.8273
mduvif,AMC,neutral,0.9264
mduvif,AAPL,neutral,0.9264
mduvif,GME,neutral,0.9264
mdup7r,GME,neutral,0.7158
mducpo,GME,neutral,0.4754
mdtry7,TSLA,neutral,0.9246
mdtr1z,TSLA,neutral,0.9233
mdsm2m,AMZN,neutral,0.8254
mds24u,AMC,neutral,0.5664
mds24u,GME,neutral,0.5664
mds0et,META,neutral,0.8598
mds0et,GME,neutral,0.8598
mds0et,TSLA,neutral,0.8598
mdruhg,AMC,neutral,0.5669
mdrrx6,GME,neutral,0.9428
mdrhyy,AMC,neutral,0.8214
mdrhyy,GME,neutral,0.8214
mdrags,AMC,neutral,0.7370
mdqh7o,GME,neutral,0.7573
mdq8a2,AMZN,neutral,0.5512
mdq44j,GME,neutral,0.7981
mdq2di,GME,neutral,0.9266
mdpy7o,GME,neutral,0.9108
mdpx6c,GME,neutral,0.5080
mdpu8q,GME,neutral,0.9001
mdpi46,AAPL,negative,0.5437
mdpi46,GME,negative,0.5437
mdpa9x,GME,neutral,0.9215
mdoqrt,AMC,negative,0.8152
mdoqrt,GME,negative,0.8152
mlw754,AMZN,neutral,0.7731
mlw754,AAPL,neutral,0.7731
mlw754,GME,neutral,0.7731
mlah47,AMZN,neutral,0.8520
mlah47,AAPL,neutral,0.8520
mlah47,GOOGL,neutral,0.8520
mlah47,TSLA,neutral,0.8520
mhbbb9,AMC,positive,0.7089
mhbbb9,TSLA,positive,0.7089
mfsgf7,AMC,neutral,0.7628
mfsgf7,GME,neutral,0.7628
mfsgf7,GOOGL,neutral,0.7628
mfrucz,AMC,neutral,0.7753
mfrucz,GME,neutral,0.7753
mfr62k,META,neutral,0.7650
mfr62k,TSLA,neutral,0.7650
mfqi6n,GME,neutral,0.8859
mfp1kh,GME,neutral,0.9311
mfp18j,AMC,neutral,0.8689
mfoivk,GME,neutral,0.8536
mfo2qo,AMZN,neutral,0.9232
mfo2qo,GME,neutral,0.9232
mfo2qo,MSFT,neutral,0.9232
mfo0ag,GME,neutral,0.9202
mfn86f,GME,neutral,0.8733
mfmt4v,AMC,neutral,0.8378
mfmou1,NFLX,negative,0.8961
mfluqr,AMC,neutral,0.9299
mfl6zt,AMZN,neutral,0.5375
mfl6zt,GME,neutral,0.5375
mfkq2i,GME,neutral,0.8667
mfi0dt,AMZN,neutral,0.5145
mfhsvg,META,negative,0.5648
mfh0ws,TSLA,neutral,0.8988
mfegvv,AMC,neutral,0.9137
mfdqil,GME,neutral,0.9225
mfd6c8,GME,neutral,0.9227
mfcz79,AMC,neutral,0.8053
mfcz79,GME,neutral,0.8053
mfc86c,AMZN,neutral,0.8460
mfc86c,GME,neutral,0.8460
mfc86c,GOOGL,neutral,0.8460
mfam81,AMC,neutral,0.7346
mf99a6,AMC,neutral,0.7862
mf7a2k,META,neutral,0.8944
mf7a2k,TSLA,neutral,0.8944
mf66rc,GME,neutral,0.8317
mf5c1e,GME,neutral,0.8779
mf3r7c,TSLA,neutral,0.8947
mf30uw,NFLX,positive,0.8150
mf2t5a,AAPL,neutral,0.8737
mf2t5a,GOOGL,neutral,0.8737
mf2t5a,MSFT,neutral,0.8737
mf2b1g,GME,neutral,0.8991
mf0msr,GME,neutral,0.8578
mev9tk,AMC,neutral,0.8645
memakv,AAPL,negative,0.8564
memakv,GME,negative,0.8564
mem5h3,AMC,positive,0.5246
mem5h3,GME,positive,0.5246
melf8c,AAPL,neutral,0.6695
melf8c,TSLA,neutral,0.6695
meko2o,GME,positive,0.8994
mejezz,AAPL,neutral,0.9196
mejezz,GME,neutral,0.9196
mejezz,TSLA,neutral,0.9196
mejdcu,GME,neutral,0.9381
mej15u,GME,neutral,0.7491
mej0qc,GME,neutral,0.9249
mei102,META,neutral,0.8017
meh8z1,GME,neutral,0.9048
meerlu,GME,neutral,0.8296
mee2j7,GME,neutral,0.9133
medswq,GME,neutral,0.8355
me66fl,GME,neutral,0.7020
me5l7l,AMC,positive,0.9439
me5l7l,GME,positive,0.9439
me3yzj,GME,neutral,0.8815
me3yzj,NVDA,neutral,0.8815
me3sif,AMC,neutral,0.8695
me3sif,GME,neutral,0.8695
me3nco,GME,neutral,0.9165
me3f3r,AAPL,neutral,0.9024
me3f3r,GOOGL,neutral,0.9024
me3f3r,TSLA,neutral,0.9024
me3f3r,AMZN,neutral,0.9024
me3f3r,META,neutral,0.9024
me36cp,GME,neutral,0.9266
me2t7x,GME,neutral,0.8834
me2l1f,GME,neutral,0.8355
me1guf,AMC,neutral,0.9035
mnckct,GME,negative,0.8167
mnc90o,AMC,neutral,0.8277
mnc90o,GME,neutral,0.8277
mnc3qk,GME,neutral,0.8900
mnc0qo,GME,neutral,0.7121
mna2i7,AMC,neutral,0.6739
mna2i7,GME,neutral,0.6739
mna2i7,MSFT,neutral,0.6739
mna2i7,TSLA,neutral,0.6739
mn75dt,GME,neutral,0.8455
mn75dt,GOOGL,neutral,0.8455
mn4jxx,META,negative,0.4533
mn0stp,AMC,neutral,0.9294
mn0stp,GME,neutral,0.9294
mgpms0,GME,positive,0.9486
mgol98,GME,neutral,0.8986
mgn5qd,AMZN,neutral,0.6406
mgn5qd,NFLX,neutral,0.6406
mgn5qd,TSLA,neutral,0.6406
mgmgo8,AAPL,neutral,0.9226
mgmgo8,MSFT,neutral,0.9226
mgmgo8,TSLA,neutral,0.9226
mgkwis,AMC,neutral,0.8542
mgkwis,GME,neutral,0.8542
mgite3,AMC,neutral,0.9214
mgij08,GME,neutral,0.6108
mggq2x,AMC,neutral,0.8285
mggq2x,GME,neutral,0.8285
mggq2x,AMZN,neutral,0.8285
mgewny,GME,neutral,0.8989
mgdvw9,GME,neutral,0.8456
mgd50x,AMZN,neutral,0.9426
mgd50x,GME,neutral,0.9426
mgbt6c,AMC,neutral,0.9296
mgbt6c,GOOGL,neutral,0.9296
mg9mn0,GME,neutral,0.9206
mg8vbu,AMC,neutral,0.9176
mg7t69,TSLA,neutral,0.9037
mg3clh,AMC,neutral,0.8840
mg367m,AMC,neutral,0.9395
mg2ork,GME,positive,0.8949
mg2fgc,GOOGL,neutral,0.5520
mg1hky,AMC,neutral,0.5170
mfxfuo,GME,neutral,0.8287
mfwa9n,AMZN,neutral,0.9148
mfwa9n,GOOGL,neutral,0.9148
mfwa9n,NFLX,neutral,0.9148
mfvovp,GME,neutral,0.7033
mfuvgh,GOOGL,neutral,0.9258
mftdpb,GME,neutral,0.8926
mock33,GME,neutral,0.5280
mn8czs,AMC,neutral,0.8915
mh524f,GME,neutral,0.9523
mgyed5,AMC,neutral,0.8763
mgyed5,GME,neutral,0.8763
mgw14i,GME,neutral,0.7036
mgvhfk,AMC,positive,0.9190
mgv8u7,AMC,neutral,0.8834
mgv7s9,NFLX,neutral,0.7551
mgutkl,GME,neutral,0.8915
mgum68,AMZN,neutral,0.7184
mgum68,META,neutral,0.7184
mgswm7,AMZN,negative,0.8347
mp75a1,AMC,neutral,0.9111
mp75a1,GME,neutral,0.9111
mp2w8o,GME,neutral,0.9333
moyfw8,AMC,positive,0.7326
mowe8n,MSFT,neutral,0.8946
mot13l,GME,neutral,0.9423
mo6fbl,AMC,neutral,0.7043
mo6fbl,GME,neutral,0.7043
mmfchk,GME,positive,0.6108
mkgxvq,GME,neutral,0.8864
mhcq0v,AMC,neutral,0.9080
mhcq0v,GME,neutral,0.9080
mhcmi4,AMC,negative,0.5854
mhcmi4,AAPL,negative,0.5854
mhcmi4,GME,negative,0.5854
mhcmi4,AMZN,negative,0.5854
mhcb0z,AMC,neutral,0.5212
mhcb0z,CSCO,neutral,0.5212
mhcb0z,ORCL,neutral,0.5212
mhbvb7,AAPL,neutral,0.5995
mhbvb7,TSLA,neutral,0.5995
mh8tms,META,neutral,0.7860
mh8q4p,NFLX,neutral,0.8167
mh6rkc,AMC,neutral,0.7331
mh6rkc,AAPL,neutral,0.7331
mh6rkc,TSLA,neutral,0.7331
mpwbjl,AMC,neutral,0.8598
mpwbjl,GME,neutral,0.8598
mpw8nu,AMC,neutral,0.7157
mpw8nu,GME,neutral,0.7157
mpk6wa,AMZN,neutral,0.8417
mpk6wa,AAPL,neutral,0.8417
mpk6wa,GOOGL,neutral,0.8417
mpk6wa,TSLA,neutral,0.8417
modtjd,META,neutral,0.5882
modtjd,AAPL,neutral,0.5882
mnnufv,TSLA,neutral,0.9297
mnb3wj,GME,negative,0.4908
mkxi0w,GME,neutral,0.8820
mkxi0w,TSLA,neutral,0.8820
mkkn2w,AMC,neutral,0.8813
mkkn2w,GME,neutral,0.8813
mkhdou,GME,neutral,0.6387
mkh6uy,GME,positive,0.8729
mkcier,TSLA,positive,0.9168
mkc5ei,AMC,neutral,0.7085
mkc5ei,GME,neutral,0.7085
mkb16c,AMZN,neutral,0.7552
mkb16c,NFLX,neutral,0.7552
mk8ore,AMC,neutral,0.8051
mk706x,TSLA,neutral,0.9001
mk6z3w,GME,positive,0.8136
mk65ap,AMZN,neutral,0.5088
mk65ap,GME,neutral,0.5088
mk3zox,TSLA,neutral,0.7652
mk3cyg,TSLA,neutral,0.9268
mk0gae,NFLX,neutral,0.5838
mjzvwy,AMC,negative,0.5261
mjzvwy,GME,negative,0.5261
mjzvwy,MSFT,negative,0.5261
mjzvwy,NFLX,negative,0.5261
mjy1xj,TSLA,neutral,0.9271
mjrc0t,GME,neutral,0.7981
mjpxtn,AMZN,neutral,0.7989
mjpxtn,MSFT,neutral,0.7989
mjpxtn,INTC,neutral,0.7989
mjpxtn,NVDA,neutral,0.7989
mjllx5,META,neutral,0.9448
mjlkp9,AMC,neutral,0.8693
mjf7mg,AMC,neutral,0.8290
mjf7mg,GME,neutral,0.8290
mjf7mg,GOOGL,neutral,0.8290
mjf7mg,AMZN,neutral,0.8290
mjcpfw,ADBE,neutral,0.8837
mjcpfw,GME,neutral,0.8837
mj5rgl,GME,neutral,0.7464
mj2b5z,TSLA,neutral,0.9205
minugt,AAPL,neutral,0.8746
minugt,GOOGL,neutral,0.8746
minugt,MSFT,neutral,0.8746
minugt,TSLA,neutral,0.8746
minugt,META,neutral,0.8746
minugt,GME,neutral,0.8746
mir9fp,GME,neutral,0.9296
miwrku,GME,neutral,0.7937
miup38,TSLA,neutral,0.8254
mirwjb,AMC,positive,0.7960
miq2ad,TSLA,neutral,0.8535
mipqlu,AMC,neutral,0.5895
mipqlu,GME,neutral,0.5895
mipqlu,TSLA,neutral,0.5895
mionc6,CRM,neutral,0.9458
mionc6,AMZN,neutral,0.9458
mionc6,META,neutral,0.9458
mionc6,ADBE,neutral,0.9458
mionc6,NFLX,neutral,0.9458
mimk08,AMC,neutral,0.8726
mikm42,AAPL,neutral,0.8477
mikm42,INTC,neutral,0.8477
mikm42,NVDA,neutral,0.8477
mijpld,TSLA,neutral,0.9063
miji2j,TSLA,positive,0.8195
mij812,GME,neutral,0.8543
mid1ih,AMC,neutral,0.8049
mid1ih,GME,neutral,0.8049
micazy,TSLA,negative,0.6186
mi9hdf,GME,neutral,0.9427
mi8dex,TSLA,negative,0.9631
mi8751,GME,neutral,0.8532
mi7ni6,TSLA,neutral,0.9060
mi73g6,AAPL,neutral,0.6664
mi5at0,GME,neutral,0.9224
mi4xg3,GME,neutral,0.9028
mi4idc,AMC,neutral,0.8428
mi4idc,GME,neutral,0.8428
mi4e6u,GME,neutral,0.8908
mi3v2s,GME,neutral,0.7478
mi359z,AMZN,positive,0.5043
mi359z,CSCO,positive,0.5043
mi359z,GME,positive,0.5043
mi359z,TSLA,positive,0.5043
mi31jp,AAPL,neutral,0.9266
mi31jp,TSLA,neutral,0.9266
mi2oum,AMC,neutral,0.7259
mi2oum,GME,neutral,0.7259
mi2jt1,AMC,neutral,0.8942
mi07tr,GME,neutral,0.8342
mhzrri,GME,negative,0.7113
mhz8ff,AMZN,neutral,0.8249
mhxwzc,TSLA,neutral,0.8282
mhxwzc,NVDA,neutral,0.8282
mhwfbi,TSLA,positive,0.7729
mhw6qv,GME,neutral,0.9035
mhvr9r,AMC,positive,0.8274
mhu8tg,GME,neutral,0.8888
mhu4kx,GME,negative,0.5548
mhtipi,GME,neutral,0.8622
mhthzn,GME,neutral,0.8340
mhtck9,GME,neutral,0.5618
mhstcd,GME,negative,0.7830
mhsgy5,AMC,neutral,0.6831
mhs8ti,AAPL,neutral,0.6201
mhs8ti,GME,neutral,0.6201
mhs8ti,TSLA,neutral,0.6201
mhrkna,AMC,neutral,0.6769
mhrkna,GME,neutral,0.6769
mhqr0m,MSFT,neutral,0.9385
mhqk13,TSLA,positive,0.7423
mhox08,GME,neutral,0.8691
mhn92l,AMZN,neutral,0.9144
mhn92l,GME,neutral,0.9144
mhlpmr,AMC,neutral,0.8810
mhlpmr,TSLA,neutral,0.8810
mhlkv6,AAPL,neutral,0.8606
mhl9mg,AMC,neutral,0.8147
mhl9mg,GME,neutral,0.8147
mhk6jc,AMC,neutral,0.7664
mhk6jc,GME,neutral,0.7664
mhiefm,AMC,neutral,0.9277
mhicyu,AMC,neutral,0.6570
mhicyu,TSLA,neutral,0.6570
mhiaw1,GME,negative,0.8162
mhhuym,AMC,neutral,0.8847
mhgqnv,AMC,neutral,0.9042
mhgqnv,GME,neutral,0.9042
mhgkfx,GOOGL,neutral,0.7563
mhfzo5,MSFT,neutral,0.8833
mhfyug,GME,neutral,0.9430
mhfwp8,AMC,neutral,0.5579
mhftr4,NFLX,neutral,0.6222
mhftme,GME,neutral,0.5838
mhf4s9,MSFT,positive,0.6063
mhf4s9,TSLA,positive,0.6063
mheku0,AMC,neutral,0.9207
mheku0,GME,neutral,0.9207
mhektw,GME,neutral,0.9401
mhekj9,TSLA,neutral,0.9355
mheao2,AMC,neutral,0.9406
mrg8qv,AMC,neutral,0.8090
mrg8qv,GME,neutral,0.8090
mrg2mt,GME,neutral,0.9050
mrfok1,GME,neutral,0.8236
mrerwd,AMC,neutral,0.8383
mrerwd,GME,neutral,0.8383
mr6hl9,AMC,neutral,0.8180
mr6hl9,TSLA,neutral,0.8180
mr62zo,AMC,positive,0.9043
mr49vv,GME,neutral,0.7272
mr0shp,GME,negative,0.9545
mqytoa,GME,neutral,0.9510
mqtbzn,AMC,neutral,0.6131
mqtbzn,TSLA,neutral,0.6131
mqdflq,TSLA,neutral,0.8832
mn20fx,GME,positive,0.6287
mmanj2,NFLX,neutral,0.8007
mma558,GME,neutral,0.9001
mma558,TSLA,neutral,0.9001
mma221,GME,neutral,0.8517
mm9n4c,AMC,neutral,0.7678
mm98eh,GME,neutral,0.8692
mm8rii,AMC,neutral,0.9430
mm8nq8,GME,neutral,0.8953
mm6n82,GME,neutral,0.9129
mm3ady,AMC,neutral,0.8431
mm38u7,AMC,neutral,0.8124
mm2pnl,TSLA,neutral,0.6961
mm03ct,GME,positive,0.9228
mlzzpw,GME,neutral,0.9559
mlviks,GME,positive,0.4988
mlviks,TSLA,positive,0.4988
mlrweo,AMZN,neutral,0.6885
mloobn,GME,neutral,0.8195
mlok9n,GME,neutral,0.7298
mlok9n,TSLA,neutral,0.7298
mlkvkn,AMZN,neutral,0.7740
mlkvkn,TSLA,neutral,0.7740
mlkps6,GME,neutral,0.8928
mljqb9,AMC,neutral,0.7287
mljqb9,GME,neutral,0.7287
mljk0b,GME,negative,0.6102
mliwqp,CSCO,neutral,0.8489
mliwqp,AAPL,neutral,0.8489
mliwqp,GOOGL,neutral,0.8489
mliwqp,TSLA,neutral,0.8489
mliwqp,AMZN,neutral,0.8489
mliwqp,META,neutral,0.8489
mlfoxb,GME,neutral,0.9274
mlfhvd,GME,neutral,0.8726
mlfhvd,TSLA,neutral,0.8726
mlfhvd,NVDA,neutral,0.8726
mld336,GME,neutral,0.9028
mlcol4,AMC,negative,0.6926
mlcol4,GME,negative,0.6926
ml9ho9,GME,neutral,0.9547
ml8vun,GME,neutral,0.8907
ml4imd,TSLA,neutral,0.8966
ml06oe,GME,neutral,0.8693
mkyg7x,TSLA,neutral,0.8735
mkxprj,GME,neutral,0.4953
mkv95z,GME,neutral,0.7328
mktnmp,AMC,neutral,0.7083
mktnmp,GME,neutral,0.7083
mktnmp,MSFT,neutral,0.7083
mkt7qi,TSLA,neutral,0.8355
mksgxm,TSLA,neutral,0.8502
mkpi4u,GME,neutral,0.9183
mkp9hq,GME,neutral,0.8905
mkobv4,TSLA,neutral,0.8745
mknutm,AMC,neutral,0.9011
mkmnks,AMC,neutral,0.9450
mkmf7k,AMC,neutral,0.7268
mkm2ep,GME,neutral,0.8700
mklr70,AMC,negative,0.9096
mkljmv,NVDA,neutral,0.6001
mkkwe8,AMC,neutral,0.8679
mkkwe8,GME,neutral,0.8679
mkkwe8,NFLX,neutral,0.8679
mkk98g,AAPL,neutral,0.8690
mkk98g,MSFT,neutral,0.8690
mkk98g,TSLA,neutral,0.8690
mkk98g,AMZN,neutral,0.8690
mkk98g,GME,neutral,0.8690
mkk7u7,GME,neutral,0.8762
mkih9q,GME,positive,0.6884
msvrsj,GME,neutral,0.8836
mslkza,GME,neutral,0.7882
ms8wun,GME,neutral,0.9355
mpcf6g,CSCO,neutral,0.9266
mpcf6g,TSLA,neutral,0.9266
mpcf6g,AMC,neutral,0.9266
mpcf6g,AMZN,neutral,0.9266
mpcf6g,GME,neutral,0.9266
mpcext,AMC,negative,0.5889
mpcext,GME,negative,0.5889
mpbvt1,GME,neutral,0.8854
mpauv4,TSLA,neutral,0.9266
mp6kuv,GME,neutral,0.7669
mp4k6d,GME,negative,0.5651
mp3sg6,GME,negative,0.9572
mp3p5v,AMZN,neutral,0.8944
mp3p5v,GME,neutral,0.8944
mp365q,INTC,neutral,0.9111
mp33qg,AMC,neutral,0.8989
mp2yza,GME,neutral,0.8474
mp2j5w,GME,neutral,0.8779
mp0odg,AMC,neutral,0.8356
moxonl,TSLA,neutral,0.9328
mos3px,AMC,positive,0.6740
mordu1,AMC,positive,0.5691
mol6ms,AMC,neutral,0.9240
mol6ms,TSLA,neutral,0.9240
mojo8t,AMC,positive,0.8394
mof1f5,AMC,neutral,0.8640
mof1f5,GME,neutral,0.8640
mobfip,AMC,neutral,0.6616
mobfip,GME,neutral,0.6616
moak5a,AMC,neutral,0.5014
moacyl,AAPL,positive,0.5429
moacyl,GOOGL,positive,0.5429
moacyl,NVDA,positive,0.5429
mo96ty,META,neutral,0.4736
mo8fmh,GME,neutral,0.9037
mo6shb,AMC,neutral,0.8491
mo6shb,GME,neutral,0.8491
mo69u5,AMC,neutral,0.7968
mo69u5,GME,neutral,0.7968
mo5wsf,META,negative,0.7114
mo5wsf,GME,negative,0.7114
mo5wsf,TSLA,negative,0.7114
mo3nes,GME,neutral,0.9399
mo25xc,GME,neutral,0.9444
mnyur5,INTC,neutral,0.7682
mnwl7d,GME,neutral,0.5974
mnvyjr,GME,neutral,0.9201
mnverp,AMC,neutral,0.9070
mnuikp,GME,neutral,0.8841
mnuduo,GME,neutral,0.6352
mnu273,TSLA,neutral,0.8781
mntf68,AAPL,neutral,0.9230
mntf68,GME,neutral,0.9230
mntf68,TSLA,neutral,0.9230
mnsumz,GME,neutral,0.9070
mnrrbl,AAPL,neutral,0.6269
mnrrbl,GOOGL,neutral,0.6269
mnrrbl,INTC,neutral,0.6269
mnrrbl,NVDA,neutral,0.6269
mnrp11,AMC,negative,0.9239
mnre07,GME,neutral,0.8844
mnqim8,GME,negative,0.9053
mnpv3v,GME,neutral,0.9069
mnpr0m,AMC,positive,0.6195
mnpfax,GME,negative,0.9719
mnnqhp,GME,neutral,0.8030
mnne6u,AMC,positive,0.5536
mnne6u,GME,positive,0.5536
mnn2lq,AMC,neutral,0.7989
mnn2lq,GME,neutral,0.7989
mnn2lq,NFLX,neutral,0.7989
mnmuxy,GOOGL,negative,0.8824
mnm9q8,GME,neutral,0.9144
mnm8h0,GME,neutral,0.7739
mnm1uo,AAPL,neutral,0.9145
mnl5es,GME,negative,0.8618
mnksim,META,neutral,0.8878
mnksim,AAPL,neutral,0.8878
mnksim,GME,neutral,0.8878
mnjij4,GME,neutral,0.8996
mnj99i,CRM,neutral,0.8551
mnhnv1,AMZN,neutral,0.7452
mnf6e4,GME,neutral,0.9555
mnb76a,GME,neutral,0.8592
mn9a01,AAPL,neutral,0.9069
mn98tr,GME,neutral,0.7926
mn94an,GME,neutral,0.9172
mn8rw6,TSLA,neutral,0.7277
mn7w2r,TSLA,neutral,0.9354
mn53e4,GME,neutral,0.8011
mn4x8u,TSLA,neutral,0.7405
mn3le5,GME,neutral,0.9220
mn2liu,GME,neutral,0.8832
mn1hr2,GME,neutral,0.8543
mn1bsx,GME,neutral,0.9235
mn1bsx,TSLA,neutral,0.9235
mn1b2n,AMC,neutral,0.6935
mn0ccu,GME,neutral,0.7494
mn063s,GME,neutral,0.5113
mmzkjx,GME,neutral,0.7416
mmzkjx,NFLX,neutral,0.7416
mmzi2l,AAPL,neutral,0.9170
mmzi2l,TSLA,neutral,0.9170
mmzedx,NFLX,positive,0.9205
mmytsp,AMC,neutral,0.8955
mmyppy,GME,neutral,0.7318
mmyma1,GME,neutral,0.8097
mmxbiy,GME,negative,0.8157
mmxbiy,MSFT,negative,0.8157
mmwv15,AAPL,neutral,0.8607
mmvxxc,GME,neutral,0.5066
mmvxip,AMZN,negative,0.4516
mmvxip,AAPL,negative,0.4516
mmvxip,TSLA,negative,0.4516
mmvoyw,GME,neutral,0.8430
mmsswe,GME,neutral,0.9035
mmsswe,TSLA,neutral,0.9035
mmr8o0,GME,neutral,0.8733
mmqj3y,AMC,neutral,0.7611
mmpqrw,GME,neutral,0.9336
mmjvya,AAPL,neutral,0.8544
mmgk4q,AMZN,neutral,0.8753
mmgk4q,AAPL,neutral,0.8753
mmes19,TSLA,neutral,0.7950
mmeggr,TSLA,neutral,0.9039
mmblyi,AMZN,negative,0.6573
mvao2h,GME,neutral,0.9328
mv9zii,GME,neutral,0.8053
mv813r,AMC,neutral,0.8063
mv7gqz,META,neutral,0.8422
mv7gqz,AAPL,neutral,0.8422
mv7gqz,GME,neutral,0.8422
mv7gqz,MSFT,neutral,0.8422
mv50nw,AMC,neutral,0.8655
mv50nw,GME,neutral,0.8655
mv43dh,AMZN,neutral,0.7524
mv43dh,AAPL,neutral,0.7524
mv43dh,NFLX,neutral,0.7524
mv42aw,GME,neutral,0.8898
mv06n3,GME,neutral,0.6022
muz9vq,NFLX,negative,0.9740
muyk1w,GME,neutral,0.7605
muxstw,AMC,neutral,0.9245
muxstw,AAPL,neutral,0.9245
muxstw,TSLA,neutral,0.9245
muue0f,AMC,neutral,0.9225
muue0f,GOOGL,neutral,0.9225
muue0f,AMZN,neutral,0.9225
muszn4,GME,positive,0.8341
musq5y,AMZN,negative,0.5537
murpc0,GME,neutral,0.9108
mupgqp,AAPL,neutral,0.8260
mupgqp,GME,neutral,0.8260
mun1ng,IBM,neutral,0.8854
mum5iu,GME,neutral,0.5275
mulz5c,AMC,neutral,0.7096
mulz5c,GME,neutral,0.7096
mulk7j,TSLA,negative,0.7769
mujiph,AMC,neutral,0.8463
muh990,TSLA,neutral,0.7487
mufp8u,TSLA,neutral,0.9108
mufksd,GME,neutral,0.8128
mudi8l,GME,negative,0.5794
mudfuw,AAPL,neutral,0.7394
mudfuw,GME,neutral,0.7394
mub6t7,AMC,negative,0.5614
mu7ygb,TSLA,neutral,0.7885
mu7wog,CSCO,neutral,0.8945
mu7m44,GOOGL,neutral,0.7373
mu7m44,NFLX,neutral,0.7373
mu7dep,GME,neutral,0.6784
mu5wm7,GME,neutral,0.6678
mu5tq2,INTC,neutral,0.4685
mu5tq2,AAPL,neutral,0.4685
mu5tq2,GOOGL,neutral,0.4685
mu5tq2,IBM,neutral,0.4685
mu5tq2,MSFT,neutral,0.4685
mu5tq2,META,neutral,0.4685
mu5tq2,NVDA,neutral,0.4685
mu5tq2,NFLX,neutral,0.4685
mu55t5,GME,negative,0.5630
mu4p61,IBM,positive,0.5703
mu490s,TSLA,neutral,0.8552
mu3wt0,AAPL,neutral,0.4983
mu208m,AMC,positive,0.6866
mtzdyx,TSLA,negative,0.5179
mtxbmn,GME,neutral,0.8682
mtwsm1,GME,neutral,0.8815
mtsly8,AMC,neutral,0.9197
mtsly8,AAPL,neutral,0.9197
mtsly8,GME,neutral,0.9197
mtq4ij,TSLA,neutral,0.5023
mtmvnz,AAPL,neutral,0.9136
mtkyw2,AMC,neutral,0.8942
mtkyw2,GME,neutral,0.8942
mtkaa1,TSLA,negative,0.9385
mtjekx,META,neutral,0.7484
mtjekx,TSLA,neutral,0.7484
mth8b4,AAPL,neutral,0.8852
mth8b4,GOOGL,neutral,0.8852
mth8b4,INTC,neutral,0.8852
mtgf3s,GME,neutral,0.8094
mtehdq,GOOGL,neutral,0.8170
mtdrjf,TSLA,neutral,0.9392
mtag2u,TSLA,neutral,0.8698
mt42h8,META,negative,0.5960
mt42h8,TSLA,negative,0.5960
mt3ryo,META,neutral,0.9284
mt13a0,AMC,neutral,0.9260
mt0ec3,GME,neutral,0.8848
mszpwl,AMC,positive,0.8900
mszpwl,GME,positive,0.8900
mszpwl,NFLX,positive,0.8900
msy7zx,GME,negative,0.6263
msy7zx,TSLA,negative,0.6263
msu5p0,NVDA,neutral,0.6303
msrrzp,AMC,neutral,0.8135
msrrzp,GME,neutral,0.8135
msq9jg,INTC,neutral,0.9048
msq9jg,AAPL,neutral,0.9048
msq9jg,GOOGL,neutral,0.9048
msq9jg,MSFT,neutral,0.9048
msq9jg,TSLA,neutral,0.9048
msq9jg,AMZN,neutral,0.9048
msq9jg,META,neutral,0.9048
msq9jg,GME,neutral,0.9048
msq9jg,ADBE,neutral,0.9048
msq9jg,NFLX,neutral,0.9048
msnkc1,GME,neutral,0.6590
msjbm5,GME,neutral,0.9143
msj590,AAPL,neutral,0.7435
msj590,MSFT,neutral,0.7435
msiyfa,AAPL,neutral,0.8598
msiyfa,TSLA,neutral,0.8598
mshy6i,AMC,neutral,0.9356
mshnxb,GME,positive,0.8681
msh8uj,AMC,neutral,0.7803
msh8uj,NFLX,neutral,0.7803
msgsf8,AMC,neutral,0.9317
msgsf8,GME,neutral,0.9317
msfygy,GME,neutral,0.8236
msd8ys,AMC,neutral,0.8511
msd8ys,GME,neutral,0.8511
mscwik,GME,neutral,0.9365
mscubm,GME,neutral,0.5402
mscqlb,AAPL,neutral,0.7708
mscqlb,TSLA,neutral,0.7708
msbwmf,AAPL,negative,0.9567
msbpmg,AMC,neutral,0.8583
msblc3,GME,neutral,0.9373
msb97t,AMC,positive,0.7191
ms9tyd,AMZN,neutral,0.8699
ms9tyd,AAPL,neutral,0.8699
ms9tyd,GOOGL,neutral,0.8699
ms9tyd,TSLA,neutral,0.8699
ms9sbi,GME,neutral,0.8565
ms7dvp,GME,negative,0.7110
ms6q3p,AMC,neutral,0.9034
ms6q3p,GME,neutral,0.9034
ms5mut,NFLX,neutral,0.9192
ms51jy,GME,neutral,0.8778
ms3ttg,TSLA,neutral,0.7472
ms1a47,GME,negative,0.4708
ms17e4,GME,neutral,0.7813
mrzfwb,AMC,neutral,0.9093
mrzfwb,GME,neutral,0.9093
mryu3o,AMC,neutral,0.7859
mrw6sk,AMZN,neutral,0.6006
mrw6sk,GOOGL,neutral,0.6006
mrw6sk,META,neutral,0.6006
mrt6z4,AMC,neutral,0.8812
mrt2vl,TSLA,positive,0.7071
mrqcgh,META,neutral,0.9223
mrq082,TSLA,neutral,0.6507
mrpky1,AMZN,negative,0.5453
mrpky1,TSLA,negative,0.5453
mrp7lb,TSLA,neutral,0.9336
mror9z,TSLA,positive,0.8624
mro79e,GME,neutral,0.8960
mrn54i,GME,neutral,0.9470
mrn1pc,GME,neutral,0.9190
mrjjyo,GME,neutral,0.8614
mrhnbx,GME,negative,0.6147
mrh5cu,AMC,neutral,0.8877
mrgyq0,GME,neutral,0.9171
mrfyuh,AMC,neutral,0.7579
mrfyuh,NFLX,neutral,0.7579
mre3bi,AMC,neutral,0.9166
mrcp5k,GME,neutral,0.8199
mr8hdi,AMC,negative,0.4894
mr8al4,TSLA,neutral,0.8717
mr6l2t,AMC,neutral,0.6606
mr6l2t,META,neutral,0.6606
mr6gz5,AMC,neutral,0.9480
mr50o5,GME,neutral,0.9152
mr37zo,AMC,neutral,0.8827
mr29pc,GME,neutral,0.9077
mr0wiv,AMZN,positive,0.8649
mr0knr,AAPL,neutral,0.8525
mr0knr,TSLA,neutral,0.8525
mr0jef,TSLA,neutral,0.8609
mqwh9n,TSLA,neutral,0.8591
mqupmv,GME,neutral,0.9441
mqub7q,GME,neutral,0.8824
mqu2ph,AMZN,neutral,0.7599
mqtg7c,AMC,neutral,0.9065
mqsrgf,TSLA,neutral,0.4902
mqskp2,AMC,negative,0.6833
mqskp2,GME,negative,0.6833
mqrq20,TSLA,neutral,0.8082
mqrfzf,AMZN,neutral,0.6703
mqrfzf,GME,neutral,0.6703
mqrfzf,TSLA,neutral,0.6703
mqra9m,GME,positive,0.8623
mqp5oi,NVDA,neutral,0.6361
mqolln,GME,neutral,0.8943
mqnxra,AMC,neutral,0.9443
mqnlhy,GME,negative,0.9411
mql5ao,GME,neutral,0.9266
mqkppc,GME,neutral,0.8829
mqiql3,AAPL,neutral,0.9250
mqhzpk,TSLA,neutral,0.9200
mqgooc,AAPL,neutral,0.9201
mqgooc,INTC,neutral,0.9201
mqgooc,MSFT,neutral,0.9201
mqgooc,TSLA,neutral,0.9201
mqg8sr,GME,negative,0.5667
mqfmez,AAPL,neutral,0.9236
mqedzh,INTC,neutral,0.8810
mqedzh,TSLA,neutral,0.8810
mqe5mt,AMC,neutral,0.8597
mqe5mt,GME,neutral,0.8597
mqe5mt,GOOGL,neutral,0.8597
mqdynu,GME,neutral,0.6594
mqdn81,GME,neutral,0.8844
mqd3o5,AMC,neutral,0.8327
mqd3o5,GME,neutral,0.8327
mqd3o5,AMZN,neutral,0.8327
mqcol4,AMC,positive,0.8793
mqcdld,CRM,neutral,0.7938
mqcdld,TSLA,neutral,0.7938
mqc5ag,GME,negative,0.9587
mqc4u8,GOOGL,positive,0.7478
mqc361,AMZN,neutral,0.5525
mqc361,AAPL,neutral,0.5525
mqc361,NFLX,neutral,0.5525
mqc361,TSLA,neutral,0.5525
mqbhm5,AMC,neutral,0.6433
mqbhm5,NFLX,neutral,0.6433
mqbftn,AMC,neutral,0.8397
mqbftn,GME,neutral,0.8397
mqbftn,TSLA,neutral,0.8397
mqbfms,AAPL,neutral,0.9192
mqbfms,TSLA,neutral,0.9192
mqavzh,GME,negative,0.5964
mqai3p,GME,neutral,0.9430
mqaft2,NVDA,neutral,0.9100
mqa6la,TSLA,neutral,0.9028
mqa662,MSFT,neutral,0.8800
mqa5qe,TSLA,negative,0.5676
mqa20t,TSLA,neutral,0.9014
mq9d0r,GME,neutral,0.9142
mq8yfn,GME,neutral,0.9204
mq8x5c,TSLA,neutral,0.9427
mq8e8c,TSLA,neutral,0.9228
mq7usz,AAPL,neutral,0.8336
mq7fap,GME,neutral,0.8422
mq74nn,GME,negative,0.9343
mq6tsm,GME,neutral,0.9332
mq53ny,GME,neutral,0.8451
mq4w1r,AMC,neutral,0.5918
mq2amq,AAPL,neutral,0.9060
mq2amq,AMC,neutral,0.9060
mq2amq,AMZN,neutral,0.9060
mq2amq,GME,neutral,0.9060
mq2amq,NFLX,neutral,0.9060
mq3mkw,AMC,neutral,0.9405
mq2kxl,GME,neutral,0.8528
mq2d6f,AAPL,neutral,0.8513
mq0udn,IBM,positive,0.6224
mq0c0d,GME,neutral,0.8941
mpxwo3,GME,neutral,0.5219
mpwvhc,NFLX,negative,0.5631
mpsyyn,AMC,neutral,0.8770
mpsyyn,GME,neutral,0.8770
mpqxbf,META,neutral,0.5657
mpqxbf,GME,neutral,0.5657
mpqvkg,GME,neutral,0.8542
mppzxw,MSFT,neutral,0.5501
mpp79v,GME,neutral,0.9149
mpovlr,GME,negative,0.8085
mpoqxj,GME,negative,0.9516
mpo02h,AMC,neutral,0.7722
mpo02h,GME,neutral,0.7722
mpnzwj,GME,negative,0.9692
mpnwua,AMZN,neutral,0.6990
mpn86r,AMC,neutral,0.7951
mpn3a4,ORCL,neutral,0.8051
mpmg53,GME,neutral,0.4369
mpm9a8,AMC,neutral,0.8688
mpm8ru,GME,negative,0.9020
mplrvm,AMC,neutral,0.8580
mplrvm,TSLA,neutral,0.8580
mpkwkj,GME,neutral,0.9296
mpkkg7,GME,neutral,0.7051
mpk2mx,NVDA,neutral,0.8195
mpjlgx,AMC,positive,0.4966
mpizag,GME,neutral,0.9243
mpitu1,NVDA,neutral,0.5806
mpil8v,NVDA,neutral,0.6990
mpid9t,AMC,neutral,0.9262
mphm0k,AMC,neutral,0.7581
mphm0k,GME,neutral,0.7581
mpha2m,AMC,neutral,0.9437
mpgb4x,GME,neutral,0.9276
mpdlqm,AMZN,neutral,0.7829
mpdlqm,MSFT,neutral,0.7829
mpd8c2,TSLA,neutral,0.8604
n22zkm,GME,neutral,0.5766
n22xyt,AMC,neutral,0.8282
n22vph,AMC,neutral,0.9012
n22wgb,TSLA,neutral,0.7526
n22gfd,AAPL,neutral,0.8336
n226xb,AAPL,neutral,0.7466
n225dj,CSCO,neutral,0.8773
n225dj,AAPL,neutral,0.8773
n225dj,TSLA,neutral,0.8773
n218v5,INTC,neutral,0.5200
n218v5,IBM,neutral,0.5200
n218v5,GOOGL,neutral,0.5200
n218v5,MSFT,neutral,0.5200
n218v5,TSLA,neutral,0.5200
n218v5,META,neutral,0.5200
n218v5,NVDA,neutral,0.5200
n20klz,TSLA,neutral,0.8787
n1zyxb,TSLA,neutral,0.9297
n1z8yy,GME,neutral,0.9203
n1y70d,TSLA,neutral,0.8792
n1xp4r,GME,neutral,0.8933
n1wc20,GME,neutral,0.7454
n1uzkd,TSLA,neutral,0.8172
n1uiek,GME,neutral,0.7696
n1uiek,MSFT,neutral,0.7696
n1to9d,AMZN,neutral,0.9027
n1to9d,GME,neutral,0.9027
n1to9d,TSLA,neutral,0.9027
n1to9d,GOOGL,neutral,0.9027
n1t0yz,TSLA,neutral,0.9077
n1so1m,AMC,negative,0.4173
n1so1m,GME,negative,0.4173
n1so1m,META,negative,0.4173
n1sg7w,GOOGL,neutral,0.5727
n1pkrm,TSLA,negative,0.5770
n1kq5z,AAPL,negative,0.7094
n1k8rq,GME,positive,0.5063
n1jxm0,GME,neutral,0.9225
n1golq,AMC,neutral,0.7704
n1golq,GME,neutral,0.7704
n1fm7k,AMC,positive,0.9389
n1fm7k,CSCO,positive,0.9389
n1f5rc,AMC,neutral,0.7791
n1f5rc,GOOGL,neutral,0.7791
n1f5rc,NFLX,neutral,0.7791
n1dyu2,AMC,positive,0.5085
n1bs92,AMZN,neutral,0.8346
n1bs92,META,neutral,0.8346
n1alhs,META,positive,0.3993
n1a4w6,GME,neutral,0.8663
n1a0jd,TSLA,neutral,0.8040
n16wga,NFLX,neutral,0.7911
n15jib,META,negative,0.8309
n15jib,AAPL,negative,0.8309
n15jib,GOOGL,negative,0.8309
n13abg,TSLA,positive,0.8684
n11kvy,AMZN,neutral,0.5269
n11kvy,GME,neutral,0.5269
n11kvy,GOOGL,neutral,0.5269
n0yqv1,CSCO,neutral,0.6829
n0yqv1,AAPL,neutral,0.6829
n0yqv1,MSFT,neutral,0.6829
n0xjcr,AMZN,neutral,0.6894
n0xjcr,AAPL,neutral,0.6894
n0x97j,AAPL,neutral,0.8437
n0x97j,TSLA,neutral,0.8437
n0wrq9,AMC,neutral,0.9219
n0wrq9,AAPL,neutral,0.9219
n0wrq9,TSLA,neutral,0.9219
n0wqo6,AMC,neutral,0.6621
n0wl15,GME,neutral,0.8726
n0sqnm,GME,neutral,0.8689
n0sgy9,AAPL,neutral,0.9171
n0sgy9,INTC,neutral,0.9171
n0sgy9,MSFT,neutral,0.9171
n0sgy9,TSLA,neutral,0.9171
n0r0n8,NFLX,positive,0.9180
n0ql77,GME,neutral,0.9029
n0qbgm,AMZN,negative,0.5758
n0q28w,TSLA,neutral,0.7812
n0pz0a,AMC,neutral,0.9445
n0pom1,AMC,neutral,0.7996
n0oytm,GME,neutral,0.5144
n0otp5,AMC,neutral,0.7537
n0okrr,TSLA,neutral,0.8839
n0o3re,AMZN,neutral,0.9277
n0mar6,GME,neutral,0.9082
n0l82c,TSLA,neutral,0.6302
n0kczh,GME,negative,0.5583
n0kaye,INTC,negative,0.9049
n0kaye,NVDA,negative,0.9049
n0k8m3,GOOGL,neutral,0.6659
n0ivmx,AAPL,neutral,0.9265
n0i0wx,AMC,neutral,0.8844
n0gr6a,MSFT,neutral,0.7423
n0ghph,AMC,neutral,0.7521
n0ghph,GME,neutral,0.7521
n0fo2q,AMC,neutral,0.9304
n0emqp,GME,neutral,0.8764
n0emqp,TSLA,neutral,0.8764
n0emqp,GOOGL,neutral,0.8764
n0ehxf,AAPL,neutral,0.8403
n0ehxf,GOOGL,neutral,0.8403
n0ehxf,MSFT,neutral,0.8403
n0ehxf,TSLA,neutral,0.8403
n0ehxf,META,neutral,0.8403
n0daqa,AMC,neutral,0.9141
n0a1kf,AMC,neutral,0.7917
n0a1kf,GME,neutral,0.7917
n05q5e,GME,neutral,0.9129
n05l76,AMC,neutral,0.8388
n05l76,GME,neutral,0.8388
n04s6h,AMC,neutral,0.5701
n04s6h,GME,neutral,0.5701
n04s6h,TSLA,neutral,0.5701
n044k0,GME,neutral,0.6530
n02xt2,AMC,neutral,0.8533
n01lov,INTC,neutral,0.8532
n01lov,AAPL,neutral,0.8532
n01lov,MSFT,neutral,0.8532
n01lov,TSLA,neutral,0.8532
n01lov,META,neutral,0.8532
mzzm6c,AMC,neutral,0.6232
mzzf2q,AAPL,neutral,0.8763
mzzf2q,MSFT,neutral,0.8763
mzzf2q,AMZN,neutral,0.8763
mzzf2q,META,neutral,0.8763
mzzf2q,NFLX,neutral,0.8763
mzwmst,META,neutral,0.8334
mzwmst,GOOGL,neutral,0.8334
mzwa33,GME,neutral,0.8074
mzw6yh,AMC,neutral,0.8360
mzu954,MSFT,neutral,0.9236
mzu17f,NFLX,neutral,0.8999
mzts11,AAPL,neutral,0.9296
mzt8i4,AAPL,neutral,0.8763
mzt8i4,MSFT,neutral,0.8763
mzt8i4,AMZN,neutral,0.8763
mzt8i4,META,neutral,0.8763
mzt8i4,NFLX,neutral,0.8763
mzt7b0,TSLA,neutral,0.8467
mzsl0o,AMC,neutral,0.8732
mzsas9,GME,neutral,0.8231
mzrcu6,TSLA,neutral,0.5487
mzpzzj,GME,positive,0.9291
mzpwgq,GME,neutral,0.7001
mzpoet,AMC,neutral,0.9193
mzou8v,AMC,neutral,0.7433
mznz4d,GME,positive,0.6302
mznbvw,META,negative,0.6934
mznbvw,AAPL,negative,0.6934
mznbvw,CSCO,negative,0.6934
mznbvw,MSFT,negative,0.6934
mzmkua,AMZN,negative,0.8975
mzkgr9,AMC,neutral,0.7520
mzkgr9,GME,neutral,0.7520
mzipwa,GME,neutral,0.8907
mzhpx3,GME,positive,0.9390
mzhc9i,AMC,neutral,0.8732
mzhc9i,GME,neutral,0.8732
mzgw5u,AMZN,neutral,0.8324
mzg0vn,GME,neutral,0.8006
mze2n2,AMC,neutral,0.7473
mze2n2,GME,neutral,0.7473
mze1lt,GME,neutral,0.8992
mzdgxk,NFLX,positive,0.3670
mzdanh,NFLX,positive,0.9475
mzcbzf,GME,neutral,0.6743
mzcb5g,AMC,neutral,0.8651
mzcb5g,GME,neutral,0.8651
mzc8pv,GME,neutral,0.9285
mzbswi,AMC,neutral,0.7253
mzbpmu,GME,positive,0.9107
mz98s9,TSLA,positive,0.9455
mz8zwj,AMC,negative,0.6122
mz8zwj,GME,negative,0.6122
mz8rec,AAPL,neutral,0.9284
mz8rec,GME,neutral,0.9284
mz8l0z,INTC,neutral,0.9184
mz70bk,NFLX,neutral,0.4467
mz6pdm,TSLA,neutral,0.7857
mz69gk,GME,negative,0.4885
mz60v1,AMC,positive,0.9341
mz5q2r,GME,neutral,0.8989
mz5e3m,GME,neutral,0.8741
mz4x5v,TSLA,neutral,0.8445
mz4c2i,AMZN,neutral,0.7532
mz4c2i,GME,neutral,0.7532
mz2uvi,AMC,neutral,0.8515
mz2uvi,GME,neutral,0.8515
mz2bqy,GME,neutral,0.9020
myzzp0,TSLA,neutral,0.9410
myztc1,GME,neutral,0.8292
myxudf,TSLA,neutral,0.5307
mywbjd,AMC,neutral,0.8315
myvben,AMZN,neutral,0.7544
myloui,GME,neutral,0.8646
mykdxp,MSFT,neutral,0.8990
myjvog,GME,neutral,0.5078
myj6wa,ORCL,positive,0.5366
myichy,INTC,negative,0.8264
myichy,NVDA,negative,0.8264
mye01g,AMC,positive,0.5931
mye01g,GME,positive,0.5931
mye01g,NFLX,positive,0.5931
mydfv3,TSLA,neutral,0.9217
mydflm,AMZN,neutral,0.8939
mydflm,TSLA,neutral,0.8939
my0fns,AMC,neutral,0.6424
my0fns,GME,neutral,0.6424
my01hm,META,neutral,0.9129
my01hm,AAPL,neutral,0.9129
my01hm,MSFT,neutral,0.9129
my01hm,TSLA,neutral,0.9129
mxxac8,AMZN,positive,0.5181
mxxac8,GME,positive,0.5181
mxqn2b,INTC,neutral,0.7122
mxqn2b,TSLA,neutral,0.7122
mxqn2b,AMC,neutral,0.7122
mxqn2b,AMZN,neutral,0.7122
mxqn2b,GME,neutral,0.7122
mxqn2b,NVDA,neutral,0.7122
mxp7og,GME,neutral,0.9039
mxoljm,AAPL,neutral,0.7633
mxoljm,GOOGL,neutral,0.7633
mxoljm,NFLX,neutral,0.7633
mxa6uj,GME,negative,0.6138
mx8uj0,GME,neutral,0.8762
mx8uj0,TSLA,neutral,0.8762
mx7xxg,GME,neutral,0.7550
mx7xxg,NFLX,neutral,0.7550
mx79q4,AMC,neutral,0.9247
mx75nw,AMC,positive,0.4980
mx4wsg,AMC,neutral,0.8201
mx4wsg,GME,neutral,0.8201
mx4ozj,AAPL,negative,0.8900
mx4ozj,MSFT,negative,0.8900
mx4ozj,TSLA,negative,0.8900
mx4ozj,NVDA,negative,0.8900
mx4ozj,NFLX,negative,0.8900
mx462a,AMC,positive,0.6769
mx3lua,GME,neutral,0.9326
mx1672,AMC,neutral,0.9232
mx0586,GME,neutral,0.8879
mwz96m,GME,neutral,0.5331
mwx74c,INTC,negative,0.7200
mwx74c,GME,negative,0.7200
mwx74c,TSLA,negative,0.7200
mwwt2h,CRM,negative,0.9472
mwwt2h,INTC,negative,0.9472
mwwt2h,IBM,negative,0.9472
mwwt2h,MSFT,negative,0.9472
mwwt2h,TSLA,negative,0.9472
mwwt2h,NFLX,negative,0.9472
mwu5jy,GOOGL,neutral,0.8545
mwu5jy,INTC,neutral,0.8545
mwu5jy,NVDA,neutral,0.8545
mwt602,AMC,neutral,0.8131
mwonjm,GOOGL,neutral,0.8857
mwonjm,TSLA,neutral,0.8857
mwexoe,META,neutral,0.9102
mwexoe,AAPL,neutral,0.9102
mwexoe,GOOGL,neutral,0.9102
mwnwjx,GME,neutral,0.9105
mwmk6d,AMZN,neutral,0.8246
mwmk6d,NFLX,neutral,0.8246
mwkqei,AMC,neutral,0.8980
mwiloe,NFLX,neutral,0.8450
mwhwbs,META,negative,0.8645
mwhwbs,GME,negative,0.8645
mwhwbs,NFLX,negative,0.8645
mwhwbs,GOOGL,negative,0.8645
mwhr1n,AAPL,neutral,0.8930
mwhr1n,GME,neutral,0.8930
mwcsrf,TSLA,neutral,0.9007
mwah60,GME,neutral,0.8452
mw9cfn,AMC,neutral,0.9468
mw93xn,GME,neutral,0.8336
mw8jtp,AMZN,neutral,0.9167
mw8jtp,MSFT,neutral,0.9167
mw7hum,AMC,neutral,0.9323
mw7hum,META,neutral,0.9323
mw6j1h,TSLA,neutral,0.9043
mw2pfk,TSLA,neutral,0.9203
mvvauh,GME,neutral,0.9250
mvujnh,GME,neutral,0.7094
mvrjno,GME,neutral,0.7729
mvny6u,TSLA,neutral,0.9319
mvnw1f,NVDA,neutral,0.9301
mvn91c,AAPL,neutral,0.7306
mvn91c,GOOGL,neutral,0.7306
mvn91c,AMC,neutral,0.7306
mvn91c,AMZN,neutral,0.7306
mvn91c,NFLX,neutral,0.7306
mvn13j,TSLA,neutral,0.8738
mvkusa,TSLA,neutral,0.8528
mvg1tv,TSLA,neutral,0.9291
n7hdyf,GME,neutral,0.8889
n6ic6u,AMC,neutral,0.8719
n6ic6u,GME,neutral,0.8719
n6gy5x,AMC,neutral,0.9417
n6gy5x,GME,neutral,0.9417
n6gwqk,GME,neutral,0.8542
n6gwqk,TSLA,neutral,0.8542
n6gwqk,NVDA,neutral,0.8542
n6g8xh,GME,neutral,0.9192
n6fr5a,GME,neutral,0.5653
n6fcm5,GME,neutral,0.7845
n6fckn,AMC,neutral,0.8597
n6fa9f,AAPL,neutral,0.8402
n6fa9f,GME,neutral,0.8402
n6fa9f,TSLA,neutral,0.8402
n6dgfl,GME,neutral,0.9038
n6de3i,AMC,neutral,0.7819
n6de3i,GME,neutral,0.7819
n6d868,AMC,neutral,0.8853
n6d868,GME,neutral,0.8853
n6csms,GME,neutral,0.5241
n6cliz,GME,neutral,0.8299
n6cfd9,AAPL,neutral,0.6748
n6cfd9,GME,neutral,0.6748
n6cfd9,MSFT,neutral,0.6748
n6cdut,AMZN,neutral,0.7259
n6cdut,TSLA,neutral,0.7259
n6bvcw,NFLX,neutral,0.6613
n6buln,TSLA,neutral,0.6497
n6b5f9,TSLA,neutral,0.7509
n6azqb,TSLA,neutral,0.5504
n6am1n,GME,neutral,0.9164
n69khe,GME,neutral,0.7278
n6991f,AAPL,negative,0.6768
n69633,AMC,neutral,0.7296
n69633,GME,neutral,0.7296
n68f1t,GME,neutral,0.9207
n68736,AMZN,neutral,0.5422
n67cr9,GME,neutral,0.6554
n675zh,NFLX,positive,0.7510
n642z0,GME,neutral,0.6656
n63q7n,AMC,neutral,0.7400
n62uy3,AMZN,neutral,0.8342
n62uy3,TSLA,neutral,0.8342
n62uy3,NVDA,neutral,0.8342
n62c3i,GOOGL,neutral,0.9033
n62c3i,INTC,neutral,0.9033
n62c3i,NVDA,neutral,0.9033
n60urg,AMC,neutral,0.8945
n60bll,GME,neutral,0.8904
n605e7,AMC,neutral,0.8629
n605e7,AMZN,neutral,0.8629
n5z4od,INTC,neutral,0.8844
n5z4od,NVDA,neutral,0.8844
n5xydc,AMC,neutral,0.8827
n5xwb2,AMC,positive,0.9275
n5xwb2,TSLA,positive,0.9275
n5x8dn,META,neutral,0.6956
n5x8dn,GME,neutral,0.6956
n5x8dn,NFLX,neutral,0.6956
n5wsv1,TSLA,negative,0.5829
n5vrfe,GME,neutral,0.8683
n5udz9,AMC,neutral,0.6512
n5udz9,GME,neutral,0.6512
n5sksk,GME,neutral,0.8639
n5sglk,AMC,neutral,0.9168
n5sglk,AAPL,neutral,0.9168
n5sglk,MSFT,neutral,0.9168
n5sglk,TSLA,neutral,0.9168
n5s74w,AAPL,negative,0.6048
n5s3pi,GME,positive,0.9193
n5r3ty,AMZN,neutral,0.9026
n5r3ty,GOOGL,neutral,0.9026
n5r3ty,TSLA,neutral,0.9026
n5r09n,GME,neutral,0.6550
n5qz3m,GME,neutral,0.9294
n5qfa3,TSLA,negative,0.5118
n5pzen,GME,neutral,0.9496
n5pyln,GME,neutral,0.5991
n5pvmx,GME,neutral,0.8901
n5phb0,NVDA,neutral,0.8901
n5p9h2,GME,neutral,0.8428
n5p1bw,TSLA,neutral,0.9299
n5oudd,AMC,neutral,0.7079
n5oj86,AMC,neutral,0.9167
n5o92g,MSFT,negative,0.7352
n5o92g,NVDA,negative,0.7352
n5o6b0,AMZN,neutral,0.8558
n5o5ug,GME,neutral,0.8822
n5nkh1,AMC,neutral,0.8983
n5nkh1,GME,neutral,0.8983
n5mzxv,AMZN,neutral,0.7341
n5mxom,AMZN,negative,0.4397
n5mxom,NFLX,negative,0.4397
n5mu7w,AMC,neutral,0.9258
n5m9bl,AMC,neutral,0.6878
n5m9bl,GME,neutral,0.6878
n5igyh,AMC,neutral,0.8810
n5i6st,META,neutral,0.5990
n5gkmr,GME,negative,0.5964
n5g8ng,GME,neutral,0.7307
n57y6o,AMC,positive,0.7726
n57y6o,GME,positive,0.7726
n57mhn,TSLA,neutral,0.9120
n55913,AMC,positive,0.9486
n51zx5,AMC,neutral,0.9204
n51zx5,AAPL,neutral,0.9204
n51zx5,TSLA,neutral,0.9204
n51zx5,AMZN,neutral,0.9204
n515uc,GME,neutral,0.7498
n4xon5,TSLA,negative,0.6357
n4xon5,NVDA,negative,0.6357
n4wrl9,GME,negative,0.8898
ncrj5a,TSLA,neutral,0.9281
ncq948,AMC,neutral,0.9070
ncq948,GME,neutral,0.9070
nci0sf,MSFT,neutral,0.9396
nb3i28,GME,negative,0.5830
na7d4e,AMC,neutral,0.8693
na7d4e,GME,neutral,0.8693
na7d4e,GOOGL,neutral,0.8693
n8mx95,AMZN,neutral,0.7674
n8mx95,MSFT,neutral,0.7674
n8mx95,TSLA,neutral,0.7674
n84bo4,AMC,neutral,0.8813
n84bo4,GME,neutral,0.8813
n84bo4,NVDA,neutral,0.8813
n82lod,AAPL,positive,0.9243
n80r2l,GOOGL,neutral,0.8576
n80r2l,TSLA,neutral,0.8576
n7zu9f,TSLA,neutral,0.8533
n7ytjf,GME,neutral,0.8864
n7xbp9,GME,neutral,0.8596
n7wu7l,AMZN,positive,0.8773
n7wu7l,AAPL,positive,0.8773
n7wdaw,TSLA,neutral,0.9157
n7um6w,CRM,neutral,0.8539
n7um6w,TSLA,neutral,0.8539
n7qe21,AMZN,neutral,0.5365
n7lxjb,AMC,neutral,0.8625
n7kvvy,GME,neutral,0.8944
n7fe53,AMC,neutral,0.9153
n7fe53,AAPL,neutral,0.9153
n7fe53,TSLA,neutral,0.9153
n7cpt9,GME,neutral,0.9100
n7av4a,AMZN,neutral,0.7341
n7av4a,GOOGL,neutral,0.7341
n7av4a,MSFT,neutral,0.7341
n7av4a,META,neutral,0.7341
n7ahq5,AMC,neutral,0.8502
n7ahq5,GME,neutral,0.8502
n7a0it,GME,neutral,0.9230
n79b4r,AMC,neutral,0.9104
n79b4r,GME,neutral,0.9104
n799ne,CRM,neutral,0.8671
n799ne,CSCO,neutral,0.8671
n799ne,AAPL,neutral,0.8671
n799ne,TSLA,neutral,0.8671
n799ne,AMC,neutral,0.8671
n799ne,AMZN,neutral,0.8671
n799ne,GME,neutral,0.8671
n784su,TSLA,neutral,0.9125
n77rdn,AMC,neutral,0.9349
n77rdn,GME,neutral,0.9349
n77rdn,TSLA,neutral,0.9349
n776tr,GME,neutral,0.8589
n75ynm,GME,neutral,0.6406
n756vm,AMZN,neutral,0.8778
n756vm,TSLA,neutral,0.8778
n75634,GOOGL,neutral,0.6411
n74umz,AMC,neutral,0.8131
n74umz,GME,neutral,0.8131
n74flh,GME,neutral,0.6871
n74awc,TSLA,neutral,0.7994
n72evf,AMZN,neutral,0.9328
n7278b,TSLA,neutral,0.8523
n71qu6,NFLX,neutral,0.8756
n70ksi,GME,neutral,0.8070
n70cim,GOOGL,neutral,0.8531
n70476,TSLA,neutral,0.9261
n6yv3h,AMZN,neutral,0.9213
n6x9b0,AMZN,neutral,0.9182
n6x9b0,GOOGL,neutral,0.9182
n6x9b0,TSLA,neutral,0.9182
n6x9b0,META,neutral,0.9182
n6v550,AMZN,neutral,0.7257
n6v550,GME,neutral,0.7257
n6td1n,AMC,neutral,0.5921
n6td1n,GME,neutral,0.5921
n6t691,AMC,neutral,0.8975
n6t691,GME,neutral,0.8975
n6t1jf,GME,neutral,0.8894
n6t1i0,AMC,neutral,0.8712
n6t1i0,GME,neutral,0.8712
n6r47x,AMC,neutral,0.8791
n6qsqm,AMZN,neutral,0.8779
n6qgkw,GME,negative,0.5707
n6q9v0,GME,neutral,0.8427
n6q6py,GME,negative,0.7035
n6p6so,AMC,neutral,0.6809
n6p6so,GME,neutral,0.6809
n6ox2c,AMC,neutral,0.7954
n6oezk,AMC,neutral,0.7916
n6oezk,GME,neutral,0.7916
n6m3qj,AAPL,neutral,0.9016
n6l5j3,AMC,neutral,0.9030
n6kyyl,AMC,neutral,0.9135
n6kyfy,AMC,positive,0.7121
n6kyfy,GME,positive,0.7121
n6kyfy,GOOGL,positive,0.7121
n6k7wf,AMC,neutral,0.9225
n6k7wf,AAPL,neutral,0.9225
n6k7wf,INTC,neutral,0.9225
n6k7wf,TSLA,neutral,0.9225
n6jqm0,TSLA,neutral,0.9312
n6jg7e,AMC,neutral,0.6864
n6irbo,GME,neutral,0.9182
ngdffm,MSFT,neutral,0.6425
ng9j46,GME,neutral,0.8436
netkes,TSLA,neutral,0.8328
neopmk,META,neutral,0.8122
neopmk,ADBE,neutral,0.8122
neopmk,CRM,neutral,0.8122
neopmk,MSFT,neutral,0.8122
na1ui7,AMC,neutral,0.8563
na0gob,AMC,neutral,0.8909
n9zlpn,AAPL,neutral,0.9167
n9zcn7,TSLA,neutral,0.8108
n9yims,AAPL,neutral,0.8912
n9yims,GME,neutral,0.8912
n9ydod,AMZN,positive,0.6670
n9ydod,IBM,positive,0.6670
n9ydod,ORCL,positive,0.6670
n9xrrg,GME,neutral,0.5110
n9wo53,TSLA,neutral,0.8591
n9vqk2,AMZN,neutral,0.6521
n9vqk2,CRM,neutral,0.6521
n9vqk2,MSFT,neutral,0.6521
n9unle,AAPL,negative,0.5233
n9unle,NVDA,negative,0.5233
n9tn17,TSLA,positive,0.8279
n9rso8,GME,neutral,0.9270
n9nzkc,GME,neutral,0.8207
n9njcf,GME,neutral,0.7305
n9mttv,AMC,neutral,0.7946
n9mttv,GME,neutral,0.7946
n9kx9n,TSLA,positive,0.8323
n9k66u,GME,neutral,0.7047
n9k32x,GME,neutral,0.8929
n9jelg,TSLA,negative,0.8826
n9hsma,AMC,positive,0.7590
n9hsma,GME,positive,0.7590
n9gwjt,GME,negative,0.7872
n9eaze,GME,neutral,0.9039
n9du7d,AMZN,neutral,0.9468
n9de38,TSLA,negative,0.9025
n9d9it,AMC,negative,0.5004
n9cjlk,AMC,neutral,0.8826
n9cjlk,GME,neutral,0.8826
n9ce5p,AMC,neutral,0.9045
n9cdus,AMZN,neutral,0.9008
n9c48p,AMZN,positive,0.9434
n9c48p,GOOGL,positive,0.9434
n9c48p,MSFT,positive,0.9434
n9c23l,GOOGL,neutral,0.8166
n9b9l6,AMZN,neutral,0.8822
n9b9l6,GME,neutral,0.8822
n9b9l6,TSLA,neutral,0.8822
n9b9l6,GOOGL,neutral,0.8822
n99m2y,GME,neutral,0.5920
n99c44,AMZN,neutral,0.8915
n99c44,TSLA,neutral,0.8915
n953jk,GME,positive,0.8581
n93o6x,AAPL,neutral,0.8201
n92bxl,GME,neutral,0.9180
n90iyg,AAPL,neutral,0.8513
n90gsv,AAPL,neutral,0.4961
n90gsv,TSLA,neutral,0.4961
n8vj3p,GME,neutral,0.8611
n8urkv,GME,neutral,0.4537
n8u8ao,GME,neutral,0.9195
n8tgr6,GME,neutral,0.9115
n8t1t4,AMC,neutral,0.8942
n8scfl,CSCO,neutral,0.9169
n8scfl,MSFT,neutral,0.9169
n8scfl,TSLA,neutral,0.9169
n8scfl,AMC,neutral,0.9169
n8scfl,GME,neutral,0.9169
n8qpji,GME,neutral,0.8037
n8qn9r,AMC,neutral,0.8284
n8ok60,GOOGL,neutral,0.9297
n8nalc,AAPL,positive,0.5640
n8mv7h,AMC,neutral,0.9116
n8mv7h,AAPL,neutral,0.9116
n8mv7h,TSLA,neutral,0.9116
n8k4u2,TSLA,neutral,0.8759
n8hrrw,TSLA,neutral,0.6128
n8hmcr,META,neutral,0.8870
n8hk1o,TSLA,neutral,0.9113
n8g0l3,AMC,neutral,0.9356
n8g0l3,GME,neutral,0.9356
n8g0l3,GOOGL,neutral,0.9356
n8fjzx,AMC,neutral,0.8017
n8fjzx,GME,neutral,0.8017
n8ek8d,AMC,negative,0.9622
n8ek8d,GME,negative,0.9622
n8coni,AAPL,positive,0.8659
n8coni,TSLA,positive,0.8659
n890g8,GME,neutral,0.8842
nj43vm,GME,neutral,0.9003
nj24jc,AMC,neutral,0.7618
nj24jc,GME,neutral,0.7618
nj24jc,NFLX,neutral,0.7618
niv7l7,GME,neutral,0.9331
ngf6lo,TSLA,neutral,0.9435
ngduep,AMZN,neutral,0.9224
ngdlvk,NFLX,neutral,0.6870
ngdlvk,TSLA,neutral,0.6870
ng9w2w,AMC,neutral,0.8230
ng9w2w,GME,neutral,0.8230
ng96co,AMC,neutral,0.7708
ng73bn,GOOGL,neutral,0.8793
ng64vr,AMC,neutral,0.8860
ng00g1,AMC,neutral,0.8640
nfyx1u,AMC,neutral,0.9231
nfrvd8,GME,negative,0.4458
nfr21x,AMC,neutral,0.7555
nfr21x,GME,neutral,0.7555
nfonwv,GME,neutral,0.6925
nfn7qe,AMZN,neutral,0.8867
nfmpsz,GME,neutral,0.5424
nfjxyh,GME,neutral,0.8923
nfjo84,AMC,neutral,0.7586
nfg8mj,AMC,neutral,0.6019
nfg8mj,GME,neutral,0.6019
nff5e4,AMC,neutral,0.7567
nfbmkd,GME,neutral,0.8700
nfbmkd,NFLX,neutral,0.8700
nfbmkd,GOOGL,neutral,0.8700
nfaizr,AMC,neutral,0.9093
nfa2ov,AMC,neutral,0.9402
nf8opv,AMC,neutral,0.7967
nf8opv,GME,neutral,0.7967
nf7s3u,GME,neutral,0.9141
nf69dq,NFLX,neutral,0.8735
nf3z3j,TSLA,neutral,0.8387
nf1xrj,GME,negative,0.5243
nf1u2e,AMZN,neutral,0.8932
nezfpp,TSLA,neutral,0.9276
neyzm1,AMC,neutral,0.5500
nexq9s,GME,neutral,0.8749
neti3d,AMC,neutral,0.7454
neti3d,GME,neutral,0.7454
neti3d,NFLX,neutral,0.7454
nesw0u,AMC,neutral,0.5835
nesw0u,GME,neutral,0.5835
nes2m3,GME,neutral,0.8438
neqh0q,GME,neutral,0.9025
neq6gk,AMC,neutral,0.9220
neoydf,GME,neutral,0.9388
neostc,GME,neutral,0.8830
neoa2q,TSLA,neutral,0.9232
nenzge,TSLA,neutral,0.9093
nem3bp,TSLA,neutral,0.8371
nekymm,AAPL,neutral,0.8534
nek2vk,TSLA,neutral,0.8786
nei5qk,AMZN,neutral,0.5112
nei5qk,NVDA,neutral,0.5112
nei5qk,META,neutral,0.5112
neh5je,TSLA,positive,0.9464
nefwps,GME,neutral,0.5737
ne552p,GME,neutral,0.8741
ne1fla,CSCO,neutral,0.8668
ne0or5,MSFT,negative,0.8909
ndxk81,GME,neutral,0.8912
ndxk81,TSLA,neutral,0.8912
ndsgrw,META,neutral,0.8840
nds2vh,AMC,negative,0.4957
nds2vh,GME,negative,0.4957
ndcm0p,AMC,neutral,0.8350
ndcm0p,GME,neutral,0.8350
ndb1gv,AMZN,negative,0.7270
ndb1gv,AAPL,negative,0.7270
ndb1gv,TSLA,negative,0.7270
nd9cfk,AMC,neutral,0.8804
nd9cfk,GME,neutral,0.8804
nd9cfk,NFLX,neutral,0.8804
nd71jx,MSFT,neutral,0.5209
nd04kk,GME,negative,0.8472
ncnic1,GOOGL,neutral,0.7665
ncnic1,MSFT,neutral,0.7665
ncnic1,NFLX,neutral,0.7665
ncmp76,GME,neutral,0.8659
ncl6bw,GME,neutral,0.9089
ncjpc3,AMC,neutral,0.8023
ncjpc3,GME,neutral,0.8023
ncjpc3,TSLA,neutral,0.8023
ncj7yo,GME,neutral,0.9246
ncj63r,GME,neutral,0.6492
nchqh1,AMC,neutral,0.6329
nchd2q,NFLX,neutral,0.5513
ncghyg,AMC,positive,0.5814
ncghyg,GME,positive,0.5814
ncfyq9,GME,neutral,0.6982
nce1jx,GME,neutral,0.7928
ncdc14,NVDA,neutral,0.8641
ncaj60,GME,positive,0.8796
ncaik5,AMC,neutral,0.7920
nca5hr,AMC,neutral,0.8696
nc9r1g,AMC,neutral,0.7663
nc98oq,AMC,positive,0.6303
nc8sj2,AAPL,neutral,0.5799
nc8om5,TSLA,neutral,0.9409
nc7r7g,GME,neutral,0.7260
nc6qi3,AMC,neutral,0.9122
nc6qi3,GME,neutral,0.9122
nc6qi3,TSLA,neutral,0.9122
nc5q9w,TSLA,neutral,0.8320
nc4hgp,GME,negative,0.4892
nc4exq,AMC,neutral,0.7915
nc0k1w,AMC,neutral,0.8007
nbz7yz,AMC,neutral,0.7674
nbyy62,META,neutral,0.5029
nbyw00,TSLA,neutral,0.7480
nbysa5,TSLA,neutral,0.8947
nbxwqw,GME,neutral,0.7296
nbxmj9,AAPL,neutral,0.7524
nbxmj9,TSLA,neutral,0.7524
nbx1a3,IBM,neutral,0.9191
nbx1a3,GOOGL,neutral,0.9191
nbx1a3,TSLA,neutral,0.9191
nbx1a3,AMC,neutral,0.9191
nbx1a3,AMZN,neutral,0.9191
nbwpk6,AMC,neutral,0.6815
nbwjk1,GME,neutral,0.8874
nbuiuy,TSLA,positive,0.7895
nbu5ad,TSLA,negative,0.6404
nbt2pv,AMC,neutral,0.4975
nbt2pv,GME,neutral,0.4975
nbsga5,AAPL,positive,0.8356
nbs3lq,AMZN,neutral,0.7534
nbq63f,AMC,neutral,0.5661
nbq63f,GME,neutral,0.5661
nbq63f,TSLA,neutral,0.5661
nbp9yz,AMC,neutral,0.8797
nbp9yz,GME,neutral,0.8797
nbp9yz,AMZN,neutral,0.8797
nbohdu,AMC,neutral,0.6693
nboe4x,GME,neutral,0.9209
nbo8lq,GME,neutral,0.5424
nbo1b3,AMC,negative,0.7773
nbo1b3,GME,negative,0.7773
nbnzzs,TSLA,neutral,0.8016
nbnc6v,AMC,negative,0.6385
nbn8nx,AMC,neutral,0.7102
nbn8nx,GME,neutral,0.7102
nbmt6z,NVDA,negative,0.9068
nblwj8,AMZN,neutral,0.8109
nbl86n,AMZN,neutral,0.8570
nbl86n,GME,neutral,0.8570
nbkat0,AAPL,neutral,0.7797
nbk5ft,AMC,neutral,0.5515
nbjv0q,TSLA,neutral,0.9256
nbjtkp,GME,neutral,0.8992
nbjqzf,AAPL,neutral,0.7602
nbjqzf,GOOGL,neutral,0.7602
nbjqzf,MSFT,neutral,0.7602
nbjhc1,GME,neutral,0.8616
nbgr5h,MSFT,neutral,0.9220
nbgqp3,AMZN,neutral,0.7546
nbfxea,GME,neutral,0.9387
nbc89f,AAPL,neutral,0.8064
nbc89f,INTC,neutral,0.8064
nbc89f,NVDA,neutral,0.8064
nb9pm0,NFLX,neutral,0.8681
nb8c3b,TSLA,neutral,0.7343
nb4lrh,GME,negative,0.5944
nb4lrh,TSLA,negative,0.5944
nb1soq,AMC,neutral,0.8861
nb08jp,CRM,neutral,0.5914
nazft2,AMC,neutral,0.9407
nay76m,MSFT,negative,0.8501
nax536,AMC,neutral,0.7265
navf5g,AMC,neutral,0.8643
navf5g,GME,neutral,0.8643
naupm5,GME,neutral,0.9315
naupm5,GOOGL,neutral,0.9315
nat6yz,AMC,neutral,0.5029
nat3xr,GME,neutral,0.9250
naruof,GME,negative,0.4403
narugg,TSLA,positive,0.8136
nardir,GME,neutral,0.6285
nappht,GME,neutral,0.8877
napius,TSLA,neutral,0.6766
nanynr,AMZN,neutral,0.8532
nanynr,GOOGL,neutral,0.8532
nanynr,MSFT,neutral,0.8532
nanynr,TSLA,neutral,0.8532
nanjgi,GME,neutral,0.7649
namvm5,AAPL,neutral,0.8544
naha1d,GME,neutral,0.9203
naehn4,AMZN,neutral,0.9122
naehn4,TSLA,neutral,0.9122
nadr3u,GME,neutral,0.5313
nadqwg,AMC,neutral,0.8257
nadqwg,GME,neutral,0.8257
nadqwg,GOOGL,neutral,0.8257
nacvec,GME,negative,0.4869
nabs68,TSLA,neutral,0.8011
nabaik,GME,neutral,0.6103
naaqu9,AMC,neutral,0.9201
na8f8j,AAPL,neutral,0.7019
na8f8j,TSLA,neutral,0.7019
na8f8j,AMZN,neutral,0.7019
na8f8j,META,neutral,0.7019
na8f8j,NVDA,neutral,0.7019
na6erq,AMC,neutral,0.8820
na6erq,GME,neutral,0.8820
na6a6i,GME,positive,0.5050
na6a6i,NFLX,positive,0.5050
na5elg,NFLX,neutral,0.6782
na5di0,TSLA,positive,0.5721
na2vt4,GME,neutral,0.8994
nnrdg7,AMC,neutral,0.6797
nnrdg7,GME,neutral,0.6797
nnrdg7,MSFT,neutral,0.6797
nnpd7e,AMC,neutral,0.6389
nnld05,AMC,neutral,0.6897
nnld05,NFLX,neutral,0.6897
nn36fw,AMC,negative,0.7037
nn36fw,GME,negative,0.7037
nn0eft,META,neutral,0.7447
nmmjhj,GME,neutral,0.9151
nhrfry,AMC,neutral,0.7705
nhrfry,GOOGL,neutral,0.7705
nhqc9p,NVDA,positive,0.7143
nhmv7n,AMZN,neutral,0.7000
nhmv7n,GOOGL,neutral,0.7000
nhmv7n,TSLA,neutral,0.7000
nhmv7n,NVDA,neutral,0.7000
nhiohv,AMC,positive,0.6112
nhimy5,AMC,neutral,0.5753
nhimy5,TSLA,neutral,0.5753
nhimlx,AMC,neutral,0.8187
nhidnn,GME,neutral,0.6612
nhidnn,TSLA,neutral,0.6612
nhhgrw,AMC,negative,0.5231
nhchin,GME,neutral,0.9127
nha2hm,TSLA,neutral,0.8794
nh8f2j,AMZN,neutral,0.9119
nh8f2j,GOOGL,neutral,0.9119
nh8f2j,META,neutral,0.9119
nh6ijq,AAPL,neutral,0.6301
nh66wz,AAPL,neutral,0.6252
nh5tbi,AMZN,negative,0.9130
nh5tbi,CSCO,negative,0.9130
nh5tbi,INTC,negative,0.9130
nh5tbi,NVDA,negative,0.9130
nh5b5z,TSLA,neutral,0.7403
nh1iks,AMC,neutral,0.9185
nh0j3x,MSFT,neutral,0.9075
nh0fmi,MSFT,neutral,0.9421
nguxep,TSLA,neutral,0.8971
ngptnw,GME,neutral,0.8434
ngnwaq,AMC,negative,0.5094
ngj411,GME,neutral,0.7583
nggxk6,TSLA,neutral,0.8840
nggpql,AAPL,neutral,0.9099
ngfr58,AMC,negative,0.6868
npr5ux,AMC,neutral,0.9174
npr0yc,AMC,positive,0.8308
npr0yc,GME,positive,0.8308
npr0yc,TSLA,positive,0.8308
nppxpz,AMC,positive,0.7381
npm0eb,AMC,neutral,0.8536
npllt6,TSLA,neutral,0.7446
npjoel,AMC,neutral,0.7510
npjoel,GME,neutral,0.7510
npiqty,AMC,neutral,0.8002
npfs0n,TSLA,neutral,0.7251
npef1s,AMC,neutral,0.8247
npdb1j,META,neutral,0.9210
npdb1j,GOOGL,neutral,0.9210
np9sys,CRM,neutral,0.9026
np6tf9,INTC,neutral,0.8199
np6tf9,NVDA,neutral,0.8199
np6amt,AMZN,neutral,0.7276
np6amt,AAPL,neutral,0.7276
np6amt,NFLX,neutral,0.7276
np1kp1,GME,neutral,0.7966
noual3,AMC,neutral,0.6177
nosznl,TSLA,neutral,0.7416
noqs3j,AMC,neutral,0.7024
noqs3j,NFLX,neutral,0.7024
noqs3j,AMZN,neutral,0.7024
noprc0,AMC,positive,0.6596
noprc0,GME,positive,0.6596
noprc0,TSLA,positive,0.6596
nolej2,AAPL,negative,0.4199
nolcn9,AMZN,neutral,0.8275
nokcdq,MSFT,neutral,0.9097
nok7pa,TSLA,neutral,0.5235
nofnl1,AMZN,neutral,0.8811
noficl,TSLA,neutral,0.5219
nodbsw,AMC,neutral,0.8462
nodbsw,TSLA,neutral,0.8462
noc6r0,AMC,positive,0.8338
noc6r0,GME,positive,0.8338
noc6r0,NVDA,positive,0.8338
no3u7d,AMZN,neutral,0.8288
no3u7d,GOOGL,neutral,0.8288
no3u7d,TSLA,neutral,0.8288
no3u7d,META,neutral,0.8288
no0ixl,AMC,neutral,0.8791
no0ixl,GME,neutral,0.8791
nnzj7e,AMC,neutral,0.8675
nnzj7e,GME,neutral,0.8675
nnzj7e,NVDA,neutral,0.8675
nnz670,AMC,neutral,0.7908
nnz670,GME,neutral,0.7908
nnymvq,AMC,neutral,0.9248
nnymvq,GME,neutral,0.9248
nnxns5,TSLA,neutral,0.8735
nnue3p,AMC,neutral,0.9124
nnue3p,TSLA,neutral,0.9124
nnts46,GME,neutral,0.8047
nnrgxy,AMC,positive,0.9193
nnsnmx,AMC,neutral,0.6766
nns6mk,GME,negative,0.9663
nnriwg,AMC,neutral,0.8491
nnriwg,GME,neutral,0.8491
nnqo52,NVDA,neutral,0.7683
nnqfmm,AMC,neutral,0.9156
nnprt0,AMC,neutral,0.8439
nnprt0,GME,neutral,0.8439
nnprt0,TSLA,neutral,0.8439
nnprt0,AMZN,neutral,0.8439
nnpn9z,AMC,neutral,0.8667
nnpn9z,GME,neutral,0.8667
nnolzv,GOOGL,neutral,0.8704
nnog16,AMZN,neutral,0.8016
nnl8vc,AMC,negative,0.8960
nni8bn,AMZN,neutral,0.8378
nni8bn,AAPL,neutral,0.8378
nni8bn,TSLA,neutral,0.8378
nni8bn,NVDA,neutral,0.8378
nnhcaa,AMC,neutral,0.8810
nnchb3,GME,neutral,0.8312
nn7jq8,AMC,neutral,0.8264
nn8o5y,AMC,neutral,0.8523
nn985l,AMC,neutral,0.8584
nnatss,AMC,neutral,0.8985
nn8uxs,AMC,neutral,0.5642
nn7tz9,AMC,neutral,0.7940
nn7tz9,GME,neutral,0.7940
nn7t1w,AMC,neutral,0.6477
nn4spa,AMC,neutral,0.8604
nn4j10,TSLA,neutral,0.8224
nn4aej,AMC,neutral,0.9082
nn4aej,GME,neutral,0.9082
nn3lec,AMC,neutral,0.8338
nn3lec,GME,neutral,0.8338
nn0whs,TSLA,neutral,0.6115
nmzy09,AMC,positive,0.6135
nmyjtu,AMC,neutral,0.8374
nmy4w5,TSLA,neutral,0.9334
nmxotz,AMZN,neutral,0.8735
nmv1vp,TSLA,neutral,0.7901
nmuzzi,GME,neutral,0.8971
nmthag,GME,negative,0.7125
nmrwom,AMC,neutral,0.9047
nmrmft,TSLA,neutral,0.7407
nmrd7x,AMC,neutral,0.9409
nmqo0s,AMC,neutral,0.9259
nmq396,AMC,neutral,0.6792
nmq05j,AMC,neutral,0.8997
nmq05j,GME,neutral,0.8997
nmpq6d,GME,neutral,0.8428
nmpk6k,AMC,neutral,0.9146
nmpk6k,GME,neutral,0.9146
nmpjt2,AMC,neutral,0.5482
nmoit0,AMZN,negative,0.9142
nmofz4,AMC,neutral,0.8821
nmnmxi,AMC,neutral,0.9065
nmmu24,GME,positive,0.5117
nmlwfm,AMC,positive,0.6336
nmlk53,AMC,neutral,0.8386
nmlb2d,AMZN,neutral,0.8536
nmlb2d,IBM,neutral,0.8536
nmlb2d,GME,neutral,0.8536
nmlb2d,TSLA,neutral,0.8536
nml65m,TSLA,neutral,0.8397
nml3vc,AMC,positive,0.7827
nmkf17,AMC,positive,0.7511
nmjuxu,AMC,neutral,0.4603
nmjo2l,AMC,neutral,0.9013
nmjo2l,GME,neutral,0.9013
nmjjg9,AMC,positive,0.6268
nmjbx6,AMC,neutral,0.7274
nmj37c,AMC,neutral,0.7331
nmhz9r,GOOGL,neutral,0.9082
nmhy31,AMC,neutral,0.7122
nmhf3q,TSLA,positive,0.5656
nmh9n7,AMC,positive,0.7571
nmh5ur,AMC,neutral,0.9093
nmh4y4,AMC,neutral,0.9127
nmh3vv,AMC,neutral,0.9167
nmh3dw,AMC,neutral,0.8812
nmgy18,AMC,neutral,0.7069
nmghvo,AMC,positive,0.9332
nmggxc,AMC,neutral,0.8135
nmga6o,AMC,neutral,0.8977
nmfd65,GME,neutral,0.9054
nmf2un,AMZN,neutral,0.6612
nmehx2,AMC,neutral,0.8844
nmdjep,AMZN,neutral,0.4686
nmdjep,GOOGL,neutral,0.4686
nmdjep,TSLA,neutral,0.4686
nmdc5r,AMC,neutral,0.8484
nmdb6q,AMC,neutral,0.8907
nmcz56,AAPL,neutral,0.8215
nmcz56,TSLA,neutral,0.8215
nmcu3h,AMZN,neutral,0.8432
nmcu3h,AAPL,neutral,0.8432
nmcu3h,GOOGL,neutral,0.8432
nmcu3h,TSLA,neutral,0.8432
nmcry4,AMC,neutral,0.9202
nmabst,AMC,neutral,0.8952
nmabst,GME,neutral,0.8952
nma4tj,INTC,neutral,0.8409
nm9mxj,AMC,neutral,0.8281
nm9coo,AMC,neutral,0.9282
nm91w8,GME,neutral,0.9302
nm8xoo,AMC,neutral,0.6077
nm8gbe,AMC,neutral,0.9472
nm8cx6,AMC,neutral,0.5531
nm7muv,AAPL,neutral,0.9161
nm7ja9,GME,neutral,0.9259
nm71vy,AMC,neutral,0.8278
nm71vy,CSCO,neutral,0.8278
nm71vy,GME,neutral,0.8278
nm71vy,MSFT,neutral,0.8278
nm53o9,AMC,neutral,0.9290
nm53o9,GME,neutral,0.9290
nm4igj,AMZN,neutral,0.9178
nm40x2,AMC,negative,0.9407
nm40x2,GME,negative,0.9407
nm3x77,AMC,neutral,0.8202
nlz8yg,TSLA,positive,0.5503
nlxcbu,AMZN,neutral,0.8627
nlwthi,TSLA,neutral,0.6813
nlwjwy,TSLA,negative,0.7059
nlw3ty,AMC,positive,0.4535
nlw3ty,NFLX,positive,0.4535
nlw09c,TSLA,negative,0.4015
nluxb9,AMZN,neutral,0.8716
nluxb9,GOOGL,neutral,0.8716
nluvrs,AMC,neutral,0.9157
nluvrs,GME,neutral,0.9157
nlugr7,AMC,neutral,0.6373
nlugr7,GME,neutral,0.6373
nlugr7,NFLX,neutral,0.6373
nltzir,AMC,positive,0.5697
nltsoo,GME,neutral,0.9439
nlsx4z,AMC,neutral,0.7608
nlsu85,AMC,neutral,0.9090
nlsu85,TSLA,neutral,0.9090
nlsfc4,GME,neutral,0.9278
nlr8b7,AMC,neutral,0.6717
nlqklx,META,neutral,0.9133
nlqklx,GME,neutral,0.9133
nlqklx,TSLA,neutral,0.9133
nlq3vg,AMZN,neutral,0.8922
nlpt1v,GME,neutral,0.8969
nlpfk9,AMC,neutral,0.5977
nlpfk9,GME,neutral,0.5977
nlp6f3,GME,neutral,0.8744
nlokib,GME,neutral,0.8854
nlnxr0,GME,negative,0.9493
nlnnqi,GME,neutral,0.5056
nlmzdx,AMZN,neutral,0.6228
nlmzdx,GME,neutral,0.6228
nlmzdx,ORCL,neutral,0.6228
nlmlev,AMC,neutral,0.8238
nlmlev,GME,neutral,0.8238
nlmiio,GME,neutral,0.7976
nllzlt,TSLA,neutral,0.9435
nll1q4,AMC,neutral,0.4654
nlkp6m,AMZN,neutral,0.8848
nlkp6m,GOOGL,neutral,0.8848
nlknz8,AMC,neutral,0.9302
nlkmgh,AMC,neutral,0.8673
nlkmgh,GME,neutral,0.8673
nlkck2,GME,neutral,0.9247
nlkbth,AMC,neutral,0.6692
nlkbth,GME,neutral,0.6692
nlk5fx,AMC,neutral,0.8880
nlk2f3,AMC,neutral,0.9131
nlk117,GME,neutral,0.6379
nlk0km,AMC,neutral,0.8040
nljz3n,AMC,neutral,0.9223
nljwkq,AMC,neutral,0.8444
nljg5t,NFLX,neutral,0.8490
nligrv,TSLA,neutral,0.8387
nlhn7y,AMC,negative,0.9711
nlhn7y,GME,negative,0.9711
nlhe9m,AMZN,neutral,0.9420
nlfhqh,GME,neutral,0.8500
nlej56,TSLA,neutral,0.7545
nldc55,GME,neutral,0.8388
nlcbg4,GME,negative,0.9723
nlapf9,AMC,neutral,0.9163
nl9umb,AMC,neutral,0.8918
nl9rc2,TSLA,neutral,0.9170
nl9nt4,AMC,neutral,0.7244
nl91sx,AMC,positive,0.7266
nl6r75,AMC,neutral,0.7806
nl62th,AMC,neutral,0.8897
nl5rju,AMZN,neutral,0.8919
nl5rju,GME,neutral,0.8919
nl5rju,TSLA,neutral,0.8919
nl5li6,NVDA,neutral,0.4590
nl5ehp,TSLA,neutral,0.7870
nl311m,AMC,neutral,0.5486
nl311m,NFLX,neutral,0.5486
nl2thy,AMZN,neutral,0.8889
nl26ke,AMC,neutral,0.9154
nl26ke,GME,neutral,0.9154
nl23h8,GME,neutral,0.8856
nl1w3a,GME,neutral,0.8894
nl07br,GOOGL,neutral,0.7926
nl07br,MSFT,neutral,0.7926
nl07br,TSLA,neutral,0.7926
nkza6a,META,neutral,0.7898
nkz1y6,GME,neutral,0.8005
nkybfo,AMC,negative,0.4591
nky421,GOOGL,neutral,0.7179
nkvt1h,TSLA,neutral,0.8311
nku22w,GME,neutral,0.8413
nksls9,GME,neutral,0.9226
nkrbt7,GME,neutral,0.7561
nkr6rq,AMC,neutral,0.7412
nkqbww,TSLA,neutral,0.9104
nkqana,GME,neutral,0.9227
nkq9et,AMC,neutral,0.9189
nknt0j,META,neutral,0.7884
nkk4c1,AMC,negative,0.5664
nkk4c1,GME,negative,0.5664
nkh20n,AAPL,neutral,0.8210
nk9utg,AMC,negative,0.4542
nk9utg,MSFT,negative,0.4542
nk7n4k,AAPL,neutral,0.8502
nk7csp,AMC,neutral,0.6560
nk7csp,TSLA,neutral,0.6560
nk79sh,AMZN,neutral,0.4837
nk6mhf,GOOGL,positive,0.5078
nk6fnw,GOOGL,neutral,0.8024
nk6fit,CRM,neutral,0.9089
nk6fit,NVDA,neutral,0.9089
nk6bxz,TSLA,neutral,0.9460
nk56mr,AMZN,neutral,0.9170
nk56mr,MSFT,neutral,0.9170
nk4zns,AMZN,positive,0.5500
nk3u5v,TSLA,negative,0.8188
nk0f3j,AMC,neutral,0.8682
njzshg,AMC,neutral,0.9356
njznvj,AAPL,neutral,0.8650
njyajv,AMZN,neutral,0.5975
njx45g,AMC,neutral,0.7279
njup0t,AMC,neutral,0.5218
njup0t,GME,neutral,0.5218
njtd5w,AMC,neutral,0.8480
njqr4p,GME,neutral,0.8548
njpdlv,AMZN,positive,0.8838
njpdlv,NFLX,positive,0.8838
njoxij,AAPL,neutral,0.9298
njizhs,GME,neutral,0.8352
njiptu,GME,neutral,0.7360
njh97r,GME,positive,0.7299
njgs1i,GME,neutral,0.8790
njgs1i,TSLA,neutral,0.8790
njesn6,GME,negative,0.4968
njcy4m,TSLA,neutral,0.6704
njbfeu,TSLA,neutral,0.7247
njaa8g,META,neutral,0.9331
njaa8g,GOOGL,neutral,0.9331
nj7tco,AMC,positive,0.5183
nj7tco,GME,positive,0.5183
nj7tco,TSLA,positive,0.5183
nj6x5e,GME,neutral,0.4365
nj6g21,AMC,negative,0.9160
niukl9,MSFT,neutral,0.9007
niukl9,NVDA,neutral,0.9007
nitffp,NFLX,neutral,0.8424
nirao8,GME,neutral,0.8514
nipr1k,AMC,neutral,0.7362
nipc0e,NVDA,neutral,0.4319
nii035,AMC,neutral,0.5989
nig7e9,GME,neutral,0.6519
niahr7,AMC,neutral,0.7167
ni8zp2,NVDA,neutral,0.5228
ni8nle,GME,neutral,0.5219
ni63z4,AMC,neutral,0.9182
ni5qux,AMC,neutral,0.9015
ni3is3,GME,neutral,0.9166
ni30rr,GME,neutral,0.9225
ni1k95,AMC,neutral,0.6170
ni1k95,GME,neutral,0.6170
ni0ilv,NVDA,positive,0.5498
nhzqe7,GME,neutral,0.9095
nhzmir,GME,neutral,0.9263
nhyn43,AMZN,neutral,0.9031
nhyn43,TSLA,neutral,0.9031
nhyj2a,AMC,neutral,0.9015
nhyafe,TSLA,positive,0.6842
nhwgue,GME,neutral,0.9314
nhurrd,META,negative,0.6313
nhudws,NVDA,neutral,0.6398
nhtxml,GOOGL,neutral,0.6389
nhtsbr,TSLA,neutral,0.7792
nhszhj,AMC,neutral,0.9392
nhszhj,GME,neutral,0.9392
nhsv8s,TSLA,neutral,0.8089
ny981c,META,neutral,0.9065
ny906j,AMC,neutral,0.8876
ny8u84,AMC,neutral,0.9050
ny8u84,GME,neutral,0.9050
ny84rr,NFLX,negative,0.5309
ny6wpp,GOOGL,neutral,0.8961
ny6n0n,AMC,neutral,0.8644
ny69ns,AMC,neutral,0.8560
ny69ns,GME,neutral,0.8560
ny64wh,AMC,neutral,0.5107
ny3q7w,AMC,neutral,0.6630
ny3q7w,TSLA,neutral,0.6630
ny2xt2,AMC,neutral,0.8700
ny2xt2,GME,neutral,0.8700
ny2xt2,GOOGL,neutral,0.8700
ny0g1b,AMC,neutral,0.8407
ny01wx,AMC,negative,0.4216
nxzqyx,GME,positive,0.8958
nxxkn7,MSFT,neutral,0.6563
nxxb21,AMC,neutral,0.7833
nxw8bw,AMC,neutral,0.8677
nxw8bw,GME,neutral,0.8677
nxvlxp,GME,neutral,0.5034
nxvlxp,NFLX,neutral,0.5034
nxvdhw,AMC,neutral,0.7370
nxvdhw,GME,neutral,0.7370
nxv9kx,AMC,neutral,0.6939
nxv99u,TSLA,negative,0.7914
nxuu06,GME,negative,0.9404
nxuijn,AMC,neutral,0.8455
nxtvgy,AMC,negative,0.9706
nxtvgy,GME,negative,0.9706
nxtv1j,AMC,neutral,0.8918
nxtuir,AMC,positive,0.5279
nxtuir,ADBE,positive,0.5279
nxte5i,AMC,neutral,0.8299
nxtc8a,TSLA,neutral,0.7910
nxt6k4,AMC,neutral,0.7943
nxt6k4,GME,neutral,0.7943
nxsxy4,AMC,negative,0.9636
nxsdj4,CRM,neutral,0.7417
nxsdj4,GOOGL,neutral,0.7417
nxsdj4,INTC,neutral,0.7417
nxrj8n,AMC,neutral,0.9025
nxrj8n,MSFT,neutral,0.9025
nxqhf0,AMC,neutral,0.9172
nxq9s8,INTC,positive,0.5671
nxq6xx,GME,neutral,0.6903
nxpvj4,AMC,neutral,0.7615
nxp8rk,AMC,positive,0.5411
nxp5r6,AMC,neutral,0.8861
nxp5r6,GME,neutral,0.8861
nxp36c,AMC,negative,0.9450
nxp36c,GME,negative,0.9450
nxp35r,GME,positive,0.6067
nxozgb,GME,neutral,0.8913
nxozgb,TSLA,neutral,0.8913
nxoraa,AMC,neutral,0.9226
nxoraa,GME,neutral,0.9226
nxo14e,AMC,neutral,0.8925
nxnw3s,AAPL,neutral,0.6553
nxnw3s,TSLA,neutral,0.6553
nxnu90,AMC,neutral,0.8436
nxnsmz,GME,neutral,0.8598
nxnr9q,AMZN,neutral,0.8469
nxnoqj,TSLA,neutral,0.8517
nxnoqj,NVDA,neutral,0.8517
nxnm7x,AMC,neutral,0.8880
nxnlqg,GME,neutral,0.7689
nxnb47,AAPL,negative,0.9656
nxn7p3,GME,neutral,0.9192
nxmegg,NFLX,negative,0.7191
nxmcq4,AMZN,neutral,0.6736
nxm60b,NVDA,positive,0.8430
nxluuh,AMZN,neutral,0.8457
nxlmjk,AMC,neutral,0.8116
nxlmjk,GME,neutral,0.8116
nxl5a6,AMC,neutral,0.7507
nxl5a6,GME,neutral,0.7507
nxl5a6,META,neutral,0.7507
nxl46a,AMC,neutral,0.8745
nxknef,AMZN,neutral,0.8494
nxknef,IBM,neutral,0.8494
nxk6wo,AMC,neutral,0.7984
nxk3ot,AMC,neutral,0.8921
nxjurz,GME,neutral,0.9187
nxjkyd,GME,neutral,0.4966
nxjbqw,AMC,neutral,0.5558
nxjbqw,GME,neutral,0.5558
nxj5ow,AMC,neutral,0.8473
nxj5ow,GME,neutral,0.8473
nxj5nd,GME,neutral,0.9367
nxinqq,AMZN,neutral,0.7054
nxinqq,GOOGL,neutral,0.7054
nxilw0,AMC,neutral,0.9130
nxikz2,AMZN,neutral,0.7328
nxikz2,META,neutral,0.7328
nxijru,TSLA,neutral,0.7068
nxiirh,AMC,neutral,0.6812
nxiirh,GME,neutral,0.6812
nxiiol,AMC,neutral,0.9049
nxihf0,GME,neutral,0.8740
nxhxs9,AMC,neutral,0.9237
nxhvj0,NFLX,positive,0.7073
nxhla5,AMC,neutral,0.6158
nxhh7d,AMC,neutral,0.7406
nxhh7d,GME,neutral,0.7406
nxhb0c,MSFT,neutral,0.9029
nxhb0c,TSLA,neutral,0.9029
nxhb0c,NVDA,neutral,0.9029
nxg5yp,AMC,neutral,0.9155
nxg5yp,GME,neutral,0.9155
nxg5yp,TSLA,neutral,0.9155
nxg28g,AMC,neutral,0.8949
nxg28g,AAPL,neutral,0.8949
nxg28g,TSLA,neutral,0.8949
nxg09o,AMC,neutral,0.7030
nxfsct,GME,neutral,0.8315
nxfrlp,AMZN,neutral,0.8401
nxflo4,AMC,neutral,0.9034
nxflo4,TSLA,neutral,0.9034
nxfaf9,AAPL,neutral,0.7423
nxfaf9,TSLA,neutral,0.7423
nxf5se,TSLA,neutral,0.9209
nxf56t,AMC,neutral,0.8962
nxf56t,GME,neutral,0.8962
nxf56t,GOOGL,neutral,0.8962
nxf3sa,AAPL,neutral,0.7160
nxf3sa,NVDA,neutral,0.7160
nxey41,AMC,neutral,0.8862
nxexcx,AMC,neutral,0.9153
nxerol,TSLA,positive,0.8682
nxe9ru,AMC,neutral,0.9074
nxcb5h,AMC,neutral,0.8762
nxcaz5,AMC,neutral,0.9084
nxbr7g,AMC,positive,0.5320
nxbr7g,GME,positive,0.5320
nxab6t,AMC,neutral,0.8663
nx9tof,GOOGL,negative,0.6207
nx9tof,MSFT,negative,0.6207
nx9cz0,NVDA,positive,0.7155
nx8wwe,GME,neutral,0.6346
nx7vfo,AMZN,neutral,0.8657
nx7vfo,TSLA,neutral,0.8657
nx6rxd,AMZN,neutral,0.9053
nx6rxd,AAPL,neutral,0.9053
nx6rxd,GME,neutral,0.9053
nx6rxd,TSLA,neutral,0.9053
nx6ord,GOOGL,neutral,0.8617
nx67f7,AMC,neutral,0.9325
nx5ybq,AAPL,neutral,0.9094
nx5ybq,TSLA,neutral,0.9094
nx5ln0,AMC,neutral,0.6274
nx592e,AMZN,neutral,0.8199
nx5756,TSLA,neutral,0.9119
nx42nz,GME,neutral,0.7347
nx3sgs,AMC,neutral,0.6431
nx3ru4,AMC,neutral,0.8907
nx3ru4,GOOGL,neutral,0.8907
nx3ru4,NFLX,neutral,0.8907
nx3ru4,AMZN,neutral,0.8907
nx3h9a,AMC,positive,0.9413
nx2ihx,AMC,positive,0.8551
nx2ihx,GME,positive,0.8551
nx2hwi,INTC,neutral,0.6556
nx2hwi,NVDA,neutral,0.6556
nx15og,GME,neutral,0.4671
nx0s01,TSLA,neutral,0.7462
nx0k6d,AMC,neutral,0.9137
nx093r,AMC,neutral,0.8372
nx093r,GME,neutral,0.8372
nx038v,IBM,neutral,0.9165
nwzrgn,AMZN,negative,0.9356
nwzn75,NVDA,neutral,0.8892
nwzmjz,AMZN,neutral,0.8898
nwzmjz,AAPL,neutral,0.8898
nwzmjz,GOOGL,neutral,0.8898
nwzmbc,GME,neutral,0.9470
nwzj5b,AMC,neutral,0.5120
nwzj5b,GME,neutral,0.5120
nwzetj,AMC,neutral,0.9139
nwzetj,GME,neutral,0.9139
nwzart,AMZN,neutral,0.5488
nwzaen,GME,neutral,0.8614
nwz79s,AAPL,positive,0.8169
nwz5nw,TSLA,neutral,0.5460
nwz20e,AMC,neutral,0.8075
nwz20e,GME,neutral,0.8075
nwysob,GME,neutral,0.8568
nwysd7,AMC,neutral,0.8456
nwypn1,AMC,positive,0.5103
nwypn1,AMZN,positive,0.5103
nwyp9j,GME,neutral,0.6703
nwyopn,GME,neutral,0.9152
nwymz6,AMZN,neutral,0.8680
nwyko6,AMC,neutral,0.4323
nwykdo,AMC,neutral,0.9177
nwyjjh,AMC,neutral,0.7322
nwyhmu,AMZN,neutral,0.8383
nwy9bj,GME,neutral,0.9345
nwy0tb,AMC,neutral,0.9241
nwxouv,GME,neutral,0.9128
nwxnp0,AMC,neutral,0.9210
nwxm4i,AMC,neutral,0.8979
nwxm4i,GME,neutral,0.8979
nwx7wv,GME,neutral,0.9209
nwx5lk,AAPL,neutral,0.9319
nwwznj,GME,neutral,0.8003
nwwz5m,TSLA,negative,0.9284
nwwrpf,GME,neutral,0.9242
nwwper,AMZN,neutral,0.9124
nwwnpb,AMC,neutral,0.9088
nwwnpb,GME,neutral,0.9088
nwwgbv,AMC,neutral,0.8873
nwwbyl,GME,neutral,0.6323
nww6d5,AMZN,neutral,0.7878
nww6d5,TSLA,neutral,0.7878
nwvmnh,AMC,neutral,0.7334
nwvmnh,NFLX,neutral,0.7334
nwv8rv,GME,neutral,0.8131
nwv0fq,AMC,positive,0.7786
nwut66,AMC,neutral,0.9217
nwuclq,AMC,neutral,0.8688
nwuclq,GME,neutral,0.8688
nwub7d,AMC,neutral,0.8945
nwub7d,GME,neutral,0.8945
nwu8ll,TSLA,neutral,0.7353
nwu7vy,GOOGL,neutral,0.9260
nwtrhb,AMC,negative,0.8256
nwtnri,GME,neutral,0.7508
nwtg7n,AMZN,negative,0.8916
nwt1ro,AMZN,neutral,0.8964
nwt1ro,AAPL,neutral,0.8964
nwt16n,AMZN,neutral,0.9149
nwsxxl,GOOGL,neutral,0.8187
nwskjd,AMC,neutral,0.9235
nwsiwr,AMC,neutral,0.8987
nwsgor,AMC,neutral,0.8111
nwsemf,META,positive,0.7066
nwseag,AMC,neutral,0.7023
nwseag,GME,neutral,0.7023
nwsafc,GME,neutral,0.9144
nws7ae,AMC,neutral,0.4889
nws042,GME,neutral,0.8434
nwry69,AMC,negative,0.5165
nwry69,GME,negative,0.5165
nwru9p,AMC,neutral,0.8939
nwrlwp,TSLA,neutral,0.9147
nwreqj,GME,neutral,0.9127
nwqsfj,META,neutral,0.5260
nwqmv3,AMC,negative,0.6445
nwqlb9,AMC,neutral,0.8824
nwqiy2,GME,neutral,0.6290
nwqdrg,AMC,negative,0.6684
nwqdpx,AMC,neutral,0.8858
nwqcyh,GME,neutral,0.8972
nwqaic,AMC,neutral,0.8849
nwq9kg,AMC,neutral,0.9311
nwq9kg,GME,neutral,0.9311
nwpn7p,AMC,neutral,0.4601
nwpmt1,AMC,neutral,0.7287
nwpf9s,AMC,neutral,0.9233
nwpbxj,AMC,neutral,0.7942
nwpb0y,GME,neutral,0.8849
nwpb0y,NFLX,neutral,0.8849
nwp9h6,AMZN,neutral,0.9058
nwp1sw,AMC,neutral,0.8832
nwp1sw,GME,neutral,0.8832
nwodg2,AMC,neutral,0.7087
nwo6rh,INTC,neutral,0.7182
nwo6rh,NVDA,neutral,0.7182
nwnysp,AAPL,positive,0.9518
nwnysp,NVDA,positive,0.9518
nwnr2z,TSLA,positive,0.5578
nwnles,AAPL,neutral,0.9258
nwnles,GME,neutral,0.9258
nwnkiy,AMC,neutral,0.7983
nwnkiy,GME,neutral,0.7983
nwmh33,GME,neutral,0.6352
nwm2hk,AAPL,neutral,0.6202
nwm1oe,GME,neutral,0.9147
nwl4gl,AMC,neutral,0.9152
nwl4gl,GME,neutral,0.9152
nwl4gl,META,neutral,0.9152
nwkxr0,AMC,neutral,0.8718
nwkxr0,GME,neutral,0.8718
nwkxhf,META,neutral,0.9332
nwkuuy,AMC,neutral,0.9367
nwkuuy,GME,neutral,0.9367
nwkuuy,AMZN,neutral,0.9367
nwkgpq,GME,negative,0.7254
nwjw4u,GME,neutral,0.8790
nwjtth,GME,neutral,0.9437
nwjtkr,AMC,neutral,0.6958
nwjtkr,TSLA,neutral,0.6958
nwjdgp,GME,neutral,0.8428
nwjdgp,TSLA,neutral,0.8428
nwj86u,AMC,positive,0.5306
nwiq8h,AMC,neutral,0.9141
nwiq8h,GME,neutral,0.9141
nwh3wm,GME,neutral,0.8293
nwgnxc,GME,neutral,0.8856
nwfy1c,AMC,neutral,0.9169
nwfazt,TSLA,neutral,0.9138
nwexs9,AAPL,neutral,0.8232
nweryx,AMC,neutral,0.4357
nweryx,GME,neutral,0.4357
nweqj8,GME,neutral,0.7496
nweajx,GME,neutral,0.8065
nwdgml,GME,neutral,0.9425
nwdd72,AMC,neutral,0.8828
nwd7gi,AMC,neutral,0.9266
nwczc2,GME,neutral,0.9210
nwcl65,GME,negative,0.5857
nwc36c,AMC,neutral,0.7987
nwc0mw,AMC,negative,0.9084
nwc0mw,GME,negative,0.9084
nwbqv5,CSCO,negative,0.8798
nwbqv5,AAPL,negative,0.8798
nwbqv5,IBM,negative,0.8798
nwbqv5,NVDA,negative,0.8798
nwbm7j,AMZN,neutral,0.5335
nwbgyt,AMC,neutral,0.9024
nwbgyt,AMZN,neutral,0.9024
nwb4tg,AMC,positive,0.6536
nwb4tg,TSLA,positive,0.6536
nwakdg,AMC,neutral,0.9325
nwa3gh,AMC,neutral,0.5677
nwa3gh,GME,neutral,0.5677
nwa1il,AMC,neutral,0.9203
nw9pfn,AMC,negative,0.5874
nw9pfn,GME,negative,0.5874
nw9gx3,GME,neutral,0.9373
nw9b8m,GME,neutral,0.7183
nw8v55,GME,neutral,0.9326
nw8swg,TSLA,neutral,0.8965
nw7jri,GME,neutral,0.8862
nw6nti,AMZN,neutral,0.7504
nw6nti,GOOGL,neutral,0.7504
nw6nti,TSLA,neutral,0.7504
nw6lmm,AMC,neutral,0.6849
nw6lmm,GME,neutral,0.6849
nw6k4d,AMC,positive,0.6956
nw67k2,GME,neutral,0.9300
nw669h,AMC,neutral,0.8648
nw669h,GME,neutral,0.8648
nw61i1,AMC,neutral,0.9530
nw6119,AMC,neutral,0.9356
nw5xe2,GOOGL,neutral,0.7514
nw5xe2,NFLX,neutral,0.7514
nw5q1c,GME,positive,0.9098
nw5k0q,GME,neutral,0.9354
nw5c9b,AMC,neutral,0.8464
nw5c9b,GME,neutral,0.8464
nw59ge,GME,neutral,0.9192
nw55wx,AMC,negative,0.5221
nw55wx,GME,negative,0.5221
nw53o1,AMC,positive,0.5571
nw5338,GME,negative,0.9584
nw51ex,GME,neutral,0.8611
nw51ax,GME,neutral,0.9062
nw4y3q,AMC,neutral,0.8556
nw4vui,AMC,neutral,0.7278
nw4vui,GOOGL,neutral,0.7278
nw4vui,TSLA,neutral,0.7278
nw4vdx,GME,neutral,0.9399
nw4uru,GME,neutral,0.8392
nw4o28,GME,neutral,0.9497
nw4nv5,AMC,neutral,0.9181
nw4nv5,TSLA,neutral,0.9181
nw4mjg,AMC,neutral,0.9027
nw4mjg,GME,neutral,0.9027
nw4ki1,AMC,negative,0.8354
nw4iyi,AMC,negative,0.4935
nw4fu7,AMC,neutral,0.8202
o3h1js,AMC,negative,0.8588
o3hotd,NVDA,neutral,0.8545
o3ddbe,AMC,neutral,0.7060
o3ddbe,TSLA,neutral,0.7060
o39q9d,AMZN,neutral,0.6277
o39q9d,GME,neutral,0.6277
o3971z,AAPL,neutral,0.8719
o2hn9y,AMC,neutral,0.6735
o2hn9y,GME,neutral,0.6735
o1mzlx,AMC,neutral,0.9356
o0otu2,GME,neutral,0.8852
o0ohwu,GME,neutral,0.8659
o0o42u,AMC,neutral,0.8809
o0o42u,GME,neutral,0.8809
o0ny16,TSLA,neutral,0.8948
o0ngzb,AMC,neutral,0.8976
o0ngzb,GME,neutral,0.8976
o0n71p,AMZN,neutral,0.8684
o0mpha,AMZN,neutral,0.5198
o0mpha,GME,neutral,0.5198
o0mfru,GME,neutral,0.6655
o0meim,AMC,positive,0.6308
o0meim,GME,positive,0.6308
o0m4do,AMC,neutral,0.8672
o0lwcw,AMC,negative,0.7379
o0llbl,IBM,neutral,0.5310
o0kxl2,TSLA,neutral,0.8546
o0k89j,AMC,neutral,0.8528
o0k89j,AAPL,neutral,0.8528
o0k89j,GME,neutral,0.8528
o0k89j,TSLA,neutral,0.8528
o0jm4y,AMC,positive,0.9383
o0je96,TSLA,neutral,0.9313
o0jb3c,GME,neutral,0.9203
o0j6ze,AMZN,neutral,0.4909
o0j4k2,AMC,neutral,0.9463
o0j3hw,GME,neutral,0.9151
o0im88,AMC,neutral,0.7958
o0ig4e,AMC,negative,0.9718
o0ig4e,GME,negative,0.9718
o0iful,TSLA,neutral,0.7470
o0i898,GME,negative,0.9199
o0i898,TSLA,negative,0.9199
o0hwko,AMZN,positive,0.8264
o0hwko,TSLA,positive,0.8264
o0hfhc,GME,neutral,0.8009
o0hap8,AMC,neutral,0.8585
o0hap8,GME,neutral,0.8585
o0h9u2,ORCL,positive,0.7648
o0g50u,AMC,positive,0.5573
o0g35f,AMC,neutral,0.6518
o0fg9y,AMC,neutral,0.6094
o0f9dv,AMC,neutral,0.7680
o0ew54,AMC,neutral,0.9110
o0elga,TSLA,neutral,0.6899
o0eeku,AMC,neutral,0.7856
o0dxnq,AMC,neutral,0.7187
o0czbg,AAPL,neutral,0.9309
o0czbg,MSFT,neutral,0.9309
o0czbg,TSLA,neutral,0.9309
o0bvl7,AMC,neutral,0.4566
o0bhqk,AMC,neutral,0.8428
o0bhqk,AAPL,neutral,0.8428
o0bhqk,GME,neutral,0.8428
o0bhqk,TSLA,neutral,0.8428
o0apdv,AMC,neutral,0.8843
o09z48,AAPL,neutral,0.6043
o06tqi,AMZN,positive,0.8994
o06a50,ADBE,neutral,0.8985
o06a50,NFLX,neutral,0.8985
o05xpq,AMC,neutral,0.9160
o050hg,AMZN,neutral,0.6785
o04s3t,AMC,neutral,0.6406
o04hlq,TSLA,neutral,0.9096
o03gln,AMC,neutral,0.9036
o03gln,GME,neutral,0.9036
o03gln,TSLA,neutral,0.9036
o03cw0,INTC,neutral,0.7770
o03cw0,NVDA,neutral,0.7770
o03apu,AMC,neutral,0.8156
o035ld,AMC,neutral,0.5639
o02tqj,GME,neutral,0.8471
o02oml,AMC,negative,0.5288
o02oml,GME,negative,0.5288
o02hjq,INTC,neutral,0.8107
o02hjq,NVDA,neutral,0.8107
o027xb,AMZN,neutral,0.9471
o027xb,GOOGL,neutral,0.9471
o027xb,TSLA,neutral,0.9471
o023f9,AMZN,negative,0.7847
o023f9,AAPL,negative,0.7847
o023f9,GOOGL,negative,0.7847
o023f9,NFLX,negative,0.7847
o016ly,NFLX,positive,0.6773
o00qva,AMC,neutral,0.8548
o00qva,AMZN,neutral,0.8548
nzzdlj,AMC,neutral,0.7108
nzz3ci,AMC,positive,0.4807
nzyg3y,AMC,neutral,0.6701
nzyg3y,GME,neutral,0.6701
nzwcqu,AMC,neutral,0.9035
nzvw7h,AMC,neutral,0.9114
nzvw7h,GME,neutral,0.9114
nzvodw,AMC,neutral,0.7562
nzvh5o,AMC,neutral,0.8835
nzuqld,AMC,neutral,0.9171
nzufcz,TSLA,neutral,0.8970
o5f0yr,AMZN,neutral,0.7735
o5f0yr,GME,neutral,0.7735
o5eyg2,AMC,neutral,0.7406
o55ek5,GME,neutral,0.5598
o4vz21,AMZN,neutral,0.6853
o4vz21,GME,neutral,0.6853
o4py5r,AMC,negative,0.9516
o4py5r,GME,negative,0.9516
o4py5r,AMZN,negative,0.9516
o2w2l4,AMC,neutral,0.6914
o2ctsi,AMC,neutral,0.9049
o1ygiq,TSLA,positive,0.8238
o1y8db,AAPL,neutral,0.9087
o1y8db,TSLA,neutral,0.9087
o1xzv3,AMZN,neutral,0.8451
o1xxd9,AMC,neutral,0.8356
o1xqbk,AMC,neutral,0.8608
o1x2tk,GOOGL,positive,0.7193
o1wjg7,AMC,neutral,0.8409
o1wjg7,GME,neutral,0.8409
o1wjg7,TSLA,neutral,0.8409
o1vlhq,GME,neutral,0.6136
o1vf2u,CRM,neutral,0.9119
o1vf2u,AAPL,neutral,0.9119
o1vf2u,GOOGL,neutral,0.9119
o1vf2u,TSLA,neutral,0.9119
o1vf2u,GME,neutral,0.9119
o1v65s,AMZN,neutral,0.8382
o1uwv9,AMC,neutral,0.9210
o1u7wn,TSLA,neutral,0.7458
o1tkad,AMC,neutral,0.8740
o1src3,AMZN,neutral,0.8004
o1src3,TSLA,neutral,0.8004
o1ow04,AMC,neutral,0.8185
o1nn32,AMC,neutral,0.8922
o1p8cg,GME,positive,0.7939
o1oikc,TSLA,positive,0.7194
o1nqbm,AMC,neutral,0.9278
o1mrgg,AMC,neutral,0.8993
o1mc92,AMC,positive,0.5951
o1mc92,AMZN,positive,0.5951
o1lrzx,AAPL,neutral,0.8311
o1lrzx,TSLA,neutral,0.8311
o1kcq7,AMC,neutral,0.8125
o1kcq7,TSLA,neutral,0.8125
o1jb86,AMC,neutral,0.7986
o1jb86,GME,neutral,0.7986
o1jb86,AMZN,neutral,0.7986
o1hqoy,IBM,neutral,0.9037
o1hqoy,ORCL,neutral,0.9037
o1h0py,AMC,neutral,0.6901
o1h0py,GME,neutral,0.6901
o1h0py,GOOGL,neutral,0.6901
o1ghr4,AMC,neutral,0.8267
o1ghr4,GME,neutral,0.8267
o1gf25,AMC,neutral,0.4778
o1gf25,TSLA,neutral,0.4778
o1g3pp,AAPL,positive,0.5800
o1g3pp,INTC,positive,0.5800
o1fykd,GME,negative,0.9624
o1fjkq,TSLA,neutral,0.6967
o1fgwc,META,negative,0.5921
o1fgwc,NFLX,negative,0.5921
o1f6lp,AMC,neutral,0.8517
o1e77v,AMZN,positive,0.5811
o1e77v,TSLA,positive,0.5811
o1e6bm,AMC,positive,0.5057
o1e6bm,GME,positive,0.5057
o1e41e,AMC,neutral,0.5976
o1e41e,GME,neutral,0.5976
o1e07w,AMC,neutral,0.7530
o1dwbz,AMC,neutral,0.9173
o1dwbz,GME,neutral,0.9173
o1dwbz,GOOGL,neutral,0.9173
o1dj0d,META,neutral,0.8569
o1ctoy,AMC,neutral,0.9026
o1cs51,AMZN,neutral,0.8069
o1cs51,TSLA,neutral,0.8069
o1aq8q,GME,neutral,0.9111
o1admm,CRM,neutral,0.5681
o19b27,AMC,neutral,0.8765
o19b27,GME,neutral,0.8765
o197x9,GME,neutral,0.8640
o193q8,AMC,neutral,0.8554
o193q8,GME,neutral,0.8554
o18jnt,TSLA,neutral,0.4538
o18gs5,AMC,neutral,0.8886
o18gs5,GME,neutral,0.8886
o185dn,TSLA,neutral,0.8268
o1839x,AAPL,neutral,0.8808
o1839x,GOOGL,neutral,0.8808
o1839x,TSLA,neutral,0.8808
o1839x,AMC,neutral,0.8808
o1839x,GME,neutral,0.8808
o17wfm,AAPL,negative,0.8667
o17se2,AMZN,neutral,0.8566
o16vzo,AAPL,neutral,0.6519
o16c6k,TSLA,neutral,0.6062
o1698k,GME,neutral,0.9376
o163hb,AMC,negative,0.8641
o163hb,GME,negative,0.8641
o15i7b,GOOGL,neutral,0.8499
o158jh,AMC,neutral,0.3913
o1583q,META,neutral,0.8844
o1583q,TSLA,neutral,0.8844
o153cm,AAPL,neutral,0.7900
o14zq0,AAPL,neutral,0.5443
o12erl,TSLA,positive,0.7927
o121rb,NVDA,neutral,0.8662
o11i2j,GME,positive,0.6504
o11i2j,NFLX,positive,0.6504
o11bgv,AMC,neutral,0.8705
o10i3v,AMC,neutral,0.7433
o0zzxx,AMZN,neutral,0.6288
o0yvsk,TSLA,positive,0.8018
o0xuv4,TSLA,neutral,0.7732
o0vvl8,TSLA,neutral,0.8235
o0vt92,TSLA,neutral,0.8797
o0vagb,MSFT,neutral,0.8652
o0vagb,AMC,neutral,0.8652
o0vagb,AMZN,neutral,0.8652
o0vagb,GME,neutral,0.8652
o0vagb,NFLX,neutral,0.8652
o0v9f9,AMC,neutral,0.8414
o0v1qa,AMC,neutral,0.9231
o0v1qa,MSFT,neutral,0.9231
o0v1qa,TSLA,neutral,0.9231
o0uh9k,AMZN,neutral,0.7104
o0uh9k,GME,neutral,0.7104
o0udtf,AMC,neutral,0.9094
o0udtf,AMZN,neutral,0.9094
o0tk0n,AMC,positive,0.6648
o0th2g,AMC,neutral,0.9118
o0t57v,AMC,neutral,0.8727
o0snxg,AMC,neutral,0.9007
o0snxg,GME,neutral,0.9007
o0sjuh,GOOGL,neutral,0.8365
o0rz25,AMC,neutral,0.8967
o0qm7j,AMC,neutral,0.9100
o0qm7j,GME,neutral,0.9100
o0qjur,NFLX,positive,0.9218
o0qecp,AMC,positive,0.8939
o0qdwx,AMC,neutral,0.9426
o0qa4k,AMC,neutral,0.9354
o0q46z,TSLA,neutral,0.8851
o0pyp1,AMC,neutral,0.7904
o0pt50,AMC,positive,0.7841
o6hhvy,GOOGL,neutral,0.7678
o6drsj,GME,neutral,0.8292
o6cxs6,GOOGL,neutral,0.9431
o65p0a,GME,neutral,0.8535
o5ftpe,GME,neutral,0.8869
o4jvli,TSLA,neutral,0.8126
o4frn6,GME,positive,0.6373
o4frn6,TSLA,positive,0.6373
o4ejeg,AMZN,neutral,0.7683
o4ejeg,GME,neutral,0.7683
o4ejeg,TSLA,neutral,0.7683
o4dk80,AMC,neutral,0.8987
o4deei,TSLA,neutral,0.9233
o4d2vf,AAPL,neutral,0.5515
o4ctf3,META,neutral,0.4534
o4ctf3,GME,neutral,0.4534
o4cnxz,AMC,positive,0.8021
o4cnxz,GME,positive,0.8021
o4auuo,AMC,neutral,0.9024
o49rck,AMZN,negative,0.5143
o49rck,AAPL,negative,0.5143
o47c8y,AMC,negative,0.5099
o47c8y,GME,negative,0.5099
o46lu2,AMZN,neutral,0.9160
o46lu2,GME,neutral,0.9160
o46lu2,TSLA,neutral,0.9160
o45oso,AMC,negative,0.9290
o45oso,GME,negative,0.9290
o45oso,TSLA,negative,0.9290
o44912,ORCL,neutral,0.8536
o3y8tf,MSFT,neutral,0.8886
o3u7xe,AMC,neutral,0.8864
o3tyu4,AMC,neutral,0.9027
o3tyu4,GME,neutral,0.9027
o3rwoq,AMC,positive,0.8695
o3rwoq,GME,positive,0.8695
o3r2i3,TSLA,neutral,0.7407
o3qz61,AMC,positive,0.9309
o3pvom,INTC,positive,0.9279
o3pvom,NVDA,positive,0.9279
o3pp5z,AMC,neutral,0.7588
o3pp5z,INTC,neutral,0.7588
o3pkhj,AMC,neutral,0.7685
o3oqzw,AMC,neutral,0.9270
o3oqlf,AMC,neutral,0.9259
o3o9hy,AMC,neutral,0.7874
o3nzag,GME,neutral,0.8763
o3ntvt,AAPL,neutral,0.9114
o3ntvt,GOOGL,neutral,0.9114
o3ntvt,MSFT,neutral,0.9114
o3ntvt,TSLA,neutral,0.9114
o3ntvt,AMZN,neutral,0.9114
o3ldra,GME,neutral,0.8975
o3kjce,AMC,neutral,0.7273
o3k2ot,AMZN,neutral,0.6730
o3jrwf,AMC,neutral,0.7674
o3jrwf,NFLX,neutral,0.7674
o3jq00,GME,neutral,0.6261
o3it3r,AAPL,neutral,0.9385
o3ibcj,TSLA,neutral,0.6684
o3i4gf,NVDA,positive,0.5548
o3hfkg,AMC,negative,0.5499
o3hfkg,GME,negative,0.5499
o3h5xu,NVDA,neutral,0.7138
o3g0cg,META,neutral,0.5845
o3fq34,TSLA,neutral,0.6132
o3771o,TSLA,neutral,0.8258
o374vm,AMC,neutral,0.8480
o374vm,GME,neutral,0.8480
o36b6k,GOOGL,neutral,0.8542
o36b6k,NVDA,neutral,0.8542
o35ivx,TSLA,neutral,0.8990
o351tp,AMC,neutral,0.9301
o32j1j,AMZN,neutral,0.9355
o32ux4,NVDA,neutral,0.9350
o31ycy,ADBE,neutral,0.9004
o31i6z,AMZN,neutral,0.4812
o314nl,AMC,neutral,0.7584
o314nl,GME,neutral,0.7584
o2zarl,TSLA,neutral,0.9263
o2z9uz,AAPL,negative,0.8189
o2z1d3,AMC,neutral,0.9176
o2z1d3,GME,neutral,0.9176
o2z1d3,TSLA,neutral,0.9176
o2z1d3,NVDA,neutral,0.9176
o2ywl0,TSLA,neutral,0.7840
o2xggi,NVDA,positive,0.8781
o2wg4k,AMC,neutral,0.8808
o2w9w2,AMC,positive,0.7281
o2w69w,INTC,neutral,0.7340
o2w69w,AAPL,neutral,0.7340
o2w69w,MSFT,neutral,0.7340
o2w69w,AMZN,neutral,0.7340
o2w69w,META,neutral,0.7340
o2w69w,NVDA,neutral,0.7340
o2w69w,NFLX,neutral,0.7340
o2w4ys,NVDA,neutral,0.8498
o2vk2e,TSLA,neutral,0.6691
o2usxg,AMC,neutral,0.8997
o2tsrs,GOOGL,neutral,0.9225
o2tsrs,TSLA,neutral,0.9225
o2t505,TSLA,neutral,0.6905
o2sl0l,AMZN,neutral,0.6248
o2sa3e,AAPL,neutral,0.8701
o2sa3e,MSFT,neutral,0.8701
o2s2ia,AMC,neutral,0.6632
o2r9va,GME,neutral,0.9086
o2r8yp,TSLA,neutral,0.9067
o2qafo,AMC,neutral,0.9040
o2pjhb,AMC,neutral,0.8397
o2opre,AMC,neutral,0.8471
o2opre,GME,neutral,0.8471
o2oheq,AMZN,neutral,0.7400
o2mq6i,TSLA,neutral,0.8808
o2mo4r,AMC,neutral,0.8801
o2md0h,AMC,neutral,0.9035
o2md0h,GME,neutral,0.9035
o2lkes,AMC,neutral,0.8811
o2kf7d,AMC,neutral,0.8956
o2kf7d,GME,neutral,0.8956
o2kf7d,TSLA,neutral,0.8956
o2jcmt,AMC,neutral,0.6911
o2jcmt,TSLA,neutral,0.6911
o2iswl,AMC,neutral,0.8418
o2inw0,AMC,neutral,0.7281
o2g5y3,TSLA,neutral,0.8431
o2egru,AMC,neutral,0.8790
o2dtb8,AMC,neutral,0.8718
o2ciol,AMC,neutral,0.6626
o2ciol,GME,neutral,0.6626
o2bwu9,AMZN,neutral,0.8884
o29v9d,META,neutral,0.8966
o28q7u,INTC,positive,0.6982
o28q7u,TSLA,positive,0.6982
o28q7u,NVDA,positive,0.6982
o27jb5,CRM,positive,0.5677
o27ge5,AMZN,neutral,0.7955
o26ug9,AMC,neutral,0.9146
o26swj,NVDA,neutral,0.6470
o26q07,GME,positive,0.7567
o26ma9,MSFT,neutral,0.8228
o26h5z,GME,neutral,0.9165
o26guj,AMC,neutral,0.9074
o26guj,GME,neutral,0.9074
o26guj,NVDA,neutral,0.9074
o26bkt,AMZN,neutral,0.9237
o26a2t,TSLA,neutral,0.8296
o265mw,GME,neutral,0.8748
o2604c,AMZN,neutral,0.8439
o25d54,AMZN,positive,0.7851
o25c5y,GME,neutral,0.7632
o24r14,AMC,neutral,0.8534
o24lz8,AMZN,neutral,0.9174
o244cg,GME,neutral,0.9204
o2442c,AMC,neutral,0.9272
o23akz,GOOGL,neutral,0.8886
o23729,TSLA,neutral,0.8154
o22pa0,AMC,neutral,0.7170
o22pa0,GME,neutral,0.7170
o22iyx,AMC,neutral,0.8878
o222yq,AMC,neutral,0.8956
o20y1h,AMC,neutral,0.9106
o20utb,AMC,neutral,0.6547
o20tef,AMZN,neutral,0.6756
o20sxc,AMC,neutral,0.8825
o20sxc,TSLA,neutral,0.8825
o20etk,AAPL,neutral,0.9009
o20etk,GME,neutral,0.9009
o20etk,TSLA,neutral,0.9009
o20etk,NVDA,neutral,0.9009
o1ztxp,AMC,neutral,0.9052
o1zq6o,AMZN,neutral,0.8232
o1zq6o,GME,neutral,0.8232
o1zmw3,GME,neutral,0.7907
o1zmw3,GOOGL,neutral,0.7907
o1zllb,CRM,negative,0.5996
o1zjgs,AMZN,neutral,0.8093
o1zjgs,GME,neutral,0.8093
o1zjgs,TSLA,neutral,0.8093
o1zaom,AMC,neutral,0.9413
o1zaom,GME,neutral,0.9413
o85ke2,AMC,neutral,0.8916
o85ke2,GME,neutral,0.8916
o85ke2,META,neutral,0.8916
o85ke2,AMZN,neutral,0.8916
o85951,MSFT,positive,0.8443
o85951,INTC,positive,0.8443
o85951,NVDA,positive,0.8443
o80yww,TSLA,neutral,0.8726
o80pbm,AMZN,neutral,0.8849
o80pbm,TSLA,neutral,0.8849
o7zdok,AMC,neutral,0.8209
o7z71d,AMC,neutral,0.8890
o7z71d,GME,neutral,0.8890
o7xf0v,GOOGL,neutral,0.8906
o7xf0v,TSLA,neutral,0.8906
o7xf0v,AMC,neutral,0.8906
o7xf0v,META,neutral,0.8906
o7xf0v,GME,neutral,0.8906
o7xf0v,NFLX,neutral,0.8906
o7wcdp,AMC,neutral,0.9235
o7wcdp,GME,neutral,0.9235
o7wcdp,TSLA,neutral,0.9235
o7vrab,GME,neutral,0.8841
o7uz48,TSLA,neutral,0.6830
o7t2nt,AMC,neutral,0.6865
o7t2nt,GME,neutral,0.6865
o7srrs,TSLA,neutral,0.8879
o7sg8v,AMC,neutral,0.8759
o7sg8v,GME,neutral,0.8759
o7sg8v,NFLX,neutral,0.8759
o7sg8v,NVDA,neutral,0.8759
o7s1wk,GOOGL,positive,0.7755
o7rwpj,AMC,neutral,0.8744
o7rwpj,GME,neutral,0.8744
o7ri8c,GME,neutral,0.7490
o7ql0r,TSLA,neutral,0.8171
o7qj8g,GME,neutral,0.8858
o7qf0z,NVDA,neutral,0.9363
o7q5dl,AMC,neutral,0.7184
o7q4fs,TSLA,neutral,0.8345
o7q2lo,GOOGL,neutral,0.9162
o7ptxo,AMC,neutral,0.8015
o7ptxo,GME,neutral,0.8015
o7pqhw,TSLA,neutral,0.7425
o7osk7,AMC,neutral,0.9062
o7osk7,AAPL,neutral,0.9062
o7osk7,MSFT,neutral,0.9062
o7osk7,AMZN,neutral,0.9062
o7mfsq,TSLA,neutral,0.8791
o7ny5d,AMZN,neutral,0.7775
o7ny5d,GOOGL,neutral,0.7775
o7ny5d,MSFT,neutral,0.7775
o7ns20,NVDA,neutral,0.8103
o7knpd,GME,neutral,0.8827
o7h5mm,TSLA,neutral,0.8720
o7gdld,TSLA,neutral,0.5615
o7fx29,TSLA,positive,0.5688
o7fsj4,TSLA,positive,0.8268
o7etp3,AMC,neutral,0.8584
o7e1pj,AMC,neutral,0.8899
o7e1pj,GME,neutral,0.8899
o7e1pj,TSLA,neutral,0.8899
o7e0cy,NFLX,negative,0.8898
o7doqg,TSLA,neutral,0.9166
o7doqg,ORCL,neutral,0.9166
o7c0wj,AMC,neutral,0.7969
o7bv7r,AMC,neutral,0.7332
o7brnl,AMZN,neutral,0.8081
o7brnl,IBM,neutral,0.8081
o7bpvg,AMC,neutral,0.9324
o7bb1e,INTC,positive,0.6088
o7bb1e,AAPL,positive,0.6088
o7bb1e,MSFT,positive,0.6088
o7bb1e,GME,positive,0.6088
o7bb1e,NVDA,positive,0.6088
o7bagj,TSLA,negative,0.4696
o7agdl,AMZN,positive,0.7221
o79i5r,GME,positive,0.7612
o79hlf,TSLA,positive,0.3734
o790mh,GOOGL,neutral,0.7803
o790mh,NVDA,neutral,0.7803
o78rkp,TSLA,neutral,0.7730
o78nm6,AMC,neutral,0.8732
o78fw2,TSLA,neutral,0.8931
o7898m,GME,neutral,0.8830
o7892y,AMC,neutral,0.5151
o786ml,GME,neutral,0.7102
o77m4g,GOOGL,neutral,0.8534
o778kd,GME,neutral,0.5043
o767ps,AMC,positive,0.4942
o75os9,TSLA,neutral,0.5278
o759k4,GME,positive,0.4707
o74req,GME,positive,0.8949
o74req,TSLA,positive,0.8949
o74j5e,TSLA,neutral,0.7985
o74aji,TSLA,positive,0.9103
o748rv,GME,neutral,0.7976
o744mx,GME,neutral,0.9119
o73qgr,AMC,neutral,0.9297
o73l0q,TSLA,neutral,0.9192
o73hfi,TSLA,neutral,0.8395
o73e67,AMC,neutral,0.8856
o72zky,TSLA,neutral,0.9061
o72obp,TSLA,neutral,0.9308
o72lce,AMZN,negative,0.4599
o72ga0,AMC,neutral,0.9155
o720w4,TSLA,neutral,0.8881
o71eyi,TSLA,positive,0.9077
o717ql,GOOGL,neutral,0.9065
o70ydp,TSLA,neutral,0.8279
o707wp,TSLA,neutral,0.9139
o6urrv,AMC,positive,0.6856
o6urrv,TSLA,positive,0.6856
o6u0dt,AMZN,neutral,0.8420
o6u0dt,GOOGL,neutral,0.8420
o6tev5,GME,neutral,0.8893
o6tev5,TSLA,neutral,0.8893
o6tbd0,AMC,neutral,0.8753
o6t0yw,AAPL,neutral,0.8736
o6s8gm,TSLA,neutral,0.9222
o6rr8z,AMC,neutral,0.9434
o6rr8z,GME,neutral,0.9434
o6rqsi,TSLA,neutral,0.8338
o6rcv1,AMC,neutral,0.8960
o6rcv1,GME,neutral,0.8960
o6rcv1,TSLA,neutral,0.8960
o6rbgf,AMC,neutral,0.7843
o6rbgf,GME,neutral,0.7843
o6r87f,AMC,neutral,0.9311
o6qoyc,TSLA,neutral,0.8321
o6ql42,GME,neutral,0.9140
o6qbn1,GME,neutral,0.7631
o6q9rw,AMZN,neutral,0.7076
o6q9rw,TSLA,neutral,0.7076
o6q5uf,TSLA,neutral,0.9366
o6pppr,TSLA,neutral,0.9269
o6piqj,AMC,neutral,0.8191
o6piqj,GME,neutral,0.8191
o6pfal,TSLA,neutral,0.8729
o6pc5h,AAPL,neutral,0.9228
o6pc5h,MSFT,neutral,0.9228
o6pc5h,TSLA,neutral,0.9228
o6pc5h,AMC,neutral,0.9228
o6pc5h,GME,neutral,0.9228
o6orcg,TSLA,negative,0.6684
o6o1bp,TSLA,neutral,0.5968
o6nv2d,TSLA,negative,0.4865
o6nnqa,AMC,negative,0.5945
o6nnqa,AAPL,negative,0.5945
o6n690,AMC,positive,0.6445
o6n5st,GME,negative,0.4475
o6mzht,GME,neutral,0.9034
o6mzfb,AMC,neutral,0.7526
o6md1h,GME,neutral,0.9058
o6kpyd,GME,neutral,0.5710
o6jwzf,AMZN,neutral,0.5014
o6jl43,GME,neutral,0.8216
o6jgms,GOOGL,neutral,0.9075
o6j1k9,META,neutral,0.9108
o6j1k9,IBM,neutral,0.9108
o6j1k9,GOOGL,neutral,0.9108
o6hlgv,AMC,neutral,0.8226
o6hcsk,AAPL,positive,0.8228
o6hb9g,TSLA,neutral,0.8636
o6h8a9,TSLA,neutral,0.9421
o6h4of,TSLA,neutral,0.7095
o6h30g,TSLA,neutral,0.8590
o6g9ta,TSLA,neutral,0.9179
o6g8uf,GME,negative,0.8026
o6fgul,AMC,neutral,0.8916
o6f6s4,AMZN,neutral,0.7884
o6f2e1,TSLA,positive,0.6862
o6etpo,AMC,neutral,0.9185
o6esyv,AMZN,neutral,0.5693
o6esyv,GOOGL,neutral,0.5693
o6esyv,META,neutral,0.5693
o6e6bz,AMC,positive,0.3476
o6dyij,AMC,neutral,0.5171
o6dyij,GOOGL,neutral,0.5171
o6dnai,AMC,neutral,0.8657
o6dfo4,TSLA,positive,0.9071
o6da4z,GOOGL,neutral,0.8117
o6cggf,AMC,neutral,0.8323
o6c74j,AMC,negative,0.6308
o6awtb,AMZN,neutral,0.6019
o6awtb,AAPL,neutral,0.6019
o6awtb,MSFT,neutral,0.6019
o69rc2,GME,neutral,0.8792
o68lkv,GOOGL,neutral,0.5839
o67to7,NFLX,neutral,0.9444
o672a9,AMC,neutral,0.7813
o672a9,GME,neutral,0.7813
o672a9,AMZN,neutral,0.7813
o65mxc,CSCO,neutral,0.8322
o65l9k,INTC,positive,0.7898
o650gl,GOOGL,neutral,0.6073
o650gl,AMC,neutral,0.6073
o650gl,AMZN,neutral,0.6073
o650gl,GME,neutral,0.6073
o650gl,NFLX,neutral,0.6073
o64osl,META,positive,0.4953
o64osl,INTC,positive,0.4953
o64osl,NVDA,positive,0.4953
o64enf,AMC,neutral,0.9217
o63y8r,TSLA,positive,0.6767
o63y8r,NVDA,positive,0.6767
o63u68,AMC,neutral,0.6383
o63ou5,AMC,neutral,0.9081
o63ium,TSLA,neutral,0.9069
o634h7,TSLA,neutral,0.8665
o62wgx,GME,neutral,0.6666
o62r3r,AMC,neutral,0.7006
o62r3r,GME,neutral,0.7006
o61tpk,AMZN,negative,0.8929
o616su,TSLA,neutral,0.8896
o5yz9w,NFLX,neutral,0.5668
o5x90w,INTC,neutral,0.8080
o5x90w,NVDA,neutral,0.8080
o5x1ut,AMC,neutral,0.7898
o5x1ut,NFLX,neutral,0.7898
o5x1ut,NVDA,neutral,0.7898
o5x0lq,NVDA,neutral,0.8816
o5wlns,AMZN,neutral,0.6757
o5wfgg,META,neutral,0.8502
o5wfgg,GME,neutral,0.8502
o5wdh2,INTC,positive,0.7126
o5wch3,AMZN,neutral,0.8949
o5w9yw,ADBE,positive,0.6723
o5vzzp,GME,neutral,0.6153
o5vyg0,AMC,neutral,0.9023
o5vyg0,GME,neutral,0.9023
o5vnz7,AMC,neutral,0.7794
o5v9g5,GME,positive,0.4973
o5v5zn,TSLA,neutral,0.7401
o5v1hl,NVDA,neutral,0.8964
o5uwxf,GME,neutral,0.8688
o5uwxf,TSLA,neutral,0.8688
o5una2,AMC,neutral,0.8846
o5ucvj,AMC,negative,0.5607
o5ucvj,GME,negative,0.5607
o5u80q,AMC,neutral,0.5810
o5u80q,GME,neutral,0.5810
o5tw5p,AMC,neutral,0.8811
o5tjx2,NVDA,neutral,0.8975
o5tjsh,AMC,neutral,0.8511
o5tjsh,GME,neutral,0.8511
o5tbpf,CRM,neutral,0.4791
o5tbpf,GME,neutral,0.4791
o5tbpf,NVDA,neutral,0.4791
o5slda,AMC,neutral,0.8674
o5rxup,GME,neutral,0.8258
o5rmhk,AMC,negative,0.5717
o5rmhk,GME,negative,0.5717
o5rmhk,INTC,negative,0.5717
o5rmhk,NVDA,negative,0.5717
o5psta,TSLA,neutral,0.8645
o5ps9h,AMZN,neutral,0.9028
o5ozuf,AMZN,neutral,0.8872
o5ozuf,AAPL,neutral,0.8872
o5oape,AMC,neutral,0.9430
o5oape,GOOGL,neutral,0.9430
o5oape,MSFT,neutral,0.9430
o5oape,AMZN,neutral,0.9430
o5o8ss,AMC,neutral,0.6654
o5nzre,MSFT,neutral,0.8957
o5nuzb,AMC,neutral,0.9266
o5nmg7,GME,neutral,0.9352
o5niwv,AMC,positive,0.4734
o5mfhi,AMC,neutral,0.8928
o5mfhi,META,neutral,0.8928
o5mfhi,AMZN,neutral,0.8928
o5md72,TSLA,neutral,0.9183
o5kz8w,GME,neutral,0.7945
o5k4w3,GME,neutral,0.8236
o5jeql,AMC,neutral,0.8800
o5jeql,GME,neutral,0.8800
o5htvn,AAPL,neutral,0.9089
o5gnf5,GOOGL,neutral,0.4967
o5gnf5,MSFT,neutral,0.4967
o5gnf5,NVDA,neutral,0.4967
o5gmev,AMZN,neutral,0.9300
o5f72j,GME,negative,0.9552
o5e6n4,AMC,neutral,0.5895
o5e6n4,GME,neutral,0.5895
o5cpsf,AMC,neutral,0.6938
o5bvxd,AMC,neutral,0.9186
o5bvxd,GME,neutral,0.9186
o5bv5v,AMZN,neutral,0.9205
o5bv5v,META,neutral,0.9205
o5bfvw,INTC,neutral,0.7416
o5bfvw,GOOGL,neutral,0.7416
o5bfvw,TSLA,neutral,0.7416
o5bfvw,NVDA,neutral,0.7416
o58fil,AMC,positive,0.4976
o58baw,AMC,neutral,0.6625
o587mz,GOOGL,neutral,0.9166
o57lw3,AMC,neutral,0.8133
o57lw3,TSLA,neutral,0.8133
o57bpd,AMZN,neutral,0.8732
o57bpd,NFLX,neutral,0.8732
o577j6,AMZN,neutral,0.8131
o577j6,AAPL,neutral,0.8131
o577j6,NFLX,neutral,0.8131
o56lpp,AMZN,neutral,0.8648
o56lpp,TSLA,neutral,0.8648
o565qc,AMZN,neutral,0.8405
o559rw,AAPL,neutral,0.9359
o54gm9,AMZN,neutral,0.8953
o54aii,NVDA,neutral,0.8427
o542p9,GOOGL,neutral,0.8101
o542tb,AMC,neutral,0.7240
o542tb,GME,neutral,0.7240
o542tb,TSLA,neutral,0.7240
o52xr3,GOOGL,positive,0.6440
o52tgb,AAPL,neutral,0.6504
o52mfx,GME,neutral,0.7733
o52lqs,INTC,neutral,0.6535
o52lqs,GOOGL,neutral,0.6535
o52lqs,TSLA,neutral,0.6535
o52lqs,AMC,neutral,0.6535
o52lqs,NVDA,neutral,0.6535
o52idk,TSLA,positive,0.7687
o52gka,META,neutral,0.8520
o51xnh,AMC,neutral,0.9040
o50lw7,AMC,neutral,0.9208
o50lw7,AMZN,neutral,0.9208
o50h7j,AMC,neutral,0.9116
o50d84,AMC,neutral,0.9406
o50b9f,AMC,positive,0.5828
o505nh,GME,neutral,0.6834
o4z614,AMZN,neutral,0.7606
o4yd4v,AMC,neutral,0.9191
o4ycl9,AMC,neutral,0.8470
o4whqr,AMC,neutral,0.9218
o4vyz2,NVDA,neutral,0.9442
o4vvl4,AMC,neutral,0.7353
o4vvl4,GME,neutral,0.7353
o4ut2c,AMZN,neutral,0.7945
o4uni3,TSLA,positive,0.6695
o4tyq4,AMC,neutral,0.8537
o4tj7v,AMC,positive,0.5968
o4tj7v,META,positive,0.5968
o4sk58,GME,neutral,0.9297
o4s6tk,AMC,neutral,0.9130
o4s6tk,GME,neutral,0.9130
o4s1yv,AAPL,neutral,0.9155
o4rqwu,AMC,neutral,0.8805
o4mcu4,AMZN,neutral,0.7539
oet4yr,GME,positive,0.8407
oet3zn,MSFT,neutral,0.7930
oesywr,GME,positive,0.8407
oery3f,TSLA,negative,0.6994
oer7xa,GME,neutral,0.9123
oeq4qi,AMC,neutral,0.9015
oepcw1,AMC,neutral,0.8911
oeo97r,GME,neutral,0.9111
oemrna,GME,neutral,0.9203
oe041n,AMC,neutral,0.8945
odl5b7,AMC,neutral,0.8450
odkzn2,TSLA,positive,0.5316
od73un,AMC,neutral,0.9125
od73un,GME,neutral,0.9125
ocxe91,AMC,neutral,0.8980
ocu15c,META,neutral,0.8694
ocmzx9,IBM,neutral,0.9164
ocmzx9,GOOGL,neutral,0.9164
ocmzx9,ORCL,neutral,0.9164
ocle7e,NVDA,neutral,0.8953
ocjnmu,CSCO,neutral,0.8457
ocjnmu,IBM,neutral,0.8457
ocikk8,NFLX,neutral,0.8319
ocigxz,AMC,neutral,0.9107
ocigxz,GME,neutral,0.9107
ocigxz,TSLA,neutral,0.9107
ociaac,NVDA,positive,0.9319
ochpzr,GME,neutral,0.8688
och45s,AMC,neutral,0.8202
ocgw3h,IBM,neutral,0.7686
ocgstb,AMC,neutral,0.9067
ocgstb,GME,neutral,0.9067
ocgstb,TSLA,neutral,0.9067
ocgl1o,TSLA,neutral,0.9232
ocgf9s,MSFT,positive,0.6953
ocgbdb,AMC,neutral,0.8858
ocejdt,AMC,positive,0.6290
ocefix,AAPL,positive,0.8027
ocefix,TSLA,positive,0.8027
ocdequ,AMZN,neutral,0.6074
ocdequ,GOOGL,neutral,0.6074
ocddvq,MSFT,neutral,0.5319
ocd2e2,TSLA,neutral,0.8830
ocbz9g,AMZN,neutral,0.8103
ocby1c,AMC,neutral,0.4826
ocby1c,CSCO,neutral,0.4826
ocby1c,NVDA,neutral,0.4826
ocbj89,TSLA,positive,0.9497
ocb4st,AMC,negative,0.5567
ocag8h,TSLA,positive,0.8807
oca8q2,AMC,neutral,0.9067
oca8q2,GME,neutral,0.9067
oca8q2,AMZN,neutral,0.9067
oca414,TSLA,positive,0.5306
oc93gy,TSLA,neutral,0.7604
oc6za5,AMC,neutral,0.8823
oc6qoi,AMC,neutral,0.9446
oc6ne8,AMC,neutral,0.5996
oc5kl0,GME,neutral,0.6308
oc3v8b,TSLA,positive,0.6511
oc3pw4,AMC,neutral,0.8153
oc348k,AMC,neutral,0.8536
oc0rho,GME,neutral,0.6800
obxv70,AMC,neutral,0.7892
obxv70,GME,neutral,0.7892
obxjxp,AMZN,neutral,0.6297
obxboe,AMZN,neutral,0.8981
obuem6,GME,neutral,0.8061
obuejw,AMC,neutral,0.9226
obud5h,AMC,neutral,0.9162
obud5h,GME,neutral,0.9162
obsvwt,AMC,neutral,0.9227
obsvwt,GME,neutral,0.9227
obsvwt,TSLA,neutral,0.9227
obsvwt,GOOGL,neutral,0.9227
obs47q,GME,neutral,0.9335
obqg7q,TSLA,neutral,0.8163
obq1lc,AMZN,negative,0.5756
obpiv1,TSLA,neutral,0.9140
obosgr,TSLA,positive,0.6314
obnx2c,TSLA,positive,0.7024
obndyg,INTC,neutral,0.7640
obn6uv,META,positive,0.7860
obn698,CRM,neutral,0.8981
obn698,ORCL,neutral,0.8981
obmzn1,AMC,neutral,0.5586
obmzn1,NFLX,neutral,0.5586
obmm0f,TSLA,positive,0.9385
oblzj8,AMC,neutral,0.7273
oblzj8,MSFT,neutral,0.7273
oblzj8,INTC,neutral,0.7273
oblzj8,AMZN,neutral,0.7273
oblach,AMC,neutral,0.9271
obl2u6,TSLA,neutral,0.6601
obk2hu,TSLA,neutral,0.6747
obikfz,AMC,neutral,0.8666
obdz1b,AMC,neutral,0.8749
obdib0,TSLA,neutral,0.9389
obd1zu,TSLA,negative,0.7125
obd1zu,NVDA,negative,0.7125
obcssm,GME,neutral,0.9126
obcssm,MSFT,neutral,0.9126
obawi4,AMZN,neutral,0.7879
obawi4,AAPL,neutral,0.7879
obawi4,GOOGL,neutral,0.7879
obawi4,META,neutral,0.7879
ob9u0q,META,neutral,0.8873
ob8j8a,AMC,positive,0.4883
ob8j8a,GME,positive,0.4883
ob8j8a,NFLX,positive,0.4883
ob8j8a,GOOGL,positive,0.4883
ob7xsl,NVDA,neutral,0.5336
ob7u1y,AMC,neutral,0.8809
ob7u1y,GME,neutral,0.8809
ob7nro,TSLA,positive,0.8975
ob6qn5,AMZN,positive,0.5355
ob6q3x,META,neutral,0.8219
ob6q3x,MSFT,neutral,0.8219
ob5fjq,TSLA,negative,0.5094
ob5c2f,AMC,neutral,0.9139
ob5c2f,GME,neutral,0.9139
ob56n1,AMZN,neutral,0.9452
ob516o,TSLA,neutral,0.9308
ob4tku,TSLA,neutral,0.4189
ob47tl,TSLA,neutral,0.7446
ob2zr6,TSLA,neutral,0.5595
ob2s0n,TSLA,positive,0.9406
ob2qau,TSLA,neutral,0.9228
ob2ogx,AMC,neutral,0.6451
ob2426,GOOGL,negative,0.6003
ob2426,TSLA,negative,0.6003
ob0ryx,ORCL,neutral,0.6054
oazs4f,IBM,neutral,0.7777
oazs4f,GOOGL,neutral,0.7777
oazs4f,INTC,neutral,0.7777
oazs4f,NVDA,neutral,0.7777
oayleo,META,neutral,0.8868
oayleb,TSLA,neutral,0.8383
oayi2z,AMC,neutral,0.7844
oaxwox,INTC,neutral,0.8624
oaxwox,NVDA,neutral,0.8624
oaxtbp,AMC,neutral,0.7787
oawsxf,GOOGL,neutral,0.8320
oawsxf,TSLA,neutral,0.8320
oawkal,TSLA,neutral,0.5950
oap42y,GME,neutral,0.9341
oaovxw,TSLA,neutral,0.6561
oaluh1,GME,neutral,0.5591
oaltm7,AMZN,neutral,0.8941
oaltm7,META,neutral,0.8941
oal1p7,AMZN,positive,0.5491
oal1p7,GME,positive,0.5491
oakw8w,AMZN,neutral,0.9294
oakw8w,GME,neutral,0.9294
oakw8w,MSFT,neutral,0.9294
oakkao,AMC,neutral,0.8641
oak12f,AMC,neutral,0.9099
oak12f,GME,neutral,0.9099
oaj1z7,TSLA,neutral,0.8996
oaizza,GME,neutral,0.4371
oai4ui,GME,neutral,0.8898
oah4xf,GME,neutral,0.7401
oah46a,AMC,neutral,0.9125
oah2pe,AMC,neutral,0.8844
oagzmg,MSFT,neutral,0.6464
oag4w5,NFLX,neutral,0.5070
oaezwz,ORCL,positive,0.7999
oadlcx,INTC,neutral,0.8398
oadlcx,AAPL,neutral,0.8398
oadlcx,GOOGL,neutral,0.8398
oadlcx,MSFT,neutral,0.8398
oadlcx,TSLA,neutral,0.8398
oadlcx,AMC,neutral,0.8398
oadlcx,AMZN,neutral,0.8398
oadlcx,NVDA,neutral,0.8398
oacg4v,AMZN,neutral,0.8425
oacg4v,MSFT,neutral,0.8425
oacg4v,META,neutral,0.8425
oabuml,AMC,neutral,0.6660
oabuml,NVDA,neutral,0.6660
oabbc7,GME,neutral,0.7840
oaadrb,GME,neutral,0.8502
oaa7sc,AAPL,neutral,0.8553
oaa7sc,GOOGL,neutral,0.8553
oaa7sc,MSFT,neutral,0.8553
oaa7sc,AMZN,neutral,0.8553
oaa7sc,META,neutral,0.8553
oa9yp3,AMC,neutral,0.6788
oa8qdg,AMC,neutral,0.9299
oa8p0o,AMC,neutral,0.9136
oa8p0o,GME,neutral,0.9136
oa8p0o,GOOGL,neutral,0.9136
oa86eq,AMZN,neutral,0.8997
oa86eq,GME,neutral,0.8997
oa6vbq,AMC,neutral,0.8739
oa5y3l,GME,neutral,0.9120
oa5gzs,AMZN,neutral,0.9386
oa5gzs,TSLA,neutral,0.9386
oa545r,AMC,neutral,0.9022
oa545r,NVDA,neutral,0.9022
oa3izq,NFLX,neutral,0.9448
oa0j4t,AAPL,neutral,0.9075
oa0h3q,TSLA,neutral,0.9080
oa04jx,TSLA,neutral,0.8504
o9yuou,AMZN,neutral,0.8439
o9xjby,AAPL,neutral,0.8745
o9xd3w,AMC,neutral,0.8051
o9wrj3,AMC,neutral,0.8340
o9wgzo,GME,neutral,0.9355
o9vvnd,AMC,neutral,0.8770
o9vdux,GME,neutral,0.9233
o9v4n2,TSLA,neutral,0.9056
o9uzdg,TSLA,neutral,0.7099
o9uh9r,GME,positive,0.5551
o9uh9r,TSLA,positive,0.5551
o9tywc,AMC,neutral,0.6907
o9tywc,GME,neutral,0.6907
o9tnw0,GME,neutral,0.5433
o9tllc,AMC,neutral,0.7681
o9tcx9,AMC,neutral,0.8569
o9sr6k,AMC,neutral,0.8988
o9sr6k,GME,neutral,0.8988
o9s7pn,NFLX,negative,0.7082
o9s1k8,AMZN,negative,0.7762
o9ry37,AMC,negative,0.6499
o9ry37,GME,negative,0.6499
o9ry37,TSLA,negative,0.6499
o9ruwh,META,neutral,0.5516
o9ruwh,AAPL,neutral,0.5516
o9rp16,TSLA,neutral,0.7035
o9r86e,AMZN,neutral,0.8275
o9r86e,AAPL,neutral,0.8275
o9qnlv,AMC,neutral,0.9013
o9qnfy,GME,positive,0.5432
o9qmym,AMC,positive,0.5437
o9qmym,GME,positive,0.5437
o9q5gp,AMC,neutral,0.8651
o9q22o,CSCO,neutral,0.7719
o9q22o,IBM,neutral,0.7719
o9q22o,GOOGL,neutral,0.7719
o9q22o,MSFT,neutral,0.7719
o9q22o,AMZN,neutral,0.7719
o9q22o,NFLX,neutral,0.7719
o9ptcy,AMC,neutral,0.8376
o9ptcy,GME,neutral,0.8376
o9pa3j,NVDA,neutral,0.9202
o9p5ai,AMZN,neutral,0.8597
o9p5ai,TSLA,neutral,0.8597
o9opra,AMC,neutral,0.8905
o9oh0t,AMZN,neutral,0.6078
o9o05q,GME,neutral,0.8154
o9n94q,AMC,neutral,0.8634
o9mutj,NVDA,neutral,0.9519
o9mos1,AMC,neutral,0.8357
o9mos1,GME,neutral,0.8357
o9lyrg,AMC,positive,0.8433
o9lk3n,META,neutral,0.7516
o9lk3n,AAPL,neutral,0.7516
o9l2fp,GME,neutral,0.8595
o9jkrt,NFLX,positive,0.7575
o9jkrt,TSLA,positive,0.7575
o9iv4t,GME,positive,0.8712
ol0pdt,AMC,neutral,0.9047
ol0pdt,AAPL,neutral,0.9047
ol0pdt,GME,neutral,0.9047
ol0pdt,TSLA,neutral,0.9047
okrud1,META,neutral,0.7527
okrud1,GME,neutral,0.7527
okg0q5,AMC,negative,0.9207
okc7qu,META,neutral,0.7803
okc7qu,GME,neutral,0.7803
oh7uqq,AAPL,neutral,0.8364
ofowbp,TSLA,neutral,0.8570
ofoqg7,AMZN,neutral,0.8986
ofojpw,GME,neutral,0.9453
ofojpw,NVDA,neutral,0.9453
ofojpw,GOOGL,neutral,0.9453
ofo9kg,AMC,neutral,0.8534
ofnee0,GME,neutral,0.9180
ofm2jv,GME,neutral,0.8204
oflimd,AMC,neutral,0.8058
ofjzvi,GME,negative,0.9134
ofikwq,TSLA,neutral,0.8069
ofi7lr,GOOGL,neutral,0.9034
offvcc,AMC,neutral,0.8835
offvcc,GME,neutral,0.8835
offu4w,AMC,neutral,0.9000
ofcwca,AAPL,neutral,0.8583
ofcwca,GME,neutral,0.8583
ofc5gu,AMZN,neutral,0.9206
ofc5gu,GOOGL,neutral,0.9206
ofbjm4,AMC,neutral,0.8939
ofbjym,AMZN,neutral,0.7250
of9h8o,GOOGL,neutral,0.8255
of9592,TSLA,neutral,0.9201
of8y52,AMZN,neutral,0.9232
of7hp5,AMC,neutral,0.5136
of7hp5,GME,neutral,0.5136
of6ypo,AMZN,neutral,0.9110
of5fbj,AMZN,neutral,0.5675
of559d,AMZN,neutral,0.7346
of3qey,MSFT,negative,0.9289
of3677,TSLA,positive,0.9089
of32rs,AMC,neutral,0.8165
of2xby,AMC,neutral,0.9278
of2xby,AAPL,neutral,0.9278
of2xby,GME,neutral,0.9278
of2wwo,NVDA,neutral,0.7943
of2qwj,AMZN,neutral,0.4938
of2qwj,GME,neutral,0.4938
of2qwj,ORCL,neutral,0.4938
of2qwj,GOOGL,neutral,0.4938
of1caj,AMZN,neutral,0.9237
of1896,AMZN,positive,0.8503
of0hls,AMC,neutral,0.7052
of0hls,GME,neutral,0.7052
of0hls,GOOGL,neutral,0.7052
of0a8z,AMZN,neutral,0.8038
oey4e1,NVDA,neutral,0.9474
oevu2x,AMZN,neutral,0.9254
oevqog,TSLA,neutral,0.7957
oev2yc,CRM,positive,0.9035
oev296,GME,positive,0.5360
oev1io,GME,negative,0.9219
oetw5q,META,neutral,0.9483
oettyj,AAPL,neutral,0.8984
oettyj,GME,neutral,0.8984
oettyj,GOOGL,neutral,0.8984
oesva0,TSLA,neutral,0.8183
oerw42,AMC,neutral,0.8858
oerw42,GME,neutral,0.8858
oertkl,GME,neutral,0.9189
oero69,GME,neutral,0.9287
oenb3f,AMZN,neutral,0.9041
oenb3f,AAPL,neutral,0.9041
oenb3f,GOOGL,neutral,0.9041
oenb3f,MSFT,neutral,0.9041
oen7am,NVDA,negative,0.4246
oen6x4,AMZN,positive,0.7795
oei8fk,INTC,neutral,0.7534
oei8fk,NVDA,neutral,0.7534
oehww2,AAPL,neutral,0.8430
oehww2,MSFT,neutral,0.8430
oehww2,TSLA,neutral,0.8430
oehww2,NVDA,neutral,0.8430
oeh8y6,GME,neutral,0.7493
oegner,GME,neutral,0.6483
oefpy4,AMC,neutral,0.9166
oefpy4,GME,neutral,0.9166
oefpy4,GOOGL,neutral,0.9166
oeeiik,META,neutral,0.8651
oeeiik,AAPL,neutral,0.8651
oed70v,AAPL,neutral,0.7558
oe9ruu,AMZN,negative,0.7039
oe9ruu,GME,negative,0.7039
oe88ub,GME,positive,0.8113
oe47mk,AMC,neutral,0.8858
oe47mk,GME,neutral,0.8858
oe2fqw,AMZN,neutral,0.9154
oe2fqw,AAPL,neutral,0.9154
oe2fqw,GOOGL,neutral,0.9154
odygun,AMC,neutral,0.9103
odygun,GOOGL,neutral,0.9103
odygun,MSFT,neutral,0.9103
odygun,AMZN,neutral,0.9103
odv8ni,AAPL,neutral,0.8715
odqzej,AMC,neutral,0.6649
odojjn,GOOGL,neutral,0.9277
odoir9,AMC,neutral,0.7436
odoir9,AAPL,neutral,0.7436
odoir9,GME,neutral,0.7436
odoir9,MSFT,neutral,0.7436
odmmdb,AMC,neutral,0.7717
odmmdb,GME,neutral,0.7717
odjp8j,AMZN,positive,0.6565
odjp8j,MSFT,positive,0.6565
odjcgs,TSLA,neutral,0.5608
odgwld,GME,neutral,0.7693
od77kx,GME,neutral,0.8010
onx6y0,META,negative,0.4913
onx6y0,AAPL,negative,0.4913
onx6y0,CRM,negative,0.4913
onr3vc,AMC,neutral,0.6855
onm2cl,AMZN,neutral,0.8588
onlh5v,AMZN,neutral,0.7668
onlh5v,TSLA,neutral,0.7668
onkne2,AAPL,negative,0.5453
onkne2,GME,negative,0.5453
onkne2,TSLA,negative,0.5453
onkne2,NVDA,negative,0.5453
oniz8m,AAPL,neutral,0.9032
oniu49,GME,neutral,0.6885
onicq9,GOOGL,neutral,0.8851
onglxm,NVDA,positive,0.8130
ongi2x,TSLA,positive,0.6024
onfxof,GME,neutral,0.5000
onf2ef,INTC,positive,0.5145
onf2ef,NVDA,positive,0.5145
onf1ug,AMC,neutral,0.9318
onewt9,AMZN,positive,0.6699
one6nl,GME,neutral,0.8960
one6nl,TSLA,neutral,0.8960
one5dw,META,negative,0.3964
one5dw,NFLX,negative,0.3964
ond7da,GOOGL,negative,0.8893
ond7da,TSLA,negative,0.8893
ond48t,AMC,neutral,0.7579
ond48t,NFLX,neutral,0.7579
onc8o3,AMC,neutral,0.7530
onbf5v,AMZN,negative,0.9616
onbf5v,AAPL,negative,0.9616
onbf5v,MSFT,negative,0.9616
onbf5v,NVDA,negative,0.9616
onb0bi,AMC,neutral,0.8814
onb0bi,GME,neutral,0.8814
on9wmt,GME,neutral,0.9356
on6y6x,GME,neutral,0.9259
on3smb,AMC,neutral,0.8668
omzkd1,AAPL,neutral,0.8648
omzhez,AMC,neutral,0.8704
omzhez,GME,neutral,0.8704
omxwtr,NFLX,neutral,0.9115
omxwtr,NVDA,neutral,0.9115
omvwpu,AMC,neutral,0.9287
omvwpu,AAPL,neutral,0.9287
omt19j,TSLA,neutral,0.6636
omsciq,CRM,neutral,0.9120
omrto7,GME,neutral,0.9021
omr5g2,TSLA,negative,0.8933
omn6kj,GOOGL,neutral,0.9321
ombtyz,AMZN,neutral,0.8722
ombtyz,GME,neutral,0.8722
ombtyz,TSLA,neutral,0.8722
om9z8t,AMZN,negative,0.8448
om9yga,NVDA,neutral,0.9131
om8e9k,TSLA,neutral,0.9241
om5ypi,GME,neutral,0.8546
om40w6,AMC,neutral,0.9233
om40w6,GME,neutral,0.9233
om40w6,META,neutral,0.9233
om2kq6,AMC,neutral,0.8909
om2kq6,NVDA,neutral,0.8909
om2kq6,AMZN,neutral,0.8909
olzpz7,CRM,neutral,0.8100
olxsn6,AMZN,neutral,0.7169
olxsn6,NFLX,neutral,0.7169
olv4sd,NVDA,negative,0.4311
olqs0r,NVDA,negative,0.6749
olq2zu,GME,negative,0.9379
olpgwk,MSFT,positive,0.6845
olpgwk,ORCL,positive,0.6845
olp2rb,AMC,neutral,0.9289
oll5fd,AMZN,neutral,0.9063
oll5fd,AAPL,neutral,0.9063
oljz0k,AAPL,neutral,0.7592
oljz0k,GOOGL,neutral,0.7592
oljz0k,AMZN,neutral,0.7592
oljz0k,META,neutral,0.7592
oljz0k,NFLX,neutral,0.7592
oljtsn,AAPL,neutral,0.9354
olgucv,NFLX,neutral,0.7738
oldtp9,AMC,neutral,0.8808
oldtp9,AAPL,neutral,0.8808
oldtp9,GME,neutral,0.8808
oldlx6,TSLA,neutral,0.7987
old2j1,AMZN,neutral,0.7389
olcjkm,TSLA,neutral,0.8156
olbnnf,GME,neutral,0.9077
ol9ygr,AAPL,neutral,0.7112
ol9ygr,MSFT,neutral,0.7112
ol9ygr,TSLA,neutral,0.7112
ol9wfm,AMC,neutral,0.8345
ol9lx3,INTC,neutral,0.9330
ol9lx3,NVDA,neutral,0.9330
ol8vjv,AMC,neutral,0.7054
ol8vjv,GME,neutral,0.7054
ol7yi3,AMC,neutral,0.8805
ol7jkj,NFLX,neutral,0.7404
ol7jkj,MSFT,neutral,0.7404
ol7jkj,NVDA,neutral,0.7404
ol6v3j,AMZN,neutral,0.9090
ol6v3j,GOOGL,neutral,0.9090
ol6v3j,CRM,neutral,0.9090
ol6pti,AMZN,neutral,0.8984
ol6pti,GME,neutral,0.8984
ol6dvt,AMC,neutral,0.6973
ol6dvt,TSLA,neutral,0.6973
ol6dvt,NVDA,neutral,0.6973
ol690e,NVDA,neutral,0.9038
ol5in0,NVDA,neutral,0.4705
ol4kc7,AMC,neutral,0.8251
ol3sgp,INTC,neutral,0.7567
ol02i2,GME,neutral,0.8416
okyyri,NVDA,neutral,0.6457
okyylz,AMC,neutral,0.8889
okxz0b,TSLA,positive,0.5844
okxu9t,GME,neutral,0.7924
okv0b7,TSLA,neutral,0.7860
oku78p,TSLA,neutral,0.9374
oktb8m,AMZN,neutral,0.7321
oktb8m,GME,neutral,0.7321
oksuhg,GME,neutral,0.8683
okr0ox,AAPL,neutral,0.9018
okr0ox,GME,neutral,0.9018
okr0ox,TSLA,neutral,0.9018
okpqv5,AMC,neutral,0.8813
okpqv5,AAPL,neutral,0.8813
okpqv5,GME,neutral,0.8813
okobh3,AAPL,neutral,0.8681
okobh3,GME,neutral,0.8681
okobh3,TSLA,neutral,0.8681
oklwxq,AAPL,neutral,0.8417
oklwxq,TSLA,neutral,0.8417
oklwxq,AMC,neutral,0.8417
oklwxq,GME,neutral,0.8417
oklwxq,NFLX,neutral,0.8417
oklqae,AAPL,neutral,0.8956
okknth,AMC,negative,0.9419
okknth,AMZN,negative,0.9419
okkl0x,GME,neutral,0.9421
okkacu,AMC,neutral,0.6518
okkacu,GME,neutral,0.6518
okk9w1,AMC,neutral,0.9123
okk9w1,GOOGL,neutral,0.9123
okj61o,AMC,neutral,0.7758
okj61o,CRM,neutral,0.7758
okisq3,AMZN,neutral,0.8269
okiob7,GME,neutral,0.8746
okiliv,GOOGL,neutral,0.9101
okiliv,TSLA,neutral,0.9101
okiliv,AMC,neutral,0.9101
okiliv,GME,neutral,0.9101
okiliv,NFLX,neutral,0.9101
okigmq,AMC,neutral,0.5949
okigmq,GME,neutral,0.5949
okigmq,TSLA,neutral,0.5949
oki70r,TSLA,neutral,0.8683
oki34c,AMC,neutral,0.8731
oki34c,GME,neutral,0.8731
okhpbm,NFLX,neutral,0.8519
okhntz,TSLA,neutral,0.8780
okhjqw,NFLX,neutral,0.5034
okh6fd,AMC,neutral,0.9045
okgy0h,AAPL,positive,0.6577
okgqv2,TSLA,neutral,0.6211
okgdde,AAPL,neutral,0.9325
okgdde,NFLX,neutral,0.9325
okgca4,AAPL,neutral,0.8881
okgca4,NFLX,neutral,0.8881
okg5ce,NFLX,neutral,0.8664
okfutz,AAPL,neutral,0.8964
okfutz,GME,neutral,0.8964
okfjw4,AMZN,negative,0.8351
okfex5,TSLA,neutral,0.9201
okfasr,GME,neutral,0.9109
okfa8w,AMC,negative,0.9729
okfa8w,GME,negative,0.9729
okfa8w,NFLX,negative,0.9729
okf95a,AMC,neutral,0.7108
okf95a,GME,neutral,0.7108
okeuft,MSFT,neutral,0.8886
okdift,META,neutral,0.8772
okdhud,AAPL,negative,0.5138
okdeq9,NVDA,neutral,0.9276
okd90o,AMC,neutral,0.8739
okd679,NVDA,neutral,0.8195
okd4c0,AMC,neutral,0.9295
okcjtr,AMC,neutral,0.9194
okcjtr,AAPL,neutral,0.9194
okcehp,AMC,neutral,0.7945
okcehp,AAPL,neutral,0.7945
okcehp,GME,neutral,0.7945
okaj3k,AMC,negative,0.5194
okaj3k,GME,negative,0.5194
okaae7,AMC,neutral,0.6570
oka0sq,AMC,neutral,0.6637
ok9c12,GME,neutral,0.8124
ok7hsx,AMC,negative,0.8424
ok7hsx,AMZN,negative,0.8424
ok7bb5,AMC,neutral,0.8776
ok7bb5,GME,neutral,0.8776
ok7bb5,TSLA,neutral,0.8776
ok4san,TSLA,positive,0.9438
ok4s2t,AMC,neutral,0.9206
ok4l9c,ADBE,neutral,0.8732
ok4l9c,GOOGL,neutral,0.8732
ok4l9c,MSFT,neutral,0.8732
ok2fhk,TSLA,positive,0.8573
ok1db4,AMZN,positive,0.6634
ok1ark,AAPL,positive,0.8888
ok16jr,AMC,neutral,0.8789
ok0clc,TSLA,neutral,0.6880
ojzrv1,AMZN,neutral,0.9170
ojznqe,GOOGL,neutral,0.9008
ojxoij,AAPL,neutral,0.7958
ojwhyu,AMZN,neutral,0.9374
ojsjoy,GME,neutral,0.9166
ojqhoy,TSLA,neutral,0.8915
ojpr1n,AMZN,neutral,0.9133
ojpqu3,AMC,neutral,0.8295
ojpqu3,GME,neutral,0.8295
ojpqtd,TSLA,negative,0.9671
ojoj3s,GME,neutral,0.9038
ojnpu9,AMC,neutral,0.8774
ojnpu9,AAPL,neutral,0.8774
ojnpu9,GME,neutral,0.8774
ojnpu9,TSLA,neutral,0.8774
ojmgnk,AMC,negative,0.5955
ojmgnk,GOOGL,negative,0.5955
ojmgnk,NFLX,negative,0.5955
ojmeem,AAPL,negative,0.8327
ojhu2z,AMZN,neutral,0.5915
ojhp2k,META,neutral,0.9127
ojhee6,AMZN,neutral,0.3634
ojhc8k,AMZN,negative,0.8862
ojf6hh,META,neutral,0.9203
ojdx87,TSLA,neutral,0.8025
ojcg2b,AMC,neutral,0.8826
oj6y9d,MSFT,neutral,0.7732
oj5o5p,MSFT,neutral,0.5651
oj5o5p,TSLA,neutral,0.5651
oj5o5p,NVDA,neutral,0.5651
oj43yl,TSLA,neutral,0.9302
oj43yl,NVDA,neutral,0.9302
oj431l,TSLA,neutral,0.8716
oj431l,NVDA,neutral,0.8716
oj3yb4,AAPL,neutral,0.8634
oj3rpb,AMZN,neutral,0.9110
oj3rpb,GOOGL,neutral,0.9110
oj3rpb,TSLA,neutral,0.9110
oj15d6,MSFT,neutral,0.5836
oj14y8,AMC,neutral,0.8476
oj14y8,AAPL,neutral,0.8476
oj14y8,GME,neutral,0.8476
oj14y8,TSLA,neutral,0.8476
oj0ja5,GOOGL,neutral,0.5927
oizvzi,AMC,neutral,0.9488
oizpee,NFLX,neutral,0.7312
oix1lb,GME,neutral,0.8096
oiwq80,META,neutral,0.7869
oivo63,AAPL,neutral,0.9315
oitqao,GME,neutral,0.9342
oiszn9,AMC,neutral,0.9127
oiszn9,AAPL,neutral,0.9127
oiszn9,GME,neutral,0.9127
oiszn9,NFLX,neutral,0.9127
ois9rb,TSLA,negative,0.7791
oir7gp,AMZN,neutral,0.9427
oioyd6,TSLA,neutral,0.9198
oio7i0,AMC,neutral,0.8882
oio7i0,GME,neutral,0.8882
oimvon,AAPL,positive,0.8804
oimvon,GOOGL,positive,0.8804
oimvon,AMZN,positive,0.8804
oimvon,META,positive,0.8804
oimvon,NFLX,positive,0.8804
oih1jy,AMC,positive,0.9399
oie2lz,AMZN,neutral,0.5088
oibyzf,AMZN,neutral,0.8459
oibyzf,GME,neutral,0.8459
oib6l8,AMC,neutral,0.8023
oib6l8,GME,neutral,0.8023
oi8y6l,AMZN,neutral,0.8890
oi7rem,AMC,neutral,0.9069
oi7rem,AMZN,neutral,0.9069
oi5cez,AAPL,neutral,0.9438
oi5cez,NFLX,neutral,0.9438
oi4nmn,AMC,negative,0.9509
oi4nmn,GME,negative,0.9509
oi4nmn,MSFT,negative,0.9509
oi4nmn,AMZN,negative,0.9509
oi1xl9,AMC,neutral,0.9192
oi1u2d,AMZN,neutral,0.7404
ohzwnf,GME,neutral,0.7375
ohzght,ORCL,neutral,0.8444
ohzght,AAPL,neutral,0.8444
ohzght,GOOGL,neutral,0.8444
ohzght,MSFT,neutral,0.8444
ohzght,AMZN,neutral,0.8444
ohy7f9,NFLX,negative,0.4948
ohvo8m,AAPL,neutral,0.9173
ohvo8m,MSFT,neutral,0.9173
ohr4fn,AMC,neutral,0.9023
ohr4fn,GME,neutral,0.9023
ohniqc,AMZN,neutral,0.9009
ohm7bl,AMC,neutral,0.9165
ohm7bl,GME,neutral,0.9165
ohl39e,GME,neutral,0.9056
ohl2zw,GME,positive,0.5737
ohkdcd,TSLA,neutral,0.9291
ohh0us,NVDA,neutral,0.9328
ohe9eh,AMZN,neutral,0.9202
ohe9eh,AAPL,neutral,0.9202
ohe9eh,TSLA,neutral,0.9202
ohcuto,AMC,neutral,0.9039
ohbcwu,AMZN,neutral,0.9112
ohbcwu,AAPL,neutral,0.9112
oh7l34,AAPL,neutral,0.9235
oh7cna,AMZN,neutral,0.8126
oh77it,AMZN,negative,0.6393
oh77it,AAPL,negative,0.6393
oh77it,NFLX,negative,0.6393
oh5x84,TSLA,neutral,0.6032
oh51bw,AAPL,negative,0.9167
oh42vu,AMC,positive,0.6679
oh42vu,GME,positive,0.6679
oh3jyj,AMC,neutral,0.9108
oh3jyj,AAPL,neutral,0.9108
oh3jyj,GME,neutral,0.9108
ogzxp4,AAPL,neutral,0.8262
ogzxp4,GME,neutral,0.8262
ogxy4y,AMC,neutral,0.8203
ogxy4y,GME,neutral,0.8203
ogxtvf,GME,neutral,0.6916
ogu9cv,AMC,neutral,0.8622
ogtz9r,TSLA,positive,0.5084
ogsg1z,AMC,neutral,0.8867
ogsg1z,GME,neutral,0.8867
ogqjuo,TSLA,neutral,0.6849
ogqjkz,NVDA,positive,0.5489
ogngvu,IBM,neutral,0.9457
ogkwgn,IBM,neutral,0.9096
ogkpxa,MSFT,neutral,0.8773
oggxtm,TSLA,neutral,0.9279
ogg92k,AMZN,neutral,0.8241
ogg92k,TSLA,neutral,0.8241
ogfwmn,AMC,neutral,0.8857
ogfwmn,AAPL,neutral,0.8857
ogfwmn,GME,neutral,0.8857
ogfhtb,NVDA,negative,0.9308
ogeq06,AMZN,neutral,0.8971
oge7ru,AMZN,neutral,0.8333
ogbcvb,AAPL,neutral,0.9085
ogaq6o,AMZN,neutral,0.7842
ogaq6o,NVDA,neutral,0.7842
ogaq6o,META,neutral,0.7842
og9t0k,TSLA,neutral,0.9364
og816v,AMZN,negative,0.7313
og7qr2,AMC,neutral,0.8608
og7nxt,AAPL,neutral,0.8900
og7nxt,TSLA,neutral,0.8900
og6wr4,GOOGL,neutral,0.5354
og6wr4,TSLA,neutral,0.5354
og6ofy,MSFT,neutral,0.6594
og6bhd,TSLA,neutral,0.5017
og5x5b,AAPL,neutral,0.9323
og459b,AMC,neutral,0.8800
og459b,GME,neutral,0.8800
og120u,AAPL,neutral,0.9176
ofzcq0,ORCL,neutral,0.9201
ofx10a,AAPL,neutral,0.7027
ofvv50,ORCL,neutral,0.9139
oft68x,AMZN,neutral,0.9016
oft2nd,NFLX,neutral,0.9139
ofsua1,AMZN,negative,0.9433
ofsb8t,AMC,neutral,0.9005
ofsa1o,AMC,neutral,0.7629
ofs9st,AMZN,neutral,0.5424
ofs9st,MSFT,neutral,0.5424
ofrwc6,GOOGL,neutral,0.9067
ofriid,AMC,neutral,0.9120
ofr548,AMC,neutral,0.5315
ofr548,AAPL,neutral,0.5315
ofr548,GME,neutral,0.5315
ofr4o1,AMC,neutral,0.8319
ofq642,AMC,negative,0.7638
ofpiae,GME,neutral,0.6829
ofpiae,TSLA,neutral,0.6829
ofp4zj,TSLA,neutral,0.7624
p59a57,AMC,neutral,0.8784
p59a57,TSLA,neutral,0.8784
p599nb,GME,positive,0.6385
p58hq6,AMC,neutral,0.9051
p56w7r,GME,positive,0.4500
p56ozu,AMC,neutral,0.8846
p56ozu,CSCO,neutral,0.8846
p56ozu,NVDA,neutral,0.8846
p56nto,META,neutral,0.5668
p56nto,GOOGL,neutral,0.5668
p56nto,TSLA,neutral,0.5668
p50n5p,AMZN,neutral,0.8950
p50n5p,GOOGL,neutral,0.8950
p50ids,AMZN,neutral,0.7183
p50ids,GOOGL,neutral,0.7183
p4s6ca,AMC,negative,0.6519
p4mvjg,AMZN,neutral,0.9137
p4lzi3,GME,neutral,0.7880
p4cdx5,AMC,neutral,0.8839
p4cdx5,GME,neutral,0.8839
p4cdx5,GOOGL,neutral,0.8839
p4bji7,AMC,neutral,0.9139
p4bji7,AAPL,neutral,0.9139
p3xblq,GME,neutral,0.7399
p3u6vb,NVDA,neutral,0.6175
p3sv17,AMC,neutral,0.9295
p3sv17,GME,neutral,0.9295
p3qlto,GOOGL,negative,0.8101
p3qlto,MSFT,negative,0.8101
p3pmj6,META,positive,0.5674
p3pmj6,GOOGL,positive,0.5674
p3pmj6,MSFT,positive,0.5674
p3n6nk,GME,neutral,0.6588
p3mni4,GME,negative,0.9149
p3md32,MSFT,negative,0.7983
p3md32,TSLA,negative,0.7983
p3kl8x,GOOGL,neutral,0.8403
p3f9nx,AMC,neutral,0.8956
p3dixo,AMZN,neutral,0.4686
p3dixo,NVDA,neutral,0.4686
p3bw0u,AAPL,negative,0.9395
p3bi5c,META,neutral,0.9192
p3bi5c,AAPL,neutral,0.9192
p3bi5c,TSLA,neutral,0.9192
p3aj43,AMZN,neutral,0.5832
p395ty,AMC,neutral,0.8910
p395ty,GME,neutral,0.8910
p395ty,TSLA,neutral,0.8910
p395ty,GOOGL,neutral,0.8910
p393tc,AMZN,neutral,0.7892
p393tc,IBM,neutral,0.7892
p393tc,GOOGL,neutral,0.7892
p393tc,ORCL,neutral,0.7892
p3841a,AMZN,neutral,0.6268
p36ywi,TSLA,neutral,0.8858
p36sk1,GOOGL,neutral,0.8712
p3469k,AMZN,neutral,0.9332
p3469k,AAPL,neutral,0.9332
p3469k,GOOGL,neutral,0.9332
p3469k,META,neutral,0.9332
p33zgi,AMZN,neutral,0.8367
p33gf2,GME,neutral,0.9130
p32sdk,AMC,neutral,0.5614
p32sdk,GME,neutral,0.5614
p31win,AMC,positive,0.9446
p306jg,AMZN,positive,0.8774
p306jg,MSFT,positive,0.8774
p306jg,INTC,positive,0.8774
p304gm,AAPL,neutral,0.8591
p304gm,GOOGL,neutral,0.8591
p2z8sh,META,neutral,0.8160
p2yw5q,TSLA,negative,0.5104
p2yleg,AMZN,neutral,0.8511
p2u0rr,TSLA,negative,0.8922
p2se3i,TSLA,positive,0.9186
p2rxbk,GME,neutral,0.9014
p2qjxz,AMC,neutral,0.6431
p2pqx6,AMZN,neutral,0.6940
p2omld,AMC,neutral,0.7570
p2n2pe,TSLA,neutral,0.7578
p2ltzn,GME,neutral,0.9144
p2ldo6,AMZN,positive,0.4995
p2k2uu,TSLA,negative,0.8084
p2ilxh,AAPL,neutral,0.8022
p2ilxh,TSLA,neutral,0.8022
p2ilxh,AMZN,neutral,0.8022
p2ilxh,META,neutral,0.8022
p2ilxh,GME,neutral,0.8022
p2i4zd,AMZN,positive,0.7579
p1x0ls,CRM,neutral,0.9153
p1x0ls,AAPL,neutral,0.9153
p2g4rq,NVDA,negative,0.8781
p2fb14,GME,neutral,0.9250
p2ezca,TSLA,neutral,0.8696
p2e9gh,TSLA,positive,0.8638
p2dpl4,TSLA,neutral,0.7496
p2dm78,AMC,neutral,0.9325
p2de69,GME,negative,0.3979
p2d7o7,AAPL,neutral,0.8750
p2d55j,GME,neutral,0.8422
p2cm7j,GME,neutral,0.8858
p2bnxt,AMC,neutral,0.8773
p2a8aj,GME,negative,0.8245
p2a8aj,TSLA,negative,0.8245
p2a10q,GME,neutral,0.8313
p29bvi,AMZN,neutral,0.9152
p29bvi,AAPL,neutral,0.9152
p29bvi,GOOGL,neutral,0.9152
p29bvi,MSFT,neutral,0.9152
p296vz,AMZN,neutral,0.9098
p296vz,TSLA,neutral,0.9098
p26zj4,GME,neutral,0.8579
p25fmg,GME,neutral,0.6722
p24oci,AMZN,neutral,0.8814
p22pdo,AMZN,neutral,0.8712
p22pdo,AAPL,neutral,0.8712
p22pdo,TSLA,neutral,0.8712
p1w2j8,GOOGL,negative,0.9530
p1vwjj,AMC,neutral,0.8650
p1v1r2,TSLA,negative,0.5666
p1ttvt,GME,neutral,0.7939
p1s7e9,TSLA,neutral,0.6608
p1rllr,AMC,neutral,0.5128
p1ql5g,AMC,negative,0.9729
p1pm5h,AAPL,neutral,0.7624
p1nrfw,AMC,neutral,0.8817
p1hb72,AMZN,neutral,0.7997
p1h65m,INTC,neutral,0.9309
p1d2ah,TSLA,neutral,0.9226
p1as6l,AMC,negative,0.5977
p1a9rs,AMC,neutral,0.8362
p19gvy,TSLA,neutral,0.5824
p17ozt,TSLA,neutral,0.8526
p17nzz,GME,neutral,0.8877
p16xxl,GME,neutral,0.8574
p132pt,AAPL,neutral,0.8633
p132pt,GOOGL,neutral,0.8633
p11ujh,GOOGL,positive,0.6953
p11sgo,AMC,neutral,0.9247
p101wm,AMC,neutral,0.8857
p101wm,GME,neutral,0.8857
p0z41v,GOOGL,neutral,0.8603
p0z41v,NVDA,neutral,0.8603
p0xo25,AMZN,neutral,0.6304
p0xo25,GME,neutral,0.6304
p0xo25,TSLA,neutral,0.6304
p0teyc,GME,neutral,0.9370
p0s8nu,META,neutral,0.8895
p0s8nu,ADBE,neutral,0.8895
p0s8nu,CRM,neutral,0.8895
p0pfab,AMC,neutral,0.7458
p0pfab,MSFT,neutral,0.7458
p0n45b,AMC,neutral,0.7496
p0lqg5,AMC,neutral,0.8345
p0lj8x,TSLA,neutral,0.6627
p0k4cz,MSFT,positive,0.5227
p0jyyp,NFLX,positive,0.7591
p0j8bg,AMC,neutral,0.7455
p0i8dm,NFLX,neutral,0.7802
p0hn37,TSLA,neutral,0.7974
p0gwst,GOOGL,neutral,0.9199
p0gm4s,AMC,neutral,0.5140
p0gm4s,NFLX,neutral,0.5140
p0ft76,AAPL,neutral,0.6268
p0ft76,TSLA,neutral,0.6268
p0esdp,GME,neutral,0.7347
p0esdp,GOOGL,neutral,0.7347
p0dvtx,AMZN,neutral,0.8342
p09hgn,GOOGL,neutral,0.9358
p07kvh,AMZN,negative,0.9301
p03h4g,AMC,neutral,0.6057
p03h4g,GME,neutral,0.6057
p03h4g,AMZN,neutral,0.6057
p01sg9,AMC,neutral,0.8636
p01fg4,AMC,neutral,0.7633
p01fg4,GOOGL,neutral,0.7633
ozyj0s,AMC,neutral,0.6207
ozyj0s,NFLX,neutral,0.6207
ozxd3k,AMC,neutral,0.9286
ozqn6v,AMC,positive,0.7669
ozqn6v,MSFT,positive,0.7669
ozqn6v,NFLX,positive,0.7669
ozqkll,AMZN,neutral,0.8058
ozmjw8,AMZN,neutral,0.6134
ozkuug,GOOGL,neutral,0.9095
ozkuug,TSLA,neutral,0.9095
ozdegh,AMC,neutral,0.9270
ozcoso,AMC,neutral,0.8932
ozcoso,ORCL,neutral,0.8932
ozc7wi,TSLA,neutral,0.9148
ozboxg,AMZN,neutral,0.9307
ozbm62,AAPL,neutral,0.9374
ozb7tv,AMC,neutral,0.8007
oz8bmj,AMC,neutral,0.8597
oz8bmj,GME,neutral,0.8597
oz88cq,AMZN,neutral,0.7023
oz88cq,TSLA,neutral,0.7023
oz5x0u,AMZN,neutral,0.8931
oz5jd8,NFLX,neutral,0.6090
oz57p6,AMC,neutral,0.8742
oz535u,AMC,neutral,0.8132
oz4ka3,AMC,neutral,0.7415
oz4ka3,GME,neutral,0.7415
oz4ka3,TSLA,neutral,0.7415
oz4ca8,AMC,neutral,0.6284
oyx6tx,AAPL,neutral,0.8475
oyx6tx,GOOGL,neutral,0.8475
oyx6tx,AMC,neutral,0.8475
oyx6tx,AMZN,neutral,0.8475
oyx6tx,GME,neutral,0.8475
oyx6tx,NFLX,neutral,0.8475
oyx2v6,AMZN,neutral,0.9069
oyx2v6,MSFT,neutral,0.9069
oywx16,AAPL,positive,0.8549
oywx16,GOOGL,positive,0.8549
oywx16,MSFT,positive,0.8549
oywt19,GME,neutral,0.8901
oyvyym,AMC,neutral,0.7822
oyvgb1,AMZN,neutral,0.8001
oyv8gg,NVDA,positive,0.6181
oyso5u,AMZN,neutral,0.8482
oyso5u,GOOGL,neutral,0.8482
oyso5u,META,neutral,0.8482
oys9a3,AMC,negative,0.6081
oyqdxm,GOOGL,positive,0.6077
oypqbv,AMC,neutral,0.7245
oypqbv,GME,neutral,0.7245
oyotn7,AMC,neutral,0.8549
oyotn7,GME,neutral,0.8549
oyotn7,GOOGL,neutral,0.8549
oyorqa,NVDA,neutral,0.5851
oyona2,CRM,neutral,0.8364
oyona2,AAPL,neutral,0.8364
oyona2,TSLA,neutral,0.8364
oyona2,AMC,neutral,0.8364
oyona2,AMZN,neutral,0.8364
oyomit,AMC,neutral,0.6296
oyofyw,TSLA,neutral,0.9051
oynmnp,IBM,neutral,0.8155
oym8ml,GME,positive,0.5173
oylh7e,AMC,neutral,0.8482
oylh7e,GME,neutral,0.8482
oylh7e,TSLA,neutral,0.8482
oykz0k,AMC,neutral,0.6492
oyi2f3,GME,neutral,0.5120
oyhsec,AMZN,neutral,0.6768
oyhsec,GOOGL,neutral,0.6768
oyhfnb,AMZN,negative,0.8223
oyhfnb,GME,negative,0.8223
oyhfnb,MSFT,negative,0.8223
oyhfnb,GOOGL,negative,0.8223
oyh2zr,TSLA,neutral,0.8739
oygln5,TSLA,neutral,0.5486
oyg2pc,AMC,neutral,0.8772
oyg2pc,GME,neutral,0.8772
oyg1se,AMC,neutral,0.7760
oyg1kk,TSLA,neutral,0.8314
oyfyqg,NFLX,negative,0.6107
oyfkfj,GME,neutral,0.6508
oyf0cn,GME,negative,0.6000
oyf0cn,NFLX,negative,0.6000
oydak0,AAPL,neutral,0.7874
oy8kd2,TSLA,neutral,0.9217
oy4yd9,AMC,neutral,0.8367
oy3u7a,MSFT,positive,0.6562
oy3u7a,NVDA,positive,0.6562
oy25tw,AAPL,neutral,0.8529
oy25tw,GME,neutral,0.8529
oy25tw,MSFT,neutral,0.8529
oy1kdv,GME,neutral,0.9090
oxzeet,META,positive,0.7512
oxz0ve,GME,neutral,0.8280
oxxc3t,GME,neutral,0.6870
oxvwl8,AMC,neutral,0.8934
oxvwl8,GME,neutral,0.8934
oxvcz2,AMC,neutral,0.9132
oxvbkx,GME,neutral,0.9257
oxuyb6,INTC,neutral,0.6386
oxurnp,GME,neutral,0.6394
oxuf3a,GME,neutral,0.8728
oxty90,NVDA,neutral,0.8765
oxtgkh,AMZN,neutral,0.8368
oxtgkh,MSFT,neutral,0.8368
oxsmrn,AMZN,positive,0.7100
oxs9ez,TSLA,positive,0.7548
oxr6fe,AMC,neutral,0.8773
oxr6fe,GME,neutral,0.8773
oxow5h,AMC,neutral,0.8163
oxow5h,GOOGL,neutral,0.8163
oxow5h,NFLX,neutral,0.8163
oxn5ws,NVDA,negative,0.6334
oxk8fa,TSLA,positive,0.7921
oxiuqt,NVDA,positive,0.6845
oxhnsr,TSLA,neutral,0.9036
oxh0lb,AAPL,neutral,0.8054
oxh0lb,GME,neutral,0.8054
oxflev,GME,neutral,0.6666
oxf19e,NVDA,neutral,0.8735
oxezbf,NFLX,neutral,0.7841
oxdj8j,AAPL,neutral,0.5346
oxcpjg,GME,neutral,0.6147
oxcf03,AMC,neutral,0.8908
ox9wst,AMC,neutral,0.8684
ox9wst,GME,neutral,0.8684
ox9wof,TSLA,neutral,0.8397
ox9pcc,META,neutral,0.8327
ox9pcc,GME,neutral,0.8327
ox9p9b,GME,neutral,0.8910
ox95hd,GME,neutral,0.7996
ox8861,TSLA,neutral,0.8775
ox5cmz,AMC,neutral,0.5371
ox5cmz,AMZN,neutral,0.5371
ox50iz,AMC,neutral,0.7650
ox50iz,GME,neutral,0.7650
ox2r4l,AMZN,neutral,0.8828
ox2r4l,GOOGL,neutral,0.8828
ox2ng2,GME,neutral,0.7010
ox2ng2,TSLA,neutral,0.7010
ox2jwg,NVDA,negative,0.8244
ox1zi7,GME,neutral,0.8713
ox1zi7,TSLA,neutral,0.8713
ox1ow0,GOOGL,negative,0.6457
owthu5,AMZN,neutral,0.9214
owsrma,GME,neutral,0.7172
owqko9,TSLA,neutral,0.8561
owofq2,AMC,neutral,0.9328
owofq2,GME,neutral,0.9328
owofq2,META,neutral,0.9328
owofq2,AMZN,neutral,0.9328
owlv7p,TSLA,neutral,0.9136
owlv7p,NVDA,neutral,0.9136
owjlh3,AMC,neutral,0.6709
owihcd,GME,negative,0.5904
owht70,AMC,neutral,0.9148
owfbxp,TSLA,neutral,0.8575
owd2pn,GOOGL,neutral,0.8233
owd1a5,GME,neutral,0.8807
